#
# There is insufficient memory for the Java Runtime Environment to continue.
# Native memory allocation (mmap) failed to map 65536 bytes. Error detail: Failed to commit metaspace.
# Possible reasons:
#   The system is out of physical RAM or swap space
#   This process is running with CompressedOops enabled, and the Java Heap may be blocking the growth of the native heap
# Possible solutions:
#   Reduce memory load on the system
#   Increase physical memory or swap space
#   Check if swap backing store is full
#   Decrease Java heap size (-Xmx/-Xms)
#   Decrease number of Java threads
#   Decrease Java thread stack sizes (-Xss)
#   Set larger code cache with -XX:ReservedCodeCacheSize=
#   JVM is running with Unscaled Compressed Oops mode in which the Java heap is
#     placed in the first 4GB address space. The Java Heap base address is the
#     maximum limit for the native heap growth. Please use -XX:HeapBaseMinAddress
#     to set the Java Heap base and to place the Java Heap above 4GB virtual address.
# This output file may be truncated or incomplete.
#
#  Out of Memory Error (virtualSpaceNode.cpp:110), pid=12932, tid=10644
#
# JRE version: OpenJDK Runtime Environment Microsoft-13106358 (17.0.18+8) (build 17.0.18+8-LTS)
# Java VM: OpenJDK 64-Bit Server VM Microsoft-13106358 (17.0.18+8-LTS, mixed mode, sharing, tiered, compressed oops, compressed class ptrs, g1 gc, windows-amd64)
# No core dump will be written. Minidumps are not enabled by default on client versions of Windows
#

---------------  S U M M A R Y ------------

Command Line: --add-opens=java.base/java.lang=ALL-UNNAMED --add-opens=java.base/java.lang.invoke=ALL-UNNAMED --add-opens=java.base/java.util=ALL-UNNAMED --add-opens=java.prefs/java.util.prefs=ALL-UNNAMED --add-exports=jdk.compiler/com.sun.tools.javac.api=ALL-UNNAMED --add-exports=jdk.compiler/com.sun.tools.javac.util=ALL-UNNAMED --add-opens=java.base/java.util=ALL-UNNAMED --add-opens=java.prefs/java.util.prefs=ALL-UNNAMED --add-opens=java.base/java.nio.charset=ALL-UNNAMED --add-opens=java.base/java.net=ALL-UNNAMED --add-opens=java.base/java.util.concurrent=ALL-UNNAMED --add-opens=java.base/java.util.concurrent.atomic=ALL-UNNAMED --add-opens=java.xml/javax.xml.namespace=ALL-UNNAMED --add-opens=java.base/java.time=ALL-UNNAMED -XX:MaxMetaspaceSize=512m -XX:ReservedCodeCacheSize=256m -XX:+HeapDumpOnOutOfMemoryError -Xmx1512m -Dfile.encoding=UTF-8 -Duser.country=FR -Duser.language=fr -Duser.variant -javaagent:C:\Users\triK\.gradle\wrapper\dists\gradle-9.3.1-all\9ot9r568e8zfvvd4mn8rbu1j0\gradle-9.3.1\lib\agents\gradle-instrumentation-agent-9.3.1.jar org.gradle.launcher.daemon.bootstrap.GradleDaemon 9.3.1

Host: Intel(R) Core(TM) i3-7020U CPU @ 2.30GHz, 4 cores, 3G,  Windows 11 , 64 bit Build 26100 (10.0.26100.9168)
Time: Mon Aug 17 09:32:33 2026 Greenwich elapsed time: 518.287985 seconds (0d 0h 8m 38s)

---------------  T H R E A D  ---------------

Current thread (0x0000019977c8a090):  JavaThread "Daemon worker" [_thread_in_vm, id=10644, stack(0x0000008b36900000,0x0000008b36a00000)]

Stack: [0x0000008b36900000,0x0000008b36a00000]
Native frames: (J=compiled Java code, j=interpreted, Vv=VM code, C=native code)
V  [jvm.dll+0x68c879]  (no source info available)
V  [jvm.dll+0x845979]  (no source info available)
V  [jvm.dll+0x8476e8]  (no source info available)
V  [jvm.dll+0x847d73]  (no source info available)
V  [jvm.dll+0x24cf6f]  (no source info available)
V  [jvm.dll+0x841757]  (no source info available)
V  [jvm.dll+0x6330db]  (no source info available)
V  [jvm.dll+0x1c4c0d]  (no source info available)
V  [jvm.dll+0x635a62]  (no source info available)
V  [jvm.dll+0x633a96]  (no source info available)
V  [jvm.dll+0x241370]  (no source info available)
V  [jvm.dll+0x63daa5]  (no source info available)
V  [jvm.dll+0x1ee7a5]  (no source info available)
V  [jvm.dll+0x1eecb5]  (no source info available)
V  [jvm.dll+0x1ef65c]  (no source info available)
V  [jvm.dll+0x1e4f61]  (no source info available)
V  [jvm.dll+0x551f39]  (no source info available)
V  [jvm.dll+0x7bfecb]  (no source info available)
V  [jvm.dll+0x7bffc4]  (no source info available)
V  [jvm.dll+0x41db14]  (no source info available)
V  [jvm.dll+0x424649]  (no source info available)
C  [java.dll+0x1818]  (no source info available)

Java frames: (J=compiled Java code, j=interpreted, Vv=VM code)
J 826  java.lang.ClassLoader.defineClass1(Ljava/lang/ClassLoader;Ljava/lang/String;[BIILjava/security/ProtectionDomain;Ljava/lang/String;)Ljava/lang/Class; java.base@17.0.18 (0 bytes) @ 0x0000019964f45f83 [0x0000019964f45ec0+0x00000000000000c3]
J 13666 c2 java.security.SecureClassLoader.defineClass(Ljava/lang/String;[BIILjava/security/CodeSource;)Ljava/lang/Class; java.base@17.0.18 (16 bytes) @ 0x00000199656c8188 [0x00000199656c8000+0x0000000000000188]
J 4510 c2 java.lang.ClassLoader.loadClass(Ljava/lang/String;Z)Ljava/lang/Class; java.base@17.0.18 (121 bytes) @ 0x00000199651b92e4 [0x00000199651b8200+0x00000000000010e4]
J 3465 c2 java.lang.ClassLoader.loadClass(Ljava/lang/String;)Ljava/lang/Class; java.base@17.0.18 (7 bytes) @ 0x000001996510e760 [0x000001996510e720+0x0000000000000040]
v  ~StubRoutines::call_stub
J 826  java.lang.ClassLoader.defineClass1(Ljava/lang/ClassLoader;Ljava/lang/String;[BIILjava/security/ProtectionDomain;Ljava/lang/String;)Ljava/lang/Class; java.base@17.0.18 (0 bytes) @ 0x0000019964f45f83 [0x0000019964f45ec0+0x00000000000000c3]
J 13666 c2 java.security.SecureClassLoader.defineClass(Ljava/lang/String;[BIILjava/security/CodeSource;)Ljava/lang/Class; java.base@17.0.18 (16 bytes) @ 0x00000199656c8188 [0x00000199656c8000+0x0000000000000188]
J 4510 c2 java.lang.ClassLoader.loadClass(Ljava/lang/String;Z)Ljava/lang/Class; java.base@17.0.18 (121 bytes) @ 0x00000199651b92e4 [0x00000199651b8200+0x00000000000010e4]
J 3465 c2 java.lang.ClassLoader.loadClass(Ljava/lang/String;)Ljava/lang/Class; java.base@17.0.18 (7 bytes) @ 0x000001996510e760 [0x000001996510e720+0x0000000000000040]
v  ~StubRoutines::call_stub
J 826  java.lang.ClassLoader.defineClass1(Ljava/lang/ClassLoader;Ljava/lang/String;[BIILjava/security/ProtectionDomain;Ljava/lang/String;)Ljava/lang/Class; java.base@17.0.18 (0 bytes) @ 0x0000019964f45f83 [0x0000019964f45ec0+0x00000000000000c3]
J 13666 c2 java.security.SecureClassLoader.defineClass(Ljava/lang/String;[BIILjava/security/CodeSource;)Ljava/lang/Class; java.base@17.0.18 (16 bytes) @ 0x00000199656c8188 [0x00000199656c8000+0x0000000000000188]
J 4510 c2 java.lang.ClassLoader.loadClass(Ljava/lang/String;Z)Ljava/lang/Class; java.base@17.0.18 (121 bytes) @ 0x00000199651b92e4 [0x00000199651b8200+0x00000000000010e4]
J 3465 c2 java.lang.ClassLoader.loadClass(Ljava/lang/String;)Ljava/lang/Class; java.base@17.0.18 (7 bytes) @ 0x000001996510e760 [0x000001996510e720+0x0000000000000040]
v  ~StubRoutines::call_stub
j  org.jetbrains.kotlin.com.intellij.psi.impl.compiled.ClsFileImpl.buildFileStub(Lorg/jetbrains/kotlin/com/intellij/openapi/vfs/VirtualFile;[B)Lorg/jetbrains/kotlin/com/intellij/psi/impl/java/stubs/PsiJavaFileStub;+204
j  org.jetbrains.kotlin.com.intellij.psi.impl.compiled.ClsDecompilerImpl$MyClsStubBuilder.buildFileStub(Lorg/jetbrains/kotlin/com/intellij/util/indexing/FileContent;)Lorg/jetbrains/kotlin/com/intellij/psi/stubs/PsiFileStub;+20
j  org.jetbrains.kotlin.com.intellij.psi.impl.compiled.ClassFileStubBuilder.lambda$buildStubTree$3(Lorg/jetbrains/kotlin/com/intellij/util/indexing/FileContent;Lorg/jetbrains/kotlin/com/intellij/psi/compiled/ClassFileDecompilers$Full;)Lorg/jetbrains/kotlin/com/intellij/psi/stubs/PsiFileStub;+12
j  org.jetbrains.kotlin.com.intellij.psi.impl.compiled.ClassFileStubBuilder$$Lambda$2996+0x000001990241cfe8.get()Ljava/lang/Object;+8
j  org.jetbrains.kotlin.com.intellij.openapi.vfs.VirtualFile.computeWithPreloadedContentHint([BLjava/util/function/Supplier;)Ljava/lang/Object;+19
j  org.jetbrains.kotlin.com.intellij.psi.impl.compiled.ClassFileStubBuilder.buildStubTree(Lorg/jetbrains/kotlin/com/intellij/util/indexing/FileContent;Lorg/jetbrains/kotlin/com/intellij/psi/compiled/ClassFileDecompilers$Full;)Lorg/jetbrains/kotlin/com/intellij/psi/stubs/Stub;+33
j  org.jetbrains.kotlin.com.intellij.psi.impl.compiled.ClassFileStubBuilder.buildStubTree(Lorg/jetbrains/kotlin/com/intellij/util/indexing/FileContent;Ljava/lang/Object;)Lorg/jetbrains/kotlin/com/intellij/psi/stubs/Stub;+6
j  org.jetbrains.kotlin.com.intellij.psi.stubs.BinaryFileStubBuilder$CompositeBinaryFileStubBuilder.buildStubTree(Lorg/jetbrains/kotlin/com/intellij/util/indexing/FileContent;)Lorg/jetbrains/kotlin/com/intellij/psi/stubs/Stub;+17
j  org.jetbrains.kotlin.com.intellij.psi.stubs.StubTreeBuilder.lambda$buildStubTree$0(Lorg/jetbrains/kotlin/com/intellij/psi/stubs/BinaryFileStubBuilder;Lorg/jetbrains/kotlin/com/intellij/util/indexing/FileContent;)Lorg/jetbrains/kotlin/com/intellij/psi/stubs/Stub;+2
j  org.jetbrains.kotlin.com.intellij.psi.stubs.StubTreeBuilder$$Lambda$2995+0x000001990241cdc8.compute()Ljava/lang/Object;+8
j  org.jetbrains.kotlin.com.intellij.psi.stubs.StubTreeBuilder.handleStubBuilderException(Lorg/jetbrains/kotlin/com/intellij/util/indexing/FileContent;Lorg/jetbrains/kotlin/com/intellij/psi/stubs/StubBuilderType;Lorg/jetbrains/kotlin/com/intellij/openapi/util/ThrowableComputable;)Ljava/lang/Object;+25
j  org.jetbrains.kotlin.com.intellij.psi.stubs.StubTreeBuilder.buildStubTree(Lorg/jetbrains/kotlin/com/intellij/util/indexing/FileContent;Lorg/jetbrains/kotlin/com/intellij/psi/stubs/StubBuilderType;)Lorg/jetbrains/kotlin/com/intellij/psi/stubs/Stub;+83
j  org.jetbrains.kotlin.com.intellij.psi.stubs.StubTreeBuilder.buildStubTree(Lorg/jetbrains/kotlin/com/intellij/util/indexing/FileContent;)Lorg/jetbrains/kotlin/com/intellij/psi/stubs/Stub;+22
j  org.jetbrains.kotlin.com.intellij.psi.stubs.CoreStubTreeLoader.build(Lorg/jetbrains/kotlin/com/intellij/openapi/project/Project;Lorg/jetbrains/kotlin/com/intellij/openapi/vfs/VirtualFile;Lorg/jetbrains/kotlin/com/intellij/psi/PsiFile;)Lorg/jetbrains/kotlin/com/intellij/psi/stubs/ObjectStubTree;+17
j  org.jetbrains.kotlin.com.intellij.psi.stubs.CoreStubTreeLoader.readOrBuild(Lorg/jetbrains/kotlin/com/intellij/openapi/project/Project;Lorg/jetbrains/kotlin/com/intellij/openapi/vfs/VirtualFile;Lorg/jetbrains/kotlin/com/intellij/psi/PsiFile;)Lorg/jetbrains/kotlin/com/intellij/psi/stubs/ObjectStubTree;+30
j  org.jetbrains.kotlin.com.intellij.psi.impl.compiled.ClsFileImpl.getStubTree()Lorg/jetbrains/kotlin/com/intellij/psi/stubs/StubTree;+78
j  org.jetbrains.kotlin.com.intellij.psi.impl.compiled.ClsFileImpl.getStub()Lorg/jetbrains/kotlin/com/intellij/psi/stubs/PsiClassHolderFileStub;+1
j  org.jetbrains.kotlin.com.intellij.psi.impl.compiled.ClsFileImpl.getClasses()[Lorg/jetbrains/kotlin/com/intellij/psi/PsiClass;+1
j  org.jetbrains.kotlin.cli.jvm.compiler.KotlinCliJavaFileManagerImpl$Companion.findClassInPsiFile(Ljava/lang/String;Lorg/jetbrains/kotlin/com/intellij/psi/PsiClassOwner;)Lorg/jetbrains/kotlin/com/intellij/psi/PsiClass;+1
j  org.jetbrains.kotlin.cli.jvm.compiler.KotlinCliJavaFileManagerImpl$Companion.access$findClassInPsiFile(Lorg/jetbrains/kotlin/cli/jvm/compiler/KotlinCliJavaFileManagerImpl$Companion;Ljava/lang/String;Lorg/jetbrains/kotlin/com/intellij/psi/PsiClassOwner;)Lorg/jetbrains/kotlin/com/intellij/psi/PsiClass;+3
j  org.jetbrains.kotlin.cli.jvm.compiler.KotlinCliJavaFileManagerImpl.findPsiClassInVirtualFile(Lorg/jetbrains/kotlin/com/intellij/openapi/vfs/VirtualFile;Ljava/lang/String;)Lorg/jetbrains/kotlin/com/intellij/psi/PsiClass;+40
j  org.jetbrains.kotlin.cli.jvm.compiler.KotlinCliJavaFileManagerImpl.findClasses$lambda$0$0$1(Lorg/jetbrains/kotlin/cli/jvm/compiler/KotlinCliJavaFileManagerImpl;Ljava/lang/String;Ljava/util/ArrayList;Lorg/jetbrains/kotlin/com/intellij/psi/search/GlobalSearchScope;Lorg/jetbrains/kotlin/com/intellij/openapi/vfs/VirtualFile;Lorg/jetbrains/kotlin/cli/jvm/index/JavaRoot$RootType;)Z+69
j  org.jetbrains.kotlin.cli.jvm.compiler.KotlinCliJavaFileManagerImpl$$Lambda$2895+0x00000199023f5540.invoke(Ljava/lang/Object;Ljava/lang/Object;)Ljava/lang/Object;+24
J 16333 c1 org.jetbrains.kotlin.cli.jvm.index.JvmDependenciesIndexImpl.traverseDirectoriesInPackage(Lorg/jetbrains/kotlin/name/FqName;Ljava/util/Set;Lkotlin/jvm/functions/Function2;)V (405 bytes) @ 0x000001995e830bdc [0x000001995e82e720+0x00000000000024bc]
j  org.jetbrains.kotlin.cli.jvm.index.JvmDependenciesDynamicCompoundIndex.traverseDirectoriesInPackage(Lorg/jetbrains/kotlin/name/FqName;Ljava/util/Set;Lkotlin/jvm/functions/Function2;)V+93
j  org.jetbrains.kotlin.cli.jvm.index.JvmDependenciesIndex.traverseDirectoriesInPackage$default(Lorg/jetbrains/kotlin/cli/jvm/index/JvmDependenciesIndex;Lorg/jetbrains/kotlin/name/FqName;Ljava/util/Set;Lkotlin/jvm/functions/Function2;ILjava/lang/Object;)V+33
j  org.jetbrains.kotlin.cli.jvm.compiler.KotlinCliJavaFileManagerImpl.findClasses$lambda$0(Lorg/jetbrains/kotlin/cli/jvm/compiler/KotlinCliJavaFileManagerImpl;Ljava/lang/String;Lorg/jetbrains/kotlin/com/intellij/psi/search/GlobalSearchScope;)[Lorg/jetbrains/kotlin/com/intellij/psi/PsiClass;+174
j  org.jetbrains.kotlin.cli.jvm.compiler.KotlinCliJavaFileManagerImpl$$Lambda$2893+0x00000199023f5100.invoke()Ljava/lang/Object;+12
j  org.jetbrains.kotlin.util.PerformanceManagerKt.tryMeasureSideTime(Lorg/jetbrains/kotlin/util/PerformanceManager;Lorg/jetbrains/kotlin/util/PhaseSideType;Lkotlin/jvm/functions/Function0;)Ljava/lang/Object;+19
j  org.jetbrains.kotlin.cli.jvm.compiler.KotlinCliJavaFileManagerImpl.findClasses(Ljava/lang/String;Lorg/jetbrains/kotlin/com/intellij/psi/search/GlobalSearchScope;)[Lorg/jetbrains/kotlin/com/intellij/psi/PsiClass;+29
j  org.jetbrains.kotlin.com.intellij.psi.impl.PsiElementFinderImpl.findClasses(Ljava/lang/String;Lorg/jetbrains/kotlin/com/intellij/psi/search/GlobalSearchScope;)[Lorg/jetbrains/kotlin/com/intellij/psi/PsiClass;+41
j  org.jetbrains.kotlin.com.intellij.psi.impl.JavaPsiFacadeImpl.findClassesWithoutJvmFacade(Ljava/lang/String;Lorg/jetbrains/kotlin/com/intellij/psi/search/GlobalSearchScope;)Ljava/util/List;+93
j  org.jetbrains.kotlin.com.intellij.psi.impl.JavaPsiFacadeImpl.findClassesWithJvmFacade(Ljava/lang/String;Lorg/jetbrains/kotlin/com/intellij/psi/search/GlobalSearchScope;)Ljava/util/List;+23
j  org.jetbrains.kotlin.com.intellij.psi.impl.JavaPsiFacadeImpl.findClasses(Ljava/lang/String;Lorg/jetbrains/kotlin/com/intellij/psi/search/GlobalSearchScope;)[Lorg/jetbrains/kotlin/com/intellij/psi/PsiClass;+21
j  org.jetbrains.kotlin.com.intellij.psi.impl.file.PsiPackageImpl$PackageAnnotationValueProvider.compute()Lorg/jetbrains/kotlin/com/intellij/psi/util/CachedValueProvider$Result;+135
j  org.jetbrains.kotlin.com.intellij.psi.impl.PsiCachedValueImpl.doCompute(Ljava/lang/Object;)Lorg/jetbrains/kotlin/com/intellij/psi/util/CachedValueProvider$Result;+4
j  org.jetbrains.kotlin.com.intellij.util.CachedValueBase.lambda$getValueWithLock$3(Ljava/lang/Object;)Lorg/jetbrains/kotlin/com/intellij/psi/util/CachedValueProvider$Result;+2
j  org.jetbrains.kotlin.com.intellij.util.CachedValueBase$$Lambda$2886+0x00000199023eed18.compute()Ljava/lang/Object;+8
j  org.jetbrains.kotlin.com.intellij.util.CachedValueBase.computeData(Lorg/jetbrains/kotlin/com/intellij/openapi/util/Computable;)Lorg/jetbrains/kotlin/com/intellij/util/CachedValueBase$Data;+88
j  org.jetbrains.kotlin.com.intellij.util.CachedValueBase.lambda$getValueWithLock$4(Ljava/lang/Object;)Lorg/jetbrains/kotlin/com/intellij/util/CachedValueBase$Data;+8
j  org.jetbrains.kotlin.com.intellij.util.CachedValueBase$$Lambda$2884+0x00000199023ee298.compute()Ljava/lang/Object;+8
j  org.jetbrains.kotlin.com.intellij.openapi.util.RecursionGuard$$Lambda$2885+0x00000199023ee4e0.compute()Ljava/lang/Object;+4
j  org.jetbrains.kotlin.com.intellij.openapi.util.RecursionManager$1.computePreventingRecursion(Ljava/lang/Object;ZLorg/jetbrains/kotlin/com/intellij/openapi/util/ThrowableComputable;)Ljava/lang/Object;+250
j  org.jetbrains.kotlin.com.intellij.openapi.util.RecursionGuard.doPreventingRecursion(Ljava/lang/Object;ZLorg/jetbrains/kotlin/com/intellij/openapi/util/Computable;)Ljava/lang/Object;+30
j  org.jetbrains.kotlin.com.intellij.openapi.util.RecursionManager.doPreventingRecursion(Ljava/lang/Object;ZLorg/jetbrains/kotlin/com/intellij/openapi/util/Computable;)Ljava/lang/Object;+21
j  org.jetbrains.kotlin.com.intellij.util.CachedValueBase.getValueWithLock(Ljava/lang/Object;)Ljava/lang/Object;+52
j  org.jetbrains.kotlin.com.intellij.psi.impl.PsiCachedValueImpl.getValue()Ljava/lang/Object;+2
j  org.jetbrains.kotlin.com.intellij.psi.impl.file.PsiPackageImpl.getAnnotationList()Lorg/jetbrains/kotlin/com/intellij/psi/PsiModifierList;+35
j  org.jetbrains.kotlin.load.java.structure.impl.JavaPackageImpl.getAnnotations()Ljava/util/Collection;+14
j  org.jetbrains.kotlin.fir.java.JavaAnnotationsMappingKt.convertAnnotationsToFir(Lorg/jetbrains/kotlin/load/java/structure/JavaAnnotationOwner;Lorg/jetbrains/kotlin/fir/FirSession;Lorg/jetbrains/kotlin/KtSourceElement;)Ljava/util/List;+13
j  org.jetbrains.kotlin.fir.java.enhancement.FirAnnotationTypeQualifierResolver.extractDefaultQualifiers(Lorg/jetbrains/kotlin/fir/declarations/FirRegularClass;)Lorg/jetbrains/kotlin/load/java/JavaTypeQualifiersByElementType;+232
j  org.jetbrains.kotlin.fir.java.enhancement.FirSignatureEnhancement.contextQualifiers_delegate$lambda$0(Lorg/jetbrains/kotlin/fir/java/enhancement/FirSignatureEnhancement;)Lorg/jetbrains/kotlin/load/java/JavaTypeQualifiersByElementType;+8
j  org.jetbrains.kotlin.fir.java.enhancement.FirSignatureEnhancement$$Lambda$2879+0x00000199023ea8b8.invoke()Ljava/lang/Object;+4
J 13822 c1 kotlin.UnsafeLazyImpl.getValue()Ljava/lang/Object; (37 bytes) @ 0x000001995e47fdac [0x000001995e47fa20+0x000000000000038c]
j  org.jetbrains.kotlin.fir.java.enhancement.FirSignatureEnhancement.getContextQualifiers()Lorg/jetbrains/kotlin/load/java/JavaTypeQualifiersByElementType;+6
j  org.jetbrains.kotlin.fir.java.enhancement.FirSignatureEnhancement.enhanceSuperType(Lorg/jetbrains/kotlin/fir/types/FirTypeRef;)Lorg/jetbrains/kotlin/fir/types/FirTypeRef;+20
j  org.jetbrains.kotlin.fir.java.enhancement.FirSignatureEnhancement.enhanceSuperTypes(Ljava/util/List;)Ljava/util/List;+116
j  org.jetbrains.kotlin.fir.java.declarations.FirJavaClass.superTypeRefs_delegate$lambda$0(Lorg/jetbrains/kotlin/fir/java/declarations/FirJavaClass;)Ljava/util/List;+131
j  org.jetbrains.kotlin.fir.java.declarations.FirJavaClass$$Lambda$2828+0x000001990236eec0.invoke()Ljava/lang/Object;+4
J 16188 c2 kotlin.SynchronizedLazyImpl.getValue()Ljava/lang/Object; (87 bytes) @ 0x000001996582c2bc [0x000001996582c1a0+0x000000000000011c]
j  org.jetbrains.kotlin.fir.java.declarations.FirJavaClass.getSuperTypeRefs()Ljava/util/List;+6
j  org.jetbrains.kotlin.fir.declarations.utils.FirDeclarationUtilKt.getSuperConeTypes(Lorg/jetbrains/kotlin/fir/declarations/FirClass;)Ljava/util/List;+7
j  org.jetbrains.kotlin.fir.resolve.SupertypeUtilsKt.isThereLoopInSupertypes$dfs(Ljava/util/Set;Ljava/util/Set;Lkotlin/jvm/internal/Ref$BooleanRef;Lorg/jetbrains/kotlin/fir/FirSession;Lorg/jetbrains/kotlin/fir/symbols/impl/FirClassifierSymbol;)V+49
j  org.jetbrains.kotlin.fir.resolve.SupertypeUtilsKt.isThereLoopInSupertypes(Lorg/jetbrains/kotlin/fir/declarations/FirClass;Lorg/jetbrains/kotlin/fir/FirSession;)Z+54
j  org.jetbrains.kotlin.fir.java.JavaScopeProvider.buildUseSiteMemberScopeWithJavaTypes(Lorg/jetbrains/kotlin/fir/java/declarations/FirJavaClass;Lorg/jetbrains/kotlin/fir/FirSession;Lorg/jetbrains/kotlin/fir/resolve/ScopeSession;Lorg/jetbrains/kotlin/fir/declarations/FirResolvePhase;)Lorg/jetbrains/kotlin/fir/java/scopes/JavaClassUseSiteMemberScope;+135
j  org.jetbrains.kotlin.fir.java.JavaScopeProvider.buildJavaEnhancementScope(Lorg/jetbrains/kotlin/fir/FirSession;Lorg/jetbrains/kotlin/fir/symbols/impl/FirRegularClassSymbol;Lorg/jetbrains/kotlin/fir/resolve/ScopeSession;Lorg/jetbrains/kotlin/fir/declarations/FirResolvePhase;)Lorg/jetbrains/kotlin/fir/java/scopes/JavaClassMembersEnhancementScope;+209
j  org.jetbrains.kotlin.fir.java.JavaScopeProvider.getUseSiteMemberScope(Lorg/jetbrains/kotlin/fir/declarations/FirClass;Lorg/jetbrains/kotlin/fir/FirSession;Lorg/jetbrains/kotlin/fir/resolve/ScopeSession;Lorg/jetbrains/kotlin/fir/declarations/FirResolvePhase;)Lorg/jetbrains/kotlin/fir/scopes/FirTypeScope;+40
j  org.jetbrains.kotlin.fir.scopes.FirKotlinScopeProviderKt.unsubstitutedScope(Lorg/jetbrains/kotlin/fir/declarations/FirClass;Lorg/jetbrains/kotlin/fir/FirSession;Lorg/jetbrains/kotlin/fir/resolve/ScopeSession;ZLorg/jetbrains/kotlin/fir/declarations/FirResolvePhase;)Lorg/jetbrains/kotlin/fir/scopes/FirTypeScope;+27
j  org.jetbrains.kotlin.fir.scopes.FirKotlinScopeProviderKt.scopeForClassImpl(Lorg/jetbrains/kotlin/fir/declarations/FirClass;Lorg/jetbrains/kotlin/fir/resolve/substitution/ConeSubstitutor;Lorg/jetbrains/kotlin/fir/FirSession;Lorg/jetbrains/kotlin/fir/resolve/ScopeSession;ZLorg/jetbrains/kotlin/fir/declarations/FirClass;ZLorg/jetbrains/kotlin/fir/types/ConeClassLikeLookupTag;Lorg/jetbrains/kotlin/fir/declarations/FirResolvePhase;)Lorg/jetbrains/kotlin/fir/scopes/FirTypeScope;+6
j  org.jetbrains.kotlin.fir.scopes.FirKotlinScopeProviderKt.scopeForSupertype(Lorg/jetbrains/kotlin/fir/types/ConeKotlinType;Lorg/jetbrains/kotlin/fir/FirSession;Lorg/jetbrains/kotlin/fir/resolve/ScopeSession;Lorg/jetbrains/kotlin/fir/declarations/FirClass;Lorg/jetbrains/kotlin/fir/declarations/FirResolvePhase;)Lorg/jetbrains/kotlin/fir/scopes/FirTypeScope;+148
j  org.jetbrains.kotlin.fir.scopes.FirKotlinScopeProvider.getUseSiteMemberScope(Lorg/jetbrains/kotlin/fir/declarations/FirClass;Lorg/jetbrains/kotlin/fir/FirSession;Lorg/jetbrains/kotlin/fir/resolve/ScopeSession;Lorg/jetbrains/kotlin/fir/declarations/FirResolvePhase;)Lorg/jetbrains/kotlin/fir/scopes/FirTypeScope;+554
j  org.jetbrains.kotlin.fir.scopes.FirKotlinScopeProviderKt.unsubstitutedScope(Lorg/jetbrains/kotlin/fir/declarations/FirClass;Lorg/jetbrains/kotlin/fir/FirSession;Lorg/jetbrains/kotlin/fir/resolve/ScopeSession;ZLorg/jetbrains/kotlin/fir/declarations/FirResolvePhase;)Lorg/jetbrains/kotlin/fir/scopes/FirTypeScope;+27
j  org.jetbrains.kotlin.fir.scopes.FirKotlinScopeProviderKt.scopeForClassImpl(Lorg/jetbrains/kotlin/fir/declarations/FirClass;Lorg/jetbrains/kotlin/fir/resolve/substitution/ConeSubstitutor;Lorg/jetbrains/kotlin/fir/FirSession;Lorg/jetbrains/kotlin/fir/resolve/ScopeSession;ZLorg/jetbrains/kotlin/fir/declarations/FirClass;ZLorg/jetbrains/kotlin/fir/types/ConeClassLikeLookupTag;Lorg/jetbrains/kotlin/fir/declarations/FirResolvePhase;)Lorg/jetbrains/kotlin/fir/scopes/FirTypeScope;+6
j  org.jetbrains.kotlin.fir.scopes.FirKotlinScopeProviderKt.scopeForSupertype(Lorg/jetbrains/kotlin/fir/types/ConeKotlinType;Lorg/jetbrains/kotlin/fir/FirSession;Lorg/jetbrains/kotlin/fir/resolve/ScopeSession;Lorg/jetbrains/kotlin/fir/declarations/FirClass;Lorg/jetbrains/kotlin/fir/declarations/FirResolvePhase;)Lorg/jetbrains/kotlin/fir/scopes/FirTypeScope;+148
j  org.jetbrains.kotlin.fir.scopes.FirKotlinScopeProvider.getUseSiteMemberScope(Lorg/jetbrains/kotlin/fir/declarations/FirClass;Lorg/jetbrains/kotlin/fir/FirSession;Lorg/jetbrains/kotlin/fir/resolve/ScopeSession;Lorg/jetbrains/kotlin/fir/declarations/FirResolvePhase;)Lorg/jetbrains/kotlin/fir/scopes/FirTypeScope;+554
j  org.jetbrains.kotlin.fir.scopes.FirKotlinScopeProviderKt.unsubstitutedScope(Lorg/jetbrains/kotlin/fir/declarations/FirClass;Lorg/jetbrains/kotlin/fir/FirSession;Lorg/jetbrains/kotlin/fir/resolve/ScopeSession;ZLorg/jetbrains/kotlin/fir/declarations/FirResolvePhase;)Lorg/jetbrains/kotlin/fir/scopes/FirTypeScope;+27
j  org.jetbrains.kotlin.fir.scopes.FirKotlinScopeProviderKt.scopeForClassImpl(Lorg/jetbrains/kotlin/fir/declarations/FirClass;Lorg/jetbrains/kotlin/fir/resolve/substitution/ConeSubstitutor;Lorg/jetbrains/kotlin/fir/FirSession;Lorg/jetbrains/kotlin/fir/resolve/ScopeSession;ZLorg/jetbrains/kotlin/fir/declarations/FirClass;ZLorg/jetbrains/kotlin/fir/types/ConeClassLikeLookupTag;Lorg/jetbrains/kotlin/fir/declarations/FirResolvePhase;)Lorg/jetbrains/kotlin/fir/scopes/FirTypeScope;+6
j  org.jetbrains.kotlin.fir.scopes.FirKotlinScopeProviderKt.scopeForSupertype(Lorg/jetbrains/kotlin/fir/types/ConeKotlinType;Lorg/jetbrains/kotlin/fir/FirSession;Lorg/jetbrains/kotlin/fir/resolve/ScopeSession;Lorg/jetbrains/kotlin/fir/declarations/FirClass;Lorg/jetbrains/kotlin/fir/declarations/FirResolvePhase;)Lorg/jetbrains/kotlin/fir/scopes/FirTypeScope;+148
j  org.jetbrains.kotlin.fir.scopes.FirKotlinScopeProvider.getUseSiteMemberScope(Lorg/jetbrains/kotlin/fir/declarations/FirClass;Lorg/jetbrains/kotlin/fir/FirSession;Lorg/jetbrains/kotlin/fir/resolve/ScopeSession;Lorg/jetbrains/kotlin/fir/declarations/FirResolvePhase;)Lorg/jetbrains/kotlin/fir/scopes/FirTypeScope;+554
j  org.jetbrains.kotlin.fir.scopes.FirKotlinScopeProviderKt.unsubstitutedScope(Lorg/jetbrains/kotlin/fir/declarations/FirClass;Lorg/jetbrains/kotlin/fir/FirSession;Lorg/jetbrains/kotlin/fir/resolve/ScopeSession;ZLorg/jetbrains/kotlin/fir/declarations/FirResolvePhase;)Lorg/jetbrains/kotlin/fir/scopes/FirTypeScope;+27
j  org.jetbrains.kotlin.fir.scopes.FirKotlinScopeProviderKt.scopeForClassImpl(Lorg/jetbrains/kotlin/fir/declarations/FirClass;Lorg/jetbrains/kotlin/fir/resolve/substitution/ConeSubstitutor;Lorg/jetbrains/kotlin/fir/FirSession;Lorg/jetbrains/kotlin/fir/resolve/ScopeSession;ZLorg/jetbrains/kotlin/fir/declarations/FirClass;ZLorg/jetbrains/kotlin/fir/types/ConeClassLikeLookupTag;Lorg/jetbrains/kotlin/fir/declarations/FirResolvePhase;)Lorg/jetbrains/kotlin/fir/scopes/FirTypeScope;+6
j  org.jetbrains.kotlin.fir.scopes.FirKotlinScopeProviderKt.scopeForClass(Lorg/jetbrains/kotlin/fir/declarations/FirClass;Lorg/jetbrains/kotlin/fir/resolve/substitution/ConeSubstitutor;Lorg/jetbrains/kotlin/fir/FirSession;Lorg/jetbrains/kotlin/fir/resolve/ScopeSession;Lorg/jetbrains/kotlin/fir/types/ConeClassLikeLookupTag;Lorg/jetbrains/kotlin/fir/declarations/FirResolvePhase;)Lorg/jetbrains/kotlin/fir/scopes/FirTypeScope;+42
j  org.jetbrains.kotlin.fir.resolve.ScopeUtilsKt.classScope(Lorg/jetbrains/kotlin/fir/types/ConeClassLikeType;Lorg/jetbrains/kotlin/fir/FirSession;Lorg/jetbrains/kotlin/fir/resolve/ScopeSession;Lorg/jetbrains/kotlin/fir/declarations/FirResolvePhase;Lorg/jetbrains/kotlin/fir/types/ConeClassLikeLookupTag;)Lorg/jetbrains/kotlin/fir/scopes/FirTypeScope;+98
j  org.jetbrains.kotlin.fir.resolve.ScopeUtilsKt.scope(Lorg/jetbrains/kotlin/fir/types/ConeKotlinType;Lorg/jetbrains/kotlin/fir/FirSession;Lorg/jetbrains/kotlin/fir/resolve/ScopeSession;Lorg/jetbrains/kotlin/fir/declarations/FirResolvePhase;)Lorg/jetbrains/kotlin/fir/scopes/FirTypeScope;+37
j  org.jetbrains.kotlin.fir.resolve.ScopeUtilsKt.scope(Lorg/jetbrains/kotlin/fir/types/ConeKotlinType;Lorg/jetbrains/kotlin/fir/FirSession;Lorg/jetbrains/kotlin/fir/resolve/ScopeSession;Lorg/jetbrains/kotlin/fir/scopes/CallableCopyTypeCalculator;Lorg/jetbrains/kotlin/fir/declarations/FirResolvePhase;)Lorg/jetbrains/kotlin/fir/scopes/FirTypeScope;+29
j  org.jetbrains.kotlin.fir.resolve.calls.ImplicitReceiverValue.lazyImplicitScope$lambda$0(Lorg/jetbrains/kotlin/fir/types/ConeKotlinType;Lorg/jetbrains/kotlin/fir/resolve/calls/ImplicitReceiverValue;)Lorg/jetbrains/kotlin/fir/scopes/FirTypeScope;+18
j  org.jetbrains.kotlin.fir.resolve.calls.ImplicitReceiverValue$$Lambda$2856+0x00000199023bc2d0.invoke()Ljava/lang/Object;+8
J 9293 c1 kotlin.SafePublicationLazyImpl.getValue()Ljava/lang/Object; (56 bytes) @ 0x000001995dc97064 [0x000001995dc96ee0+0x0000000000000184]
j  org.jetbrains.kotlin.fir.resolve.calls.ImplicitReceiverValue.getImplicitScope()Lorg/jetbrains/kotlin/fir/scopes/FirTypeScope;+4
j  org.jetbrains.kotlin.fir.resolve.calls.ImplicitReceiverValue.scope(Lorg/jetbrains/kotlin/fir/FirSession;Lorg/jetbrains/kotlin/fir/resolve/ScopeSession;)Lorg/jetbrains/kotlin/fir/scopes/FirTypeScope;+13
j  org.jetbrains.kotlin.fir.resolve.calls.tower.DispatchReceiverMemberScopeTowerLevel.processMembers(Lorg/jetbrains/kotlin/fir/resolve/calls/candidate/CallInfo;Lorg/jetbrains/kotlin/fir/resolve/calls/tower/TowerLevelProcessor;Lkotlin/jvm/functions/Function2;)Lorg/jetbrains/kotlin/fir/resolve/calls/tower/ProcessResult;+12
j  org.jetbrains.kotlin.fir.resolve.calls.tower.DispatchReceiverMemberScopeTowerLevel.processFunctionsByName(Lorg/jetbrains/kotlin/fir/resolve/calls/candidate/CallInfo;Lorg/jetbrains/kotlin/fir/resolve/calls/tower/TowerLevelProcessor;)Lorg/jetbrains/kotlin/fir/resolve/calls/tower/ProcessResult;+33
j  org.jetbrains.kotlin.fir.resolve.calls.tower.TowerLevelHandler.handleLevel(Lorg/jetbrains/kotlin/fir/resolve/calls/candidate/CandidateCollector;Lorg/jetbrains/kotlin/fir/resolve/calls/candidate/CandidateFactory;Lorg/jetbrains/kotlin/fir/resolve/calls/candidate/CallInfo;Lorg/jetbrains/kotlin/resolve/calls/tasks/ExplicitReceiverKind;Lorg/jetbrains/kotlin/fir/resolve/calls/tower/TowerGroup;Lorg/jetbrains/kotlin/fir/resolve/calls/tower/TowerLevel;)Lorg/jetbrains/kotlin/fir/resolve/calls/tower/ProcessResult;+170
j  org.jetbrains.kotlin.fir.resolve.calls.tower.FirBaseTowerResolveTask.processLevel(Lorg/jetbrains/kotlin/fir/resolve/calls/tower/TowerLevel;Lorg/jetbrains/kotlin/fir/resolve/calls/candidate/CallInfo;Lorg/jetbrains/kotlin/fir/resolve/calls/tower/TowerGroup;Lorg/jetbrains/kotlin/resolve/calls/tasks/ExplicitReceiverKind;Lkotlin/coroutines/Continuation;)Ljava/lang/Object;+220
j  org.jetbrains.kotlin.fir.resolve.calls.tower.FirBaseTowerResolveTask.access$processLevel(Lorg/jetbrains/kotlin/fir/resolve/calls/tower/FirBaseTowerResolveTask;Lorg/jetbrains/kotlin/fir/resolve/calls/tower/TowerLevel;Lorg/jetbrains/kotlin/fir/resolve/calls/candidate/CallInfo;Lorg/jetbrains/kotlin/fir/resolve/calls/tower/TowerGroup;Lorg/jetbrains/kotlin/resolve/calls/tasks/ExplicitReceiverKind;Lkotlin/coroutines/Continuation;)Ljava/lang/Object;+8
j  org.jetbrains.kotlin.fir.resolve.calls.tower.FirBaseTowerResolveTask$processLevel$3.invokeSuspend(Ljava/lang/Object;)Ljava/lang/Object;+28
J 7846 c1 kotlin.coroutines.jvm.internal.BaseContinuationImpl.resumeWith(Ljava/lang/Object;)V (124 bytes) @ 0x000001995d9d506c [0x000001995d9d4c40+0x000000000000042c]
j  org.jetbrains.kotlin.fir.resolve.calls.tower.TowerResolveManager.resumeTask(Lorg/jetbrains/kotlin/fir/resolve/calls/tower/TowerResolveManager$SuspendedResolverTask;)V+37
j  org.jetbrains.kotlin.fir.resolve.calls.tower.TowerResolveManager.runTasks()V+40
j  org.jetbrains.kotlin.fir.resolve.calls.tower.FirTowerResolver.runResolver(Lorg/jetbrains/kotlin/fir/resolve/calls/candidate/CallInfo;Lorg/jetbrains/kotlin/fir/resolve/calls/ResolutionContext;Lorg/jetbrains/kotlin/fir/resolve/calls/candidate/CandidateCollector;Lorg/jetbrains/kotlin/fir/resolve/calls/tower/TowerResolveManager;Lorg/jetbrains/kotlin/fir/resolve/calls/candidate/CandidateFactory;)Lorg/jetbrains/kotlin/fir/resolve/calls/candidate/CandidateCollector;+56
j  org.jetbrains.kotlin.fir.resolve.calls.tower.FirTowerResolver.runResolver$default(Lorg/jetbrains/kotlin/fir/resolve/calls/tower/FirTowerResolver;Lorg/jetbrains/kotlin/fir/resolve/calls/candidate/CallInfo;Lorg/jetbrains/kotlin/fir/resolve/calls/ResolutionContext;Lorg/jetbrains/kotlin/fir/resolve/calls/candidate/CandidateCollector;Lorg/jetbrains/kotlin/fir/resolve/calls/tower/TowerResolveManager;Lorg/jetbrains/kotlin/fir/resolve/calls/candidate/CandidateFactory;ILjava/lang/Object;)Lorg/jetbrains/kotlin/fir/resolve/calls/candidate/CandidateCollector;+27
j  org.jetbrains.kotlin.fir.resolve.calls.tower.FirTowerResolver.runResolver(Lorg/jetbrains/kotlin/fir/resolve/calls/candidate/CallInfo;Lorg/jetbrains/kotlin/fir/resolve/calls/ResolutionContext;Lorg/jetbrains/kotlin/fir/resolve/calls/candidate/CandidateCollector;)Lorg/jetbrains/kotlin/fir/resolve/calls/candidate/CandidateCollector;+33
j  org.jetbrains.kotlin.fir.resolve.calls.FirCallResolver.collectCandidates(Lorg/jetbrains/kotlin/fir/expressions/FirQualifiedAccessExpression;Lorg/jetbrains/kotlin/name/Name;Lorg/jetbrains/kotlin/fir/resolve/calls/candidate/CallKind;ZLorg/jetbrains/kotlin/fir/expressions/FirFunctionCallOrigin;Ljava/util/List;Lorg/jetbrains/kotlin/fir/resolve/calls/ResolutionContext;Lorg/jetbrains/kotlin/fir/resolve/calls/candidate/CandidateCollector;Lorg/jetbrains/kotlin/fir/FirElement;Lorg/jetbrains/kotlin/fir/resolve/ResolutionMode;)Lorg/jetbrains/kotlin/fir/resolve/calls/FirCallResolver$ResolutionResult;+189
j  org.jetbrains.kotlin.fir.resolve.calls.FirCallResolver.collectCandidates$default(Lorg/jetbrains/kotlin/fir/resolve/calls/FirCallResolver;Lorg/jetbrains/kotlin/fir/expressions/FirQualifiedAccessExpression;Lorg/jetbrains/kotlin/name/Name;Lorg/jetbrains/kotlin/fir/resolve/calls/candidate/CallKind;ZLorg/jetbrains/kotlin/fir/expressions/FirFunctionCallOrigin;Ljava/util/List;Lorg/jetbrains/kotlin/fir/resolve/calls/ResolutionContext;Lorg/jetbrains/kotlin/fir/resolve/calls/candidate/CandidateCollector;Lorg/jetbrains/kotlin/fir/FirElement;Lorg/jetbrains/kotlin/fir/resolve/ResolutionMode;ILjava/lang/Object;)Lorg/jetbrains/kotlin/fir/resolve/calls/FirCallResolver$ResolutionResult;+165
j  org.jetbrains.kotlin.fir.resolve.calls.FirCallResolver.resolveCallAndSelectCandidate(Lorg/jetbrains/kotlin/fir/expressions/FirFunctionCall;Lorg/jetbrains/kotlin/fir/resolve/ResolutionMode;)Lorg/jetbrains/kotlin/fir/expressions/FirFunctionCall;+43
j  org.jetbrains.kotlin.fir.resolve.transformers.body.resolve.FirExpressionsResolveTransformer.transformFunctionCallInternal$resolve(Lorg/jetbrains/kotlin/fir/expressions/FirFunctionCall;Lorg/jetbrains/kotlin/fir/resolve/ResolutionMode;Lorg/jetbrains/kotlin/fir/resolve/transformers/body/resolve/FirExpressionsResolveTransformer$CallResolutionMode;)Lorg/jetbrains/kotlin/fir/expressions/FirStatement;+387
j  org.jetbrains.kotlin.fir.resolve.transformers.body.resolve.FirExpressionsResolveTransformer.transformFunctionCall(Lorg/jetbrains/kotlin/fir/expressions/FirFunctionCall;Lorg/jetbrains/kotlin/fir/resolve/ResolutionMode;)Lorg/jetbrains/kotlin/fir/expressions/FirStatement;+20
j  org.jetbrains.kotlin.fir.resolve.transformers.body.resolve.FirAbstractBodyResolveTransformerDispatcher.transformFunctionCall(Lorg/jetbrains/kotlin/fir/expressions/FirFunctionCall;Lorg/jetbrains/kotlin/fir/resolve/ResolutionMode;)Lorg/jetbrains/kotlin/fir/expressions/FirStatement;+53
j  org.jetbrains.kotlin.fir.resolve.transformers.body.resolve.FirAbstractBodyResolveTransformerDispatcher.transformFunctionCall(Lorg/jetbrains/kotlin/fir/expressions/FirFunctionCall;Ljava/lang/Object;)Lorg/jetbrains/kotlin/fir/expressions/FirStatement;+6
j  org.jetbrains.kotlin.fir.expressions.FirFunctionCall.transform(Lorg/jetbrains/kotlin/fir/visitors/FirTransformer;Ljava/lang/Object;)Lorg/jetbrains/kotlin/fir/FirElement;+9
j  org.jetbrains.kotlin.fir.declarations.impl.FirPropertyImpl.transformInitializer(Lorg/jetbrains/kotlin/fir/visitors/FirTransformer;Ljava/lang/Object;)Lorg/jetbrains/kotlin/fir/declarations/impl/FirPropertyImpl;+18
j  org.jetbrains.kotlin.fir.declarations.impl.FirPropertyImpl.transformInitializer(Lorg/jetbrains/kotlin/fir/visitors/FirTransformer;Ljava/lang/Object;)Lorg/jetbrains/kotlin/fir/declarations/FirProperty;+3
j  org.jetbrains.kotlin.fir.resolve.transformers.body.resolve.FirDeclarationsResolveTransformer.transformProperty(Lorg/jetbrains/kotlin/fir/declarations/FirProperty;Lorg/jetbrains/kotlin/fir/resolve/ResolutionMode;)Lorg/jetbrains/kotlin/fir/declarations/FirProperty;+1072
j  org.jetbrains.kotlin.fir.resolve.transformers.body.resolve.FirAbstractBodyResolveTransformerDispatcher.transformProperty(Lorg/jetbrains/kotlin/fir/declarations/FirProperty;Lorg/jetbrains/kotlin/fir/resolve/ResolutionMode;)Lorg/jetbrains/kotlin/fir/declarations/FirProperty;+59
j  org.jetbrains.kotlin.fir.resolve.transformers.body.resolve.FirImplicitAwareBodyResolveTransformer.transformProperty$lambda$0(Lorg/jetbrains/kotlin/fir/resolve/transformers/body/resolve/FirImplicitAwareBodyResolveTransformer;Lorg/jetbrains/kotlin/fir/declarations/FirProperty;Lorg/jetbrains/kotlin/fir/resolve/ResolutionMode;)Lorg/jetbrains/kotlin/fir/declarations/FirProperty;+3
j  org.jetbrains.kotlin.fir.resolve.transformers.body.resolve.FirImplicitAwareBodyResolveTransformer$$Lambda$2861+0x00000199023c0a90.invoke()Ljava/lang/Object;+12
j  org.jetbrains.kotlin.fir.resolve.transformers.body.resolve.ImplicitBodyResolveComputationSession.executeTransformation(Lorg/jetbrains/kotlin/fir/symbols/impl/FirCallableSymbol;Lkotlin/jvm/functions/Function0;)Lorg/jetbrains/kotlin/fir/declarations/FirCallableDeclaration;+13
j  org.jetbrains.kotlin.fir.resolve.transformers.body.resolve.ImplicitBodyResolveComputationSession.compute$resolve(Lorg/jetbrains/kotlin/fir/symbols/impl/FirCallableSymbol;Lkotlin/jvm/functions/Function0;)Lorg/jetbrains/kotlin/fir/declarations/FirCallableDeclaration;+20
j  org.jetbrains.kotlin.fir.resolve.transformers.body.resolve.FirImplicitAwareBodyResolveTransformer.computeCachedTransformationResult(Lorg/jetbrains/kotlin/fir/declarations/FirCallableDeclaration;Lkotlin/jvm/functions/Function0;)Lorg/jetbrains/kotlin/fir/declarations/FirCallableDeclaration;+232
j  org.jetbrains.kotlin.fir.resolve.transformers.body.resolve.FirImplicitAwareBodyResolveTransformer.transformProperty(Lorg/jetbrains/kotlin/fir/declarations/FirProperty;Lorg/jetbrains/kotlin/fir/resolve/ResolutionMode;)Lorg/jetbrains/kotlin/fir/declarations/FirProperty;+25
j  org.jetbrains.kotlin.fir.resolve.transformers.body.resolve.FirImplicitAwareBodyResolveTransformer.transformProperty(Lorg/jetbrains/kotlin/fir/declarations/FirProperty;Ljava/lang/Object;)Lorg/jetbrains/kotlin/fir/expressions/FirStatement;+6
j  org.jetbrains.kotlin.fir.declarations.FirProperty.transform(Lorg/jetbrains/kotlin/fir/visitors/FirTransformer;Ljava/lang/Object;)Lorg/jetbrains/kotlin/fir/FirElement;+9
j  org.jetbrains.kotlin.fir.visitors.FirTransformerUtilKt.transformInplace(Ljava/util/List;Lorg/jetbrains/kotlin/fir/visitors/FirTransformer;Ljava/lang/Object;)V+49
j  org.jetbrains.kotlin.fir.declarations.impl.FirScriptImpl.transformDeclarations(Lorg/jetbrains/kotlin/fir/visitors/FirTransformer;Ljava/lang/Object;)Lorg/jetbrains/kotlin/fir/declarations/impl/FirScriptImpl;+12
j  org.jetbrains.kotlin.fir.declarations.impl.FirScriptImpl.transformChildren(Lorg/jetbrains/kotlin/fir/visitors/FirTransformer;Ljava/lang/Object;)Lorg/jetbrains/kotlin/fir/declarations/impl/FirScriptImpl;+41
j  org.jetbrains.kotlin.fir.declarations.impl.FirScriptImpl.transformChildren(Lorg/jetbrains/kotlin/fir/visitors/FirTransformer;Ljava/lang/Object;)Lorg/jetbrains/kotlin/fir/FirElement;+3
j  org.jetbrains.kotlin.fir.resolve.transformers.body.resolve.FirAbstractBodyResolveTransformerDispatcher.transformElement(Lorg/jetbrains/kotlin/fir/FirElement;Lorg/jetbrains/kotlin/fir/resolve/ResolutionMode;)Lorg/jetbrains/kotlin/fir/FirElement;+20
j  org.jetbrains.kotlin.fir.resolve.transformers.body.resolve.FirAbstractBodyResolveTransformerDispatcher.transformDeclarationContent(Lorg/jetbrains/kotlin/fir/declarations/FirDeclaration;Lorg/jetbrains/kotlin/fir/resolve/ResolutionMode;)Lorg/jetbrains/kotlin/fir/declarations/FirDeclaration;+20
j  org.jetbrains.kotlin.fir.resolve.transformers.body.resolve.FirImplicitAwareBodyResolveTransformer.transformDeclarationContent(Lorg/jetbrains/kotlin/fir/declarations/FirDeclaration;Lorg/jetbrains/kotlin/fir/resolve/ResolutionMode;)Lorg/jetbrains/kotlin/fir/declarations/FirDeclaration;+68
j  org.jetbrains.kotlin.fir.resolve.transformers.body.resolve.FirDeclarationsResolveTransformer.transformDeclarationContent(Lorg/jetbrains/kotlin/fir/declarations/FirDeclaration;Lorg/jetbrains/kotlin/fir/resolve/ResolutionMode;)Lorg/jetbrains/kotlin/fir/declarations/FirDeclaration;+20
j  org.jetbrains.kotlin.fir.resolve.transformers.body.resolve.FirDeclarationsResolveTransformer.transformScript$lambda$0$0(Lorg/jetbrains/kotlin/fir/resolve/transformers/body/resolve/FirDeclarationsResolveTransformer;Lorg/jetbrains/kotlin/fir/declarations/FirScript;Lorg/jetbrains/kotlin/fir/resolve/ResolutionMode;)Lorg/jetbrains/kotlin/fir/declarations/FirScript;+6
j  org.jetbrains.kotlin.fir.resolve.transformers.body.resolve.FirDeclarationsResolveTransformer$$Lambda$2859+0x00000199023c0650.invoke()Ljava/lang/Object;+12
j  org.jetbrains.kotlin.fir.resolve.transformers.body.resolve.FirDeclarationsResolveTransformer.withScript$lambda$0(Lorg/jetbrains/kotlin/fir/resolve/transformers/body/resolve/FirDeclarationsResolveTransformer;Lorg/jetbrains/kotlin/fir/declarations/FirScript;Lkotlin/jvm/functions/Function0;)Lorg/jetbrains/kotlin/fir/declarations/FirScript;+27
j  org.jetbrains.kotlin.fir.resolve.transformers.body.resolve.FirDeclarationsResolveTransformer$$Lambda$2860+0x00000199023c0870.invoke()Ljava/lang/Object;+12
j  org.jetbrains.kotlin.fir.resolve.transformers.body.resolve.BodyResolveContext.withScript(Lorg/jetbrains/kotlin/fir/declarations/FirScript;Lorg/jetbrains/kotlin/fir/SessionAndScopeSessionHolder;Lkotlin/jvm/functions/Function0;)Ljava/lang/Object;+450
j  org.jetbrains.kotlin.fir.resolve.transformers.body.resolve.FirDeclarationsResolveTransformer.withScript(Lorg/jetbrains/kotlin/fir/declarations/FirScript;Lkotlin/jvm/functions/Function0;)Lorg/jetbrains/kotlin/fir/declarations/FirScript;+60
j  org.jetbrains.kotlin.fir.resolve.transformers.body.resolve.FirDeclarationsResolveTransformer.transformScript(Lorg/jetbrains/kotlin/fir/declarations/FirScript;Lorg/jetbrains/kotlin/fir/resolve/ResolutionMode;)Lorg/jetbrains/kotlin/fir/declarations/FirScript;+42
j  org.jetbrains.kotlin.fir.resolve.transformers.body.resolve.FirAbstractBodyResolveTransformerDispatcher.transformScript(Lorg/jetbrains/kotlin/fir/declarations/FirScript;Lorg/jetbrains/kotlin/fir/resolve/ResolutionMode;)Lorg/jetbrains/kotlin/fir/declarations/FirScript;+59
j  org.jetbrains.kotlin.fir.resolve.transformers.body.resolve.FirAbstractBodyResolveTransformerDispatcher.transformScript(Lorg/jetbrains/kotlin/fir/declarations/FirScript;Ljava/lang/Object;)Lorg/jetbrains/kotlin/fir/declarations/FirScript;+6
j  org.jetbrains.kotlin.fir.declarations.FirScript.transform(Lorg/jetbrains/kotlin/fir/visitors/FirTransformer;Ljava/lang/Object;)Lorg/jetbrains/kotlin/fir/FirElement;+9
j  org.jetbrains.kotlin.fir.visitors.FirTransformerUtilKt.transformInplace(Ljava/util/List;Lorg/jetbrains/kotlin/fir/visitors/FirTransformer;Ljava/lang/Object;)V+49
j  org.jetbrains.kotlin.fir.declarations.impl.FirFileImpl.transformDeclarations(Lorg/jetbrains/kotlin/fir/visitors/FirTransformer;Ljava/lang/Object;)Lorg/jetbrains/kotlin/fir/declarations/impl/FirFileImpl;+13
j  org.jetbrains.kotlin.fir.declarations.impl.FirFileImpl.transformChildren(Lorg/jetbrains/kotlin/fir/visitors/FirTransformer;Ljava/lang/Object;)Lorg/jetbrains/kotlin/fir/declarations/impl/FirFileImpl;+65
j  org.jetbrains.kotlin.fir.declarations.impl.FirFileImpl.transformChildren(Lorg/jetbrains/kotlin/fir/visitors/FirTransformer;Ljava/lang/Object;)Lorg/jetbrains/kotlin/fir/FirElement;+3
j  org.jetbrains.kotlin.fir.resolve.transformers.body.resolve.FirAbstractBodyResolveTransformerDispatcher.transformElement(Lorg/jetbrains/kotlin/fir/FirElement;Lorg/jetbrains/kotlin/fir/resolve/ResolutionMode;)Lorg/jetbrains/kotlin/fir/FirElement;+20
j  org.jetbrains.kotlin.fir.resolve.transformers.body.resolve.FirAbstractBodyResolveTransformerDispatcher.transformDeclarationContent(Lorg/jetbrains/kotlin/fir/declarations/FirDeclaration;Lorg/jetbrains/kotlin/fir/resolve/ResolutionMode;)Lorg/jetbrains/kotlin/fir/declarations/FirDeclaration;+20
j  org.jetbrains.kotlin.fir.resolve.transformers.body.resolve.FirImplicitAwareBodyResolveTransformer.transformDeclarationContent(Lorg/jetbrains/kotlin/fir/declarations/FirDeclaration;Lorg/jetbrains/kotlin/fir/resolve/ResolutionMode;)Lorg/jetbrains/kotlin/fir/declarations/FirDeclaration;+68
j  org.jetbrains.kotlin.fir.resolve.transformers.body.resolve.FirDeclarationsResolveTransformer.transformDeclarationContent(Lorg/jetbrains/kotlin/fir/declarations/FirDeclaration;Lorg/jetbrains/kotlin/fir/resolve/ResolutionMode;)Lorg/jetbrains/kotlin/fir/declarations/FirDeclaration;+20
j  org.jetbrains.kotlin.fir.resolve.transformers.body.resolve.FirDeclarationsResolveTransformer.doTransformFile$lambda$0(Lorg/jetbrains/kotlin/fir/resolve/transformers/body/resolve/FirDeclarationsResolveTransformer;Lorg/jetbrains/kotlin/fir/declarations/FirFile;Lorg/jetbrains/kotlin/fir/resolve/ResolutionMode;)Lorg/jetbrains/kotlin/fir/declarations/FirFile;+6
j  org.jetbrains.kotlin.fir.resolve.transformers.body.resolve.FirDeclarationsResolveTransformer$$Lambda$2853+0x00000199023badc0.invoke()Ljava/lang/Object;+12
j  org.jetbrains.kotlin.fir.resolve.transformers.body.resolve.FirDeclarationsResolveTransformer.withFile(Lorg/jetbrains/kotlin/fir/declarations/FirFile;Lkotlin/jvm/functions/Function0;)Lorg/jetbrains/kotlin/fir/declarations/FirFile;+327
j  org.jetbrains.kotlin.fir.resolve.transformers.body.resolve.FirDeclarationsResolveTransformer.doTransformFile(Lorg/jetbrains/kotlin/fir/declarations/FirFile;Lorg/jetbrains/kotlin/fir/resolve/ResolutionMode;)Lorg/jetbrains/kotlin/fir/declarations/FirFile;+10
j  org.jetbrains.kotlin.fir.resolve.transformers.body.resolve.FirDeclarationsResolveTransformer.transformFile(Lorg/jetbrains/kotlin/fir/declarations/FirFile;Lorg/jetbrains/kotlin/fir/resolve/ResolutionMode;)Lorg/jetbrains/kotlin/fir/declarations/FirFile;+31
j  org.jetbrains.kotlin.fir.resolve.transformers.body.resolve.FirAbstractBodyResolveTransformerDispatcher.transformFile(Lorg/jetbrains/kotlin/fir/declarations/FirFile;Lorg/jetbrains/kotlin/fir/resolve/ResolutionMode;)Lorg/jetbrains/kotlin/fir/declarations/FirFile;+59
j  org.jetbrains.kotlin.fir.resolve.transformers.body.resolve.FirAbstractBodyResolveTransformerDispatcher.transformFile(Lorg/jetbrains/kotlin/fir/declarations/FirFile;Ljava/lang/Object;)Lorg/jetbrains/kotlin/fir/declarations/FirFile;+6
j  org.jetbrains.kotlin.fir.declarations.FirFile.transform(Lorg/jetbrains/kotlin/fir/visitors/FirTransformer;Ljava/lang/Object;)Lorg/jetbrains/kotlin/fir/FirElement;+9
j  org.jetbrains.kotlin.fir.resolve.transformers.body.resolve.FirImplicitTypeBodyResolveTransformerAdapter.transformFile(Lorg/jetbrains/kotlin/fir/declarations/FirFile;Ljava/lang/Object;)Lorg/jetbrains/kotlin/fir/declarations/FirFile;+26
j  org.jetbrains.kotlin.fir.declarations.FirFile.transform(Lorg/jetbrains/kotlin/fir/visitors/FirTransformer;Ljava/lang/Object;)Lorg/jetbrains/kotlin/fir/FirElement;+9
j  org.jetbrains.kotlin.fir.resolve.transformers.FirTransformerBasedResolveProcessor.processFile(Lorg/jetbrains/kotlin/fir/declarations/FirFile;)V+12
j  org.jetbrains.kotlin.fir.resolve.transformers.FirTotalResolveProcessor.process(Ljava/util/List;)V+98
j  org.jetbrains.kotlin.fir.pipeline.AnalyseKt.runResolution(Lorg/jetbrains/kotlin/fir/FirSession;Ljava/util/List;)Lkotlin/Pair;+23
j  org.jetbrains.kotlin.scripting.compiler.plugin.impl.ScriptJvmCompilerImplsKt.doCompileWithK2(Lorg/jetbrains/kotlin/scripting/compiler/plugin/impl/SharedScriptCompilationContext;Lkotlin/script/experimental/api/SourceCode;Ljava/util/List;Ljava/util/List;Lorg/jetbrains/kotlin/scripting/compiler/plugin/impl/ScriptDiagnosticsMessageCollector;Lkotlin/jvm/functions/Function1;)Lkotlin/script/experimental/api/ResultWithDiagnostics;+1063
j  org.jetbrains.kotlin.scripting.compiler.plugin.impl.ScriptJvmCompilerImplsKt.compileImpl(Lkotlin/script/experimental/api/SourceCode;Lorg/jetbrains/kotlin/scripting/compiler/plugin/impl/SharedScriptCompilationContext;Lkotlin/script/experimental/api/ScriptCompilationConfiguration;Lorg/jetbrains/kotlin/scripting/compiler/plugin/impl/ScriptDiagnosticsMessageCollector;)Lkotlin/script/experimental/api/ResultWithDiagnostics;+313
j  org.jetbrains.kotlin.scripting.compiler.plugin.impl.ScriptJvmCompilerImplsKt.access$compileImpl(Lkotlin/script/experimental/api/SourceCode;Lorg/jetbrains/kotlin/scripting/compiler/plugin/impl/SharedScriptCompilationContext;Lkotlin/script/experimental/api/ScriptCompilationConfiguration;Lorg/jetbrains/kotlin/scripting/compiler/plugin/impl/ScriptDiagnosticsMessageCollector;)Lkotlin/script/experimental/api/ResultWithDiagnostics;+4
j  org.jetbrains.kotlin.scripting.compiler.plugin.impl.ScriptJvmCompilerFromEnvironment.compile$lambda$0$0(Lkotlin/script/experimental/api/ScriptCompilationConfiguration;Lkotlin/script/experimental/api/SourceCode;Lorg/jetbrains/kotlin/scripting/compiler/plugin/impl/ScriptJvmCompilerFromEnvironment;Lorg/jetbrains/kotlin/scripting/compiler/plugin/impl/ScriptDiagnosticsMessageCollector;)Lkotlin/script/experimental/api/ResultWithDiagnostics;+125
j  org.jetbrains.kotlin.scripting.compiler.plugin.impl.ScriptJvmCompilerFromEnvironment$$Lambda$2598+0x00000199021aad40.invoke()Ljava/lang/Object;+16
j  org.jetbrains.kotlin.scripting.compiler.plugin.impl.ScriptJvmCompilerImplsKt.withScriptCompilationCache(Lkotlin/script/experimental/api/SourceCode;Lkotlin/script/experimental/api/ScriptCompilationConfiguration;Lorg/jetbrains/kotlin/scripting/compiler/plugin/impl/ScriptDiagnosticsMessageCollector;Lkotlin/jvm/functions/Function0;)Lkotlin/script/experimental/api/ResultWithDiagnostics;+97
j  org.jetbrains.kotlin.scripting.compiler.plugin.impl.ScriptJvmCompilerImplsKt.access$withScriptCompilationCache(Lkotlin/script/experimental/api/SourceCode;Lkotlin/script/experimental/api/ScriptCompilationConfiguration;Lorg/jetbrains/kotlin/scripting/compiler/plugin/impl/ScriptDiagnosticsMessageCollector;Lkotlin/jvm/functions/Function0;)Lkotlin/script/experimental/api/ResultWithDiagnostics;+4
j  org.jetbrains.kotlin.scripting.compiler.plugin.impl.ScriptJvmCompilerFromEnvironment.compile(Lkotlin/script/experimental/api/SourceCode;Lkotlin/script/experimental/api/ScriptCompilationConfiguration;)Lkotlin/script/experimental/api/ResultWithDiagnostics;+53
j  kotlin.script.experimental.jvmhost.JvmScriptCompiler.invoke$suspendImpl(Lkotlin/script/experimental/jvmhost/JvmScriptCompiler;Lkotlin/script/experimental/api/SourceCode;Lkotlin/script/experimental/api/ScriptCompilationConfiguration;Lkotlin/coroutines/Continuation;)Ljava/lang/Object;+15
j  kotlin.script.experimental.jvmhost.JvmScriptCompiler.invoke(Lkotlin/script/experimental/api/SourceCode;Lkotlin/script/experimental/api/ScriptCompilationConfiguration;Lkotlin/coroutines/Continuation;)Ljava/lang/Object;+4
j  kotlin.script.experimental.host.BasicScriptingHost$eval$1.invokeSuspend(Ljava/lang/Object;)Ljava/lang/Object;+64
j  kotlin.script.experimental.host.BasicScriptingHost$eval$1.invoke(Lkotlin/coroutines/Continuation;)Ljava/lang/Object;+11
j  kotlin.script.experimental.host.BasicScriptingHost$eval$1.invoke(Ljava/lang/Object;)Ljava/lang/Object;+5
j  kotlin.script.experimental.host.BasicScriptingHost$runInCoroutineContext$1.invokeSuspend(Ljava/lang/Object;)Ljava/lang/Object;+46
J 7846 c1 kotlin.coroutines.jvm.internal.BaseContinuationImpl.resumeWith(Ljava/lang/Object;)V (124 bytes) @ 0x000001995d9d506c [0x000001995d9d4c40+0x000000000000042c]
j  kotlin.coroutines.ContinuationKt.startCoroutine(Lkotlin/jvm/functions/Function1;Lkotlin/coroutines/Continuation;)V+34
j  kotlin.script.experimental.impl.RunSuspendKt.internalScriptingRunSuspend(Lkotlin/jvm/functions/Function1;)Ljava/lang/Object;+19
j  kotlin.script.experimental.host.BasicScriptingHost.runInCoroutineContext(Lkotlin/jvm/functions/Function1;)Ljava/lang/Object;+18
j  kotlin.script.experimental.host.BasicScriptingHost.eval(Lkotlin/script/experimental/api/SourceCode;Lkotlin/script/experimental/api/ScriptCompilationConfiguration;Lkotlin/script/experimental/api/ScriptEvaluationConfiguration;)Lkotlin/script/experimental/api/ResultWithDiagnostics;+28
j  org.gradle.kotlin.dsl.support.KotlinCompilerKt.compileKotlinScriptModuleTo(Ljava/io/File;Lorg/gradle/kotlin/dsl/support/KotlinCompilerOptions;Ljava/lang/String;Ljava/util/Collection;Lorg/jetbrains/kotlin/scripting/definitions/ScriptDefinition;Ljava/lang/Iterable;Lorg/gradle/kotlin/dsl/support/LoggingMessageCollector;)V+920
j  org.gradle.kotlin.dsl.support.KotlinCompilerKt.compileKotlinScriptToDirectory(Ljava/io/File;Lorg/gradle/kotlin/dsl/support/KotlinCompilerOptions;Ljava/io/File;Lorg/jetbrains/kotlin/scripting/definitions/ScriptDefinition;Ljava/util/List;Lorg/slf4j/Logger;Lkotlin/jvm/functions/Function1;)Ljava/lang/String;+76
j  org.gradle.kotlin.dsl.execution.ResidualProgramCompiler.compileScript_C5AE47M$lambda$0(Lorg/gradle/kotlin/dsl/execution/ResidualProgramCompiler;Ljava/io/File;Lorg/jetbrains/kotlin/scripting/definitions/ScriptDefinition;Lorg/gradle/internal/classpath/ClassPath;Ljava/lang/String;)Ljava/lang/String;+35
j  org.gradle.kotlin.dsl.execution.ResidualProgramCompiler$$Lambda$2434+0x00000199020a3f28.invoke()Ljava/lang/Object;+20
j  org.gradle.kotlin.dsl.provider.StandardKotlinScriptEvaluator$InterpreterHost$runCompileBuildOperation$1.call(Lorg/gradle/internal/operations/BuildOperationContext;)Ljava/lang/String;+10
j  org.gradle.kotlin.dsl.provider.StandardKotlinScriptEvaluator$InterpreterHost$runCompileBuildOperation$1.call(Lorg/gradle/internal/operations/BuildOperationContext;)Ljava/lang/Object;+2
J 11856 c1 org.gradle.internal.operations.DefaultBuildOperationRunner$CallableBuildOperationWorker.execute(Lorg/gradle/internal/operations/BuildOperation;Lorg/gradle/internal/operations/BuildOperationContext;)V (10 bytes) @ 0x000001995e00d54c [0x000001995e00d2e0+0x000000000000026c]
J 14912 c2 org.gradle.internal.operations.DefaultBuildOperationRunner.execute(Lorg/gradle/internal/operations/BuildOperation;Lorg/gradle/internal/operations/BuildOperationWorker;)V (22 bytes) @ 0x00000199651004d0 [0x00000199650ff5c0+0x0000000000000f10]
J 8909 c1 org.gradle.internal.operations.DefaultBuildOperationRunner.call(Lorg/gradle/internal/operations/CallableBuildOperation;)Ljava/lang/Object; (20 bytes) @ 0x000001995dbff6fc [0x000001995dbff560+0x000000000000019c]
j  org.gradle.kotlin.dsl.provider.StandardKotlinScriptEvaluator$InterpreterHost.runCompileBuildOperation(Ljava/lang/String;Ljava/lang/String;Lkotlin/jvm/functions/Function0;)Ljava/lang/String;+38
j  org.gradle.kotlin.dsl.execution.Interpreter$compile$1$1$1$1.invoke(Ljava/lang/String;Ljava/lang/String;Lkotlin/jvm/functions/Function0;)Ljava/lang/String;+28
j  org.gradle.kotlin.dsl.execution.Interpreter$compile$1$1$1$1.invoke(Ljava/lang/Object;Ljava/lang/Object;Ljava/lang/Object;)Ljava/lang/Object;+13
j  org.gradle.kotlin.dsl.execution.ResidualProgramCompiler.compileScript-C5AE47M(Ljava/io/File;Ljava/lang/String;Lorg/jetbrains/kotlin/scripting/definitions/ScriptDefinition;Ljava/lang/String;Lorg/gradle/internal/classpath/ClassPath;)Ljava/lang/String;+21
j  org.gradle.kotlin.dsl.execution.ResidualProgramCompiler.compileStage1-EfyMToc(Lorg/gradle/kotlin/dsl/execution/ProgramSource;Lorg/jetbrains/kotlin/scripting/definitions/ScriptDefinition;Lorg/gradle/internal/classpath/ClassPath;)Ljava/lang/String;+82
j  org.gradle.kotlin.dsl.execution.ResidualProgramCompiler.emitStage1Sequence(Lorg/jetbrains/org/objectweb/asm/MethodVisitor;Ljava/util/List;)V+137
j  org.gradle.kotlin.dsl.execution.ResidualProgramCompiler.emitStage1Sequence(Lorg/jetbrains/org/objectweb/asm/MethodVisitor;[Lorg/gradle/kotlin/dsl/execution/Program$Stage1;)V+11
j  org.gradle.kotlin.dsl.execution.ResidualProgramCompiler.emit(Lorg/jetbrains/org/objectweb/asm/MethodVisitor;Lorg/gradle/kotlin/dsl/execution/ResidualProgram$Instruction;)V+256
j  org.gradle.kotlin.dsl.execution.ResidualProgramCompiler.emit(Lorg/jetbrains/org/objectweb/asm/MethodVisitor;Ljava/util/List;)V+49
j  org.gradle.kotlin.dsl.execution.ResidualProgramCompiler.emitDynamicProgram$lambda$0$0(Lorg/gradle/kotlin/dsl/execution/ResidualProgramCompiler;Lorg/gradle/kotlin/dsl/execution/ResidualProgram$Dynamic;Lorg/jetbrains/org/objectweb/asm/MethodVisitor;)Lkotlin/Unit;+16
j  org.gradle.kotlin.dsl.execution.ResidualProgramCompiler$$Lambda$2424+0x000001990209b9c0.invoke(Ljava/lang/Object;)Ljava/lang/Object;+12
j  org.gradle.kotlin.dsl.execution.ResidualProgramCompiler.overrideExecute$lambda$0(Lkotlin/jvm/functions/Function1;Lorg/jetbrains/org/objectweb/asm/MethodVisitor;)Lkotlin/Unit;+9
j  org.gradle.kotlin.dsl.execution.ResidualProgramCompiler$$Lambda$2425+0x000001990209bbe0.invoke(Ljava/lang/Object;)Ljava/lang/Object;+8
j  org.gradle.kotlin.dsl.support.bytecode.AsmExtensionsKt.method(Lorg/jetbrains/org/objectweb/asm/ClassVisitor;ILjava/lang/String;Ljava/lang/String;Ljava/lang/String;[Ljava/lang/String;Lkotlin/jvm/functions/Function1;Lkotlin/jvm/functions/Function1;)V+76
j  org.gradle.kotlin.dsl.support.bytecode.AsmExtensionsKt.publicMethod(Lorg/jetbrains/org/objectweb/asm/ClassVisitor;Ljava/lang/String;Ljava/lang/String;Ljava/lang/String;[Ljava/lang/String;Lkotlin/jvm/functions/Function1;Lkotlin/jvm/functions/Function1;)V+43
j  org.gradle.kotlin.dsl.support.bytecode.AsmExtensionsKt.publicMethod$default(Lorg/jetbrains/org/objectweb/asm/ClassVisitor;Ljava/lang/String;Ljava/lang/String;Ljava/lang/String;[Ljava/lang/String;Lkotlin/jvm/functions/Function1;Lkotlin/jvm/functions/Function1;ILjava/lang/Object;)V+45
j  org.gradle.kotlin.dsl.execution.ResidualProgramCompiler.overrideExecute(Lorg/jetbrains/org/objectweb/asm/ClassVisitor;Lkotlin/jvm/functions/Function1;)V+22
j  org.gradle.kotlin.dsl.execution.ResidualProgramCompiler.emitDynamicProgram$lambda$0(Lorg/gradle/kotlin/dsl/execution/ResidualProgramCompiler;Lorg/gradle/kotlin/dsl/execution/ResidualProgram$Dynamic;Lorg/jetbrains/org/objectweb/asm/ClassWriter;)Lkotlin/Unit;+19
j  org.gradle.kotlin.dsl.execution.ResidualProgramCompiler$$Lambda$2420+0x0000019902098000.invoke(Ljava/lang/Object;)Ljava/lang/Object;+12
j  org.gradle.kotlin.dsl.execution.ResidualProgramCompiler.program_5oOsWEo$lambda$1(Ljava/lang/String;Lkotlin/jvm/functions/Function1;Lorg/jetbrains/org/objectweb/asm/ClassWriter;)Lkotlin/Unit;+14
j  org.gradle.kotlin.dsl.execution.ResidualProgramCompiler$$Lambda$2421+0x0000019902098220.invoke(Ljava/lang/Object;)Ljava/lang/Object;+12
j  org.gradle.kotlin.dsl.support.bytecode.AsmExtensionsKt.publicClass-7y5yvvE(Ljava/lang/String;Ljava/lang/String;Ljava/util/List;Lkotlin/jvm/functions/Function1;)[B+26
j  org.gradle.kotlin.dsl.execution.ResidualProgramCompiler.program-5oOsWEo(Ljava/lang/String;Lkotlin/jvm/functions/Function1;)V+19
j  org.gradle.kotlin.dsl.execution.ResidualProgramCompiler.access$program-5oOsWEo(Lorg/gradle/kotlin/dsl/execution/ResidualProgramCompiler;Ljava/lang/String;Lkotlin/jvm/functions/Function1;)V+3
j  org.gradle.kotlin.dsl.execution.ResidualProgramCompiler.emitDynamicProgram(Lorg/gradle/kotlin/dsl/execution/ResidualProgram$Dynamic;)V+23
j  org.gradle.kotlin.dsl.execution.ResidualProgramCompiler.compile(Lorg/gradle/kotlin/dsl/execution/ResidualProgram;)V+38
j  org.gradle.kotlin.dsl.execution.Interpreter.compile$lambda$0(Lorg/gradle/kotlin/dsl/execution/Interpreter;Lorg/gradle/groovy/scripts/ScriptSource;Lorg/gradle/kotlin/dsl/execution/ProgramId;Ljava/lang/String;Lorg/gradle/kotlin/dsl/execution/ProgramKind;Lorg/gradle/kotlin/dsl/execution/ProgramTarget;Lorg/gradle/internal/classpath/ClassPath;Lorg/gradle/api/internal/file/temp/TemporaryFileProvider;Lorg/gradle/internal/classpath/ClassPath;Ljava/io/File;)Lkotlin/Unit;+187
j  org.gradle.kotlin.dsl.execution.Interpreter$$Lambda$716+0x000001990158bc78.invoke(Ljava/lang/Object;)Ljava/lang/Object;+40
j  org.gradle.kotlin.dsl.provider.StandardKotlinScriptEvaluator$KotlinScriptCompilationAndInstrumentation.compile(Ljava/io/File;)Ljava/io/File;+32
j  org.gradle.internal.scripts.BuildScriptCompilationAndInstrumentation.execute(Lorg/gradle/internal/execution/ExecutionContext;)Lorg/gradle/internal/execution/WorkOutput;+9
j  org.gradle.internal.execution.steps.ExecuteStep.executeInternal(Lorg/gradle/internal/execution/UnitOfWork;Lorg/gradle/internal/execution/steps/InputChangesContext;)Lorg/gradle/internal/execution/steps/Result;+16
j  org.gradle.internal.execution.steps.ExecuteStep.access$000(Lorg/gradle/internal/execution/UnitOfWork;Lorg/gradle/internal/execution/steps/InputChangesContext;)Lorg/gradle/internal/execution/steps/Result;+2
j  org.gradle.internal.execution.steps.ExecuteStep$1.call(Lorg/gradle/internal/operations/BuildOperationContext;)Lorg/gradle/internal/execution/steps/Result;+8
j  org.gradle.internal.execution.steps.ExecuteStep$1.call(Lorg/gradle/internal/operations/BuildOperationContext;)Ljava/lang/Object;+2
J 11856 c1 org.gradle.internal.operations.DefaultBuildOperationRunner$CallableBuildOperationWorker.execute(Lorg/gradle/internal/operations/BuildOperation;Lorg/gradle/internal/operations/BuildOperationContext;)V (10 bytes) @ 0x000001995e00d54c [0x000001995e00d2e0+0x000000000000026c]
J 14912 c2 org.gradle.internal.operations.DefaultBuildOperationRunner.execute(Lorg/gradle/internal/operations/BuildOperation;Lorg/gradle/internal/operations/BuildOperationWorker;)V (22 bytes) @ 0x00000199651004d0 [0x00000199650ff5c0+0x0000000000000f10]
J 8909 c1 org.gradle.internal.operations.DefaultBuildOperationRunner.call(Lorg/gradle/internal/operations/CallableBuildOperation;)Ljava/lang/Object; (20 bytes) @ 0x000001995dbff6fc [0x000001995dbff560+0x000000000000019c]
j  org.gradle.internal.execution.steps.ExecuteStep.execute(Lorg/gradle/internal/execution/UnitOfWork;Lorg/gradle/internal/execution/steps/ChangingOutputsContext;)Lorg/gradle/internal/execution/steps/Result;+28
j  org.gradle.internal.execution.steps.ExecuteStep.execute(Lorg/gradle/internal/execution/UnitOfWork;Lorg/gradle/internal/execution/steps/Context;)Lorg/gradle/internal/execution/steps/Result;+6
j  org.gradle.internal.execution.steps.CancelExecutionStep.execute(Lorg/gradle/internal/execution/UnitOfWork;Lorg/gradle/internal/execution/steps/Context;)Lorg/gradle/internal/execution/steps/Result;+35
j  org.gradle.internal.execution.steps.TimeoutStep.executeWithoutTimeout(Lorg/gradle/internal/execution/UnitOfWork;Lorg/gradle/internal/execution/steps/Context;)Lorg/gradle/internal/execution/steps/Result;+6
j  org.gradle.internal.execution.steps.TimeoutStep.execute(Lorg/gradle/internal/execution/UnitOfWork;Lorg/gradle/internal/execution/steps/Context;)Lorg/gradle/internal/execution/steps/Result;+92
j  org.gradle.internal.execution.steps.PreCreateOutputParentsStep.execute(Lorg/gradle/internal/execution/UnitOfWork;Lorg/gradle/internal/execution/steps/ChangingOutputsContext;)Lorg/gradle/internal/execution/steps/Result;+24
j  org.gradle.internal.execution.steps.PreCreateOutputParentsStep.execute(Lorg/gradle/internal/execution/UnitOfWork;Lorg/gradle/internal/execution/steps/Context;)Lorg/gradle/internal/execution/steps/Result;+6
j  org.gradle.internal.execution.steps.BroadcastChangingOutputsStep.execute(Lorg/gradle/internal/execution/UnitOfWork;Lorg/gradle/internal/execution/steps/InputChangesContext;)Lorg/gradle/internal/execution/steps/Result;+53
j  org.gradle.internal.execution.steps.BroadcastChangingOutputsStep.execute(Lorg/gradle/internal/execution/UnitOfWork;Lorg/gradle/internal/execution/steps/Context;)Lorg/gradle/internal/execution/steps/Result;+6
j  org.gradle.internal.execution.steps.CaptureOutputsAfterExecutionStep.execute(Lorg/gradle/internal/execution/UnitOfWork;Lorg/gradle/internal/execution/steps/WorkspaceContext;)Lorg/gradle/internal/execution/steps/AfterExecutionResult;+6
j  org.gradle.internal.execution.steps.CaptureOutputsAfterExecutionStep.execute(Lorg/gradle/internal/execution/UnitOfWork;Lorg/gradle/internal/execution/steps/Context;)Lorg/gradle/internal/execution/steps/Result;+6
j  org.gradle.internal.execution.steps.NoInputChangesStep.execute(Lorg/gradle/internal/execution/UnitOfWork;Lorg/gradle/internal/execution/steps/ValidationFinishedContext;)Lorg/gradle/internal/execution/steps/Result;+23
j  org.gradle.internal.execution.steps.NoInputChangesStep.execute(Lorg/gradle/internal/execution/UnitOfWork;Lorg/gradle/internal/execution/steps/Context;)Lorg/gradle/internal/execution/steps/Result;+6
j  org.gradle.internal.execution.steps.BuildCacheStep.executeWithoutCache(Lorg/gradle/internal/execution/UnitOfWork;Lorg/gradle/internal/execution/steps/WorkspaceContext;)Lorg/gradle/internal/execution/steps/AfterExecutionResult;+6
j  org.gradle.internal.execution.steps.BuildCacheStep.lambda$execute$1(Lorg/gradle/internal/execution/UnitOfWork;Lorg/gradle/internal/execution/steps/WorkspaceContext;Lorg/gradle/internal/execution/caching/CachingState$Disabled;)Lorg/gradle/internal/execution/steps/AfterExecutionResult;+3
j  org.gradle.internal.execution.steps.BuildCacheStep$$Lambda$1970+0x0000019901a89ce0.apply(Ljava/lang/Object;)Ljava/lang/Object;+16
j  org.gradle.internal.Either$Right.fold(Ljava/util/function/Function;Ljava/util/function/Function;)Ljava/lang/Object;+5
j  org.gradle.internal.execution.caching.CachingState.fold(Ljava/util/function/Function;Ljava/util/function/Function;)Ljava/lang/Object;+6
j  org.gradle.internal.execution.steps.BuildCacheStep.execute(Lorg/gradle/internal/execution/UnitOfWork;Lorg/gradle/internal/execution/steps/WorkspaceContext;)Lorg/gradle/internal/execution/steps/AfterExecutionResult;+25
j  org.gradle.internal.execution.steps.BuildCacheStep.execute(Lorg/gradle/internal/execution/UnitOfWork;Lorg/gradle/internal/execution/steps/Context;)Lorg/gradle/internal/execution/steps/Result;+6
j  org.gradle.internal.execution.steps.NeverUpToDateStep.execute(Lorg/gradle/internal/execution/UnitOfWork;Lorg/gradle/internal/execution/steps/NonIncrementalCachingContext;)Lorg/gradle/internal/execution/steps/UpToDateResult;+6
j  org.gradle.internal.execution.steps.NeverUpToDateStep.execute(Lorg/gradle/internal/execution/UnitOfWork;Lorg/gradle/internal/execution/steps/Context;)Lorg/gradle/internal/execution/steps/Result;+6
j  org.gradle.internal.execution.steps.legacy.MarkSnapshottingInputsFinishedStep.execute(Lorg/gradle/internal/execution/UnitOfWork;Lorg/gradle/internal/execution/steps/CachingContext;)Lorg/gradle/internal/execution/steps/Result;+18
j  org.gradle.internal.execution.steps.legacy.MarkSnapshottingInputsFinishedStep.execute(Lorg/gradle/internal/execution/UnitOfWork;Lorg/gradle/internal/execution/steps/Context;)Lorg/gradle/internal/execution/steps/Result;+6
j  org.gradle.internal.execution.steps.ResolveNonIncrementalCachingStateStep.executeDelegate(Lorg/gradle/internal/execution/UnitOfWork;Lorg/gradle/internal/execution/steps/ValidationFinishedContext;Lorg/gradle/internal/execution/caching/CachingState;)Lorg/gradle/internal/execution/steps/UpToDateResult;+14
j  org.gradle.internal.execution.steps.AbstractResolveCachingStateStep.execute(Lorg/gradle/internal/execution/UnitOfWork;Lorg/gradle/internal/execution/steps/ValidationFinishedContext;)Lorg/gradle/internal/execution/steps/CachingResult;+51
j  org.gradle.internal.execution.steps.AbstractResolveCachingStateStep.execute(Lorg/gradle/internal/execution/UnitOfWork;Lorg/gradle/internal/execution/steps/Context;)Lorg/gradle/internal/execution/steps/Result;+6
j  org.gradle.internal.execution.steps.ValidateStep.execute(Lorg/gradle/internal/execution/UnitOfWork;Lorg/gradle/internal/execution/steps/BeforeExecutionContext;)Lorg/gradle/internal/execution/steps/Result;+67
j  org.gradle.internal.execution.steps.ValidateStep.execute(Lorg/gradle/internal/execution/UnitOfWork;Lorg/gradle/internal/execution/steps/Context;)Lorg/gradle/internal/execution/steps/Result;+6
j  org.gradle.internal.execution.steps.AbstractCaptureStateBeforeExecutionStep.execute(Lorg/gradle/internal/execution/UnitOfWork;Lorg/gradle/internal/execution/steps/PreviousExecutionContext;)Lorg/gradle/internal/execution/steps/CachingResult;+49
j  org.gradle.internal.execution.steps.AbstractCaptureStateBeforeExecutionStep.execute(Lorg/gradle/internal/execution/UnitOfWork;Lorg/gradle/internal/execution/steps/Context;)Lorg/gradle/internal/execution/steps/Result;+6
j  org.gradle.internal.execution.steps.legacy.MarkSnapshottingInputsStartedStep.execute(Lorg/gradle/internal/execution/UnitOfWork;Lorg/gradle/internal/execution/steps/Context;)Lorg/gradle/internal/execution/steps/Result;+12
j  org.gradle.internal.execution.steps.AssignImmutableWorkspaceStep.executeInWorkspace(Lorg/gradle/internal/execution/UnitOfWork;Lorg/gradle/internal/execution/steps/IdentityContext;Ljava/io/File;)Lorg/gradle/internal/execution/steps/WorkspaceResult;+48
j  org.gradle.internal.execution.steps.AssignImmutableWorkspaceStep.lambda$execute$0(Lorg/gradle/internal/execution/workspace/ImmutableWorkspaceProvider$LockingImmutableWorkspace;Lorg/gradle/internal/execution/UnitOfWork;Lorg/gradle/internal/execution/steps/IdentityContext;)Lorg/gradle/internal/execution/steps/WorkspaceResult;+19
j  org.gradle.internal.execution.steps.AssignImmutableWorkspaceStep$$Lambda$571+0x00000199014ca948.get()Ljava/lang/Object;+16
J 11875 c1 org.gradle.internal.execution.steps.AssignImmutableWorkspaceStep.lambda$execute$1(Lorg/gradle/internal/execution/UnitOfWork;Lorg/gradle/internal/execution/workspace/ImmutableWorkspaceProvider$LockingImmutableWorkspace;Lorg/gradle/internal/execution/steps/IdentityContext;)Lorg/gradle/internal/execution/steps/WorkspaceResult; (22 bytes) @ 0x000001995e01886c [0x000001995e018240+0x000000000000062c]
J 11680 c1 org.gradle.internal.execution.steps.AssignImmutableWorkspaceStep$$Lambda$550+0x00000199014c3928.get()Ljava/lang/Object; (20 bytes) @ 0x000001995dfa074c [0x000001995dfa06c0+0x000000000000008c]
J 12022 c2 org.gradle.cache.internal.LockOnDemandCrossProcessCacheAccess.withFileLock(Ljava/util/function/Supplier;)Ljava/lang/Object; (24 bytes) @ 0x000001996552717c [0x0000019965526d40+0x000000000000043c]
J 11867 c1 org.gradle.cache.internal.DefaultCacheFactory$ReferenceTrackingCache.withFileLock(Ljava/util/function/Supplier;)Ljava/lang/Object; (14 bytes) @ 0x000001995e015acc [0x000001995e015860+0x000000000000026c]
J 11676 c1 org.gradle.internal.execution.workspace.impl.CacheBasedImmutableWorkspaceProvider$2.withWorkspaceLock(Ljava/util/function/Supplier;)Ljava/lang/Object; (36 bytes) @ 0x000001995df9d214 [0x000001995df9c6a0+0x0000000000000b74]
J 11866 c1 org.gradle.internal.execution.steps.AssignImmutableWorkspaceStep.execute(Lorg/gradle/internal/execution/UnitOfWork;Lorg/gradle/internal/execution/steps/IdentityContext;)Lorg/gradle/internal/execution/steps/WorkspaceResult; (96 bytes) @ 0x000001995e014ce4 [0x000001995e013fe0+0x0000000000000d04]
J 11672 c1 org.gradle.internal.execution.steps.AssignImmutableWorkspaceStep.execute(Lorg/gradle/internal/execution/UnitOfWork;Lorg/gradle/internal/execution/steps/Context;)Lorg/gradle/internal/execution/steps/Result; (10 bytes) @ 0x000001995df9adb4 [0x000001995df9ac40+0x0000000000000174]
J 11653 c1 org.gradle.internal.execution.steps.ChoosePipelineStep.execute(Lorg/gradle/internal/execution/UnitOfWork;Lorg/gradle/internal/execution/steps/IdentityContext;)Lorg/gradle/internal/execution/steps/Result; (71 bytes) @ 0x000001995df8ad0c [0x000001995df8a420+0x00000000000008ec]
J 11652 c1 org.gradle.internal.execution.steps.ChoosePipelineStep.execute(Lorg/gradle/internal/execution/UnitOfWork;Lorg/gradle/internal/execution/steps/Context;)Lorg/gradle/internal/execution/steps/Result; (10 bytes) @ 0x000001995df89fb4 [0x000001995df89e40+0x0000000000000174]
j  org.gradle.internal.execution.steps.ExecuteWorkBuildOperationFiringStep.lambda$execute$2(Lorg/gradle/internal/execution/UnitOfWork;Lorg/gradle/internal/execution/steps/IdentityContext;)Lorg/gradle/internal/execution/steps/CachingResult;+6
j  org.gradle.internal.execution.steps.ExecuteWorkBuildOperationFiringStep$$Lambda$549+0x00000199014c3268.get()Ljava/lang/Object;+12
J 11660 c1 org.gradle.internal.execution.steps.ExecuteWorkBuildOperationFiringStep.execute(Lorg/gradle/internal/execution/UnitOfWork;Lorg/gradle/internal/execution/steps/Context;)Lorg/gradle/internal/execution/steps/Result; (10 bytes) @ 0x000001995df9035c [0x000001995df8f340+0x000000000000101c]
J 11651 c1 org.gradle.internal.execution.steps.IdentityCacheStep.execute(Lorg/gradle/internal/execution/UnitOfWork;Lorg/gradle/internal/execution/steps/IdentityContext;)Lorg/gradle/internal/execution/steps/WorkspaceResult; (15 bytes) @ 0x000001995df899c4 [0x000001995df898c0+0x0000000000000104]
j  org.gradle.internal.execution.steps.IdentityCacheStep.execute(Lorg/gradle/internal/execution/UnitOfWork;Lorg/gradle/internal/execution/steps/Context;)Lorg/gradle/internal/execution/steps/Result;+6
j  org.gradle.internal.execution.steps.IdentifyStep.execute(Lorg/gradle/internal/execution/UnitOfWork;Lorg/gradle/internal/execution/steps/ExecutionRequestContext;)Lorg/gradle/internal/execution/steps/Result;+11
j  org.gradle.internal.execution.steps.IdentifyStep.execute(Lorg/gradle/internal/execution/UnitOfWork;Lorg/gradle/internal/execution/steps/Context;)Lorg/gradle/internal/execution/steps/Result;+6
j  org.gradle.internal.execution.impl.DefaultExecutionEngine$1.execute()Lorg/gradle/internal/execution/ExecutionEngine$Result;+15
j  org.gradle.kotlin.dsl.provider.StandardKotlinScriptEvaluator$InterpreterHost.cachedDirFor(Lorg/gradle/kotlin/dsl/support/KotlinScriptHost;Lorg/gradle/kotlin/dsl/execution/ProgramId;Lorg/gradle/internal/classpath/ClassPath;Lorg/gradle/internal/classpath/ClassPath;Lkotlin/jvm/functions/Function1;)Ljava/io/File;+131
j  org.gradle.kotlin.dsl.execution.Interpreter.compile(Lorg/gradle/kotlin/dsl/support/KotlinScriptHost;Lorg/gradle/kotlin/dsl/execution/ProgramId;Ljava/lang/String;Lorg/gradle/groovy/scripts/ScriptSource;Lorg/gradle/kotlin/dsl/execution/ProgramKind;Lorg/gradle/kotlin/dsl/execution/ProgramTarget;Lorg/gradle/internal/classpath/ClassPath;Lorg/gradle/internal/classpath/ClassPath;Lorg/gradle/api/internal/file/temp/TemporaryFileProvider;)Ljava/io/File;+38
j  org.gradle.kotlin.dsl.execution.Interpreter.emitSpecializedProgramFor(Lorg/gradle/kotlin/dsl/support/KotlinScriptHost;Lorg/gradle/groovy/scripts/ScriptSource;Lorg/gradle/kotlin/dsl/execution/ProgramId;Lorg/gradle/api/internal/initialization/ClassLoaderScope;Lorg/gradle/api/internal/initialization/ClassLoaderScope;Lorg/gradle/kotlin/dsl/execution/ProgramKind;Lorg/gradle/kotlin/dsl/execution/ProgramTarget;)Lorg/gradle/kotlin/dsl/execution/CompiledScript;+82
j  org.gradle.kotlin.dsl.execution.Interpreter.eval(Ljava/lang/Object;Lorg/gradle/groovy/scripts/ScriptSource;Lorg/gradle/internal/hash/HashCode;Lorg/gradle/api/initialization/dsl/ScriptHandler;Lorg/gradle/api/internal/initialization/ClassLoaderScope;Lorg/gradle/api/internal/initialization/ClassLoaderScope;ZLjava/util/EnumSet;)V+189
j  org.gradle.kotlin.dsl.provider.StandardKotlinScriptEvaluator.evaluate(Ljava/lang/Object;Lorg/gradle/groovy/scripts/ScriptSource;Lorg/gradle/api/initialization/dsl/ScriptHandler;Lorg/gradle/api/internal/initialization/ClassLoaderScope;Lorg/gradle/api/internal/initialization/ClassLoaderScope;ZLjava/util/EnumSet;)V+167
j  org.gradle.kotlin.dsl.provider.KotlinScriptPluginFactory.create$lambda$0(Lorg/gradle/kotlin/dsl/provider/KotlinScriptPluginFactory;Lorg/gradle/groovy/scripts/ScriptSource;Lorg/gradle/api/internal/initialization/ClassLoaderScope;Lorg/gradle/api/initialization/dsl/ScriptHandler;Lorg/gradle/api/internal/initialization/ClassLoaderScope;ZLjava/lang/Object;)Lkotlin/Unit;+48
j  org.gradle.kotlin.dsl.provider.KotlinScriptPluginFactory$$Lambda$708+0x0000019901583858.invoke(Ljava/lang/Object;)Ljava/lang/Object;+25
j  org.gradle.kotlin.dsl.provider.KotlinScriptPlugin.apply(Ljava/lang/Object;)V+22
j  org.gradle.configuration.BuildOperationScriptPlugin$1.run(Lorg/gradle/internal/operations/BuildOperationContext;)V+11
J 7741 c1 org.gradle.internal.operations.DefaultBuildOperationRunner$1.execute(Lorg/gradle/internal/operations/BuildOperation;Lorg/gradle/internal/operations/BuildOperationContext;)V (10 bytes) @ 0x000001995d9a61c4 [0x000001995d9a5f60+0x0000000000000264]
J 14912 c2 org.gradle.internal.operations.DefaultBuildOperationRunner.execute(Lorg/gradle/internal/operations/BuildOperation;Lorg/gradle/internal/operations/BuildOperationWorker;)V (22 bytes) @ 0x00000199651004d0 [0x00000199650ff5c0+0x0000000000000f10]
J 7740 c1 org.gradle.internal.operations.DefaultBuildOperationRunner.run(Lorg/gradle/internal/operations/RunnableBuildOperation;)V (9 bytes) @ 0x000001995d9a5c4c [0x000001995d9a5bc0+0x000000000000008c]
j  org.gradle.configuration.BuildOperationScriptPlugin.lambda$apply$0(Ljava/lang/Object;Lorg/gradle/internal/code/UserCodeApplicationId;)V+14
j  org.gradle.configuration.BuildOperationScriptPlugin$$Lambda$535+0x00000199014b5a80.execute(Ljava/lang/Object;)V+12
j  org.gradle.internal.code.DefaultUserCodeApplicationContext.apply(Lorg/gradle/internal/code/UserCodeSource;Lorg/gradle/api/Action;)V+37
j  org.gradle.configuration.BuildOperationScriptPlugin.apply(Ljava/lang/Object;)V+71
j  org.gradle.configuration.project.BuildScriptProcessor$$Lambda$917+0x000001990168fb00.accept(Ljava/lang/Object;)V+8
j  org.gradle.api.internal.project.DefaultProjectStateRegistry$ProjectStateImpl.lambda$applyToMutableState$0(Ljava/util/function/Consumer;Lorg/gradle/api/internal/project/ProjectInternal;)Ljava/lang/Object;+2
j  org.gradle.api.internal.project.DefaultProjectStateRegistry$ProjectStateImpl$$Lambda$862+0x0000019901647468.apply(Ljava/lang/Object;)Ljava/lang/Object;+8
j  org.gradle.api.internal.project.DefaultProjectStateRegistry$ProjectStateImpl.lambda$fromMutableState$1(Ljava/util/function/Function;)Ljava/lang/Object;+5
j  org.gradle.api.internal.project.DefaultProjectStateRegistry$ProjectStateImpl$$Lambda$863+0x00000199016476a8.get()Ljava/lang/Object;+8
j  org.gradle.api.internal.project.DefaultProjectStateRegistry$ProjectStateImpl.runWithModelLock(Ljava/util/function/Supplier;)Ljava/lang/Object;+89
j  org.gradle.api.internal.project.DefaultProjectStateRegistry$ProjectStateImpl.fromMutableState(Ljava/util/function/Function;)Ljava/lang/Object;+8
j  org.gradle.api.internal.project.DefaultProjectStateRegistry$ProjectStateImpl.applyToMutableState(Ljava/util/function/Consumer;)V+7
j  org.gradle.configuration.project.BuildScriptProcessor.execute(Lorg/gradle/api/internal/project/ProjectInternal;)V+88
j  org.gradle.configuration.project.BuildScriptProcessor.execute(Ljava/lang/Object;)V+5
j  org.gradle.configuration.project.ConfigureActionsProjectEvaluator.evaluate(Lorg/gradle/api/internal/project/ProjectInternal;Lorg/gradle/api/internal/project/ProjectStateInternal;)V+33
j  org.gradle.configuration.project.LifecycleProjectEvaluator$EvaluateProject.lambda$run$0(Lorg/gradle/internal/operations/BuildOperationContext;Lorg/gradle/api/internal/project/ProjectInternal;)V+67
j  org.gradle.configuration.project.LifecycleProjectEvaluator$EvaluateProject$$Lambda$896+0x000001990167af88.accept(Ljava/lang/Object;)V+12
j  org.gradle.api.internal.project.DefaultProjectStateRegistry$ProjectStateImpl.lambda$applyToMutableState$0(Ljava/util/function/Consumer;Lorg/gradle/api/internal/project/ProjectInternal;)Ljava/lang/Object;+2
j  org.gradle.api.internal.project.DefaultProjectStateRegistry$ProjectStateImpl$$Lambda$862+0x0000019901647468.apply(Ljava/lang/Object;)Ljava/lang/Object;+8
j  org.gradle.api.internal.project.DefaultProjectStateRegistry$ProjectStateImpl.lambda$fromMutableState$1(Ljava/util/function/Function;)Ljava/lang/Object;+5
j  org.gradle.api.internal.project.DefaultProjectStateRegistry$ProjectStateImpl$$Lambda$863+0x00000199016476a8.get()Ljava/lang/Object;+8
j  org.gradle.api.internal.project.DefaultProjectStateRegistry$ProjectStateImpl$$Lambda$864+0x00000199016478c8.create()Ljava/lang/Object;+4
j  org.gradle.internal.work.DefaultWorkerLeaseService.lambda$withLocksAcquired$0(Lorg/gradle/internal/Factory;Ljava/util/Collection;)Ljava/lang/Object;+1
j  org.gradle.internal.work.DefaultWorkerLeaseService$$Lambda$237+0x0000019901268640.create()Ljava/lang/Object;+12
j  org.gradle.internal.work.ResourceLockStatistics$1.measure(Ljava/lang/String;Ljava/lang/Iterable;Lorg/gradle/internal/Factory;)Ljava/lang/Object;+1
j  org.gradle.internal.work.DefaultWorkerLeaseService.withLocksAcquired(Ljava/util/Collection;Lorg/gradle/internal/Factory;)Ljava/lang/Object;+21
j  org.gradle.internal.work.DefaultWorkerLeaseService.lambda$withReplacedLocks$3(Lorg/gradle/internal/resources/ResourceLock;Lorg/gradle/internal/Factory;)Ljava/lang/Object;+6
j  org.gradle.internal.work.DefaultWorkerLeaseService$$Lambda$865+0x0000019901647ae8.create()Ljava/lang/Object;+12
j  org.gradle.internal.work.DefaultWorkerLeaseService.withoutLocks(Ljava/util/Collection;Lorg/gradle/internal/Factory;)Ljava/lang/Object;+10
j  org.gradle.internal.work.DefaultWorkerLeaseService.withReplacedLocks(Ljava/util/Collection;Lorg/gradle/internal/resources/ResourceLock;Lorg/gradle/internal/Factory;)Ljava/lang/Object;+27
j  org.gradle.api.internal.project.DefaultProjectStateRegistry$ProjectStateImpl.runWithModelLock(Ljava/util/function/Supplier;)Ljava/lang/Object;+129
j  org.gradle.api.internal.project.DefaultProjectStateRegistry$ProjectStateImpl.fromMutableState(Ljava/util/function/Function;)Ljava/lang/Object;+8
j  org.gradle.api.internal.project.DefaultProjectStateRegistry$ProjectStateImpl.applyToMutableState(Ljava/util/function/Consumer;)V+7
j  org.gradle.configuration.project.LifecycleProjectEvaluator$EvaluateProject.run(Lorg/gradle/internal/operations/BuildOperationContext;)V+16
J 7741 c1 org.gradle.internal.operations.DefaultBuildOperationRunner$1.execute(Lorg/gradle/internal/operations/BuildOperation;Lorg/gradle/internal/operations/BuildOperationContext;)V (10 bytes) @ 0x000001995d9a61c4 [0x000001995d9a5f60+0x0000000000000264]
J 14912 c2 org.gradle.internal.operations.DefaultBuildOperationRunner.execute(Lorg/gradle/internal/operations/BuildOperation;Lorg/gradle/internal/operations/BuildOperationWorker;)V (22 bytes) @ 0x00000199651004d0 [0x00000199650ff5c0+0x0000000000000f10]
J 7740 c1 org.gradle.internal.operations.DefaultBuildOperationRunner.run(Lorg/gradle/internal/operations/RunnableBuildOperation;)V (9 bytes) @ 0x000001995d9a5c4c [0x000001995d9a5bc0+0x000000000000008c]
j  org.gradle.configuration.project.LifecycleProjectEvaluator.evaluate(Lorg/gradle/api/internal/project/ProjectInternal;Lorg/gradle/api/internal/project/ProjectStateInternal;)V+42
j  org.gradle.api.internal.project.DefaultProject.evaluateUnchecked()Lorg/gradle/api/internal/project/ProjectInternal;+20
j  org.gradle.api.internal.project.ProjectLifecycleController.lambda$ensureSelfConfigured$2()V+4
j  org.gradle.api.internal.project.ProjectLifecycleController$$Lambda$894+0x0000019901679770.run()V+4
j  org.gradle.internal.model.StateTransitionController.lambda$doTransition$14(Ljava/lang/Runnable;)Lorg/gradle/internal/build/ExecutionResult;+1
j  org.gradle.internal.model.StateTransitionController$$Lambda$434+0x00000199014152f8.get()Ljava/lang/Object;+4
j  org.gradle.internal.model.StateTransitionController.doTransition(Lorg/gradle/internal/model/StateTransitionController$State;Lorg/gradle/internal/model/StateTransitionController$State;Ljava/util/function/Supplier;)Lorg/gradle/internal/build/ExecutionResult;+24
j  org.gradle.internal.model.StateTransitionController.doTransition(Lorg/gradle/internal/model/StateTransitionController$State;Lorg/gradle/internal/model/StateTransitionController$State;Ljava/lang/Runnable;)V+9
j  org.gradle.internal.model.StateTransitionController.lambda$maybeTransitionIfNotCurrentlyTransitioning$10(Lorg/gradle/internal/model/StateTransitionController$State;Lorg/gradle/internal/model/StateTransitionController$State;Ljava/lang/Runnable;)V+16
j  org.gradle.internal.model.StateTransitionController$$Lambda$895+0x0000019901679990.run()V+16
j  org.gradle.internal.work.DefaultSynchronizer.withLock(Ljava/lang/Runnable;)V+6
j  org.gradle.internal.model.StateTransitionController.maybeTransitionIfNotCurrentlyTransitioning(Lorg/gradle/internal/model/StateTransitionController$State;Lorg/gradle/internal/model/StateTransitionController$State;Ljava/lang/Runnable;)V+13
j  org.gradle.api.internal.project.ProjectLifecycleController.ensureSelfConfigured()V+16
j  org.gradle.api.internal.project.DefaultProjectStateRegistry$ProjectStateImpl.ensureConfigured()V+19
j  org.gradle.execution.TaskPathProjectEvaluator.configure(Lorg/gradle/api/internal/project/ProjectInternal;)V+6
j  org.gradle.execution.TaskPathProjectEvaluator.configureHierarchy(Lorg/gradle/api/internal/project/ProjectInternal;)V+41
j  org.gradle.configuration.DefaultProjectsPreparer.prepareProjects(Lorg/gradle/api/internal/GradleInternal;)V+52
j  org.gradle.configuration.BuildTreePreparingProjectsPreparer.prepareProjects(Lorg/gradle/api/internal/GradleInternal;)V+114
j  org.gradle.configuration.BuildOperationFiringProjectsPreparer$ConfigureBuild.run(Lorg/gradle/internal/operations/BuildOperationContext;)V+11
J 7741 c1 org.gradle.internal.operations.DefaultBuildOperationRunner$1.execute(Lorg/gradle/internal/operations/BuildOperation;Lorg/gradle/internal/operations/BuildOperationContext;)V (10 bytes) @ 0x000001995d9a61c4 [0x000001995d9a5f60+0x0000000000000264]
J 6818 c1 org.gradle.internal.operations.DefaultBuildOperationRunner$2.execute(Lorg/gradle/internal/operations/BuildOperationDescriptor;Lorg/gradle/internal/operations/BuildOperationState;Lorg/gradle/internal/operations/BuildOperationState;Lorg/gradle/internal/operations/DefaultBuildOperationRunner$ReadableBuildOperationContext;Lorg/gradle/internal/operations/DefaultBuildOperationRunner$BuildOperationExecutionListener;)Lorg/gradle/internal/operations/BuildOperation; (110 bytes) @ 0x000001995d7da8b4 [0x000001995d7da6c0+0x00000000000001f4]
J 7208 c1 org.gradle.internal.operations.DefaultBuildOperationRunner$2.execute(Lorg/gradle/internal/operations/BuildOperationDescriptor;Lorg/gradle/internal/operations/BuildOperationState;Lorg/gradle/internal/operations/BuildOperationState;Lorg/gradle/internal/operations/DefaultBuildOperationRunner$ReadableBuildOperationContext;Lorg/gradle/internal/operations/DefaultBuildOperationRunner$BuildOperationExecutionListener;)Ljava/lang/Object; (12 bytes) @ 0x000001995d898234 [0x000001995d8981c0+0x0000000000000074]
J 10135 c1 org.gradle.internal.operations.DefaultBuildOperationRunner.execute(Lorg/gradle/internal/operations/BuildOperationDescriptor$Builder;Lorg/gradle/internal/operations/DefaultBuildOperationRunner$BuildOperationExecution;)Ljava/lang/Object; (147 bytes) @ 0x000001995d35c09c [0x000001995d35b220+0x0000000000000e7c]
J 7224 c1 org.gradle.internal.operations.DefaultBuildOperationRunner.execute(Lorg/gradle/internal/operations/BuildOperation;Lorg/gradle/internal/operations/BuildOperationWorker;)V (22 bytes) @ 0x000001995d8a8774 [0x000001995d8a84e0+0x0000000000000294]
J 7740 c1 org.gradle.internal.operations.DefaultBuildOperationRunner.run(Lorg/gradle/internal/operations/RunnableBuildOperation;)V (9 bytes) @ 0x000001995d9a5c4c [0x000001995d9a5bc0+0x000000000000008c]
j  org.gradle.configuration.BuildOperationFiringProjectsPreparer.prepareProjects(Lorg/gradle/api/internal/GradleInternal;)V+13
j  org.gradle.initialization.VintageBuildModelController.lambda$prepareProjects$2()V+8
j  org.gradle.initialization.VintageBuildModelController$$Lambda$841+0x0000019901614258.run()V+4
j  org.gradle.internal.model.StateTransitionController.lambda$doTransition$14(Ljava/lang/Runnable;)Lorg/gradle/internal/build/ExecutionResult;+1
j  org.gradle.internal.model.StateTransitionController$$Lambda$434+0x00000199014152f8.get()Ljava/lang/Object;+4
j  org.gradle.internal.model.StateTransitionController.doTransition(Lorg/gradle/internal/model/StateTransitionController$State;Lorg/gradle/internal/model/StateTransitionController$State;Ljava/util/function/Supplier;)Lorg/gradle/internal/build/ExecutionResult;+24
j  org.gradle.internal.model.StateTransitionController.doTransition(Lorg/gradle/internal/model/StateTransitionController$State;Lorg/gradle/internal/model/StateTransitionController$State;Ljava/lang/Runnable;)V+9
j  org.gradle.internal.model.StateTransitionController.lambda$transitionIfNotPreviously$11(Lorg/gradle/internal/model/StateTransitionController$State;Lorg/gradle/internal/model/StateTransitionController$State;Ljava/lang/Runnable;)V+16
j  org.gradle.internal.model.StateTransitionController$$Lambda$433+0x00000199014150d8.run()V+16
j  org.gradle.internal.work.DefaultSynchronizer.withLock(Ljava/lang/Runnable;)V+6
j  org.gradle.internal.model.StateTransitionController.transitionIfNotPreviously(Lorg/gradle/internal/model/StateTransitionController$State;Lorg/gradle/internal/model/StateTransitionController$State;Ljava/lang/Runnable;)V+13
j  org.gradle.initialization.VintageBuildModelController.prepareProjects()V+16
j  org.gradle.initialization.VintageBuildModelController.getConfiguredModel()Lorg/gradle/api/internal/GradleInternal;+5
j  org.gradle.internal.build.DefaultBuildLifecycleController.lambda$withProjectsConfigured$1(Ljava/util/function/Function;)Ljava/lang/Object;+5
j  org.gradle.internal.build.DefaultBuildLifecycleController$$Lambda$430+0x0000019901414a78.get()Ljava/lang/Object;+8
j  org.gradle.internal.model.StateTransitionController.lambda$notInState$3(Lorg/gradle/internal/model/StateTransitionController$State;Ljava/util/function/Supplier;)Ljava/lang/Object;+11
j  org.gradle.internal.model.StateTransitionController$$Lambda$431+0x0000019901414c98.create()Ljava/lang/Object;+12
j  org.gradle.internal.work.DefaultSynchronizer.withLock(Lorg/gradle/internal/Factory;)Ljava/lang/Object;+6
j  org.gradle.internal.model.StateTransitionController.notInState(Lorg/gradle/internal/model/StateTransitionController$State;Ljava/util/function/Supplier;)Ljava/lang/Object;+12
j  org.gradle.internal.build.DefaultBuildLifecycleController.withProjectsConfigured(Ljava/util/function/Function;)Ljava/lang/Object;+14
j  org.gradle.internal.build.DefaultBuildToolingModelController.locateBuilderForTarget(Ljava/lang/String;Z)Lorg/gradle/tooling/provider/model/internal/ToolingModelScope;+38
j  org.gradle.internal.buildtree.DefaultBuildTreeModelCreator$DefaultBuildTreeModelController.lambda$locateBuilderForBuildTarget$0(Ljava/lang/String;ZLorg/gradle/internal/build/BuildToolingModelController;)Lorg/gradle/tooling/provider/model/internal/ToolingModelScope;+3
j  org.gradle.internal.buildtree.DefaultBuildTreeModelCreator$DefaultBuildTreeModelController$$Lambda$426+0x00000199013bfb90.apply(Ljava/lang/Object;)Ljava/lang/Object;+12
j  org.gradle.internal.build.DefaultBuildLifecycleController.withToolingModels(Ljava/util/function/Function;)Ljava/lang/Object;+15
j  org.gradle.internal.build.AbstractBuildState.withToolingModels(Ljava/util/function/Function;)Ljava/lang/Object;+5
j  org.gradle.internal.buildtree.DefaultBuildTreeModelCreator$DefaultBuildTreeModelController.locateBuilderForBuildTarget(Lorg/gradle/internal/build/BuildState;Ljava/lang/String;Z)Lorg/gradle/tooling/provider/model/internal/ToolingModelScope;+8
j  org.gradle.internal.buildtree.DefaultBuildTreeModelCreator$DefaultBuildTreeModelController.locateBuilderForDefaultTarget(Ljava/lang/String;Z)Lorg/gradle/tooling/provider/model/internal/ToolingModelScope;+10
j  org.gradle.internal.buildtree.DefaultBuildTreeModelCreator$DefaultBuildTreeModelController.locateBuilderForTarget(Lorg/gradle/internal/buildtree/BuildTreeModelTarget;Ljava/lang/String;Z)Lorg/gradle/tooling/provider/model/internal/ToolingModelScope;+10
j  org.gradle.internal.buildtree.DefaultBuildTreeModelCreator$DefaultBuildTreeModelController.access$200(Lorg/gradle/internal/buildtree/DefaultBuildTreeModelCreator$DefaultBuildTreeModelController;Lorg/gradle/internal/buildtree/BuildTreeModelTarget;Ljava/lang/String;Z)Lorg/gradle/tooling/provider/model/internal/ToolingModelScope;+4
j  org.gradle.internal.buildtree.DefaultBuildTreeModelCreator$DefaultBuildTreeModelController$1.call(Lorg/gradle/internal/operations/BuildOperationContext;)Ljava/lang/Object;+24
j  org.gradle.internal.operations.DefaultBuildOperationRunner$CallableBuildOperationWorker.execute(Lorg/gradle/internal/operations/CallableBuildOperation;Lorg/gradle/internal/operations/BuildOperationContext;)V+3
j  org.gradle.internal.operations.DefaultBuildOperationRunner$CallableBuildOperationWorker.execute(Lorg/gradle/internal/operations/BuildOperation;Lorg/gradle/internal/operations/BuildOperationContext;)V+6
J 6818 c1 org.gradle.internal.operations.DefaultBuildOperationRunner$2.execute(Lorg/gradle/internal/operations/BuildOperationDescriptor;Lorg/gradle/internal/operations/BuildOperationState;Lorg/gradle/internal/operations/BuildOperationState;Lorg/gradle/internal/operations/DefaultBuildOperationRunner$ReadableBuildOperationContext;Lorg/gradle/internal/operations/DefaultBuildOperationRunner$BuildOperationExecutionListener;)Lorg/gradle/internal/operations/BuildOperation; (110 bytes) @ 0x000001995d7da8b4 [0x000001995d7da6c0+0x00000000000001f4]
J 7208 c1 org.gradle.internal.operations.DefaultBuildOperationRunner$2.execute(Lorg/gradle/internal/operations/BuildOperationDescriptor;Lorg/gradle/internal/operations/BuildOperationState;Lorg/gradle/internal/operations/BuildOperationState;Lorg/gradle/internal/operations/DefaultBuildOperationRunner$ReadableBuildOperationContext;Lorg/gradle/internal/operations/DefaultBuildOperationRunner$BuildOperationExecutionListener;)Ljava/lang/Object; (12 bytes) @ 0x000001995d898234 [0x000001995d8981c0+0x0000000000000074]
J 6819 c1 org.gradle.internal.operations.DefaultBuildOperationRunner.execute(Lorg/gradle/internal/operations/BuildOperationDescriptor$Builder;Lorg/gradle/internal/operations/DefaultBuildOperationRunner$BuildOperationExecution;)Ljava/lang/Object; (147 bytes) @ 0x000001995d7dc524 [0x000001995d7db6a0+0x0000000000000e84]
J 7224 c1 org.gradle.internal.operations.DefaultBuildOperationRunner.execute(Lorg/gradle/internal/operations/BuildOperation;Lorg/gradle/internal/operations/BuildOperationWorker;)V (22 bytes) @ 0x000001995d8a8774 [0x000001995d8a84e0+0x0000000000000294]
j  org.gradle.internal.operations.DefaultBuildOperationRunner.call(Lorg/gradle/internal/operations/CallableBuildOperation;)Ljava/lang/Object;+12
j  org.gradle.internal.buildtree.DefaultBuildTreeModelCreator$DefaultBuildTreeModelController.getModel(Lorg/gradle/internal/buildtree/BuildTreeModelTarget;Ljava/lang/String;Ljava/lang/Object;)Ljava/lang/Object;+18
j  org.gradle.tooling.internal.provider.runner.BuildModelActionRunner$ModelCreateAction.fromBuildModel(Lorg/gradle/internal/buildtree/BuildTreeModelController;)Ljava/lang/Object;+14
j  org.gradle.internal.buildtree.DefaultBuildTreeModelCreator.fromBuildModel(Lorg/gradle/internal/buildtree/BuildTreeModelAction;)Ljava/lang/Object;+10
j  org.gradle.internal.cc.impl.barrier.BarrierAwareBuildTreeModelCreator.fromBuildModel$lambda$0(Lorg/gradle/internal/cc/impl/barrier/BarrierAwareBuildTreeModelCreator;Lorg/gradle/internal/buildtree/BuildTreeModelAction;)Ljava/lang/Object;+5
j  org.gradle.internal.cc.impl.barrier.BarrierAwareBuildTreeModelCreator$$Lambda$1749+0x0000019901a04688.invoke()Ljava/lang/Object;+8
j  org.gradle.internal.cc.impl.barrier.VintageConfigurationTimeActionRunner.runConfigurationTimeAction(Lkotlin/jvm/functions/Function0;)Ljava/lang/Object;+25
j  org.gradle.internal.cc.impl.barrier.BarrierAwareBuildTreeModelCreator.fromBuildModel(Lorg/gradle/internal/buildtree/BuildTreeModelAction;)Ljava/lang/Object;+17
j  org.gradle.internal.buildtree.DefaultBuildTreeLifecycleController.lambda$fromBuildModel$2(Lorg/gradle/internal/buildtree/BuildTreeModelAction;Z)Lorg/gradle/internal/build/ExecutionResult;+57
j  org.gradle.internal.buildtree.DefaultBuildTreeLifecycleController$$Lambda$420+0x00000199013af5b8.get()Ljava/lang/Object;+12
j  org.gradle.internal.buildtree.DefaultBuildTreeLifecycleController.lambda$runBuild$4(Ljava/util/function/Supplier;)Ljava/lang/Object;+1
j  org.gradle.internal.buildtree.DefaultBuildTreeLifecycleController$$Lambda$421+0x00000199013af7d8.get()Ljava/lang/Object;+8
j  org.gradle.internal.model.StateTransitionController.lambda$transition$6(Ljava/util/function/Supplier;)Lorg/gradle/internal/build/ExecutionResult;+1
j  org.gradle.internal.model.StateTransitionController$$Lambda$423+0x00000199013afc18.get()Ljava/lang/Object;+4
j  org.gradle.internal.model.StateTransitionController.doTransition(Lorg/gradle/internal/model/StateTransitionController$State;Lorg/gradle/internal/model/StateTransitionController$State;Ljava/util/function/Supplier;)Lorg/gradle/internal/build/ExecutionResult;+24
j  org.gradle.internal.model.StateTransitionController.lambda$transition$7(Lorg/gradle/internal/model/StateTransitionController$State;Lorg/gradle/internal/model/StateTransitionController$State;Ljava/util/function/Supplier;)Ljava/lang/Object;+9
j  org.gradle.internal.model.StateTransitionController$$Lambda$422+0x00000199013af9f8.create()Ljava/lang/Object;+16
j  org.gradle.internal.work.DefaultSynchronizer.withLock(Lorg/gradle/internal/Factory;)Ljava/lang/Object;+6
j  org.gradle.internal.model.StateTransitionController.transition(Lorg/gradle/internal/model/StateTransitionController$State;Lorg/gradle/internal/model/StateTransitionController$State;Ljava/util/function/Supplier;)Ljava/lang/Object;+13
j  org.gradle.internal.buildtree.DefaultBuildTreeLifecycleController.runBuild(Ljava/util/function/Supplier;)Ljava/lang/Object;+17
j  org.gradle.internal.buildtree.DefaultBuildTreeLifecycleController.fromBuildModel(ZLorg/gradle/internal/buildtree/BuildTreeModelAction;)Ljava/lang/Object;+9
j  org.gradle.tooling.internal.provider.runner.BuildModelActionRunner.run(Lorg/gradle/internal/invocation/BuildAction;Lorg/gradle/internal/buildtree/BuildTreeLifecycleController;)Lorg/gradle/internal/buildtree/BuildActionRunner$Result;+40
j  org.gradle.launcher.exec.ChainingBuildActionRunner.run(Lorg/gradle/internal/invocation/BuildAction;Lorg/gradle/internal/buildtree/BuildTreeLifecycleController;)Lorg/gradle/internal/buildtree/BuildActionRunner$Result;+34
j  org.gradle.internal.buildtree.ProblemReportingBuildActionRunner.run(Lorg/gradle/internal/invocation/BuildAction;Lorg/gradle/internal/buildtree/BuildTreeLifecycleController;)Lorg/gradle/internal/buildtree/BuildActionRunner$Result;+12
j  org.gradle.launcher.exec.BuildOutcomeReportingBuildActionRunner.run(Lorg/gradle/internal/invocation/BuildAction;Lorg/gradle/internal/buildtree/BuildTreeLifecycleController;)Lorg/gradle/internal/buildtree/BuildActionRunner$Result;+69
j  org.gradle.tooling.internal.provider.FileSystemWatchingBuildActionRunner.run(Lorg/gradle/internal/invocation/BuildAction;Lorg/gradle/internal/buildtree/BuildTreeLifecycleController;)Lorg/gradle/internal/buildtree/BuildActionRunner$Result;+317
j  org.gradle.launcher.exec.BuildCompletionNotifyingBuildActionRunner.run(Lorg/gradle/internal/invocation/BuildAction;Lorg/gradle/internal/buildtree/BuildTreeLifecycleController;)Lorg/gradle/internal/buildtree/BuildActionRunner$Result;+6
j  org.gradle.launcher.exec.RootBuildLifecycleBuildActionExecutor.lambda$execute$0(Lorg/gradle/internal/invocation/BuildAction;Lorg/gradle/internal/buildtree/BuildTreeLifecycleController;)Lorg/gradle/internal/buildtree/BuildActionRunner$Result;+6
j  org.gradle.launcher.exec.RootBuildLifecycleBuildActionExecutor$$Lambda$331+0x000001990137afe8.apply(Ljava/lang/Object;)Ljava/lang/Object;+12
j  org.gradle.composite.internal.DefaultRootBuildState.run(Ljava/util/function/Function;)Ljava/lang/Object;+92
j  org.gradle.launcher.exec.RootBuildLifecycleBuildActionExecutor.execute(Lorg/gradle/internal/invocation/BuildAction;)Lorg/gradle/internal/buildtree/BuildActionRunner$Result;+91
j  org.gradle.launcher.exec.BuildTreeLifecycleBuildActionExecutor.runRootBuildAction(Lorg/gradle/internal/invocation/BuildAction;Lorg/gradle/internal/service/ServiceRegistry;Lorg/gradle/internal/buildtree/BuildTreeModelControllerServices$Supplier;)Lorg/gradle/internal/buildtree/BuildActionRunner$Result;+39
j  org.gradle.launcher.exec.BuildTreeLifecycleBuildActionExecutor.execute(Lorg/gradle/internal/invocation/BuildAction;Lorg/gradle/internal/session/BuildSessionContext;)Lorg/gradle/internal/buildtree/BuildActionRunner$Result;+44
j  org.gradle.launcher.exec.RunAsBuildOperationBuildActionExecutor$2.call(Lorg/gradle/internal/operations/BuildOperationContext;)Lorg/gradle/internal/buildtree/BuildActionRunner$Result;+25
j  org.gradle.launcher.exec.RunAsBuildOperationBuildActionExecutor$2.call(Lorg/gradle/internal/operations/BuildOperationContext;)Ljava/lang/Object;+2
j  org.gradle.internal.operations.DefaultBuildOperationRunner$CallableBuildOperationWorker.execute(Lorg/gradle/internal/operations/CallableBuildOperation;Lorg/gradle/internal/operations/BuildOperationContext;)V+3
j  org.gradle.internal.operations.DefaultBuildOperationRunner$CallableBuildOperationWorker.execute(Lorg/gradle/internal/operations/BuildOperation;Lorg/gradle/internal/operations/BuildOperationContext;)V+6
J 6818 c1 org.gradle.internal.operations.DefaultBuildOperationRunner$2.execute(Lorg/gradle/internal/operations/BuildOperationDescriptor;Lorg/gradle/internal/operations/BuildOperationState;Lorg/gradle/internal/operations/BuildOperationState;Lorg/gradle/internal/operations/DefaultBuildOperationRunner$ReadableBuildOperationContext;Lorg/gradle/internal/operations/DefaultBuildOperationRunner$BuildOperationExecutionListener;)Lorg/gradle/internal/operations/BuildOperation; (110 bytes) @ 0x000001995d7da8b4 [0x000001995d7da6c0+0x00000000000001f4]
J 7208 c1 org.gradle.internal.operations.DefaultBuildOperationRunner$2.execute(Lorg/gradle/internal/operations/BuildOperationDescriptor;Lorg/gradle/internal/operations/BuildOperationState;Lorg/gradle/internal/operations/BuildOperationState;Lorg/gradle/internal/operations/DefaultBuildOperationRunner$ReadableBuildOperationContext;Lorg/gradle/internal/operations/DefaultBuildOperationRunner$BuildOperationExecutionListener;)Ljava/lang/Object; (12 bytes) @ 0x000001995d898234 [0x000001995d8981c0+0x0000000000000074]
J 6819 c1 org.gradle.internal.operations.DefaultBuildOperationRunner.execute(Lorg/gradle/internal/operations/BuildOperationDescriptor$Builder;Lorg/gradle/internal/operations/DefaultBuildOperationRunner$BuildOperationExecution;)Ljava/lang/Object; (147 bytes) @ 0x000001995d7dc524 [0x000001995d7db6a0+0x0000000000000e84]
J 7224 c1 org.gradle.internal.operations.DefaultBuildOperationRunner.execute(Lorg/gradle/internal/operations/BuildOperation;Lorg/gradle/internal/operations/BuildOperationWorker;)V (22 bytes) @ 0x000001995d8a8774 [0x000001995d8a84e0+0x0000000000000294]
j  org.gradle.internal.operations.DefaultBuildOperationRunner.call(Lorg/gradle/internal/operations/CallableBuildOperation;)Ljava/lang/Object;+12
j  org.gradle.launcher.exec.RunAsBuildOperationBuildActionExecutor.execute(Lorg/gradle/internal/invocation/BuildAction;Lorg/gradle/internal/session/BuildSessionContext;)Lorg/gradle/internal/buildtree/BuildActionRunner$Result;+23
j  org.gradle.launcher.exec.RunAsWorkerThreadBuildActionExecutor.lambda$execute$0(Lorg/gradle/internal/invocation/BuildAction;Lorg/gradle/internal/session/BuildSessionContext;)Lorg/gradle/internal/buildtree/BuildActionRunner$Result;+6
j  org.gradle.launcher.exec.RunAsWorkerThreadBuildActionExecutor$$Lambda$235+0x0000019901262aa8.create()Ljava/lang/Object;+12
j  org.gradle.internal.work.DefaultWorkerLeaseService.lambda$withLocksAcquired$0(Lorg/gradle/internal/Factory;Ljava/util/Collection;)Ljava/lang/Object;+1
j  org.gradle.internal.work.DefaultWorkerLeaseService$$Lambda$237+0x0000019901268640.create()Ljava/lang/Object;+12
j  org.gradle.internal.work.ResourceLockStatistics$1.measure(Ljava/lang/String;Ljava/lang/Iterable;Lorg/gradle/internal/Factory;)Ljava/lang/Object;+1
j  org.gradle.internal.work.DefaultWorkerLeaseService.withLocksAcquired(Ljava/util/Collection;Lorg/gradle/internal/Factory;)Ljava/lang/Object;+21
j  org.gradle.internal.work.DefaultWorkerLeaseService.withLocks(Ljava/util/Collection;Lorg/gradle/internal/Factory;)Ljava/lang/Object;+25
j  org.gradle.internal.work.DefaultWorkerLeaseService.runAsWorkerThread(Lorg/gradle/internal/Factory;)Ljava/lang/Object;+33
j  org.gradle.launcher.exec.RunAsWorkerThreadBuildActionExecutor.execute(Lorg/gradle/internal/invocation/BuildAction;Lorg/gradle/internal/session/BuildSessionContext;)Lorg/gradle/internal/buildtree/BuildActionRunner$Result;+12
j  org.gradle.tooling.internal.provider.continuous.ContinuousBuildActionExecutor.execute(Lorg/gradle/internal/invocation/BuildAction;Lorg/gradle/internal/session/BuildSessionContext;)Lorg/gradle/internal/buildtree/BuildActionRunner$Result;+58
j  org.gradle.tooling.internal.provider.SubscribableBuildActionExecutor.execute(Lorg/gradle/internal/invocation/BuildAction;Lorg/gradle/internal/session/BuildSessionContext;)Lorg/gradle/internal/buildtree/BuildActionRunner$Result;+30
j  org.gradle.internal.session.DefaultBuildSessionContext.execute(Lorg/gradle/internal/invocation/BuildAction;)Lorg/gradle/internal/buildtree/BuildActionRunner$Result;+64
j  org.gradle.internal.buildprocess.execution.BuildSessionLifecycleBuildActionExecutor$ActionImpl.apply(Lorg/gradle/internal/session/BuildSessionContext;)Lorg/gradle/launcher/exec/BuildActionResult;+6
j  org.gradle.internal.buildprocess.execution.BuildSessionLifecycleBuildActionExecutor$ActionImpl.apply(Ljava/lang/Object;)Ljava/lang/Object;+5
j  org.gradle.internal.session.BuildSessionState.run(Ljava/util/function/Function;)Ljava/lang/Object;+5
j  org.gradle.internal.buildprocess.execution.BuildSessionLifecycleBuildActionExecutor.execute(Lorg/gradle/internal/invocation/BuildAction;Lorg/gradle/launcher/exec/BuildActionParameters;Lorg/gradle/initialization/BuildRequestContext;)Lorg/gradle/launcher/exec/BuildActionResult;+105
j  org.gradle.internal.buildprocess.execution.BuildSessionLifecycleBuildActionExecutor.execute(Lorg/gradle/internal/invocation/BuildAction;Ljava/lang/Object;Ljava/lang/Object;)Lorg/gradle/launcher/exec/BuildActionResult;+10
j  org.gradle.internal.buildprocess.execution.StartParamsValidatingActionExecutor.execute(Lorg/gradle/internal/invocation/BuildAction;Lorg/gradle/launcher/exec/BuildActionParameters;Lorg/gradle/initialization/BuildRequestContext;)Lorg/gradle/launcher/exec/BuildActionResult;+142
j  org.gradle.internal.buildprocess.execution.StartParamsValidatingActionExecutor.execute(Lorg/gradle/internal/invocation/BuildAction;Ljava/lang/Object;Ljava/lang/Object;)Lorg/gradle/launcher/exec/BuildActionResult;+10
j  org.gradle.internal.buildprocess.execution.SessionFailureReportingActionExecutor.execute(Lorg/gradle/internal/invocation/BuildAction;Lorg/gradle/launcher/exec/BuildActionParameters;Lorg/gradle/initialization/BuildRequestContext;)Lorg/gradle/launcher/exec/BuildActionResult;+7
j  org.gradle.internal.buildprocess.execution.SessionFailureReportingActionExecutor.execute(Lorg/gradle/internal/invocation/BuildAction;Ljava/lang/Object;Ljava/lang/Object;)Lorg/gradle/launcher/exec/BuildActionResult;+10
j  org.gradle.internal.buildprocess.execution.SetupLoggingActionExecutor.execute(Lorg/gradle/internal/invocation/BuildAction;Lorg/gradle/launcher/exec/BuildActionParameters;Lorg/gradle/initialization/BuildRequestContext;)Lorg/gradle/launcher/exec/BuildActionResult;+50
j  org.gradle.internal.buildprocess.execution.SetupLoggingActionExecutor.execute(Lorg/gradle/internal/invocation/BuildAction;Ljava/lang/Object;Ljava/lang/Object;)Lorg/gradle/launcher/exec/BuildActionResult;+10
j  org.gradle.launcher.daemon.server.exec.ExecuteBuild.doBuild(Lorg/gradle/launcher/daemon/server/api/DaemonCommandExecution;Lorg/gradle/launcher/daemon/protocol/Build;)V+147
j  org.gradle.launcher.daemon.server.exec.BuildCommandOnly.execute(Lorg/gradle/launcher/daemon/server/api/DaemonCommandExecution;)V+49
j  org.gradle.launcher.daemon.server.api.DaemonCommandExecution.proceed()Z+23
j  org.gradle.launcher.daemon.server.exec.WatchForDisconnection.execute(Lorg/gradle/launcher/daemon/server/api/DaemonCommandExecution;)V+19
j  org.gradle.launcher.daemon.server.api.DaemonCommandExecution.proceed()Z+23
j  org.gradle.launcher.daemon.server.exec.ResetDeprecationLogger.execute(Lorg/gradle/launcher/daemon/server/api/DaemonCommandExecution;)V+7
j  org.gradle.launcher.daemon.server.api.DaemonCommandExecution.proceed()Z+23
j  org.gradle.launcher.daemon.server.exec.RequestStopIfSingleUsedDaemon.execute(Lorg/gradle/launcher/daemon/server/api/DaemonCommandExecution;)V+33
j  org.gradle.launcher.daemon.server.api.DaemonCommandExecution.proceed()Z+23
j  org.gradle.launcher.daemon.server.exec.ForwardClientInput.lambda$execute$0(Lorg/gradle/launcher/daemon/server/api/DaemonCommandExecution;Lorg/gradle/internal/daemon/clientinput/StdinHandler;)Ljava/lang/Object;+11
j  org.gradle.launcher.daemon.server.exec.ForwardClientInput$$Lambda$128+0x000001990118caf0.apply(Ljava/lang/Object;)Ljava/lang/Object;+8
j  org.gradle.internal.daemon.clientinput.ClientInputForwarder.forwardInput(Ljava/util/function/Function;)Ljava/lang/Object;+46
j  org.gradle.launcher.daemon.server.exec.ForwardClientInput.execute(Lorg/gradle/launcher/daemon/server/api/DaemonCommandExecution;)V+10
j  org.gradle.launcher.daemon.server.api.DaemonCommandExecution.proceed()Z+23
j  org.gradle.launcher.daemon.server.exec.LogAndCheckHealth.execute(Lorg/gradle/launcher/daemon/server/api/DaemonCommandExecution;)V+51
j  org.gradle.launcher.daemon.server.api.DaemonCommandExecution.proceed()Z+23
j  org.gradle.launcher.daemon.server.exec.LogToClient.doBuild(Lorg/gradle/launcher/daemon/server/api/DaemonCommandExecution;Lorg/gradle/launcher/daemon/protocol/Build;)V+87
j  org.gradle.launcher.daemon.server.exec.BuildCommandOnly.execute(Lorg/gradle/launcher/daemon/server/api/DaemonCommandExecution;)V+49
j  org.gradle.launcher.daemon.server.api.DaemonCommandExecution.proceed()Z+23
j  org.gradle.launcher.daemon.server.exec.EstablishBuildEnvironment.doBuild(Lorg/gradle/launcher/daemon/server/api/DaemonCommandExecution;Lorg/gradle/launcher/daemon/protocol/Build;)V+356
j  org.gradle.launcher.daemon.server.exec.BuildCommandOnly.execute(Lorg/gradle/launcher/daemon/server/api/DaemonCommandExecution;)V+49
j  org.gradle.launcher.daemon.server.api.DaemonCommandExecution.proceed()Z+23
j  org.gradle.launcher.daemon.server.exec.StartBuildOrRespondWithBusy$1.run()V+44
j  org.gradle.launcher.daemon.server.DaemonStateCoordinator.lambda$runCommand$0(Ljava/lang/Runnable;)V+1
j  org.gradle.launcher.daemon.server.DaemonStateCoordinator$$Lambda$127+0x0000019901187670.run()V+8
J 4913 c1 org.gradle.internal.concurrent.ExecutorPolicy$CatchAndRecordFailures.onExecute(Ljava/lang/Runnable;)V (29 bytes) @ 0x000001995cf918dc [0x000001995cf917c0+0x000000000000011c]
J 8741 c1 org.gradle.internal.concurrent.AbstractManagedExecutor$1.run()V (57 bytes) @ 0x000001995dbab4bc [0x000001995dbab300+0x00000000000001bc]
j  java.util.concurrent.ThreadPoolExecutor.runWorker(Ljava/util/concurrent/ThreadPoolExecutor$Worker;)V+92 java.base@17.0.18
j  java.util.concurrent.ThreadPoolExecutor$Worker.run()V+5 java.base@17.0.18
j  java.lang.Thread.run()V+11 java.base@17.0.18
v  ~StubRoutines::call_stub

Compiled method (n/a) 518414  826     n 0       java.lang.ClassLoader::defineClass1 (native)
 total in heap  [0x0000019964f45d10,0x0000019964f46210] = 1280
 relocation     [0x0000019964f45e70,0x0000019964f45ea8] = 56
 main code      [0x0000019964f45ec0,0x0000019964f46210] = 848

[Constant Pool (empty)]

[MachCode]
[Entry Point]
  # {method} {0x0000019900010f18} 'defineClass1' '(Ljava/lang/ClassLoader;Ljava/lang/String;[BIILjava/security/ProtectionDomain;Ljava/lang/String;)Ljava/lang/Class;' in 'java/lang/ClassLoader'
  # parm0:    rdx:rdx   = 'java/lang/ClassLoader'
  # parm1:    r8:r8     = 'java/lang/String'
  # parm2:    r9:r9     = '[B'
  # parm3:    rdi       = int
  # parm4:    rsi       = int
  # parm5:    rcx:rcx   = 'java/security/ProtectionDomain'
  # parm6:    [sp+0xa0]   = 'java/lang/String'  (sp of caller)
  0x0000019964f45ec0: 448b 5208 | 49bb 0000 | 0000 9901 | 0000 4d03 | d349 3bc2 | 0f84 0600 

  0x0000019964f45ed8: ;   {runtime_call ic_miss_stub}
  0x0000019964f45ed8: 0000 e9a1 | b1a5 ff90 
[Verified Entry Point]
  0x0000019964f45ee0: 8984 2400 | 90ff ff55 | 488b ec48 | 81ec 9000 | 0000 4881 | 7d10 0000 | 0000 488d | 4510 480f 
  0x0000019964f45f00: 4445 1048 | 8944 2440 | 4889 4c24 | 7048 83f9 | 0048 8d44 | 2470 480f | 4444 2470 | 4889 4424 
  0x0000019964f45f20: 3848 8974 | 2430 4889 | 7c24 284c | 894c 2458 | 4983 f900 | 488d 4424 | 5848 0f44 | 4424 5848 
  0x0000019964f45f40: 8944 2420 | 4c89 4424 | 5049 83f8 | 004c 8d4c | 2450 4c0f | 444c 2450 | 4889 5424 | 4848 83fa 
  0x0000019964f45f60: 004c 8d44 | 2448 4c0f | 4444 2448 

  0x0000019964f45f6c: ;   {oop(a 'java/lang/Class'{0x00000000a1f62ac0} = 'java/lang/ClassLoader')}
  0x0000019964f45f6c: 49be c02a | f6a1 0000 | 0000 4c89 | 7424 784c | 8d74 2478 | 498b d6c5 

  0x0000019964f45f84: ;   {internal_word}
  0x0000019964f45f84: f877 49ba | 835f f464 | 9901 0000 | 4d89 97a8 | 0200 0049 | 89a7 a002 

  0x0000019964f45f9c: ;   {external_word}
  0x0000019964f45f9c: 0000 49ba | dba8 9e30 | fc7f 0000 | 4180 3a00 | 0f84 5200 | 0000 5241 

  0x0000019964f45fb4: ;   {metadata({method} {0x0000019900010f18} 'defineClass1' '(Ljava/lang/ClassLoader;Ljava/lang/String;[BIILjava/security/ProtectionDomain;Ljava/lang/String;)Ljava/lang/Class;' in 'java/lang/ClassLoader')}
  0x0000019964f45fb4: 5041 5148 | ba10 0f01 | 0099 0100 | 0049 8bcf | 4883 ec20 | f7c4 0f00 | 0000 0f84 | 1a00 0000 
  0x0000019964f45fd4: 4883 ec08 

  0x0000019964f45fd8: ;   {runtime_call}
  0x0000019964f45fd8: 49ba d055 | 5430 fc7f | 0000 41ff | d248 83c4 | 08e9 0d00 

  0x0000019964f45fec: ;   {runtime_call}
  0x0000019964f45fec: 0000 49ba | d055 5430 | fc7f 0000 | 41ff d248 | 83c4 2041 | 5941 585a | 498d 8fc0 | 0200 0041 
  0x0000019964f4600c: c787 4803 | 0000 0400 

  0x0000019964f46014: ;   {runtime_call}
  0x0000019964f46014: 0000 49ba | d016 0199 | fc7f 0000 | 41ff d2c5 | f877 41c7 | 8748 0300 | 0005 0000 | 00f0 8344 
  0x0000019964f46034: 24c0 0049 | 3baf 5003 | 0000 0f87 | 1100 0000 | 4181 bf38 | 0300 0000 | 0000 000f | 842c 0000 
  0x0000019964f46054: 00c5 f877 | 4889 45f8 | 498b cf4c | 8be4 4883 | ec20 4883 

  0x0000019964f46068: ;   {runtime_call}
  0x0000019964f46068: e4f0 49ba | 7063 6430 | fc7f 0000 | 41ff d249 | 8be4 4d33 | e448 8b45 | f841 c787 | 4803 0000 
  0x0000019964f46088: 0800 0000 | 4181 bfb8 | 0300 0002 | 0000 000f | 843f 0100 

  0x0000019964f4609c: ;   {external_word}
  0x0000019964f4609c: 0049 badb | a89e 30fc | 7f00 0041 | 803a 000f | 8450 0000 | 0048 8945 

  0x0000019964f460b4: ;   {metadata({method} {0x0000019900010f18} 'defineClass1' '(Ljava/lang/ClassLoader;Ljava/lang/String;[BIILjava/security/ProtectionDomain;Ljava/lang/String;)Ljava/lang/Class;' in 'java/lang/ClassLoader')}
  0x0000019964f460b4: f848 ba10 | 0f01 0099 | 0100 0049 | 8bcf 4883 | ec20 f7c4 | 0f00 0000 | 0f84 1a00 | 0000 4883 
  0x0000019964f460d4: ;   {runtime_call}
  0x0000019964f460d4: ec08 49ba | d055 5430 | fc7f 0000 | 41ff d248 | 83c4 08e9 | 0d00 0000 

  0x0000019964f460ec: ;   {runtime_call}
  0x0000019964f460ec: 49ba d055 | 5430 fc7f | 0000 41ff | d248 83c4 | 2048 8b45 | f849 c787 | a002 0000 | 0000 0000 
  0x0000019964f4610c: 49c7 87a8 | 0200 0000 | 0000 00c5 | f877 4885 | c00f 8493 | 0000 0048 | f7c0 0100 | 0000 0f84 
  0x0000019964f4612c: 8300 0000 | 488b 40ff | 4180 7f38 | 000f 846f | 0000 0048 | 83f8 000f | 8465 0000 | 0049 8b4f 
  0x0000019964f4614c: 2048 83f9 | 000f 8414 | 0000 0048 | 83e9 0849 | 894f 2049 | 034f 3048 | 8901 e943 | 0000 0050 
  0x0000019964f4616c: 498b d748 | 8bc8 4883 | ec20 f7c4 | 0f00 0000 | 0f84 1a00 | 0000 4883 

  0x0000019964f46184: ;   {runtime_call}
  0x0000019964f46184: ec08 49ba | c0cf 1230 | fc7f 0000 | 41ff d248 | 83c4 08e9 | 0d00 0000 

  0x0000019964f4619c: ;   {runtime_call}
  0x0000019964f4619c: 49ba c0cf | 1230 fc7f | 0000 41ff | d248 83c4 | 2058 e903 | 0000 0048 | 8b00 498b | 8fd8 0000 
  0x0000019964f461bc: 00c7 8100 | 0100 0000 | 0000 00c9 | 4981 7f08 | 0000 0000 | 0f85 0100 

  0x0000019964f461d4: ;   {runtime_call StubRoutines (1)}
  0x0000019964f461d4: 0000 c3e9 | 24ad a0ff | c5f8 7748 | 8945 f84c | 8be4 4883 | ec20 4883 

  0x0000019964f461ec: ;   {runtime_call}
  0x0000019964f461ec: e4f0 49ba | 9086 5430 | fc7f 0000 | 41ff d249 | 8be4 4d33 | e448 8b45 | f8e9 93fe | ffff f4f4 
  0x0000019964f4620c: f4f4 f4f4 
[/MachCode]


Compiled method (c2) 518428 13666       4       java.security.SecureClassLoader::defineClass (16 bytes)
 total in heap  [0x00000199656c7e10,0x00000199656c8810] = 2560
 relocation     [0x00000199656c7f70,0x00000199656c7fe8] = 120
 main code      [0x00000199656c8000,0x00000199656c8360] = 864
 stub code      [0x00000199656c8360,0x00000199656c83c0] = 96
 metadata       [0x00000199656c83c0,0x00000199656c8420] = 96
 scopes data    [0x00000199656c8420,0x00000199656c8628] = 520
 scopes pcs     [0x00000199656c8628,0x00000199656c8738] = 272
 dependencies   [0x00000199656c8738,0x00000199656c8740] = 8
 handler table  [0x00000199656c8740,0x00000199656c87e8] = 168
 nul chk table  [0x00000199656c87e8,0x00000199656c8810] = 40

[Constant Pool (empty)]

[MachCode]
[Entry Point]
  # {method} {0x0000019900435008} 'defineClass' '(Ljava/lang/String;[BIILjava/security/CodeSource;)Ljava/lang/Class;' in 'java/security/SecureClassLoader'
  # this:     rdx:rdx   = 'java/security/SecureClassLoader'
  # parm0:    r8:r8     = 'java/lang/String'
  # parm1:    r9:r9     = '[B'
  # parm2:    rdi       = int
  # parm3:    rsi       = int
  # parm4:    rcx:rcx   = 'java/security/CodeSource'
  #           [sp+0x70]  (sp of caller)
  0x00000199656c8000: 448b 5208 | 49bb 0000 | 0000 9901 | 0000 4d03 | d349 3bc2 

  0x00000199656c8014: ;   {runtime_call ic_miss_stub}
  0x00000199656c8014: 0f85 6690 | 2dff 6690 | 0f1f 4000 
[Verified Entry Point]
  0x00000199656c8020: 8984 2400 | 90ff ff55 | 4883 ec60 | 8974 242c | 897c 2428 | 4c89 4c24 | 184c 8944 | 2410 4889 
  0x00000199656c8040: 5424 2048 | 894c 2440 | 4885 c90f | 840b 0200 | 004d 8b87 | 0801 0000 | 4d8b d049 | 83c2 1090 
  0x00000199656c8060: 4d3b 9718 | 0100 000f | 8349 0100 | 004d 8997 | 0801 0000 | 410f 0d8a | c000 0000 | 49c7 0001 
  0x00000199656c8080: ;   {metadata('java/security/SecureClassLoader$CodeSourceKey')}
  0x00000199656c8080: 0000 0041 | c740 08e0 | 8314 004c | 8b54 2440 | 4d8b ca45 | 8948 0c49 | 8b8f 0801 | 0000 4c8b 
  0x00000199656c80a0: 5424 2041 | 8b6a 504c | 8bd1 4983 | c218 4d3b | 9718 0100 | 000f 8319 | 0100 004d | 8997 0801 
  0x00000199656c80c0: 0000 410f | 0d8a c000 | 0000 48c7 | 0101 0000 

  0x00000199656c80d0: ;   {metadata('java/security/SecureClassLoader$1')}
  0x00000199656c80d0: 00c7 4108 | f085 1400 | 4489 6114 | 4489 490c | 4c8b 5424 | 204d 8bda | 4489 5910 

  0x00000199656c80ec: ; implicit exception: dispatches to 0x00000199656c82ac
  0x00000199656c80ec: 448b 5d08 

  0x00000199656c80f0: ;   {metadata('java/util/concurrent/ConcurrentHashMap')}
  0x00000199656c80f0: 4181 fb38 | e400 000f | 851f 0100 | 0048 8bd5 

  0x00000199656c8100: ;   {optimized virtual_call}
  0x00000199656c8100: 4c8b c9e8 

  0x00000199656c8104: ; ImmutableOopMap {[16]=Oop [24]=Oop [32]=Oop }
                      ;*invokeinterface computeIfAbsent {reexecute=0 rethrow=0 return_oop=1}
                      ; - java.security.SecureClassLoader::getProtectionDomain@29 (line 222)
                      ; - java.security.SecureClassLoader::defineClass@9 (line 150)
  0x00000199656c8104: d83d e2ff 

  0x00000199656c8108: ; implicit exception: dispatches to 0x00000199656c82c0
  0x00000199656c8108: 448b 5008 

  0x00000199656c810c: ;   {metadata('java/security/ProtectionDomain')}
  0x00000199656c810c: 4181 fa80 | ec00 000f | 856b 0100 | 004c 8bc8 | 488b 5424 | 204c 8b44 

  0x00000199656c8124: ;   {optimized virtual_call}
  0x00000199656c8124: 2410 90e8 

  0x00000199656c8128: ; ImmutableOopMap {[16]=Oop [24]=Oop [32]=Oop }
                      ;*invokevirtual preDefineClass {reexecute=0 rethrow=0 return_oop=1}
                      ; - java.lang.ClassLoader::defineClass@4 (line 1015)
                      ; - java.security.SecureClassLoader::defineClass@12 (line 150)
  0x00000199656c8128: b407 1b00 | 4889 4424 | 3044 8b58 | 1041 8b6b | 0c85 ed0f | 1f44 0000 | 0f84 c400 | 0000 448b 
  0x00000199656c8148: 5538 4585 | d20f 84be | 0000 0049 | 8bd2 4c8b 

  0x00000199656c8158: ;   {optimized virtual_call}
  0x00000199656c8158: c566 90e8 

  0x00000199656c815c: ; ImmutableOopMap {[16]=Oop [24]=Oop [32]=Oop [48]=Oop }
                      ;*invokevirtual toExternalForm {reexecute=0 rethrow=0 return_oop=1}
                      ; - java.net.URL::toExternalForm@5 (line 1039)
                      ; - java.net.URL::toString@1 (line 1025)
                      ; - java.lang.ClassLoader::defineClassSourceLocation@22 (line 917)
                      ; - java.lang.ClassLoader::defineClass@12 (line 1016)
                      ; - java.security.SecureClassLoader::defineClass@12 (line 150)
  0x00000199656c815c: c0f3 a1ff | 488b 5424 | 204c 8b44 | 2410 4c8b | 4c24 188b | 7c24 288b | 7424 2c48 | 8b4c 2430 
  0x00000199656c817c: 4889 0424 

  0x00000199656c8180: ;   {static_call}
  0x00000199656c8180: 6666 90e8 

  0x00000199656c8184: ; ImmutableOopMap {[32]=Oop [48]=Oop }
                      ;*invokestatic defineClass1 {reexecute=0 rethrow=0 return_oop=1}
                      ; - java.lang.ClassLoader::defineClass@27 (line 1017)
                      ; - java.security.SecureClassLoader::defineClass@12 (line 150)
  0x00000199656c8184: 58dd 87ff | 488b e848 | 8b54 2420 | 4c8b c04c | 8b4c 2430 

  0x00000199656c8198: ;   {optimized virtual_call}
  0x00000199656c8198: 6666 90e8 

  0x00000199656c819c: ; ImmutableOopMap {rbp=Oop }
                      ;*invokevirtual postDefineClass {reexecute=0 rethrow=0 return_oop=0}
                      ; - java.lang.ClassLoader::defineClass@37 (line 1018)
                      ; - java.security.SecureClassLoader::defineClass@12 (line 150)
  0x00000199656c819c: 4051 1b00 | 488b c548 | 83c4 605d 

  0x00000199656c81a8: ;   {poll_return}
  0x00000199656c81a8: 493b a750 | 0300 000f | 8793 0100 

  0x00000199656c81b4: ;   {metadata('java/security/SecureClassLoader$CodeSourceKey')}
  0x00000199656c81b4: 00c3 48ba | e083 1400 | 9901 0000 | 488b 6c24 

  0x00000199656c81c4: ;   {runtime_call _new_instance_Java}
  0x00000199656c81c4: 2066 90e8 

  0x00000199656c81c8: ; ImmutableOopMap {rbp=Oop [16]=Oop [24]=Oop [32]=Oop [64]=Oop }
                      ;*new {reexecute=0 rethrow=0 return_oop=1}
                      ; - java.security.SecureClassLoader::getProtectionDomain@6 (line 221)
                      ; - java.security.SecureClassLoader::defineClass@9 (line 150)
  0x00000199656c81c8: 34d9 2eff | 4c8b c0e9 | b7fe ffff | 4489 4c24 | 384c 8944 

  0x00000199656c81dc: ;   {metadata('java/security/SecureClassLoader$1')}
  0x00000199656c81dc: 2430 48ba | f085 1400 | 9901 0000 | 48ff 7424 | 4048 8f44 

  0x00000199656c81f0: ;   {runtime_call _new_instance_Java}
  0x00000199656c81f0: 2408 90e8 

  0x00000199656c81f4: ; ImmutableOopMap {rbp=NarrowOop [8]=Oop [16]=Oop [24]=Oop [32]=Oop [48]=Oop [56]=NarrowOop }
                      ;*new {reexecute=0 rethrow=0 return_oop=1}
                      ; - java.security.SecureClassLoader::getProtectionDomain@20 (line 222)
                      ; - java.security.SecureClassLoader::defineClass@9 (line 150)
  0x00000199656c81f4: 08d9 2eff | 4c8b 4424 | 3044 8b4c | 2438 488b | c8e9 d2fe | ffff 33c0 | e94f ffff | ffba f6ff 
  0x00000199656c8214: ;   {runtime_call UncommonTrapBlob}
  0x00000199656c8214: ffff 90e8 

  0x00000199656c8218: ; ImmutableOopMap {rbp=NarrowOop }
                      ;*invokevirtual toExternalForm {reexecute=0 rethrow=0 return_oop=0}
                      ; - java.net.URL::toExternalForm@5 (line 1039)
                      ; - java.net.URL::toString@1 (line 1025)
                      ; - java.lang.ClassLoader::defineClassSourceLocation@22 (line 917)
                      ; - java.lang.ClassLoader::defineClass@12 (line 1016)
                      ; - java.security.SecureClassLoader::defineClass@12 (line 150)
  0x00000199656c8218: e4e6 2dff | bade ffff | ff4c 8954 | 2408 4889 | 4424 f88b | 4424 2889 | 4424 2048 | 8b44 24f8 
  0x00000199656c8238: 4889 4424 | f88b 4424 | 2c89 4424 | 2448 8b44 | 24f8 4c89 | 4424 2848 | 894c 2430 

  0x00000199656c8254: ;   {runtime_call UncommonTrapBlob}
  0x00000199656c8254: 6666 90e8 

  0x00000199656c8258: ; ImmutableOopMap {rbp=NarrowOop [8]=Oop [16]=Oop [24]=Oop [40]=Oop [48]=Oop }
                      ;*invokeinterface computeIfAbsent {reexecute=0 rethrow=0 return_oop=0}
                      ; - java.security.SecureClassLoader::getProtectionDomain@29 (line 222)
                      ; - java.security.SecureClassLoader::defineClass@9 (line 150)
  0x00000199656c8258: a4e6 2dff | ba45 ffff | ff48 8b6c | 2420 4c89 | 4424 084c | 894c 2410 | 897c 2418 | 8974 241c 
  0x00000199656c8278: 4889 4c24 

  0x00000199656c827c: ;   {runtime_call UncommonTrapBlob}
  0x00000199656c827c: 3066 90e8 

  0x00000199656c8280: ; ImmutableOopMap {rbp=Oop [8]=Oop [16]=Oop [48]=Oop [64]=Oop }
                      ;*ifnonnull {reexecute=1 rethrow=0 return_oop=0}
                      ; - (reexecute) java.security.SecureClassLoader::getProtectionDomain@1 (line 213)
                      ; - java.security.SecureClassLoader::defineClass@9 (line 150)
  0x00000199656c8280: 7ce6 2dff | bade ffff | ff48 8b6c | 2420 4c8b | 5424 104c | 8954 2408 | 4c8b 5424 | 184c 8954 
  0x00000199656c82a0: 2410 4889 

  0x00000199656c82a4: ;   {runtime_call UncommonTrapBlob}
  0x00000199656c82a4: 4424 20e8 

  0x00000199656c82a8: ; ImmutableOopMap {rbp=Oop [8]=Oop [16]=Oop [32]=Oop }
                      ;*checkcast {reexecute=0 rethrow=0 return_oop=0}
                      ; - java.security.SecureClassLoader::getProtectionDomain@34 (line 222)
                      ; - java.security.SecureClassLoader::defineClass@9 (line 150)
  0x00000199656c82a8: 54e6 2dff | baf6 ffff | ff49 8be8 | 4889 4c24 

  0x00000199656c82b8: ;   {runtime_call UncommonTrapBlob}
  0x00000199656c82b8: 0866 90e8 

  0x00000199656c82bc: ; ImmutableOopMap {rbp=Oop [8]=Oop }
                      ;*invokeinterface computeIfAbsent {reexecute=0 rethrow=0 return_oop=0}
                      ; - java.security.SecureClassLoader::getProtectionDomain@29 (line 222)
                      ; - java.security.SecureClassLoader::defineClass@9 (line 150)
  0x00000199656c82bc: 40e6 2dff | baf4 ffff | ff48 8b6c | 2420 4c8b | 5424 104c | 8954 2408 | 4c8b 5424 | 184c 8954 
  0x00000199656c82dc: ;   {runtime_call UncommonTrapBlob}
  0x00000199656c82dc: 2410 90e8 

  0x00000199656c82e0: ; ImmutableOopMap {rbp=Oop [8]=Oop [16]=Oop }
                      ;*checkcast {reexecute=0 rethrow=0 return_oop=0}
                      ; - java.security.SecureClassLoader::getProtectionDomain@34 (line 222)
                      ; - java.security.SecureClassLoader::defineClass@9 (line 150)
  0x00000199656c82e0: 1ce6 2dff | baf6 ffff 

  0x00000199656c82e8: ;   {runtime_call UncommonTrapBlob}
  0x00000199656c82e8: ff66 90e8 

  0x00000199656c82ec: ; ImmutableOopMap {}
                      ;*invokevirtual getCodeSource {reexecute=0 rethrow=0 return_oop=0}
                      ; - java.lang.ClassLoader::defineClassSourceLocation@1 (line 914)
                      ; - java.lang.ClassLoader::defineClass@12 (line 1016)
                      ; - java.security.SecureClassLoader::defineClass@12 (line 150)
  0x00000199656c82ec: 10e6 2dff | ba45 ffff | ff48 8b6c | 2420 4c8b | 5424 104c | 8954 2408 | 4c8b 5424 | 184c 8954 
  0x00000199656c830c: 2410 448b | 4424 2844 | 8944 2418 | 448b 5424 | 2c44 8954 | 241c 4489 

  0x00000199656c8324: ;   {runtime_call UncommonTrapBlob}
  0x00000199656c8324: 5c24 2ce8 

  0x00000199656c8328: ; ImmutableOopMap {rbp=Oop [8]=Oop [16]=Oop [44]=NarrowOop [48]=Oop }
                      ;*ifnull {reexecute=1 rethrow=0 return_oop=0}
                      ; - (reexecute) java.lang.ClassLoader::defineClassSourceLocation@8 (line 916)
                      ; - java.lang.ClassLoader::defineClass@12 (line 1016)
                      ; - java.security.SecureClassLoader::defineClass@12 (line 150)
  0x00000199656c8328: d4e5 2dff | eb0d eb0b | eb04 eb02 | eb00 488b | d0eb 0348 | 8bd0 4883 

  0x00000199656c8340: ;   {runtime_call _rethrow_Java}
  0x00000199656c8340: c460 5de9 | 382c 2fff 

  0x00000199656c8348: ;   {internal_word}
  0x00000199656c8348: 49ba a881 | 6c65 9901 | 0000 4d89 | 9768 0300 

  0x00000199656c8358: ;   {runtime_call SafepointBlob}
  0x00000199656c8358: 00e9 a2f6 | 2dff f4f4 
[Stub Code]
  0x00000199656c8360: ;   {no_reloc}
  0x00000199656c8360: 48bb 0000 | 0000 0000 

  0x00000199656c8368: ;   {runtime_call}
  0x00000199656c8368: 0000 e9fb 

  0x00000199656c836c: ;   {static_stub}
  0x00000199656c836c: ffff ff48 | bb60 0e01 | 0099 0100 

  0x00000199656c8378: ;   {runtime_call I2C/C2I adapters}
  0x00000199656c8378: 00e9 6356 

  0x00000199656c837c: ;   {static_stub}
  0x00000199656c837c: 2dff 48bb | 0000 0000 | 0000 0000 

  0x00000199656c8388: ;   {runtime_call}
  0x00000199656c8388: e9fb ffff 

  0x00000199656c838c: ;   {static_stub}
  0x00000199656c838c: ff48 bb00 | 0000 0000 

  0x00000199656c8394: ;   {runtime_call}
  0x00000199656c8394: 0000 00e9 | fbff ffff 

  0x00000199656c839c: ;   {static_stub}
  0x00000199656c839c: 48bb 780f | 0100 9901 

  0x00000199656c83a4: ;   {runtime_call I2C/C2I adapters}
  0x00000199656c83a4: 0000 e936 

  0x00000199656c83a8: ;   {runtime_call ExceptionBlob}
  0x00000199656c83a8: 562d ffe9 | 50da 2eff 
[Deopt Handler Code]
  0x00000199656c83b0: e800 0000 | 0048 832c 

  0x00000199656c83b8: ;   {runtime_call DeoptimizationBlob}
  0x00000199656c83b8: 2405 e9e1 | e82d fff4 
[/MachCode]


Compiled method (c2) 518458 4510   !   4       java.lang.ClassLoader::loadClass (121 bytes)
 total in heap  [0x00000199651b7990,0x00000199651c9a68] = 73944
 relocation     [0x00000199651b7af0,0x00000199651b81f8] = 1800
 main code      [0x00000199651b8200,0x00000199651c1ea0] = 40096
 stub code      [0x00000199651c1ea0,0x00000199651c22d0] = 1072
 oops           [0x00000199651c22d0,0x00000199651c2320] = 80
 metadata       [0x00000199651c2320,0x00000199651c26f8] = 984
 scopes data    [0x00000199651c26f8,0x00000199651c7cd0] = 21976
 scopes pcs     [0x00000199651c7cd0,0x00000199651c8bb0] = 3808
 dependencies   [0x00000199651c8bb0,0x00000199651c8c40] = 144
 handler table  [0x00000199651c8c40,0x00000199651c99a8] = 3432
 nul chk table  [0x00000199651c99a8,0x00000199651c9a68] = 192

[Constant Pool (empty)]

[MachCode]
[Entry Point]
  # {method} {0x0000019900009ec8} 'loadClass' '(Ljava/lang/String;Z)Ljava/lang/Class;' in 'java/lang/ClassLoader'
  # this:     rdx:rdx   = 'java/lang/ClassLoader'
  # parm0:    r8:r8     = 'java/lang/String'
  # parm1:    r9        = boolean
  #           [sp+0x170]  (sp of caller)
  0x00000199651b8200: 448b 5208 | 49bb 0000 | 0000 9901 | 0000 4d03 | d349 3bc2 

  0x00000199651b8214: ;   {runtime_call ic_miss_stub}
  0x00000199651b8214: 0f85 668e | 7eff 6690 | 0f1f 4000 
[Verified Entry Point]
  0x00000199651b8220: 8984 2400 | 90ff ff55 | 4881 ec60 | 0100 0044 | 894c 2428 | 4c89 4424 | 5048 8954 | 2448 448b 
  0x00000199651b8240: 5228 4489 | 5424 2c4d | 8b97 9802 | 0000 4d8b | 124c 8954 | 2468 448b | 5424 2c0f | 1f44 0000 
  0x00000199651b8260: 4585 d20f | 8415 2200 | 0049 8b87 | 0801 0000 | 4c8b d049 | 83c2 1066 | 0f1f 8400 | 0000 0000 
  0x00000199651b8280: 4d3b 9718 | 0100 000f | 8360 2d00 | 004d 8997 | 0801 0000 | 410f 0d8a | c000 0000 | 48c7 0001 
  0x00000199651b82a0: ;   {metadata('java/lang/Object')}
  0x00000199651b82a0: 0000 00c7 | 4008 580d | 0000 4489 | 600c 488b | e844 8b5c | 242c 498b | d34c 8b44 | 2450 4c8b 
  0x00000199651b82c0: cdbf 0100 | 0000 6690 

  0x00000199651b82c8: ;   {optimized virtual_call}
  0x00000199651b82c8: c5f8 77e8 

  0x00000199651b82cc: ; ImmutableOopMap {rbp=Oop [72]=Oop [80]=Oop [104]=Oop }
                      ;*invokevirtual putVal {reexecute=0 rethrow=0 return_oop=1}
                      ; - java.util.concurrent.ConcurrentHashMap::putIfAbsent@4 (line 1541)
                      ; - java.lang.ClassLoader::getClassLoadingLock@23 (line 671)
                      ; - java.lang.ClassLoader::loadClass@2 (line 572)
  0x00000199651b82cc: 70fe 2f00 | 4885 c00f | 850c 1300 | 0048 896c | 2460 488d | 9c24 4001 | 0000 4c8b | 4424 6049 
  0x00000199651b82ec: 8b00 48f7 | c002 0000 | 0075 2448 | 83c8 0148 | 8903 f049 | 0fb1 180f | 843e 0000 | 0048 2bc4 
  0x00000199651b830c: 4881 e007 | f0ff ff48 | 8903 e92c | 0000 004c | 8bd0 4833 | c0f0 4d0f | b17a 3e48 | c703 0300 
  0x00000199651b832c: 0000 0f84 | 1300 0000 | 4c3b f80f | 850a 0000 | 0049 ff82 | 8600 0000 | 4833 c00f | 85e8 5300 
  0x00000199651b834c: 004c 8b54 | 2450 458b | 5214 418b | 520c 85d2 | 0f1f 4000 | 0f86 ef53 | 0000 4c8b | 5c24 5045 
  0x00000199651b836c: 0fbe 4310 | 4585 c00f | 85f3 5600 | 004d 8bda | 4d8d 5210 | b82f 0000 | 0049 8bfa | 488b df83 
  0x00000199651b838c: fa10 0f8c | 7900 0000 | 83fa 200f | 8c36 0000 | 00c5 f96e | d0c4 e27d | 78d2 c5f5 | efc9 8bca 
  0x00000199651b83ac: 83e1 e083 | e21f c5fe | 6f03 c5fd | 74c2 c4e2 | 7d17 c80f | 8369 0000 | 0048 83c3 | 2083 e920 
  0x00000199651b83cc: 75e4 e90d | 0000 00c5 | f96e d0c5 | f1ef c9c4 | e269 00d1 | 83fa 100f | 8c24 0000 | 008b ca83 
  0x00000199651b83ec: e1f0 83e2 | 0fc5 fa6f | 03c5 f974 | c2c4 e279 | 17c8 0f83 | 2a00 0000 | 4883 c310 | 83e9 1075 
  0x00000199651b840c: e485 d20f | 8412 0000 | 000f b60b | 3bc1 741c | 4883 c301 | 83ea 0174 | 02eb eebb | ffff ffff 
  0x00000199651b842c: eb0d c5fd | d7c8 0fbc | c148 03d8 | 482b df0f | 1f44 0000 | 83fb ff0f | 854b 5600 | 0045 0fb6 
  0x00000199651b844c: 1241 83fa | 5b0f 845d | 5600 0048 | 8b54 2448 | 4c8b 4424 | 5066 6690 

  0x00000199651b8464: ;   {optimized virtual_call}
  0x00000199651b8464: c5f8 77e8 

  0x00000199651b8468: ; ImmutableOopMap {[72]=Oop [80]=Oop [96]=Oop [104]=Oop }
                      ;*invokevirtual findLoadedClass0 {reexecute=0 rethrow=0 return_oop=1}
                      ; - java.lang.ClassLoader::findLoadedClass@11 (line 1290)
                      ; - java.lang.ClassLoader::loadClass@10 (line 574)
  0x00000199651b8468: 74c4 d4ff | 488b d848 | 85c0 0f85 | ed0f 0000 | 0f1f 8400 | 0000 0000 | c5f8 7749 | ba90 a24d 
  0x00000199651b8488: 30fc 7f00 | 0041 ffd2 | 4889 4424 | 384c 8b54 | 2448 458b | 5218 6690 | 4585 d20f | 842f 5600 
  0x00000199651b84a8: 0049 8bd2 

  0x00000199651b84ac: ;   {oop(a 'java/lang/Class'{0x00000000a1f83b80} = 'java/lang/System')}
  0x00000199651b84ac: 48bd 803b | f8a1 0000 | 0000 4c8b | 4424 5045 | 33c9 c5f8 | 7748 b8ff | ffff ffff 

  0x00000199651b84c8: ;   {virtual_call}
  0x00000199651b84c8: ffff ffe8 

  0x00000199651b84cc: ; ImmutableOopMap {rbp=Oop [72]=Oop [80]=Oop [96]=Oop [104]=Oop }
                      ;*invokevirtual loadClass {reexecute=0 rethrow=0 return_oop=1}
                      ; - java.lang.ClassLoader::loadClass@38 (line 579)
  0x00000199651b84cc: a063 89ff | 488b d848 | 85c0 0f85 | 890f 0000 | 8b5d 7c90 | c5f8 7749 | ba90 a24d | 30fc 7f00 
  0x00000199651b84ec: 0041 ffd2 | 4889 4424 | 404c 8b54 | 2448 458b | 5a08 6690 

  0x00000199651b8500: ;   {metadata('org/gradle/internal/classloader/VisitableURLClassLoader')}
  0x00000199651b8500: 4181 fbe8 | 1500 010f | 85ed 1000 | 004c 8994 | 2488 0000 | 0041 8b6a | 5885 db0f | 1f44 0000 
  0x00000199651b8520: 0f85 ae59 | 0000 85ed | 0f84 3a1f | 0000 488b | d54c 8b54 | 2450 4c89 | 5424 304c | 8b94 2488 
  0x00000199651b8540: 0000 004c | 8954 2458 

  0x00000199651b8548: ;   {static_call}
  0x00000199651b8548: c5f8 77e8 

  0x00000199651b854c: ; ImmutableOopMap {rbp=Oop [48]=Oop [72]=Oop [80]=Oop [88]=Oop [96]=Oop [104]=Oop [136]=Oop }
                      ;*invokestatic ensureMaterializedForStackWalk {reexecute=0 rethrow=0 return_oop=0}
                      ; - java.security.AccessController::executePrivileged@5 (line 810)
                      ; - java.security.AccessController::doPrivileged@13 (line 712)
                      ; - java.net.URLClassLoader::findClass@13 (line 420)
                      ; - java.lang.ClassLoader::loadClass@69 (line 592)
  0x00000199651b854c: f099 d7ff | 488b dd4c | 8b6c 2450 | 450f be55 | 1066 6690 | 4585 d20f | 8523 5800 | 0045 8b75 
  0x00000199651b856c: 1441 8b46 | 0c85 c00f | 8623 0400 | 0044 8bc8 | 41ff c990 | 443b c80f | 835f 5200 | 008b f883 
  0x00000199651b858c: c7fd 4d8b | d6c4 c1f9 | 6ec2 6666 | 0f1f 8400 | 0000 0000 | 4180 7e10 | 2e0f 84c4 | 1e00 0083 
  0x00000199651b85ac: ff01 0f8e | 8c52 0000 | 41b8 0100 | 0000 4533 | d24c 8954 | 2420 448b | d045 2bd0 | 4183 c2fd 
  0x00000199651b85cc: 4533 db41 | 3bf8 450f | 4cd3 4181 | faa0 0f00 | 00b9 a00f | 0000 440f | 47d1 4503 | d00f 1f80 
  0x00000199651b85ec: 0000 0000 | 4963 d045 | 0fbe 5c16 | 100f 1f80 | 0000 0000 | 4183 fb2e | 0f84 a000 | 0000 410f 
  0x00000199651b860c: be4c 1611 | 83f9 2e0f | 8496 0000 | 0045 0fbe | 5c16 1290 | 4183 fb2e | 0f84 7c00 | 0000 450f 
  0x00000199651b862c: be5c 1613 | 418b e883 | c503 4183 | fb2e 660f | 1f44 0000 | 0f84 6e00 | 0000 4183 | c004 453b 
  0x00000199651b864c: c27c a149 | 8b8f 5803 | 0000 458b 

  0x00000199651b8658: ; ImmutableOopMap {r11=Oop rbx=Oop r13=Oop r14=NarrowOop xmm0=Oop [72]=Oop [96]=Oop [104]=Oop [136]=Oop }
                      ;*if_icmpne {reexecute=1 rethrow=0 return_oop=0}
                      ; - (reexecute) java.lang.StringLatin1::replace@28 (line 307)
                      ; - java.lang.String::replace@18 (line 2808)
                      ; - java.net.URLClassLoader$1::run@8 (line 423)
                      ; - java.net.URLClassLoader$1::run@1 (line 421)
                      ; - java.security.AccessController::executePrivileged@29 (line 814)
                      ; - java.security.AccessController::doPrivileged@13 (line 712)
                      ; - java.net.URLClassLoader::findClass@13 (line 420)
                      ; - java.lang.ClassLoader::loadClass@69 (line 592)
  0x00000199651b8658: d34d 8bdd 

  0x00000199651b865c: ;   {poll}
  0x00000199651b865c: 8501 6690 | 443b c70f | 8c59 ffff | ff44 3bc0 | 0f8d 3203 | 0000 6690 | 470f be5c | 0610 660f 
  0x00000199651b867c: 1f44 0000 | 4183 fb2e | 0f84 6035 | 0000 41ff | c044 3bc0 | 7ce2 e90d | 0300 00c4 | c179 7ed1 
  0x00000199651b869c: c4c1 f97e | cbe9 ca00 | 0000 4183 | c002 418b | e8eb 0541 | 8be8 ffc5 | 3be8 0f8d | e802 0000 
  0x00000199651b86bc: 0f1f 4000 | 81f8 0000 | 1000 0f87 | e02a 0000 | 4d8b 9f08 | 0100 004c | 63d0 4983 | c217 4983 
  0x00000199651b86dc: e2f8 4d8b | c34d 03c2 | 4d3b 8718 | 0100 000f | 83bb 2a00 | 004d 8987 | 0801 0000 | 410f 0d88 
  0x00000199651b86fc: c000 0000 | 49c7 0301 | 0000 0041 | 0f0d 8800 

  0x00000199651b870c: ;   {metadata({type array byte})}
  0x00000199651b870c: 0100 0041 | c743 0828 | 6700 0041 | 8943 0c41 | 0f0d 8840 | 0100 0041 | 0f0d 8880 | 0100 0085 
  0x00000199651b872c: ed0f 8ed1 | 0000 0044 | 8bd5 41ff | ca44 3bd0 | 0f1f 4000 | 0f83 ae57 | 0000 85c0 | 0f86 a657 
  0x00000199651b874c: 0000 410f | be4e 1041 | 884b 1041 | 83fa 010f | 1f44 0000 | 0f8e d257 | 0000 bad0 | 0700 00be 
  0x00000199651b876c: 0100 0000 | 448b c544 | 2bc6 41ff | c833 c944 | 3bd6 440f | 4cc1 4181 | f8d0 0700 | 0044 0f47 
  0x00000199651b878c: c244 03c6 | c4c1 796e | d1c4 c1f9 | 6ecb 660f | 1f44 0000 | 4863 ce45 | 0fbe 5c0e | 10c4 c1f9 
  0x00000199651b87ac: 7ec9 4588 | 5c09 1045 | 0fbe 4c0e | 11c4 c1f9 | 7ecb 4588 | 4c0b 1183 | c602 413b | f07c d54d 
  0x00000199651b87cc: 8b9f 5803 

  0x00000199651b87d0: ; ImmutableOopMap {rbx=Oop r13=Oop r14=NarrowOop xmm0=Oop xmm1=Oop [72]=Oop [96]=Oop [104]=Oop [136]=Oop }
                      ;*goto {reexecute=1 rethrow=0 return_oop=0}
                      ; - (reexecute) java.lang.StringLatin1::replace@76 (line 314)
                      ; - java.lang.String::replace@18 (line 2808)
                      ; - java.net.URLClassLoader$1::run@8 (line 423)
                      ; - java.net.URLClassLoader$1::run@1 (line 421)
                      ; - java.security.AccessController::executePrivileged@29 (line 814)
                      ; - java.security.AccessController::doPrivileged@13 (line 712)
                      ; - java.net.URLClassLoader::findClass@13 (line 420)
                      ; - java.lang.ClassLoader::loadClass@69 (line 592)
                      ;   {poll}
  0x00000199651b87d0: 0000 4185 | 0341 3bf2 | 0f8c b9fe | ffff c4c1 | 797e d1c4 | c1f9 7ecb | 3bf5 7d18 | 4c63 c647 
  0x00000199651b87f0: 0fbe 5406 | 1047 8854 | 0310 ffc6 | 0f1f 4000 | 3bf5 7ce8 | 3be8 0f8d | 3801 0000 | 3be8 0f83 
  0x00000199651b8810: 2152 0000 | 443b c80f | 8318 5200 | 0044 8bcd | 41ff c14c | 63c5 470f | be54 0610 | 4183 fa2e 
  0x00000199651b8830: 0f84 fc0c | 0000 4788 | 5403 10ff | c566 6690 | 413b e97c | de3b ef0f | 8dcf 0000 | 00e9 9e00 
  0x00000199651b8850: 0000 41b9 | 2f00 0000 | 0f1f 8400 | 0000 0000 | 4588 4c0b | 1245 0fbe | 440e 1341 | 83f8 2e0f 
  0x00000199651b8870: 8453 0000 | 0045 8844 | 0b13 83c5 | 0466 6690 | 413b ea0f | 8d59 0000 | 0048 63cd | 450f be44 
  0x00000199651b8890: 0e10 4183 | f82e 0f84 | 3c00 0000 | 4588 440b | 1045 0fbe | 440e 1141 | 83f8 2e74 | 2345 8844 
  0x00000199651b88b0: 0b11 450f | be4c 0e12 | 0f1f 8400 | 0000 0000 | 4183 f92e | 759a eb8a | 41b8 2f00 | 0000 eba5 
  0x00000199651b88d0: 41b8 2f00 | 0000 ebd5 | 41b8 2f00 | 0000 6690 | ebba 4d8b | 8758 0300 

  0x00000199651b88e8: ; ImmutableOopMap {r11=Oop rbx=Oop r13=Oop r14=NarrowOop xmm0=Oop [72]=Oop [96]=Oop [104]=Oop [136]=Oop }
                      ;*goto {reexecute=1 rethrow=0 return_oop=0}
                      ; - (reexecute) java.lang.StringLatin1::replace@113 (line 321)
                      ; - java.lang.String::replace@18 (line 2808)
                      ; - java.net.URLClassLoader$1::run@8 (line 423)
                      ; - java.net.URLClassLoader$1::run@1 (line 421)
                      ; - java.security.AccessController::executePrivileged@29 (line 814)
                      ; - java.security.AccessController::doPrivileged@13 (line 712)
                      ; - java.net.URLClassLoader::findClass@13 (line 420)
                      ; - java.lang.ClassLoader::loadClass@69 (line 592)
                      ;   {poll}
  0x00000199651b88e8: 0041 8500 | 3bef 7d2c | 448b d044 | 2bd5 4183 | c2fd 4533 | c03b fd45 | 0f4c d041 | 81fa a00f 
  0x00000199651b8908: 0000 41b8 | a00f 0000 | 450f 47d0 | 4403 d5e9 | 6dff ffff | 0f1f 4000 | 3be8 7d20 | 4c63 d547 
  0x00000199651b8928: 0fbe 4416 | 1041 83f8 | 2e0f 84b8 | 0c00 0047 | 8844 1310 | ffc5 6690 | 3be8 7ce0 | 4d8b 8f08 
  0x00000199651b8948: 0100 004d | 8bd1 4983 | c218 6666 | 0f1f 8400 | 0000 0000 | 6666 6690 | 4d3b 9718 | 0100 000f 
  0x00000199651b8968: 83d8 2800 | 004d 8997 | 0801 0000 | 410f 0d8a | c000 0000 | 49c7 0101 

  0x00000199651b8980: ;   {metadata('java/lang/String')}
  0x00000199651b8980: 0000 0041 | c741 08e0 | e900 0045 | 8961 0c4d | 8961 104d | 8bd3 4589 | 5114 eb0e | 4533 d24c 
  0x00000199651b89a0: 8954 2420 | 4d8b de4d | 8bcd 418b | 730c 85f6 | 0f86 870b | 0000 450f | be71 1044 | 8bd6 418b 
  0x00000199651b89c0: ce41 d3fa | 4963 c241 | 83fe 010f | 845b 5600 | 0045 85d2 | 0f8c 6b55 | 0000 488b | e848 83c5 
  0x00000199651b89e0: 0644 8bc5 | 4585 c00f | 8caf 5500 | 0048 8bcd | 48c1 f920 | 8bc9 41d3 | e045 85c0 | 0f1f 4000 
  0x00000199651b8a00: 0f8c 7e56 | 0000 4181 | f800 0010 | 000f 8740 | 4e00 0049 | 63c8 6666 | 0f1f 8400 | 0000 0000 
  0x00000199651b8a20: 4181 f800 | 0010 000f | 876a 2600 | 0049 8bbf | 0801 0000 | 4883 c117 | 4883 e1f8 | 488b d748 
  0x00000199651b8a40: 03d1 493b | 9718 0100 | 000f 8348 | 2600 0049 | 8997 0801 | 0000 0f0d | 8ac0 0000 | 0048 c707 
  0x00000199651b8a60: 0100 0000 | 0f0d 8a00 

  0x00000199651b8a68: ;   {metadata({type array byte})}
  0x00000199651b8a68: 0100 00c7 | 4708 2867 | 0000 4489 | 470c 0f0d | 8a40 0100 | 000f 0d8a | 8001 0000 | 418b d283 
  0x00000199651b8a88: c206 443b | c20f 82c5 | 4e00 0049 | 63ca 4585 | d20f 8f78 | 0200 00c6 | 440f 102e | c644 0f11 
  0x00000199651b8aa8: 63c6 440f | 126c c644 | 0f13 61c6 | 440f 1473 | c644 0f15 | 7366 6690 | 4585 f60f | 850b 5500 
  0x00000199651b8ac8: 0044 3bc6 | 0f82 e64e | 0000 85f6 | 7621 488b | d748 83c2 | 1049 83c3 | 104c 63c6 | 498b cbc5 
  0x00000199651b8ae8: f877 49ba | 607f 9864 | 9901 0000 | 41ff d24d | 8b87 0801 | 0000 4d8b | d049 83c2 | 184d 3b97 
  0x00000199651b8b08: 1801 0000 | 0f83 4926 | 0000 4d89 | 9708 0100 | 0041 0f0d | 8ac0 0000 | 0049 c700 | 0100 0000 
  0x00000199651b8b28: ;   {metadata('java/lang/String')}
  0x00000199651b8b28: 41c7 4008 | e0e9 0000 | 4589 600c | 4589 6010 | 4c8b df45 | 8958 144c | 8b94 2488 | 0000 0045 
  0x00000199651b8b48: 8b52 5445 | 85d2 0f84 | 484c 0000 | 4889 5c24 | 584c 896c | 2470 498b | d245 33c9 | 4c89 6c24 
  0x00000199651b8b68: 3048 8bac | 2488 0000 | 0066 6690 

  0x00000199651b8b74: ;   {optimized virtual_call}
  0x00000199651b8b74: c5f8 77e8 

  0x00000199651b8b78: ; ImmutableOopMap {rbp=Oop [48]=Oop [72]=Oop [88]=Oop [96]=Oop [104]=Oop [112]=Oop [136]=Oop }
                      ;*invokevirtual getResource {reexecute=0 rethrow=0 return_oop=1}
                      ; - java.net.URLClassLoader$1::run@26 (line 424)
                      ; - java.net.URLClassLoader$1::run@1 (line 421)
                      ; - java.security.AccessController::executePrivileged@29 (line 814)
                      ; - java.security.AccessController::doPrivileged@13 (line 712)
                      ; - java.net.URLClassLoader::findClass@13 (line 420)
                      ; - java.lang.ClassLoader::loadClass@69 (line 592)
  0x00000199651b8b78: 644b faff | 4889 8424 | a800 0000 | 4885 c075 | 0733 ede9 | 5707 0000 | 6666 660f | 1f84 0000 
  0x00000199651b8b98: 0000 0066 | 6666 9090 | c5f8 7749 | ba90 a24d | 30fc 7f00 | 0041 ffd2 | 4889 8424 | 9000 0000 
  0x00000199651b8bb8: 4c8b 5424 | 3045 8b4a | 1445 8b59 | 0c41 0fbe | 4a10 458b | c341 d3f8 | 41ff c885 | c90f 8512 
  0x00000199651b8bd8: 5500 0045 | 8bd3 41ff | ca45 3bc2 | 450f 4cd0 | 4585 d20f | 8c1e 0100 | 0045 85db | 0f86 014f 
  0x00000199651b8bf8: 0000 660f | 1f44 0000 | 453b d30f | 83f2 4e00 | 0045 85d2 | 0f8e 4e4f | 0000 458b | da41 ffcb 
  0x00000199651b8c18: 470f be44 | 1110 6690 | 4183 f82e | 0f84 2d18 | 0000 41ff | ca45 3bd3 | 7fe6 4183 | fa02 0f8e 
  0x00000199651b8c38: ae00 0000 | 458b c241 | 83c0 fe33 | c941 83fa | 0244 0f4c | c141 81f8 | a00f 0000 | b9a0 0f00 
  0x00000199651b8c58: 0044 0f47 | c141 8bda | 412b d84d | 63da 470f | be44 1910 | 4183 f82e | 0f84 c400 | 0000 470f 
  0x00000199651b8c78: be5c 190f | 0f1f 4000 | 4183 fb2e | 0f84 b500 | 0000 458b | da41 83c3 | fe43 0fbe | 4c19 1083 
  0x00000199651b8c98: f92e 660f | 1f44 0000 | 0f84 9f00 | 0000 458b | da41 83c3 | fd47 0fbe | 4419 1041 | 83f8 2e0f 
  0x00000199651b8cb8: 8488 0000 | 0041 83c2 | fc44 3bd3 | 7f9d 498b | 9758 0300 | 0049 8bf1 | 4c8b 5c24 | 704c 8b84 
  0x00000199651b8cd8: 24a8 0000 

  0x00000199651b8cdc: ; ImmutableOopMap {r11=Oop r8=Oop r9=NarrowOop rsi=Oop [72]=Oop [88]=Oop [96]=Oop [104]=Oop [112]=Oop [136]=Oop [168]=Oop }
                      ;*goto {reexecute=1 rethrow=0 return_oop=0}
                      ; - (reexecute) java.lang.StringLatin1::lastIndexOf@35 (line 294)
                      ; - java.lang.String::lastIndexOf@13 (line 2489)
                      ; - java.lang.String::lastIndexOf@8 (line 2451)
                      ; - java.net.URLClassLoader::defineClass@7 (line 486)
                      ; - java.net.URLClassLoader$1::run@43 (line 427)
                      ; - java.net.URLClassLoader$1::run@1 (line 421)
                      ; - java.security.AccessController::executePrivileged@29 (line 814)
                      ; - java.security.AccessController::doPrivileged@13 (line 712)
                      ; - java.net.URLClassLoader::findClass@13 (line 420)
                      ; - java.lang.ClassLoader::loadClass@69 (line 592)
                      ;   {poll}
  0x00000199651b8cdc: 0085 0290 | 4183 fa02 | 0f8f 52ff | ffff 4183 | faff 7e1f | 470f be44 | 1110 4183 | f82e 660f 
  0x00000199651b8cfc: 1f44 0000 | 0f84 df53 | 0000 41ff | ca41 83fa | ff7f e141 | bbff ffff | ffeb 2ec6 | 440f 1573 
  0x00000199651b8d1c: c644 0f14 | 73c6 440f | 1361 c644 | 0f12 6cc6 | 440f 1163 | c644 0f10 | 2ee9 83fd | ffff 458b 
  0x00000199651b8d3c: daeb 0645 | 8bda 41ff | cb4c 8b94 | 24a8 0000 | 0041 8b72 

  0x00000199651b8d50: ;   {metadata('jdk/internal/loader/URLClassPath$JarLoader$2')}
  0x00000199651b8d50: 0881 fe60 | 5219 000f | 85af 1800 | 0049 8bea | 448b 5520 

  0x00000199651b8d64: ; implicit exception: dispatches to 0x00000199651c0d34
  0x00000199651b8d64: 458b 421c | 4d8b d04c | 8994 2428 | 0100 0041 | 83fb ff0f | 840c 0400 | 004c 8b54 | 2470 458b 
  0x00000199651b8d84: 4214 458b | 480c 4489 | 4c24 7c41 | 0fbe 4a10 | 418b e9d3 | fd45 85db | 0f1f 4000 | 0f8c 9a53 
  0x00000199651b8da4: 0000 443b | dd0f 8f39 | 5400 0044 | 3bdd 0f84 | 6608 0000 | 85c9 660f | 1f44 0000 | 0f85 7f54 
  0x00000199651b8dc4: 0000 4585 | db0f 8456 | 1900 004d | 8baf 0801 | 0000 4d8b | d549 83c2 | 1866 6690 | 4d3b 9718 
  0x00000199651b8de4: 0100 000f | 83ec 2400 | 004d 8997 | 0801 0000 | 410f 0d8a | c000 0000 | 49c7 4500 | 0100 0000 
  0x00000199651b8e04: ;   {metadata('java/lang/String')}
  0x00000199651b8e04: 41c7 4508 | e0e9 0000 | 4589 650c | 4d89 6510 | 0f1f 8400 | 0000 0000 | 6666 6690 | 4181 fb00 
  0x00000199651b8e24: 0010 000f | 87c8 4f00 | 004d 63d3 | 448b 4c24 | 7c45 3bcb | 418b eb41 | 0f4c e990 | 443b cd0f 
  0x00000199651b8e44: 8220 5000 | 0044 3bdd | 0f82 1750 | 0000 4983 | c217 498b | fa48 83e7 | f866 6690 | 4181 fb00 
  0x00000199651b8e64: 0010 000f | 87da 2400 | 004d 8bb7 | 0801 0000 | 4d8b ce4c | 03cf 660f | 1f44 0000 | 4d3b 8f18 
  0x00000199651b8e84: 0100 000f | 83ba 2400 | 004d 898f | 0801 0000 | 410f 0d89 | c000 0000 | 49c7 0601 | 0000 0041 
  0x00000199651b8ea4: 0f0d 8900 

  0x00000199651b8ea8: ;   {metadata({type array byte})}
  0x00000199651b8ea8: 0100 0041 | c746 0828 | 6700 0045 | 895e 0c41 | 0f0d 8940 | 0100 0041 | 0f0d 8980 | 0100 0049 
  0x00000199651b8ec8: 8bd6 4883 | c210 49c1 | ea03 498b | de85 ed0f | 8420 4f00 | 004d 8bc8 | 498d 4810 | 413b eb0f 
  0x00000199651b8ee8: 8c78 1800 | 0048 83c7 | f048 c1ef | 034c 8bc7 | 0f1f 8400 | 0000 0000 | c5f8 7749 | ba60 8698 
  0x00000199651b8f08: 6499 0100 | 0041 ffd2 | 4180 7f38 | 0075 0041 | 895d 144d | 8bd6 4d8b | dd4d 33d3 | 49c1 ea14 
  0x00000199651b8f28: 4d85 d274 | 1c49 c1eb | 0948 b900 | 40a1 6c99 | 0100 0049 | 03cb 6690 | 8039 040f | 85d5 1800 
  0x00000199651b8f48: 0045 8865 | 104c 89ac | 2430 0100 | 0066 6666 | 0f1f 8400 | 0000 0000 

  0x00000199651b8f60: ;   {metadata('jdk/internal/loader/URLClassPath$JarLoader$2')}
  0x00000199651b8f60: 81fe 6052 | 1900 0f85 | 584c 0000 | 488b bc24 | a800 0000 

  0x00000199651b8f74: ;   {oop(a 'java/lang/Class'{0x00000000a1f83c38} = 'jdk/internal/access/SharedSecrets')}
  0x00000199651b8f74: 49ba 383c | f8a1 0000 | 0000 458b | 82c8 0000 | 0045 8b50 | 0844 8b4f | 2045 8b59 

  0x00000199651b8f90: ;   {metadata('java/util/jar/JavaUtilJarAccessImpl')}
  0x00000199651b8f90: 1841 81fa | d80d 1900 | 0f85 8e4c | 0000 6690 

  0x00000199651b8fa0: ; implicit exception: dispatches to 0x00000199651c0e40
  0x00000199651b8fa0: 418b 6b08 | 4d8b cb48 | 8d9c 2448 | 0100 0049 | 8b01 48f7 | c002 0000 | 0075 2448 | 83c8 0148 
  0x00000199651b8fc0: 8903 f049 | 0fb1 190f | 843e 0000 | 0048 2bc4 | 4881 e007 | f0ff ff48 | 8903 e92c | 0000 004c 
  0x00000199651b8fe0: 8bd0 4833 | c0f0 4d0f | b17a 3e48 | c703 0300 | 0000 0f84 | 1300 0000 | 4c3b f80f | 850a 0000 
  0x00000199651b9000: 0049 ff82 | 8600 0000 | 4833 c00f | 85a3 4c00 | 0045 3b63 | 3075 1245 | 0fb6 5312 | 0f1f 4000 
  0x00000199651b9020: 4585 d20f | 857c 1400 | 0045 3b63 | 300f 8555 | 1400 0049 | b800 40a1 | 6c99 0100 | 0048 8d84 
  0x00000199651b9040: 2448 0100 | 0048 8138 | 0000 0000 | 0f84 8300 | 0000 4d8b | 1149 f7c2 | 0200 0000 | 746f 4981 
  0x00000199651b9060: ba86 0000 | 0000 0000 | 0074 0949 | ff8a 8600 | 0000 eb51 | 498b 8296 | 0000 0049 | 0b82 8e00 
  0x00000199651b9080: 0000 750a | 49c7 423e | 0000 0000 | eb47 4981 | ba9e 0000 | 0000 0000 | 0074 2548 | 33c0 49c7 
  0x00000199651b90a0: 423e 0000 | 0000 f083 | 0424 0049 | 81ba 9e00 | 0000 0000 | 0000 750d | f04d 0fb1 | 7a3e 7505 
  0x00000199651b90c0: 83c8 01eb | 10f7 c000 | 0000 00eb | 084c 8b10 | f04d 0fb1 | 110f 8553 | 4c00 0044 | 8b57 2090 
  0x00000199651b90e0: ; implicit exception: dispatches to 0x00000199651c0eb0
  0x00000199651b90e0: 418b 6a18 

  0x00000199651b90e4: ; implicit exception: dispatches to 0x00000199651c0f20
  0x00000199651b90e4: 448b 5d08 

  0x00000199651b90e8: ;   {metadata('java/util/jar/JarFile')}
  0x00000199651b90e8: 4181 fb88 | 8018 000f | 8568 4c00 | 0048 8bdd | 8b73 2885 | f666 6690 | 0f84 2505 | 0000 8b6e 
  0x00000199651b9108: 0c41 807f | 3800 0f85 | 2016 0000 

  0x00000199651b9114: ; implicit exception: dispatches to 0x00000199651c1014
  0x00000199651b9114: 448b 5508 | 4c8b 5e20 

  0x00000199651b911c: ;   {oop(a 'java/lang/Class'{0x00000000a1fd87b0} = 'java/lang/ref/SoftReference')}
  0x00000199651b911c: 49b8 b087 | fda1 0000 | 0000 4d8b | 4070 4d3b | d80f 852c | 1300 0066 | 0f1f 8400 | 0000 0000 
  0x00000199651b913c: 6666 6690 

  0x00000199651b9140: ;   {metadata('java/util/jar/Manifest')}
  0x00000199651b9140: 4181 fa00 | 9c06 000f | 8533 7a00 | 004c 8bd5 | 4c89 5424 | 5048 897c | 2430 488b | 9424 8800 
  0x00000199651b9160: 0000 4c8b | 8424 3001 | 0000 4d8b | ca48 8bbc | 2428 0100 | 0048 8bea 

  0x00000199651b9178: ;   {optimized virtual_call}
  0x00000199651b9178: c5f8 77e8 

  0x00000199651b917c: ; ImmutableOopMap {rbp=Oop [48]=Oop [72]=Oop [80]=Oop [88]=Oop [96]=Oop [112]=Oop [136]=Oop [168]=Oop [296]=Oop [304]=Oop }
                      ;*invokevirtual getAndVerifyPackage {reexecute=0 rethrow=0 return_oop=1}
                      ; - java.net.URLClassLoader::defineClass@46 (line 492)
                      ; - java.net.URLClassLoader$1::run@43 (line 427)
                      ; - java.net.URLClassLoader$1::run@1 (line 421)
                      ; - java.security.AccessController::executePrivileged@29 (line 814)
                      ; - java.security.AccessController::doPrivileged@13 (line 712)
                      ; - java.net.URLClassLoader::findClass@13 (line 420)
                      ; - java.lang.ClassLoader::loadClass@69 (line 592)
  0x00000199651b917c: 604e 6400 | 4885 c00f | 8415 0400 | 0048 8b94 | 24a8 0000 | 004c 8b94 | 2488 0000 | 004c 8954 
  0x00000199651b919c: 2430 488b | 6c24 3090 

  0x00000199651b91a4: ;   {optimized virtual_call}
  0x00000199651b91a4: c5f8 77e8 

  0x00000199651b91a8: ; ImmutableOopMap {rbp=Oop [48]=Oop [72]=Oop [88]=Oop [96]=Oop [112]=Oop [136]=Oop [168]=Oop [296]=Oop }
                      ;*invokevirtual getByteBuffer {reexecute=0 rethrow=0 return_oop=1}
                      ; - java.net.URLClassLoader::defineClass@132 (line 511)
                      ; - java.net.URLClassLoader$1::run@43 (line 427)
                      ; - java.net.URLClassLoader$1::run@1 (line 421)
                      ; - java.security.AccessController::executePrivileged@29 (line 814)
                      ; - java.security.AccessController::doPrivileged@13 (line 712)
                      ; - java.net.URLClassLoader::findClass@13 (line 420)
                      ; - java.lang.ClassLoader::loadClass@69 (line 592)
  0x00000199651b91a8: b47f 0e00 | 4885 c00f | 85cb 4f00 | 004c 8b94 | 24a8 0000 | 0045 8b52 

  0x00000199651b91c0: ;   {metadata('jdk/internal/loader/URLClassPath$JarLoader$2')}
  0x00000199651b91c0: 0841 81fa | 6052 1900 | 0f85 9e14 | 0000 488b | 9424 a800 | 0000 4889 | 5424 7890 

  0x00000199651b91dc: ;   {optimized virtual_call}
  0x00000199651b91dc: c5f8 77e8 

  0x00000199651b91e0: ; ImmutableOopMap {rbp=Oop [72]=Oop [88]=Oop [96]=Oop [112]=Oop [120]=Oop [136]=Oop [168]=Oop [296]=Oop }
                      ;*invokevirtual getBytes {reexecute=0 rethrow=0 return_oop=1}
                      ; - java.net.URLClassLoader::defineClass@179 (line 519)
                      ; - java.net.URLClassLoader$1::run@43 (line 427)
                      ; - java.net.URLClassLoader$1::run@1 (line 421)
                      ; - java.security.AccessController::executePrivileged@29 (line 814)
                      ; - java.security.AccessController::doPrivileged@13 (line 712)
                      ; - java.net.URLClassLoader::findClass@13 (line 420)
                      ; - java.lang.ClassLoader::loadClass@69 (line 592)
  0x00000199651b91e0: fcdc 0300 | 4889 4424 | 784c 8b94 | 24a8 0000 | 0045 8b5a | 0866 6666 | 0f1f 8400 | 0000 0000 
  0x00000199651b9200: ;   {metadata('jdk/internal/loader/URLClassPath$JarLoader$2')}
  0x00000199651b9200: 4181 fb60 | 5219 000f | 8585 1400 | 0048 8b94 | 24a8 0000 | 0066 6690 

  0x00000199651b9218: ;   {optimized virtual_call}
  0x00000199651b9218: c5f8 77e8 

  0x00000199651b921c: ; ImmutableOopMap {rbp=Oop [72]=Oop [88]=Oop [96]=Oop [112]=Oop [120]=Oop [136]=Oop [168]=Oop [296]=Oop }
                      ;*invokevirtual getCodeSigners {reexecute=0 rethrow=0 return_oop=1}
                      ; - java.net.URLClassLoader::defineClass@185 (line 521)
                      ; - java.net.URLClassLoader$1::run@43 (line 427)
                      ; - java.net.URLClassLoader$1::run@1 (line 421)
                      ; - java.security.AccessController::executePrivileged@29 (line 814)
                      ; - java.security.AccessController::doPrivileged@13 (line 712)
                      ; - java.net.URLClassLoader::findClass@13 (line 420)
                      ; - java.lang.ClassLoader::loadClass@69 (line 592)
  0x00000199651b921c: 20f2 e2ff | 4889 4424 | 204c 8b94 | 24a8 0000 | 0049 8b87 | 0801 0000 | 4c8b d849 | 83c3 280f 
  0x00000199651b923c: 1f44 0000 | 4d3b 9f18 | 0100 000f | 834b 2000 | 004d 899f | 0801 0000 | 410f 0d8b | c000 0000 
  0x00000199651b925c: 48c7 0001 

  0x00000199651b9260: ;   {metadata('java/security/CodeSource')}
  0x00000199651b9260: 0000 00c7 | 4008 a0ee | 0000 4489 | 600c 4c89 | 6010 4c89 | 6018 4c89 | 6020 4c89 | 9424 8000 
  0x00000199651b9280: 0000 4889 | 8424 9800 | 0000 488b | d04c 8b84 | 2428 0100 | 004c 8b4c | 2420 6690 

  0x00000199651b929c: ;   {optimized virtual_call}
  0x00000199651b929c: c5f8 77e8 

  0x00000199651b92a0: ; ImmutableOopMap {rbp=Oop [72]=Oop [88]=Oop [96]=Oop [112]=Oop [120]=Oop [128]=Oop [136]=Oop [152]=Oop }
                      ;*invokespecial <init> {reexecute=0 rethrow=0 return_oop=0}
                      ; - java.net.URLClassLoader::defineClass@198 (line 522)
                      ; - java.net.URLClassLoader$1::run@43 (line 427)
                      ; - java.net.URLClassLoader$1::run@1 (line 421)
                      ; - java.security.AccessController::executePrivileged@29 (line 814)
                      ; - java.security.AccessController::doPrivileged@13 (line 712)
                      ; - java.net.URLClassLoader::findClass@13 (line 420)
                      ; - java.lang.ClassLoader::loadClass@69 (line 592)
  0x00000199651b92a0: 9c16 0300 

  0x00000199651b92a4: ;   {oop(a 'jdk/internal/perf/PerfCounter'{0x00000000a1f937d8})}
  0x00000199651b92a4: 48ba d837 | f9a1 0000 | 0000 4c8b | 8424 9000 | 0000 6690 

  0x00000199651b92b8: ;   {optimized virtual_call}
  0x00000199651b92b8: c5f8 77e8 

  0x00000199651b92bc: ; ImmutableOopMap {rbp=Oop [72]=Oop [88]=Oop [96]=Oop [112]=Oop [120]=Oop [128]=Oop [136]=Oop [152]=Oop }
                      ;*invokevirtual addElapsedTimeFrom {reexecute=0 rethrow=0 return_oop=0}
                      ; - java.net.URLClassLoader::defineClass@207 (line 523)
                      ; - java.net.URLClassLoader$1::run@43 (line 427)
                      ; - java.net.URLClassLoader$1::run@1 (line 421)
                      ; - java.security.AccessController::executePrivileged@29 (line 814)
                      ; - java.security.AccessController::doPrivileged@13 (line 712)
                      ; - java.net.URLClassLoader::findClass@13 (line 420)
                      ; - java.lang.ClassLoader::loadClass@69 (line 592)
  0x00000199651b92bc: 80da e8ff | 4c8b 4c24 | 7841 8b71 | 0c48 8bd5 | 4c8b 4424 | 7033 ff48 | 8b8c 2498 | 0000 0090 
  0x00000199651b92dc: ;   {optimized virtual_call}
  0x00000199651b92dc: c5f8 77e8 

  0x00000199651b92e0: ; ImmutableOopMap {rbp=Oop [72]=Oop [88]=Oop [96]=Oop [112]=Oop [128]=Oop [136]=Oop }
                      ;*invokevirtual defineClass {reexecute=0 rethrow=0 return_oop=1}
                      ; - java.net.URLClassLoader::defineClass@220 (line 524)
                      ; - java.net.URLClassLoader$1::run@43 (line 427)
                      ; - java.net.URLClassLoader$1::run@1 (line 421)
                      ; - java.security.AccessController::executePrivileged@29 (line 814)
                      ; - java.security.AccessController::doPrivileged@13 (line 712)
                      ; - java.net.URLClassLoader::findClass@13 (line 420)
                      ; - java.lang.ClassLoader::loadClass@69 (line 592)
  0x00000199651b92e0: 3ced 5000 | 488b e848 | 8bd5 6690 

  0x00000199651b92ec: ;   {static_call}
  0x00000199651b92ec: c5f8 77e8 

  0x00000199651b92f0: ; ImmutableOopMap {rbp=Oop [72]=Oop [88]=Oop [96]=Oop [112]=Oop [136]=Oop }
                      ;*invokestatic ensureMaterializedForStackWalk {reexecute=0 rethrow=0 return_oop=0}
                      ; - java.security.AccessController::executePrivileged@56 (line 822)
                      ; - java.security.AccessController::doPrivileged@13 (line 712)
                      ; - java.net.URLClassLoader::findClass@13 (line 420)
                      ; - java.lang.ClassLoader::loadClass@69 (line 592)
  0x00000199651b92f0: 4c8c d7ff | 4885 ed0f | 8511 0100 | 0049 8b87 | 0801 0000 | 4c8b d049 | 83c2 284d | 3b97 1801 
  0x00000199651b9310: 0000 0f83 | a11f 0000 | 4d89 9708 | 0100 0041 | 0f0d 8ac0 | 0000 0048 | c700 0100 

  0x00000199651b932c: ;   {metadata('java/lang/ClassNotFoundException')}
  0x00000199651b932c: 0000 c740 | 0800 2802 | 0044 8960 | 0c4c 8960 | 104c 8960 | 184c 8960 | 2048 8be8 | 488b d54c 
  0x00000199651b934c: 8b44 2470 

  0x00000199651b9350: ;   {optimized virtual_call}
  0x00000199651b9350: c5f8 77e8 

  0x00000199651b9354: ; ImmutableOopMap {rbp=Oop [96]=Oop [136]=Oop }
                      ;*invokespecial <init> {reexecute=0 rethrow=0 return_oop=0}
                      ; - java.net.URLClassLoader::findClass@41 (line 445)
                      ; - java.lang.ClassLoader::loadClass@69 (line 592)
  0x00000199651b9354: 08ab e8ff | 488d 8424 | 4001 0000 | 4c8b 5c24 | 6048 8138 | 0000 0000 | 0f84 8300 | 0000 4d8b 
  0x00000199651b9374: 1349 f7c2 | 0200 0000 | 746f 4981 | ba86 0000 | 0000 0000 | 0074 0949 | ff8a 8600 | 0000 eb51 
  0x00000199651b9394: 498b 8296 | 0000 0049 | 0b82 8e00 | 0000 750a | 49c7 423e | 0000 0000 | eb47 4981 | ba9e 0000 
  0x00000199651b93b4: 0000 0000 | 0074 2548 | 33c0 49c7 | 423e 0000 | 0000 f083 | 0424 0049 | 81ba 9e00 | 0000 0000 
  0x00000199651b93d4: 0000 750d | f04d 0fb1 | 7a3e 7505 | 83c8 01eb | 10f7 c000 | 0000 00eb | 084c 8b10 | f04d 0fb1 
  0x00000199651b93f4: 130f 85c9 | 4900 0048 | 8bd5 c5f8 | 7748 81c4 | 6001 0000 

  0x00000199651b9408: ;   {runtime_call _rethrow_Java}
  0x00000199651b9408: 5de9 721b | 80ff 4889 | 6c24 204c | 8b44 2440 | 4c2b 4424 

  0x00000199651b941c: ;   {oop(a 'jdk/internal/perf/PerfCounter'{0x00000000a1f93898})}
  0x00000199651b941c: 3848 ba98 | 38f9 a100 | 0000 0090 

  0x00000199651b9428: ;   {optimized virtual_call}
  0x00000199651b9428: c5f8 77e8 

  0x00000199651b942c: ; ImmutableOopMap {[32]=Oop [72]=Oop [96]=Oop }
                      ;*invokevirtual add {reexecute=0 rethrow=0 return_oop=0}
                      ; - jdk.internal.perf.PerfCounter::addTime@2 (line 113)
                      ; - java.lang.ClassLoader::loadClass@82 (line 595)
  0x00000199651b942c: 902b e1ff 

  0x00000199651b9430: ;   {oop(a 'jdk/internal/perf/PerfCounter'{0x00000000a1f93868})}
  0x00000199651b9430: 48ba 6838 | f9a1 0000 | 0000 4c8b | 4424 4090 

  0x00000199651b9440: ;   {optimized virtual_call}
  0x00000199651b9440: c5f8 77e8 

  0x00000199651b9444: ; ImmutableOopMap {[32]=Oop [72]=Oop [96]=Oop }
                      ;*invokevirtual addElapsedTimeFrom {reexecute=0 rethrow=0 return_oop=0}
                      ; - java.lang.ClassLoader::loadClass@90 (line 596)
  0x00000199651b9444: f8d8 e8ff | 41b8 0100 

  0x00000199651b944c: ;   {oop(a 'jdk/internal/perf/PerfCounter'{0x00000000a1f93880})}
  0x00000199651b944c: 0000 48ba | 8038 f9a1 | 0000 0000 

  0x00000199651b9458: ;   {optimized virtual_call}
  0x00000199651b9458: c5f8 77e8 

  0x00000199651b945c: ; ImmutableOopMap {[32]=Oop [72]=Oop [96]=Oop }
                      ;*invokevirtual add {reexecute=0 rethrow=0 return_oop=0}
                      ; - jdk.internal.perf.PerfCounter::increment@2 (line 106)
                      ; - java.lang.ClassLoader::loadClass@96 (line 597)
  0x00000199651b945c: 602b e1ff | 488b 5c24 | 2044 8b54 | 2428 4585 | d20f 8549 | 4c00 0048 | 8d84 2440 | 0100 004c 
  0x00000199651b947c: 8b5c 2460 | 4881 3800 | 0000 000f | 8483 0000 | 004d 8b13 | 49f7 c202 | 0000 0074 | 6f49 81ba 
  0x00000199651b949c: 8600 0000 | 0000 0000 | 7409 49ff | 8a86 0000 | 00eb 5149 | 8b82 9600 | 0000 490b | 828e 0000 
  0x00000199651b94bc: 0075 0a49 | c742 3e00 | 0000 00eb | 4749 81ba | 9e00 0000 | 0000 0000 | 7425 4833 | c049 c742 
  0x00000199651b94dc: 3e00 0000 | 00f0 8304 | 2400 4981 | ba9e 0000 | 0000 0000 | 0075 0df0 | 4d0f b17a | 3e75 0583 
  0x00000199651b94fc: c801 eb10 | f7c0 0000 | 0000 eb08 | 4c8b 10f0 | 4d0f b113 | 0f85 fa44 | 0000 488b | c3c5 f877 
  0x00000199651b951c: 4881 c460 | 0100 005d 

  0x00000199651b9524: ;   {poll_return}
  0x00000199651b9524: 493b a750 | 0300 000f | 873f 8900 | 00c3 41ba | 2f00 0000 | e9f9 f2ff | ff49 8b87 | 0801 0000 
  0x00000199651b9544: 4c8b d049 | 83c2 184d | 3b97 1801 | 0000 0f83 | 9a26 0000 | 4d89 9708 | 0100 0041 | 0f0d 8ac0 
  0x00000199651b9564: 0000 0048 | c700 0100 

  0x00000199651b956c: ;   {metadata('java/lang/String')}
  0x00000199651b956c: 0000 c740 | 08e0 e900 | 0044 8960 | 0c44 8960 

  0x00000199651b957c: ;   {oop([B{0x00000000a1f8aec0})}
  0x00000199651b957c: 10c7 4014 | c0ae f8a1 

  0x00000199651b9584: ;   {oop(".class"{0x00000000a1f8aea8})}
  0x00000199651b9584: 49ba a8ae | f8a1 0000 | 0000 458b | 5a0c 4489 | 580c 4c8b | c0e9 a1f5 

  0x00000199651b959c: ;   {metadata('java/lang/IllegalArgumentException')}
  0x00000199651b959c: ffff 48bd | 7015 0600 | 9901 0000 | 4c8b 5424 | 504d 85d2 | 0f84 dd19 | 0000 488b | 9424 8800 
  0x00000199651b95bc: 0000 4c8b | 8424 3001 | 0000 4d8b | ca48 8bbc | 2428 0100 | 0066 6690 

  0x00000199651b95d4: ;   {optimized virtual_call}
  0x00000199651b95d4: c5f8 77e8 

  0x00000199651b95d8: ; ImmutableOopMap {[48]=Oop [72]=Oop [80]=Oop [88]=Oop [96]=Oop [112]=Oop [136]=Oop [168]=Oop [296]=Oop [304]=Oop }
                      ;*invokevirtual definePackage {reexecute=0 rethrow=0 return_oop=1}
                      ; - java.net.URLClassLoader::defineClass@64 (line 495)
                      ; - java.net.URLClassLoader$1::run@43 (line 427)
                      ; - java.net.URLClassLoader$1::run@1 (line 421)
                      ; - java.security.AccessController::executePrivileged@29 (line 814)
                      ; - java.security.AccessController::doPrivileged@13 (line 712)
                      ; - java.net.URLClassLoader::findClass@13 (line 420)
                      ; - java.lang.ClassLoader::loadClass@69 (line 592)
  0x00000199651b95d8: e4c1 eff7 | 0f1f 4000 | e9a4 fbff | ff48 8944 | 2460 e9ef | ecff ff41 | b82f 0000 | 00e9 3df3 
  0x00000199651b95f8: ffff 498b | d24c 8b44 | 2450 c5f8 | 7748 b8ff | ffff ffff 

  0x00000199651b960c: ;   {virtual_call}
  0x00000199651b960c: ffff ffe8 

  0x00000199651b9610: ; ImmutableOopMap {[72]=Oop [96]=Oop }
                      ;*invokevirtual findClass {reexecute=0 rethrow=0 return_oop=1}
                      ; - java.lang.ClassLoader::loadClass@69 (line 592)
  0x00000199651b9610: 0c54 89ff | 4889 4424 | 20e9 f5fd | ffff 4c89 | 9424 3001 | 0000 e92a | f9ff ff44 | 3b63 2c0f 
  0x00000199651b9630: 84ea 0e00 | 0044 8b5b | 2c45 85db | 0f1f 4000 | 0f84 8715 | 0000 440f | b653 124d | 8bcb 4585 
  0x00000199651b9650: d20f 850e | 0100 0048 | 895c 2478 | 4889 bc24 | 9800 0000 | 4c89 4424 | 304c 8b9c | 24a8 0000 
  0x00000199651b9670: 004c 899c | 2480 0000 | 0048 8bd3 | 4d8b c148 | 8bac 2488 | 0000 0090 

  0x00000199651b9688: ;   {optimized virtual_call}
  0x00000199651b9688: c5f8 77e8 

  0x00000199651b968c: ; ImmutableOopMap {rbp=Oop [72]=Oop [88]=Oop [96]=Oop [112]=Oop [120]=Oop [128]=Oop [136]=Oop [152]=Oop [296]=Oop [304]=Oop }
                      ;*invokespecial getInputStream {reexecute=0 rethrow=0 return_oop=1}
                      ; - java.util.jar.JarFile::getManifestFromReference@130 (line 432)
                      ; - java.util.jar.JarFile::getManifest@1 (line 406)
                      ; - jdk.internal.loader.URLClassPath$JarLoader$2::getManifest@22 (line 886)
                      ; - java.net.URLClassLoader::defineClass@34 (line 491)
                      ; - java.net.URLClassLoader$1::run@43 (line 427)
                      ; - java.net.URLClassLoader$1::run@1 (line 421)
                      ; - java.security.AccessController::executePrivileged@29 (line 814)
                      ; - java.security.AccessController::doPrivileged@13 (line 712)
                      ; - java.net.URLClassLoader::findClass@13 (line 420)
                      ; - java.lang.ClassLoader::loadClass@69 (line 592)
  0x00000199651b968c: 50a9 4900 | 488b e849 | 8b87 0801 | 0000 4c8b | d049 83c2 | 184d 3b97 | 1801 0000 | 0f83 6340 
  0x00000199651b96ac: 0000 4d89 | 9708 0100 | 0041 0f0d | 8ac0 0000 | 0048 c700 | 0100 0000 

  0x00000199651b96c4: ;   {metadata('java/util/jar/Manifest')}
  0x00000199651b96c4: c740 0800 | 9c06 0044 | 8960 0c4c | 8960 104c | 8bd0 4c89 | 9424 a000 | 0000 4c8b | 5424 7845 
  0x00000199651b96e4: 8b52 144d | 8bca 488b | 9424 a000 | 0000 4c8b | c54c 8b94 | 2488 0000 | 004c 8954 | 2450 6690 
  0x00000199651b9704: ;   {optimized virtual_call}
  0x00000199651b9704: c5f8 77e8 

  0x00000199651b9708: ; ImmutableOopMap {rbp=Oop [72]=Oop [80]=Oop [88]=Oop [96]=Oop [112]=Oop [120]=Oop [128]=Oop [136]=Oop [152]=Oop [160]=Oop [296]=Oop [304]=Oop }
                      ;*invokespecial <init> {reexecute=0 rethrow=0 return_oop=0}
                      ; - java.util.jar.JarFile::getManifestFromReference@143 (line 433)
                      ; - java.util.jar.JarFile::getManifest@1 (line 406)
                      ; - jdk.internal.loader.URLClassPath$JarLoader$2::getManifest@22 (line 886)
                      ; - java.net.URLClassLoader::defineClass@34 (line 491)
                      ; - java.net.URLClassLoader$1::run@43 (line 427)
                      ; - java.net.URLClassLoader$1::run@1 (line 421)
                      ; - java.security.AccessController::executePrivileged@29 (line 814)
                      ; - java.security.AccessController::doPrivileged@13 (line 712)
                      ; - java.net.URLClassLoader::findClass@13 (line 420)
                      ; - java.lang.ClassLoader::loadClass@69 (line 592)
  0x00000199651b9708: a288 0000 | 4c8b d545 | 8b5a 0866 | 0f1f 8400 | 0000 0000 | 6666 6690 

  0x00000199651b9720: ;   {metadata('java/util/zip/ZipFile$ZipFileInflaterInputStream')}
  0x00000199651b9720: 4181 fbe8 | 911b 000f | 8578 5100 | 0049 8bd2 | 488b 6c24 | 504c 8b94 | 2480 0000 | 004c 8994 
  0x00000199651b9740: 24a8 0000 | 0066 6690 

  0x00000199651b9748: ;   {optimized virtual_call}
  0x00000199651b9748: c5f8 77e8 

  0x00000199651b974c: ; ImmutableOopMap {rbp=Oop [72]=Oop [88]=Oop [96]=Oop [112]=Oop [120]=Oop [128]=Oop [136]=Oop [152]=Oop [160]=Oop [168]=Oop [296]=Oop [304]=Oop }
                      ;*invokevirtual close {reexecute=0 rethrow=0 return_oop=0}
                      ; - java.util.jar.JarFile::getManifestFromReference@152 (line 434)
                      ; - java.util.jar.JarFile::getManifest@1 (line 406)
                      ; - jdk.internal.loader.URLClassPath$JarLoader$2::getManifest@22 (line 886)
                      ; - java.net.URLClassLoader::defineClass@34 (line 491)
                      ; - java.net.URLClassLoader$1::run@43 (line 427)
                      ; - java.net.URLClassLoader$1::run@1 (line 421)
                      ; - java.security.AccessController::executePrivileged@29 (line 814)
                      ; - java.security.AccessController::doPrivileged@13 (line 712)
                      ; - java.net.URLClassLoader::findClass@13 (line 420)
                      ; - java.lang.ClassLoader::loadClass@69 (line 592)
  0x00000199651b974c: 109a ebff | 4c8b 9424 | a000 0000 | 4c89 9424 | d800 0000 | e91c 0c00 | 004c 894c | 2450 418b 
  0x00000199651b976c: eb48 899c | 24a0 0000 | 0048 89bc | 2498 0000 | 004c 8944 | 2430 4c8b | 9424 a800 | 0000 4c89 
  0x00000199651b978c: 9424 8000 | 0000 488b | d34d 8bc1 | 4c8b 9424 | 8800 0000 | 4c89 5424 | 6866 6690 

  0x00000199651b97a8: ;   {optimized virtual_call}
  0x00000199651b97a8: c5f8 77e8 

  0x00000199651b97ac: ; ImmutableOopMap {rbp=NarrowOop [72]=Oop [80]=Oop [88]=Oop [96]=Oop [104]=Oop [112]=Oop [128]=Oop [136]=Oop [152]=Oop [160]=Oop [296]=Oop [304]=Oop }
                      ;*invokespecial getInputStream {reexecute=0 rethrow=0 return_oop=1}
                      ; - java.util.jar.JarFile::getBytes@2 (line 801)
                      ; - java.util.jar.JarFile::getManifestFromReference@44 (line 419)
                      ; - java.util.jar.JarFile::getManifest@1 (line 406)
                      ; - jdk.internal.loader.URLClassPath$JarLoader$2::getManifest@22 (line 886)
                      ; - java.net.URLClassLoader::defineClass@34 (line 491)
                      ; - java.net.URLClassLoader$1::run@43 (line 427)
                      ; - java.net.URLClassLoader$1::run@1 (line 421)
                      ; - java.security.AccessController::executePrivileged@29 (line 814)
                      ; - java.security.AccessController::doPrivileged@13 (line 712)
                      ; - java.net.URLClassLoader::findClass@13 (line 420)
                      ; - java.lang.ClassLoader::loadClass@69 (line 592)
  0x00000199651b97ac: d07b 7eff | 4889 8424 | a800 0000 | 448b dd49 | 8b6b 2090 | 4881 fd00 | 24f4 000f | 8f27 4f00 
  0x00000199651b97cc: 0044 8bd5 | 4183 faff | 0f84 320f | 0000 660f | 1f44 0000 | 4181 faff | ff00 000f | 8f44 0100 
  0x00000199651b97ec: 0041 81fa | 0000 1000 | 0f87 9b53 | 0000 4963 | ca66 6690 | 4181 fa00 | 0010 000f | 8767 3f00 
  0x00000199651b980c: 0049 8b9f | 0801 0000 | 4883 c117 | 4c8b c149 | 83e0 f84c | 8bcb 4d03 | c84d 3b8f | 1801 0000 
  0x00000199651b982c: 0f83 423f | 0000 4d89 | 8f08 0100 | 0041 0f0d | 89c0 0000 | 0048 c703 | 0100 0000 | 410f 0d89 
  0x00000199651b984c: 0001 0000 

  0x00000199651b9850: ;   {metadata({type array byte})}
  0x00000199651b9850: c743 0828 | 6700 0044 | 8953 0c41 | 0f0d 8940 | 0100 0048 | 8bfb 4883 | c710 410f | 0d89 8001 
  0x00000199651b9870: 0000 48c1 | e903 4883 | c1fe 4833 | c048 83f9 | 087f 1048 | ffc9 784f | 4889 04cf | 48ff c97d 
  0x00000199651b9890: f7eb 44c5 | fdef c0e9 | 0d00 0000 | c5fe 7f07 | c5fe 7f47 | 2048 83c7 | 4048 83e9 | 087d ed48 
  0x00000199651b98b0: 83c1 047c | 0cc5 fe7f | 0748 83c7 | 2048 83e9 | 0448 83c1 | 047e 1048 | ffc9 c5f9 | d607 4883 
  0x00000199651b98d0: c708 48ff | c97d f344 | 899c 24b0 | 0000 0041 | 8bea 4c8b | d34c 8954 | 2468 448b | dd41 8beb 
  0x00000199651b98f0: 488b 9424 | a800 0000 | 4c8b 4424 | 6845 33c9 | 418b fb4c | 8b94 2488 | 0000 004c | 8954 2478 
  0x00000199651b9910: 6690 c5f8 | 7748 b8ff | ffff ffff 

  0x00000199651b991c: ;   {virtual_call}
  0x00000199651b991c: ffff ffe8 

  0x00000199651b9920: ; ImmutableOopMap {[72]=Oop [80]=Oop [88]=Oop [96]=Oop [104]=Oop [112]=Oop [120]=Oop [128]=Oop [136]=Oop [152]=Oop [160]=Oop [168]=Oop [176]=NarrowOop [296]=Oop [304]=Oop }
                      ;*invokevirtual readNBytes {reexecute=0 rethrow=0 return_oop=0}
                      ; - java.util.jar.JarFile::getBytes@109 (line 817)
                      ; - java.util.jar.JarFile::getManifestFromReference@44 (line 419)
                      ; - java.util.jar.JarFile::getManifest@1 (line 406)
                      ; - jdk.internal.loader.URLClassPath$JarLoader$2::getManifest@22 (line 886)
                      ; - java.net.URLClassLoader::defineClass@34 (line 491)
                      ; - java.net.URLClassLoader$1::run@43 (line 427)
                      ; - java.net.URLClassLoader$1::run@1 (line 421)
                      ; - java.security.AccessController::executePrivileged@29 (line 814)
                      ; - java.security.AccessController::doPrivileged@13 (line 712)
                      ; - java.net.URLClassLoader::findClass@13 (line 420)
                      ; - java.lang.ClassLoader::loadClass@69 (line 592)
  0x00000199651b9920: 5c7d 7eff | 448b d048 | 8b44 2468 | 448b ddeb | 4244 8954 | 2478 4489 | 9c24 b000 | 0000 488b 
  0x00000199651b9940: d048 8b6c | 2468 c5f8 | 7748 b8ff | ffff ffff 

  0x00000199651b9950: ;   {virtual_call}
  0x00000199651b9950: ffff ffe8 

  0x00000199651b9954: ; ImmutableOopMap {rbp=Oop [72]=Oop [80]=Oop [88]=Oop [96]=Oop [112]=Oop [128]=Oop [136]=Oop [152]=Oop [160]=Oop [168]=Oop [176]=NarrowOop [296]=Oop [304]=Oop }
                      ;*invokevirtual readAllBytes {reexecute=0 rethrow=0 return_oop=1}
                      ; - java.util.jar.JarFile::getBytes@118 (line 819)
                      ; - java.util.jar.JarFile::getManifestFromReference@44 (line 419)
                      ; - java.util.jar.JarFile::getManifest@1 (line 406)
                      ; - jdk.internal.loader.URLClassPath$JarLoader$2::getManifest@22 (line 886)
                      ; - java.net.URLClassLoader::defineClass@34 (line 491)
                      ; - java.net.URLClassLoader$1::run@43 (line 427)
                      ; - java.net.URLClassLoader$1::run@1 (line 421)
                      ; - java.security.AccessController::executePrivileged@29 (line 814)
                      ; - java.security.AccessController::doPrivileged@13 (line 712)
                      ; - java.net.URLClassLoader::findClass@13 (line 420)
                      ; - java.lang.ClassLoader::loadClass@69 (line 592)
  0x00000199651b9954: 287d 7eff | 0f1f 8400 | 0000 0000 

  0x00000199651b9960: ; implicit exception: dispatches to 0x00000199651c105c
  0x00000199651b9960: 448b 500c | 448b 5c24 | 7841 83fb | ff0f 84a4 | 0d00 0045 | 3bda 0f85 | 204e 0000 | 4889 8424 
  0x00000199651b9980: f800 0000 | 488b 9424 | a800 0000 | 488b ac24 | 8800 0000 | 6690 c5f8 | 7748 b8ff | ffff ffff 
  0x00000199651b99a0: ;   {virtual_call}
  0x00000199651b99a0: ffff ffe8 

  0x00000199651b99a4: ; ImmutableOopMap {rbp=Oop [72]=Oop [80]=Oop [88]=Oop [96]=Oop [112]=Oop [128]=Oop [136]=Oop [152]=Oop [160]=Oop [176]=NarrowOop [248]=Oop [296]=Oop [304]=Oop }
                      ;*invokevirtual close {reexecute=0 rethrow=0 return_oop=0}
                      ; - java.util.jar.JarFile::getBytes@190 (line 826)
                      ; - java.util.jar.JarFile::getManifestFromReference@44 (line 419)
                      ; - java.util.jar.JarFile::getManifest@1 (line 406)
                      ; - jdk.internal.loader.URLClassPath$JarLoader$2::getManifest@22 (line 886)
                      ; - java.net.URLClassLoader::defineClass@34 (line 491)
                      ; - java.net.URLClassLoader$1::run@43 (line 427)
                      ; - java.net.URLClassLoader$1::run@1 (line 421)
                      ; - java.security.AccessController::executePrivileged@29 (line 814)
                      ; - java.security.AccessController::doPrivileged@13 (line 712)
                      ; - java.net.URLClassLoader::findClass@13 (line 420)
                      ; - java.lang.ClassLoader::loadClass@69 (line 592)
  0x00000199651b99a4: d87c 7eff | 4c8b 9c24 | a000 0000 | 410f b66b | 1185 ed0f | 8553 4f00 | 004c 895c | 2478 498b 
  0x00000199651b99c4: d348 8bac | 2488 0000 | 0066 6690 

  0x00000199651b99d0: ;   {optimized virtual_call}
  0x00000199651b99d0: c5f8 77e8 

  0x00000199651b99d4: ; ImmutableOopMap {rbp=Oop [72]=Oop [80]=Oop [88]=Oop [96]=Oop [112]=Oop [120]=Oop [128]=Oop [136]=Oop [152]=Oop [176]=NarrowOop [248]=Oop [296]=Oop [304]=Oop }
                      ;*invokevirtual getManifestNum {reexecute=0 rethrow=0 return_oop=0}
                      ; - java.util.zip.ZipFile$1::getManifestNum@1 (line 1119)
                      ; - java.util.jar.JarFile::getManifestFromReference@59 (line 421)
                      ; - java.util.jar.JarFile::getManifest@1 (line 406)
                      ; - jdk.internal.loader.URLClassPath$JarLoader$2::getManifest@22 (line 886)
                      ; - java.net.URLClassLoader::defineClass@34 (line 491)
                      ; - java.net.URLClassLoader$1::run@43 (line 427)
                      ; - java.net.URLClassLoader$1::run@1 (line 421)
                      ; - java.security.AccessController::executePrivileged@29 (line 814)
                      ; - java.security.AccessController::doPrivileged@13 (line 712)
                      ; - java.net.URLClassLoader::findClass@13 (line 420)
                      ; - java.lang.ClassLoader::loadClass@69 (line 592)
  0x00000199651b99d4: a879 7eff | 83f8 010f | 1f44 0000 | 0f85 764f | 0000 498b | 9f08 0100 | 004c 8bd3 | 4983 c260 
  0x00000199651b99f4: 0f1f 8400 | 0000 0000 | 6666 6690 | 4d3b 9718 | 0100 000f | 8342 3a00 | 004d 8997 | 0801 0000 
  0x00000199651b9a14: 410f 0d8a | c000 0000 | 48c7 0301 | 0000 0048 | 8bfb 4883 

  0x00000199651b9a28: ;   {metadata('java/util/jar/JarVerifier')}
  0x00000199651b9a28: c710 c743 | 0878 7518 | 0044 8963 | 0cb9 0a00 | 0000 c5fd | efc0 e90d | 0000 00c5 | fe7f 07c5 
  0x00000199651b9a48: fe7f 4720 | 4883 c740 | 4883 e908 | 7ded 4883 | c104 7c0c | c5fe 7f07 | 4883 c720 | 4883 e904 
  0x00000199651b9a68: 4883 c104 | 7e10 48ff | c9c5 f9d6 | 0748 83c7 | 0848 ffc9 | 7df3 448b | 9424 b000 | 0000 458b 
  0x00000199651b9a88: ;   {metadata('java/util/jar/JarFile$JarFileEntry')}
  0x00000199651b9a88: 5a08 4181 | fb60 b218 | 000f 8599 | 4c00 004c | 8b54 2450 | c643 0e01 | 458b 4260 | 498b 8708 
  0x00000199651b9aa8: 0100 00c6 | 430d 014c | 8bd0 4983 | c210 498b | e80f 1f80 | 0000 0000 | 4d3b 9718 | 0100 000f 
  0x00000199651b9ac8: 8378 3a00 | 004d 8997 | 0801 0000 | 410f 0d8a | c000 0000 | 48c7 0001 

  0x00000199651b9ae0: ;   {metadata('java/lang/Object')}
  0x00000199651b9ae0: 0000 00c7 | 4008 580d | 0000 4489 | 600c 488b | b424 f800 | 0000 4c8b | de44 899c | 2400 0100 
  0x00000199651b9b00: 004c 8bd0 | 4489 5334 | 4c8b d04c | 8bdb 4d33 | d349 c1ea | 144d 85d2 | 741a 49c1 | eb09 48b9 
  0x00000199651b9b20: 0040 a16c | 9901 0000 | 4903 cb80 | 3904 0f85 | 931d 0000 | 498b bf08 | 0100 004c | 8bd7 4983 
  0x00000199651b9b40: c230 4d3b | 9718 0100 | 000f 8330 | 3a00 004d | 8997 0801 | 0000 410f | 0d8a c000 | 0000 48c7 
  0x00000199651b9b60: 0701 0000 

  0x00000199651b9b64: ;   {metadata('java/util/HashMap')}
  0x00000199651b9b64: 00c7 4708 | 2036 0b00 | 4489 670c | 4c89 6710 | 4c89 6718 | 4c89 6728 | 48c7 4720 | 0000 403f 
  0x00000199651b9b84: 4180 7f38 | 000f 85a0 | 1900 004c | 8bdb 4c8b | d744 8953 | 404c 8bd7 | 4d33 d349 | c1ea 144d 
  0x00000199651b9ba4: 85d2 741e | 49c1 eb09 | 48b9 0040 | a16c 9901 | 0000 4903 | cb80 3904 | 0f1f 4000 | 0f85 9f1b 
  0x00000199651b9bc4: 0000 498b | bf08 0100 | 004c 8bd7 | 4983 c230 | 0f1f 8400 | 0000 0000 | 6666 6690 | 4d3b 9718 
  0x00000199651b9be4: 0100 000f | 83ac 3800 | 004d 8997 | 0801 0000 | 410f 0d8a | c000 0000 | 48c7 0701 

  0x00000199651b9c00: ;   {metadata('java/util/HashMap')}
  0x00000199651b9c00: 0000 00c7 | 4708 2036 | 0b00 4489 | 670c 4c89 | 6710 4c89 | 6718 4c89 | 6728 48c7 | 4720 0000 
  0x00000199651b9c20: 403f 4180 | 7f38 000f | 8561 1800 | 004c 8bdb | 4c8b d744 | 8953 444c | 8bd7 4d33 | d349 c1ea 
  0x00000199651b9c40: 144d 85d2 | 7420 49c1 | eb09 48b9 | 0040 a16c | 9901 0000 | 4903 cb80 | 3904 660f | 1f44 0000 
  0x00000199651b9c60: 0f85 551b | 0000 498b | bf08 0100 | 004c 8bd7 | 4983 c210 | 0f1f 8400 | 0000 0000 | 6666 6690 
  0x00000199651b9c80: 4d3b 9718 | 0100 000f | 8360 3800 | 004d 8997 | 0801 0000 | 410f 0d8a | c000 0000 | 48c7 0701 
  0x00000199651b9ca0: 0000 0041 | 0f0d 8a00 

  0x00000199651b9ca8: ;   {metadata('java/security/CodeSigner'[])}
  0x00000199651b9ca8: 0100 00c7 | 4708 783c | 0401 410f | 0d8a 4001 | 0000 4489 | 670c 410f | 0d8a 8001 | 0000 4180 
  0x00000199651b9cc8: 7f38 000f | 8594 1800 | 004c 8bdb | 4c8b d744 | 8953 504c | 8bd7 4d33 | d349 c1ea | 144d 85d2 
  0x00000199651b9ce8: 741f 49c1 | eb09 48b9 | 0040 a16c | 9901 0000 | 4903 cb0f | 1f44 0000 | 8039 040f | 8507 1b00 
  0x00000199651b9d08: 0041 807f | 3800 0f85 | e817 0000 | 4489 4330 | 4c8b d54c | 8bdb 4d33 | d349 c1ea | 144d 85d2 
  0x00000199651b9d28: 741f 4585 | c074 1a49 | c1eb 0948 | b900 40a1 | 6c99 0100 | 0049 03cb | 8039 040f | 8547 1e00 
  0x00000199651b9d48: 0041 807f | 3800 0f85 | 7117 0000 | 448b 9424 | 0001 0000 | 4489 532c | 4c8b d64c | 8bdb 4d33 
  0x00000199651b9d68: d349 c1ea | 144d 85d2 | 741a 49c1 | eb09 48b9 | 0040 a16c | 9901 0000 | 4903 cb80 | 3904 0f85 
  0x00000199651b9d88: e11a 0000 | 498b 8708 | 0100 004c | 8bd0 4983 | c230 660f | 1f44 0000 | 4d3b 9718 | 0100 000f 
  0x00000199651b9da8: 83bf 3600 | 004d 8997 | 0801 0000 | 410f 0d8a | c000 0000 | 48c7 0001 

  0x00000199651b9dc0: ;   {metadata('java/util/Hashtable')}
  0x00000199651b9dc0: 0000 00c7 | 4008 806f | 0100 4489 | 600c 4c89 | 6010 4c89 | 6018 4c89 | 6020 4c89 | 6028 4889 
  0x00000199651b9de0: 7424 5048 | 8beb 4c8b | d04c 8954 | 2468 498b | d266 6690 

  0x00000199651b9df4: ;   {optimized virtual_call}
  0x00000199651b9df4: c5f8 77e8 

  0x00000199651b9df8: ; ImmutableOopMap {rbp=Oop [72]=Oop [80]=Oop [88]=Oop [96]=Oop [104]=Oop [112]=Oop [120]=Oop [128]=Oop [136]=Oop [152]=Oop [296]=Oop [304]=Oop }
                      ;*invokespecial <init> {reexecute=0 rethrow=0 return_oop=0}
                      ; - java.util.jar.JarVerifier::<init>@80 (line 109)
                      ; - java.util.jar.JarFile::getManifestFromReference@78 (line 422)
                      ; - java.util.jar.JarFile::getManifest@1 (line 406)
                      ; - jdk.internal.loader.URLClassPath$JarLoader$2::getManifest@22 (line 886)
                      ; - java.net.URLClassLoader::defineClass@34 (line 491)
                      ; - java.net.URLClassLoader$1::run@43 (line 427)
                      ; - java.net.URLClassLoader$1::run@1 (line 421)
                      ; - java.security.AccessController::executePrivileged@29 (line 814)
                      ; - java.security.AccessController::doPrivileged@13 (line 712)
                      ; - java.net.URLClassLoader::findClass@13 (line 420)
                      ; - java.lang.ClassLoader::loadClass@69 (line 592)
  0x00000199651b9df8: 8475 7eff | 0f1f 4000 | 4180 7f38 | 000f 8591 | 1700 0048 | 8bdd 4c8b | d34c 8b44 | 2468 4d8b 
  0x00000199651b9e18: d84d 33da | 4489 4314 | 49c1 eb14 | 4d85 db74 | 2049 c1ea | 0948 b900 | 40a1 6c99 | 0100 0049 
  0x00000199651b9e38: 03ca 660f | 1f44 0000 | 8039 040f | 85d3 1a00 | 0049 8b87 | 0801 0000 | 4c8b d049 | 83c2 3066 
  0x00000199651b9e58: 0f1f 8400 | 0000 0000 | 4d3b 9718 | 0100 000f | 8364 3700 | 004d 8997 | 0801 0000 | 410f 0d8a 
  0x00000199651b9e78: c000 0000 | 48c7 0001 

  0x00000199651b9e80: ;   {metadata('java/util/Hashtable')}
  0x00000199651b9e80: 0000 00c7 | 4008 806f | 0100 4489 | 600c 4c89 | 6010 4c89 | 6018 4c89 | 6020 4c89 | 6028 488b 
  0x00000199651b9ea0: eb4c 8bd0 | 4c89 5424 | 6849 8bd2 

  0x00000199651b9eac: ;   {optimized virtual_call}
  0x00000199651b9eac: c5f8 77e8 

  0x00000199651b9eb0: ; ImmutableOopMap {rbp=Oop [72]=Oop [80]=Oop [88]=Oop [96]=Oop [104]=Oop [112]=Oop [120]=Oop [128]=Oop [136]=Oop [152]=Oop [296]=Oop [304]=Oop }
                      ;*invokespecial <init> {reexecute=0 rethrow=0 return_oop=0}
                      ; - java.util.jar.JarVerifier::<init>@91 (line 110)
                      ; - java.util.jar.JarFile::getManifestFromReference@78 (line 422)
                      ; - java.util.jar.JarFile::getManifest@1 (line 406)
                      ; - jdk.internal.loader.URLClassPath$JarLoader$2::getManifest@22 (line 886)
                      ; - java.net.URLClassLoader::defineClass@34 (line 491)
                      ; - java.net.URLClassLoader$1::run@43 (line 427)
                      ; - java.net.URLClassLoader$1::run@1 (line 421)
                      ; - java.security.AccessController::executePrivileged@29 (line 814)
                      ; - java.security.AccessController::doPrivileged@13 (line 712)
                      ; - java.net.URLClassLoader::findClass@13 (line 420)
                      ; - java.lang.ClassLoader::loadClass@69 (line 592)
  0x00000199651b9eb0: cc74 7eff | 4180 7f38 | 000f 8513 | 1700 0048 | 8bdd 4c8b | d34c 8b44 | 2468 4d8b | d84d 33da 
  0x00000199651b9ed0: 4489 4310 | 49c1 eb14 | 4d85 db74 | 1a49 c1ea | 0948 b900 | 40a1 6c99 | 0100 0049 | 03ca 8039 
  0x00000199651b9ef0: 040f 8570 | 1a00 0049 | 8b87 0801 | 0000 4c8b | d049 83c2 | 304d 3b97 | 1801 0000 | 0f83 e736 
  0x00000199651b9f10: 0000 4d89 | 9708 0100 | 0041 0f0d | 8ac0 0000 | 0048 c700 | 0100 0000 

  0x00000199651b9f28: ;   {metadata('java/util/Hashtable')}
  0x00000199651b9f28: c740 0880 | 6f01 0044 | 8960 0c4c | 8960 104c | 8960 184c | 8960 204c | 8960 2848 | 8beb 4c8b 
  0x00000199651b9f48: d04c 8954 | 2468 498b | d241 b80b | 0000 0090 

  0x00000199651b9f58: ;   {optimized virtual_call}
  0x00000199651b9f58: c5f8 77e8 

  0x00000199651b9f5c: ; ImmutableOopMap {rbp=Oop [72]=Oop [80]=Oop [88]=Oop [96]=Oop [104]=Oop [112]=Oop [120]=Oop [128]=Oop [136]=Oop [152]=Oop [296]=Oop [304]=Oop }
                      ;*invokespecial <init> {reexecute=0 rethrow=0 return_oop=0}
                      ; - java.util.jar.JarVerifier::<init>@104 (line 111)
                      ; - java.util.jar.JarFile::getManifestFromReference@78 (line 422)
                      ; - java.util.jar.JarFile::getManifest@1 (line 406)
                      ; - jdk.internal.loader.URLClassPath$JarLoader$2::getManifest@22 (line 886)
                      ; - java.net.URLClassLoader::defineClass@34 (line 491)
                      ; - java.net.URLClassLoader$1::run@43 (line 427)
                      ; - java.net.URLClassLoader$1::run@1 (line 421)
                      ; - java.security.AccessController::executePrivileged@29 (line 814)
                      ; - java.security.AccessController::doPrivileged@13 (line 712)
                      ; - java.net.URLClassLoader::findClass@13 (line 420)
                      ; - java.lang.ClassLoader::loadClass@69 (line 592)
  0x00000199651b9f5c: 2074 7eff | 4180 7f38 | 000f 85a1 | 1600 0048 | 8bdd 4c8b | d34c 8b44 | 2468 4d8b | d84d 33da 
  0x00000199651b9f7c: 4489 4318 | 49c1 eb14 | 4d85 db74 | 2049 c1ea | 0948 b900 | 40a1 6c99 | 0100 0049 | 03ca 660f 
  0x00000199651b9f9c: 1f44 0000 | 8039 040f | 8507 1a00 | 0049 8b87 | 0801 0000 | 4c8b d049 | 83c2 1866 | 0f1f 8400 
  0x00000199651b9fbc: 0000 0000 | 4d3b 9718 | 0100 000f | 8358 3600 | 004d 8997 | 0801 0000 | 410f 0d8a | c000 0000 
  0x00000199651b9fdc: 48c7 0001 

  0x00000199651b9fe0: ;   {metadata('java/util/ArrayList')}
  0x00000199651b9fe0: 0000 00c7 | 4008 10df | 0000 4489 | 600c 4c89 | 6010 488b | eb4c 8bd0 | 4c89 5424 | 6849 8bd2 
  0x00000199651ba000: ;   {optimized virtual_call}
  0x00000199651ba000: c5f8 77e8 

  0x00000199651ba004: ; ImmutableOopMap {rbp=Oop [72]=Oop [80]=Oop [88]=Oop [96]=Oop [104]=Oop [112]=Oop [120]=Oop [128]=Oop [136]=Oop [152]=Oop [296]=Oop [304]=Oop }
                      ;*invokespecial <init> {reexecute=0 rethrow=0 return_oop=0}
                      ; - java.util.jar.JarVerifier::<init>@115 (line 112)
                      ; - java.util.jar.JarFile::getManifestFromReference@78 (line 422)
                      ; - java.util.jar.JarFile::getManifest@1 (line 406)
                      ; - jdk.internal.loader.URLClassPath$JarLoader$2::getManifest@22 (line 886)
                      ; - java.net.URLClassLoader::defineClass@34 (line 491)
                      ; - java.net.URLClassLoader$1::run@43 (line 427)
                      ; - java.net.URLClassLoader$1::run@1 (line 421)
                      ; - java.security.AccessController::executePrivileged@29 (line 814)
                      ; - java.security.AccessController::doPrivileged@13 (line 712)
                      ; - java.net.URLClassLoader::findClass@13 (line 420)
                      ; - java.lang.ClassLoader::loadClass@69 (line 592)
  0x00000199651ba004: 7873 7eff | 4180 7f38 | 000f 8532 | 1600 0048 | 8bdd 4c8b | d34c 8b44 | 2468 4d8b | d84d 33da 
  0x00000199651ba024: 4489 431c | 49c1 eb14 | 4d85 db74 | 1a49 c1ea | 0948 b900 | 40a1 6c99 | 0100 0049 | 03ca 8039 
  0x00000199651ba044: 040f 85bc | 1900 0049 | 8b87 0801 | 0000 4c8b | d049 83c2 | 180f 1f80 | 0000 0000 | 4d3b 9718 
  0x00000199651ba064: 0100 000f | 83e0 3500 | 004d 8997 | 0801 0000 | 410f 0d8a | c000 0000 | 48c7 0001 

  0x00000199651ba080: ;   {metadata('java/io/ByteArrayOutputStream')}
  0x00000199651ba080: 0000 00c7 | 4008 e801 | 1900 4489 | 600c 4c89 | 6010 488b | eb4c 8bd0 | 4c89 5424 | 6849 8bd2 
  0x00000199651ba0a0: ;   {optimized virtual_call}
  0x00000199651ba0a0: c5f8 77e8 

  0x00000199651ba0a4: ; ImmutableOopMap {rbp=Oop [72]=Oop [80]=Oop [88]=Oop [96]=Oop [104]=Oop [112]=Oop [120]=Oop [128]=Oop [136]=Oop [152]=Oop [296]=Oop [304]=Oop }
                      ;*invokespecial <init> {reexecute=0 rethrow=0 return_oop=0}
                      ; - java.util.jar.JarVerifier::<init>@126 (line 113)
                      ; - java.util.jar.JarFile::getManifestFromReference@78 (line 422)
                      ; - java.util.jar.JarFile::getManifest@1 (line 406)
                      ; - jdk.internal.loader.URLClassPath$JarLoader$2::getManifest@22 (line 886)
                      ; - java.net.URLClassLoader::defineClass@34 (line 491)
                      ; - java.net.URLClassLoader$1::run@43 (line 427)
                      ; - java.net.URLClassLoader$1::run@1 (line 421)
                      ; - java.security.AccessController::executePrivileged@29 (line 814)
                      ; - java.security.AccessController::doPrivileged@13 (line 712)
                      ; - java.net.URLClassLoader::findClass@13 (line 420)
                      ; - java.lang.ClassLoader::loadClass@69 (line 592)
  0x00000199651ba0a4: d872 7eff | 4180 7f38 | 000f 85cc | 1500 0048 | 8bdd 4c8b | d34c 8b44 | 2468 4d8b | d84d 33da 
  0x00000199651ba0c4: 4489 4324 | 49c1 eb14 | 4d85 db74 | 1a49 c1ea | 0948 b900 | 40a1 6c99 | 0100 0049 | 03ca 8039 
  0x00000199651ba0e4: 040f 8565 | 1900 0049 | 8b87 0801 | 0000 4c8b | d049 83c2 | 180f 1f80 | 0000 0000 | 4d3b 9718 
  0x00000199651ba104: 0100 000f | 8368 3500 | 004d 8997 | 0801 0000 | 410f 0d8a | c000 0000 | 48c7 0001 

  0x00000199651ba120: ;   {metadata('java/util/ArrayList')}
  0x00000199651ba120: 0000 00c7 | 4008 10df | 0000 4489 | 600c 4c89 | 6010 488b | eb4c 8bd0 | 4c89 5424 | 6849 8bd2 
  0x00000199651ba140: ;   {optimized virtual_call}
  0x00000199651ba140: c5f8 77e8 

  0x00000199651ba144: ; ImmutableOopMap {rbp=Oop [72]=Oop [80]=Oop [88]=Oop [96]=Oop [104]=Oop [112]=Oop [120]=Oop [128]=Oop [136]=Oop [152]=Oop [296]=Oop [304]=Oop }
                      ;*invokespecial <init> {reexecute=0 rethrow=0 return_oop=0}
                      ; - java.util.jar.JarVerifier::<init>@137 (line 114)
                      ; - java.util.jar.JarFile::getManifestFromReference@78 (line 422)
                      ; - java.util.jar.JarFile::getManifest@1 (line 406)
                      ; - jdk.internal.loader.URLClassPath$JarLoader$2::getManifest@22 (line 886)
                      ; - java.net.URLClassLoader::defineClass@34 (line 491)
                      ; - java.net.URLClassLoader$1::run@43 (line 427)
                      ; - java.net.URLClassLoader$1::run@1 (line 421)
                      ; - java.security.AccessController::executePrivileged@29 (line 814)
                      ; - java.security.AccessController::doPrivileged@13 (line 712)
                      ; - java.net.URLClassLoader::findClass@13 (line 420)
                      ; - java.lang.ClassLoader::loadClass@69 (line 592)
  0x00000199651ba144: 3872 7eff | 4180 7f38 | 000f 8562 | 1500 0048 | 8bdd 4c8b | d34c 8b44 | 2468 4d8b | d84d 33da 
  0x00000199651ba164: 4489 4338 | 49c1 eb14 | 4d85 db74 | 1a49 c1ea | 0948 b900 | 40a1 6c99 | 0100 0049 | 03ca 8039 
  0x00000199651ba184: 040f 851c | 1900 0049 | 8b87 0801 | 0000 4c8b | d049 83c2 | 300f 1f80 | 0000 0000 | 4d3b 9718 
  0x00000199651ba1a4: 0100 000f | 83f0 3400 | 004d 8997 | 0801 0000 | 410f 0d8a | c000 0000 | 48c7 0001 

  0x00000199651ba1c0: ;   {metadata('java/util/HashMap')}
  0x00000199651ba1c0: 0000 00c7 | 4008 2036 | 0b00 4489 | 600c 4c89 | 6010 4c89 | 6018 4c89 | 6020 4c89 | 6028 488b 
  0x00000199651ba1e0: eb4c 8bd0 | 4c89 5424 | 6849 8bd2 

  0x00000199651ba1ec: ;   {optimized virtual_call}
  0x00000199651ba1ec: c5f8 77e8 

  0x00000199651ba1f0: ; ImmutableOopMap {rbp=Oop [72]=Oop [80]=Oop [88]=Oop [96]=Oop [104]=Oop [112]=Oop [120]=Oop [128]=Oop [136]=Oop [152]=Oop [296]=Oop [304]=Oop }
                      ;*invokespecial <init> {reexecute=0 rethrow=0 return_oop=0}
                      ; - java.util.jar.JarVerifier::<init>@148 (line 115)
                      ; - java.util.jar.JarFile::getManifestFromReference@78 (line 422)
                      ; - java.util.jar.JarFile::getManifest@1 (line 406)
                      ; - jdk.internal.loader.URLClassPath$JarLoader$2::getManifest@22 (line 886)
                      ; - java.net.URLClassLoader::defineClass@34 (line 491)
                      ; - java.net.URLClassLoader$1::run@43 (line 427)
                      ; - java.net.URLClassLoader$1::run@1 (line 421)
                      ; - java.security.AccessController::executePrivileged@29 (line 814)
                      ; - java.security.AccessController::doPrivileged@13 (line 712)
                      ; - java.net.URLClassLoader::findClass@13 (line 420)
                      ; - java.lang.ClassLoader::loadClass@69 (line 592)
  0x00000199651ba1f0: 8c71 7eff | 4180 7f38 | 000f 852d | 1500 0048 | 8bdd 4c8b | d34c 8b44 | 2468 4d8b | d84d 33da 
  0x00000199651ba210: 4489 433c | 49c1 eb14 | 488b fb0f | 1f44 0000 | 4d85 db74 | 1a49 c1ea | 0948 b900 | 40a1 6c99 
  0x00000199651ba230: 0100 0049 | 03ca 8039 | 040f 8508 | 1900 0090 | 4180 7f38 | 000f 85a4 | 1400 0048 | 8b74 2478 
  0x00000199651ba250: 897e 304c | 8bd3 4c8b | de4d 33d3 | 49c1 ea14 | 4d85 d274 | 1a49 c1eb | 0948 b900 | 40a1 6c99 
  0x00000199651ba270: 0100 0049 | 03cb 8039 | 040f 8571 | 1800 0049 | 8b87 0801 | 0000 4c8b | d049 83c2 | 184d 3b97 
  0x00000199651ba290: 1801 0000 | 0f83 2b34 | 0000 4d89 | 9708 0100 | 0041 0f0d | 8ac0 0000 | 0048 c700 | 0100 0000 
  0x00000199651ba2b0: ;   {metadata('java/util/jar/Manifest')}
  0x00000199651ba2b0: c740 0800 | 9c06 0044 | 8960 0c4c | 8960 104c | 8bd8 8b6e | 3049 8b87 | 0801 0000 | 4c8b d049 
  0x00000199651ba2d0: 83c2 2066 | 0f1f 8400 | 0000 0000 | 6666 6690 | 4d3b 9718 | 0100 000f | 8303 3400 | 004d 8997 
  0x00000199651ba2f0: 0801 0000 | 410f 0d8a | c000 0000 | 48c7 0001 

  0x00000199651ba300: ;   {metadata('java/io/ByteArrayInputStream')}
  0x00000199651ba300: 0000 00c7 | 4008 c0a2 | 0100 4489 | 600c 4c89 | 6010 4c89 | 6018 4889 | 7424 784c | 895c 2468 
  0x00000199651ba320: 4c8b d04c | 8994 24a0 | 0000 0049 | 8bd2 4c8b | 4424 504c | 8b94 2488 | 0000 004c | 8954 2450 
  0x00000199651ba340: ;   {optimized virtual_call}
  0x00000199651ba340: c5f8 77e8 

  0x00000199651ba344: ; ImmutableOopMap {rbp=NarrowOop [72]=Oop [80]=Oop [88]=Oop [96]=Oop [104]=Oop [112]=Oop [120]=Oop [128]=Oop [136]=Oop [152]=Oop [160]=Oop [296]=Oop [304]=Oop }
                      ;*invokespecial <init> {reexecute=0 rethrow=0 return_oop=0}
                      ; - java.util.jar.JarFile::getManifestFromReference@114 (line 430)
                      ; - java.util.jar.JarFile::getManifest@1 (line 406)
                      ; - jdk.internal.loader.URLClassPath$JarLoader$2::getManifest@22 (line 886)
                      ; - java.net.URLClassLoader::defineClass@34 (line 491)
                      ; - java.net.URLClassLoader$1::run@43 (line 427)
                      ; - java.net.URLClassLoader$1::run@1 (line 421)
                      ; - java.security.AccessController::executePrivileged@29 (line 814)
                      ; - java.security.AccessController::doPrivileged@13 (line 712)
                      ; - java.net.URLClassLoader::findClass@13 (line 420)
                      ; - java.lang.ClassLoader::loadClass@69 (line 592)
  0x00000199651ba344: 3870 7eff | 4c8b 5424 | 7845 8b52 | 144c 8bc5 | 498b fa48 | 8b54 2468 | 4c8b 8c24 | a000 0000 
  0x00000199651ba364: 488b 6c24 | 5066 6690 

  0x00000199651ba36c: ;   {optimized virtual_call}
  0x00000199651ba36c: c5f8 77e8 

  0x00000199651ba370: ; ImmutableOopMap {rbp=Oop [72]=Oop [88]=Oop [96]=Oop [104]=Oop [112]=Oop [120]=Oop [128]=Oop [136]=Oop [152]=Oop [296]=Oop [304]=Oop }
                      ;*invokespecial <init> {reexecute=0 rethrow=0 return_oop=0}
                      ; - java.util.jar.JarFile::getManifestFromReference@121 (line 430)
                      ; - java.util.jar.JarFile::getManifest@1 (line 406)
                      ; - jdk.internal.loader.URLClassPath$JarLoader$2::getManifest@22 (line 886)
                      ; - java.net.URLClassLoader::defineClass@34 (line 491)
                      ; - java.net.URLClassLoader$1::run@43 (line 427)
                      ; - java.net.URLClassLoader$1::run@1 (line 421)
                      ; - java.security.AccessController::executePrivileged@29 (line 814)
                      ; - java.security.AccessController::doPrivileged@13 (line 712)
                      ; - java.net.URLClassLoader::findClass@13 (line 420)
                      ; - java.lang.ClassLoader::loadClass@69 (line 592)
  0x00000199651ba370: 0c70 7eff | 4c8b 5424 | 684c 8994 | 24d8 0000 | 0049 8b87 | 0801 0000 | 4c8b d049 | 83c2 284d 
  0x00000199651ba390: 3b97 1801 | 0000 0f83 | 0930 0000 | 4d89 9708 | 0100 0041 | 0f0d 8ac0 | 0000 0048 | c700 0100 
  0x00000199651ba3b0: ;   {metadata('java/lang/ref/SoftReference')}
  0x00000199651ba3b0: 0000 c740 | 08b0 6304 | 0044 8960 | 0c4c 8960 | 104c 8960 | 184c 8960 | 204c 8bd0 | 498b ea49 
  0x00000199651ba3d0: 8bd2 4c8b | 8424 d800 | 0000 4c8b | 9424 8800 | 0000 4c89 | 5424 5090 

  0x00000199651ba3e8: ;   {optimized virtual_call}
  0x00000199651ba3e8: c5f8 77e8 

  0x00000199651ba3ec: ; ImmutableOopMap {rbp=Oop [72]=Oop [80]=Oop [88]=Oop [96]=Oop [112]=Oop [120]=Oop [128]=Oop [136]=Oop [152]=Oop [216]=Oop [296]=Oop [304]=Oop }
                      ;*invokespecial <init> {reexecute=0 rethrow=0 return_oop=0}
                      ; - java.util.jar.JarFile::getManifestFromReference@189 (line 436)
                      ; - java.util.jar.JarFile::getManifest@1 (line 406)
                      ; - jdk.internal.loader.URLClassPath$JarLoader$2::getManifest@22 (line 886)
                      ; - java.net.URLClassLoader::defineClass@34 (line 491)
                      ; - java.net.URLClassLoader$1::run@43 (line 427)
                      ; - java.net.URLClassLoader$1::run@1 (line 421)
                      ; - java.security.AccessController::executePrivileged@29 (line 814)
                      ; - java.security.AccessController::doPrivileged@13 (line 712)
                      ; - java.net.URLClassLoader::findClass@13 (line 420)
                      ; - java.lang.ClassLoader::loadClass@69 (line 592)
  0x00000199651ba3ec: d00c 1a00 | 4180 7f38 | 000f 85f2 | 0f00 0048 | 8b5c 2478 | 4c8b d34c | 8bc5 4d8b | d844 895b 
  0x00000199651ba40c: 284d 8bd8 | 4d33 da49 | c1eb 144d | 85db 7416 | 49c1 ea09 | 4c8b 4424 | 304d 03c2 | 4180 3804 
  0x00000199651ba42c: 0f85 f30f | 0000 4c8b | 9c24 8000 | 0000 4c89 | 9c24 a800 | 0000 488b | bc24 9800 | 0000 4c8b 
  0x00000199651ba44c: 9424 d800 | 0000 e9f9 | ecff ff45 | 8bda e9e6 | e8ff ff4c | 8946 20e9 | cbec ffff | 33db e9e4 
  0x00000199651ba46c: e0ff ff33 | ed45 33d2 | 4c89 5424 | 20e9 36e2 | ffff 4889 | 5424 60e9 | 56de ffff | 450f b643 
  0x00000199651ba48c: 1145 85c0 | 0f84 d103 | 0000 49b8 | 0040 a16c | 9901 0000 | e998 ebff | ff4c 894c | 2430 4489 
  0x00000199651ba4ac: 9c24 a000 | 0000 4889 | bc24 9800 | 0000 4c8b | 9424 a800 | 0000 4c89 | 9424 8000 | 0000 498b 
  0x00000199651ba4cc: d141 b801 | 0000 004c | 8b94 2488 | 0000 004c | 8954 2450 

  0x00000199651ba4e0: ;   {optimized virtual_call}
  0x00000199651ba4e0: c5f8 77e8 

  0x00000199651ba4e4: ; ImmutableOopMap {[48]=Oop [72]=Oop [80]=Oop [88]=Oop [96]=Oop [104]=Oop [112]=Oop [128]=Oop [136]=Oop [152]=Oop [160]=NarrowOop [296]=Oop [304]=Oop }
                      ;*invokevirtual getManifestName {reexecute=0 rethrow=0 return_oop=1}
                      ; - java.util.zip.ZipFile$1::getManifestName@2 (line 1123)
                      ; - java.util.jar.JarFile::maybeInstantiateVerifier@20 (line 723)
                      ; - java.util.jar.JarFile::ensureInitialization@1 (line 1031)
                      ; - java.util.jar.JavaUtilJarAccessImpl::ensureInitialization@1 (line 72)
                      ; - jdk.internal.loader.URLClassPath$JarLoader$2::getManifest@10 (line 885)
                      ; - java.net.URLClassLoader::defineClass@34 (line 491)
                      ; - java.net.URLClassLoader$1::run@43 (line 427)
                      ; - java.net.URLClassLoader$1::run@1 (line 421)
                      ; - java.security.AccessController::executePrivileged@29 (line 814)
                      ; - java.security.AccessController::doPrivileged@13 (line 712)
                      ; - java.net.URLClassLoader::findClass@13 (line 420)
                      ; - java.lang.ClassLoader::loadClass@69 (line 592)
  0x00000199651ba4e4: 98fe d0f7 | 4885 c00f | 851c 0b00 | 0044 8b9c | 24a0 0000 | 0045 8863 | 124c 8b94 | 2480 0000 
  0x00000199651ba504: 004c 8994 | 24a8 0000 | 0048 8bbc | 2498 0000 | 004c 8b4c | 2430 e90a | ebff ff48 | 899c 2498 
  0x00000199651ba524: 0000 0048 | 897c 2478 | 498b e84c | 8b94 24a8 | 0000 004c | 8994 2480 | 0000 0048 | 8bd3 4533 
  0x00000199651ba544: c04c 8b94 | 2488 0000 | 004c 8954 | 2430 6690 

  0x00000199651ba554: ;   {optimized virtual_call}
  0x00000199651ba554: c5f8 77e8 

  0x00000199651ba558: ; ImmutableOopMap {[48]=Oop [72]=Oop [88]=Oop [96]=Oop [112]=Oop [120]=Oop [128]=Oop [136]=Oop [152]=Oop [296]=Oop [304]=Oop }
                      ;*invokevirtual getManifestName {reexecute=0 rethrow=0 return_oop=1}
                      ; - java.util.zip.ZipFile$1::getManifestName@2 (line 1123)
                      ; - java.util.jar.JarFile::getManEntry@12 (line 942)
                      ; - java.util.jar.JarFile::getManifestFromReference@27 (line 414)
                      ; - java.util.jar.JarFile::getManifest@1 (line 406)
                      ; - jdk.internal.loader.URLClassPath$JarLoader$2::getManifest@22 (line 886)
                      ; - java.net.URLClassLoader::defineClass@34 (line 491)
                      ; - java.net.URLClassLoader$1::run@43 (line 427)
                      ; - java.net.URLClassLoader$1::run@1 (line 421)
                      ; - java.security.AccessController::executePrivileged@29 (line 814)
                      ; - java.security.AccessController::doPrivileged@13 (line 712)
                      ; - java.net.URLClassLoader::findClass@13 (line 420)
                      ; - java.lang.ClassLoader::loadClass@69 (line 592)
  0x00000199651ba558: 246e 7eff | 0f1f 4000 | 4885 c00f | 84d4 0300 | 0048 8b94 | 2498 0000 | 004c 8bc0 

  0x00000199651ba574: ;   {optimized virtual_call}
  0x00000199651ba574: c5f8 77e8 

  0x00000199651ba578: ; ImmutableOopMap {[48]=Oop [72]=Oop [88]=Oop [96]=Oop [112]=Oop [120]=Oop [128]=Oop [136]=Oop [152]=Oop [296]=Oop [304]=Oop }
                      ;*invokespecial getEntry {reexecute=0 rethrow=0 return_oop=1}
                      ; - java.util.jar.JarFile::getManEntry@25 (line 944)
                      ; - java.util.jar.JarFile::getManifestFromReference@27 (line 414)
                      ; - java.util.jar.JarFile::getManifest@1 (line 406)
                      ; - jdk.internal.loader.URLClassPath$JarLoader$2::getManifest@22 (line 886)
                      ; - java.net.URLClassLoader::defineClass@34 (line 491)
                      ; - java.net.URLClassLoader$1::run@43 (line 427)
                      ; - java.net.URLClassLoader$1::run@1 (line 421)
                      ; - java.security.AccessController::executePrivileged@29 (line 814)
                      ; - java.security.AccessController::doPrivileged@13 (line 712)
                      ; - java.net.URLClassLoader::findClass@13 (line 420)
                      ; - java.lang.ClassLoader::loadClass@69 (line 592)
  0x00000199651ba578: 046e 7eff | 488b f890 

  0x00000199651ba580: ; implicit exception: dispatches to 0x00000199651c1128
  0x00000199651ba580: 448b 5008 | 49bb 0000 | 0000 9901 | 0000 4d03 | da4d 8b53 

  0x00000199651ba594: ;   {metadata('java/util/jar/JarEntry')}
  0x00000199651ba594: 4049 bb68 | af18 0099 | 0100 0090 | 4d3b d30f | 857e 5500 | 0041 807f | 3800 0f85 | 112e 0000 
  0x00000199651ba5b4: 488b 9c24 | 9800 0000 | 4c8b d34c | 8bc7 4489 | 432c 4c8b | df4d 33da | 49c1 eb14 | 4d85 db74 
  0x00000199651ba5d4: 1a49 c1ea | 0948 b900 | 40a1 6c99 | 0100 0049 | 03ca 8039 | 040f 8516 | 2e00 004c | 8b94 2480 
  0x00000199651ba5f4: 0000 004c | 8994 24a8 | 0000 004c | 8bc5 488b | 7c24 78e9 | 29f0 ffff | 8974 2450 | 4489 5c24 
  0x00000199651ba614: 2c4c 8954 | 2430 488b | 6c24 7049 | 8bd2 4c8b | 9424 8800 | 0000 4c89 | 5424 7066 | 6690 c5f8 
  0x00000199651ba634: 7748 b8ff | ffff ffff 

  0x00000199651ba63c: ;   {virtual_call}
  0x00000199651ba63c: ffff ffe8 

  0x00000199651ba640: ; ImmutableOopMap {rbp=Oop [48]=Oop [72]=Oop [88]=Oop [96]=Oop [104]=Oop [112]=Oop [136]=Oop }
                      ;*invokevirtual getCodeSourceURL {reexecute=0 rethrow=0 return_oop=1}
                      ; - java.net.URLClassLoader::defineClass@13 (line 487)
                      ; - java.net.URLClassLoader$1::run@43 (line 427)
                      ; - java.net.URLClassLoader$1::run@1 (line 421)
                      ; - java.security.AccessController::executePrivileged@29 (line 814)
                      ; - java.security.AccessController::doPrivileged@13 (line 712)
                      ; - java.net.URLClassLoader::findClass@13 (line 420)
                      ; - java.lang.ClassLoader::loadClass@69 (line 592)
  0x00000199651ba640: 3c70 7eff | 4889 8424 | 2801 0000 | 4889 6c24 | 704c 8b54 | 2430 4c89 | 9424 a800 | 0000 448b 
  0x00000199651ba660: 5c24 2c8b | 7424 50e9 | 07e7 ffff | 488b 9424 | a800 0000 | 6690 c5f8 | 7748 b8ff | ffff ffff 
  0x00000199651ba680: ;   {virtual_call}
  0x00000199651ba680: ffff ffe8 

  0x00000199651ba684: ; ImmutableOopMap {rbp=Oop [72]=Oop [88]=Oop [96]=Oop [112]=Oop [136]=Oop [168]=Oop [296]=Oop }
                      ;*invokevirtual getBytes {reexecute=0 rethrow=0 return_oop=1}
                      ; - java.net.URLClassLoader::defineClass@179 (line 519)
                      ; - java.net.URLClassLoader$1::run@43 (line 427)
                      ; - java.net.URLClassLoader$1::run@1 (line 421)
                      ; - java.security.AccessController::executePrivileged@29 (line 814)
                      ; - java.security.AccessController::doPrivileged@13 (line 712)
                      ; - java.net.URLClassLoader::findClass@13 (line 420)
                      ; - java.lang.ClassLoader::loadClass@69 (line 592)
  0x00000199651ba684: f86f 7eff | 4889 4424 | 78e9 57eb | ffff 6666 | 0f1f 8400 | 0000 0000 | 6666 6690 

  0x00000199651ba6a0: ;   {metadata('jdk/internal/loader/URLClassPath$FileLoader$1')}
  0x00000199651ba6a0: 4181 fbd0 | 273e 010f | 8480 ebff | ffba c6ff | ffff 448b | 5c24 2844 | 895c 2420 | 4c8b 5c24 
  0x00000199651ba6c0: 384c 895c | 2430 4c8b | 5c24 404c | 895c 2438 | 4c8b 5c24 | 604c 895c | 2440 4c8b | 5c24 584c 
  0x00000199651ba6e0: 895c 2450 | 4c8b 5c24 | 704c 895c | 2460 4c89 | 5c24 684c | 8b9c 2490 | 0000 004c | 899c 2488 
  0x00000199651ba700: 0000 0090 

  0x00000199651ba704: ;   {runtime_call UncommonTrapBlob}
  0x00000199651ba704: c5f8 77e8 

  0x00000199651ba708: ; ImmutableOopMap {rbp=Oop [64]=Oop [80]=Oop [96]=Oop [104]=Oop [120]=Oop [168]=Oop [296]=Oop }
                      ;*invokevirtual getCodeSigners {reexecute=0 rethrow=0 return_oop=0}
                      ; - java.net.URLClassLoader::defineClass@185 (line 521)
                      ; - java.net.URLClassLoader$1::run@43 (line 427)
                      ; - java.net.URLClassLoader$1::run@1 (line 421)
                      ; - java.security.AccessController::executePrivileged@29 (line 814)
                      ; - java.security.AccessController::doPrivileged@13 (line 712)
                      ; - java.net.URLClassLoader::findClass@13 (line 420)
                      ; - java.lang.ClassLoader::loadClass@69 (line 592)
  0x00000199651ba708: f4c1 7eff | 41ba ffff | ffff e91a | f2ff ff48 | 8984 24f8 | 0000 0090 | e95f f2ff 

  0x00000199651ba724: ;   {oop(""{0x00000000a1f09e20})}
  0x00000199651ba724: ff49 bd20 | 9ef0 a100 | 0000 00e9 | 19e8 ffff | 85ed 0f84 | d8e9 ffff | 4d8b 5720 | 488b cd4d 
  0x00000199651ba744: 85d2 0f84 | dc3a 0000 | 4d8b 5f30 | 4b89 4c13 | f849 83c2 | f84d 8957 | 2066 6690 | e9af e9ff 
  0x00000199651ba764: ffc4 e1f9 | 6ec1 4c89 | 6c24 3089 | 7424 2c4c | 63c5 4d8b | c849 83c1 | 1049 8bc9 | 4883 e1f8 
  0x00000199651ba784: 498b fe48 | 03f9 49c1 | e903 4d2b | d149 8bca | 4833 c048 | 83f9 087f | 1048 ffc9 | 784f 4889 
  0x00000199651ba7a4: 04cf 48ff | c97d f7eb | 44c5 f5ef | c9e9 0d00 | 0000 c5fe | 7f0f c5fe | 7f4f 2048 | 83c7 4048 
  0x00000199651ba7c4: 83e9 087d | ed48 83c1 | 047c 0cc5 | fe7f 0f48 | 83c7 2048 | 83e9 0448 | 83c1 047e | 1048 ffc9 
  0x00000199651ba7e4: c5f9 d60f | 4883 c708 | 48ff c97d | f3c4 e1f9 | 7ec1 6666 | 0f1f 8400 | 0000 0000 | c5f8 7749 
  0x00000199651ba804: ba60 7f98 | 6499 0100 | 0041 ffd2 | 8b74 242c | 4c8b 6c24 | 30e9 f2e6 | ffff 4d8b | 5740 4d8b 
  0x00000199651ba824: 5f50 f083 | 4424 c000 | 8039 000f | 8414 e7ff | ff44 8821 | 4d85 d275 | 1849 8bd7 | c5f8 7749 
  0x00000199651ba844: baa0 cf12 | 30fc 7f00 | 0041 ffd2 | e9f4 e6ff | ff4b 894c | 13f8 4983 | c2f8 4d89 | 5740 e9e2 
  0x00000199651ba864: e6ff ff4c | 894c 2430 | 4489 9c24 | a000 0000 | 4889 bc24 | 9800 0000 | 4c8b 9424 | a800 0000 
  0x00000199651ba884: 4c89 9424 | 8000 0000 | 4c8b 5424 | 6845 8b52 | 4444 8994 | 24a4 0000 | 0066 6690 | 4585 d20f 
  0x00000199651ba8a4: 848f 2a00 | 0045 8b5a | 1444 899c | 24a8 0000 | 0045 8b53 | 0c44 8994 | 24ac 0000 | 0045 8bda 
  0x00000199651ba8c4: 41ff cb45 | 8bd3 4181 | e28e 0c91 | c344 8994 | 24b0 0000 | 0044 8b9c | 24ac 0000 | 0045 85db 
  0x00000199651ba8e4: 0f86 5257 | 0000 448b | 9424 a800 | 0000 448b | 8424 b000 | 0000 478b | 4c82 1044 | 8b94 24a4 
  0x00000199651ba904: 0000 004c | 8954 2450 | 448b 9c24 | a800 0000 | 498b eb45 | 85c9 660f | 1f44 0000 | 0f84 510b 
  0x00000199651ba924: 0000 498b | d949 ba00 | 40a1 6c99 | 0100 004c | 8994 24f8 | 0000 00eb | 3e4c 8b94 | 2480 0000 
  0x00000199651ba944: 004c 8994 | 24a8 0000 | 004c 8bc5 | 488b 7c24 | 7848 8b9c | 2498 0000 | 0066 6690 | e9d0 ecff 
  0x00000199651ba964: ff66 6666 | 0f1f 8400 | 0000 0000 | 498b d944 | 8984 24b0 | 0000 0044 | 8b5b 0c90 

  0x00000199651ba980: ;   {oop(a 'java/lang/ThreadLocal'{0x00000000a1ecd590})}
  0x00000199651ba980: 4181 fb90 | d5ec a10f | 8448 0200 | 0044 8b53 | 0c45 85d2 | 0f84 2b53 | 0000 448b | 9424 b000 
  0x00000199651ba9a0: 0000 41ff | c244 3b94 | 24ac 0000 | 000f 8dd5 | 0800 0045 | 8bc2 6666 | 0f1f 8400 | 0000 0000 
  0x00000199651ba9c0: 443b 8424 | ac00 0000 | 0f83 c651 | 0000 448b | 9424 a800 | 0000 478b | 4c82 104d | 8b9f 5803 
  0x00000199651ba9e0: ; ImmutableOopMap {r9=NarrowOop rbp=Oop [48]=Oop [72]=Oop [80]=Oop [88]=Oop [96]=Oop [104]=Oop [112]=Oop [128]=Oop [136]=Oop [152]=Oop [160]=NarrowOop [164]=NarrowOop [168]=NarrowOop [296]=Oop [304]=Oop }
                      ;*goto {reexecute=1 rethrow=0 return_oop=0}
                      ; - (reexecute) java.lang.ThreadLocal$ThreadLocalMap::set@79 (line 486)
                      ; - java.lang.ThreadLocal::set@17 (line 222)
                      ; - java.util.jar.JarFile::ensureInitialization@37 (line 1036)
                      ; - java.util.jar.JavaUtilJarAccessImpl::ensureInitialization@1 (line 72)
                      ; - jdk.internal.loader.URLClassPath$JarLoader$2::getManifest@10 (line 885)
                      ; - java.net.URLClassLoader::defineClass@34 (line 491)
                      ; - java.net.URLClassLoader$1::run@43 (line 427)
                      ; - java.net.URLClassLoader$1::run@1 (line 421)
                      ; - java.security.AccessController::executePrivileged@29 (line 814)
                      ; - java.security.AccessController::doPrivileged@13 (line 712)
                      ; - java.net.URLClassLoader::findClass@13 (line 420)
                      ; - java.lang.ClassLoader::loadClass@69 (line 592)
                      ;   {poll}
  0x00000199651ba9e0: 0000 4185 | 0345 85c9 | 7586 4489 | 8424 b000 | 0000 4d8b | 9708 0100 | 004d 8bda | 4983 c320 
  0x00000199651baa00: 4d3b 9f18 | 0100 000f | 8348 3e00 | 004d 899f | 0801 0000 | 410f 0d8b | c000 0000 | 49c7 0201 
  0x00000199651baa20: ;   {metadata('java/lang/ThreadLocal$ThreadLocalMap$Entry')}
  0x00000199651baa20: 0000 0041 | c742 0830 | 830b 004d | 8962 104d 

  0x00000199651baa30: ;   {oop(a 'java/lang/ThreadLocal'{0x00000000a1ecd590})}
  0x00000199651baa30: 8962 1841 | c742 0c90 | d5ec a149 | 8bda 6690 | 4180 7f38 | 000f 8574 | 3900 004c 

  0x00000199651baa4c: ;   {oop(a 'java/lang/ref/ReferenceQueue$Null'{0x00000000a1f124e0})}
  0x00000199651baa4c: 8bd3 41c7 | 4210 e024 

  0x00000199651baa54: ;   {oop(a 'java/lang/ref/ReferenceQueue$Null'{0x00000000a1f124e0})}
  0x00000199651baa54: f1a1 49ba | e024 f1a1 | 0000 0000 | 4c8b db4d | 33d3 49c1 | ea14 4d85 | d274 1a49 | c1eb 0948 
  0x00000199651baa74: b900 40a1 | 6c99 0100 | 0049 03cb | 8039 040f | 8541 3a00 | 00f0 8344 | 24c0 0041 | 807f 3800 
  0x00000199651baa94: 0f85 ed38 | 0000 4c8b 

  0x00000199651baa9c: ;   {oop(a 'java/lang/Boolean'{0x00000000a1f12c50} = true)}
  0x00000199651baa9c: d341 c742 | 1c50 2cf1 

  0x00000199651baaa4: ;   {oop(a 'java/lang/Boolean'{0x00000000a1f12c50} = true)}
  0x00000199651baaa4: a149 ba50 | 2cf1 a100 | 0000 004c | 8bdb 4d33 | d349 c1ea | 144d 85d2 | 741a 49c1 | eb09 48b9 
  0x00000199651baac4: 0040 a16c | 9901 0000 | 4903 cb80 | 3904 0f85 | 4f3a 0000 | 448b 9c24 | b000 0000 | 443b 9c24 
  0x00000199651baae4: ac00 0000 | 0f83 e256 | 0000 448b | 9424 a800 | 0000 4b8d | 7c9a 100f | 1f44 0000 | 4180 7f38 
  0x00000199651bab04: 000f 85e7 | 3800 004c | 8bd3 4489 | 174c 8bd3 | 4c8b df4d | 33d3 49c1 | ea14 6690 | 4d85 d274 
  0x00000199651bab24: 1a49 c1eb | 0948 b900 | 40a1 6c99 | 0100 0049 | 03cb 8039 | 040f 8531 | 3a00 0044 | 8b94 24a4 
  0x00000199651bab44: 0000 0045 | 8b52 0c45 | 8bda 41ff | c344 895c | 2478 448b | 9424 a400 | 0000 4589 | 5a0c 488b 
  0x00000199651bab64: 5424 5044 | 8b84 24b0 | 0000 0045 | 8bcb 488b | ac24 8800 | 0000 6690 

  0x00000199651bab7c: ;   {optimized virtual_call}
  0x00000199651bab7c: c5f8 77e8 

  0x00000199651bab80: ; ImmutableOopMap {rbp=Oop [48]=Oop [72]=Oop [80]=Oop [88]=Oop [96]=Oop [104]=Oop [112]=Oop [128]=Oop [136]=Oop [152]=Oop [160]=NarrowOop [164]=NarrowOop [296]=Oop [304]=Oop }
                      ;*invokevirtual cleanSomeSlots {reexecute=0 rethrow=0 return_oop=0}
                      ; - java.lang.ThreadLocal$ThreadLocalMap::set@113 (line 500)
                      ; - java.lang.ThreadLocal::set@17 (line 222)
                      ; - java.util.jar.JarFile::ensureInitialization@37 (line 1036)
                      ; - java.util.jar.JavaUtilJarAccessImpl::ensureInitialization@1 (line 72)
                      ; - jdk.internal.loader.URLClassPath$JarLoader$2::getManifest@10 (line 885)
                      ; - java.net.URLClassLoader::defineClass@34 (line 491)
                      ; - java.net.URLClassLoader$1::run@43 (line 427)
                      ; - java.net.URLClassLoader$1::run@1 (line 421)
                      ; - java.security.AccessController::executePrivileged@29 (line 814)
                      ; - java.security.AccessController::doPrivileged@13 (line 712)
                      ; - java.net.URLClassLoader::findClass@13 (line 420)
                      ; - java.lang.ClassLoader::loadClass@69 (line 592)
  0x00000199651bab80: fc67 7eff | 85c0 0f85 | 0958 0000 | 448b 9424 | a400 0000 | 458b 5a10 | 448b 4424 | 7866 6690 
  0x00000199651baba0: 453b c30f | 8c7d 0000 | 0048 8b54 | 2450 4c8b | 9424 8000 | 0000 4c89 | 9424 a800 | 0000 6690 
  0x00000199651babc0: ;   {optimized virtual_call}
  0x00000199651babc0: c5f8 77e8 

  0x00000199651babc4: ; ImmutableOopMap {rbp=Oop [48]=Oop [72]=Oop [88]=Oop [96]=Oop [104]=Oop [112]=Oop [128]=Oop [136]=Oop [152]=Oop [160]=NarrowOop [168]=Oop [296]=Oop [304]=Oop }
                      ;*invokevirtual rehash {reexecute=0 rethrow=0 return_oop=0}
                      ; - java.lang.ThreadLocal$ThreadLocalMap::set@129 (line 501)
                      ; - java.lang.ThreadLocal::set@17 (line 222)
                      ; - java.util.jar.JarFile::ensureInitialization@37 (line 1036)
                      ; - java.util.jar.JavaUtilJarAccessImpl::ensureInitialization@1 (line 72)
                      ; - jdk.internal.loader.URLClassPath$JarLoader$2::getManifest@10 (line 885)
                      ; - java.net.URLClassLoader::defineClass@34 (line 491)
                      ; - java.net.URLClassLoader$1::run@43 (line 427)
                      ; - java.net.URLClassLoader$1::run@1 (line 421)
                      ; - java.security.AccessController::executePrivileged@29 (line 814)
                      ; - java.security.AccessController::doPrivileged@13 (line 712)
                      ; - java.net.URLClassLoader::findClass@13 (line 420)
                      ; - java.lang.ClassLoader::loadClass@69 (line 592)
  0x00000199651babc4: b867 7eff | e959 0000 | 0045 33d2 | e97b e5ff | ff41 807f | 3800 660f | 1f44 0000 | 0f85 9636 
  0x00000199651babe4: ;   {oop(a 'java/lang/Boolean'{0x00000000a1f12c50} = true)}
  0x00000199651babe4: 0000 c743 | 1c50 2cf1 

  0x00000199651babec: ;   {oop(a 'java/lang/Boolean'{0x00000000a1f12c50} = true)}
  0x00000199651babec: a149 ba50 | 2cf1 a100 | 0000 004c | 8bdb 4d33 | d349 c1ea | 144d 85d2 | 7420 49c1 | eb09 48b9 
  0x00000199651bac0c: 0040 a16c | 9901 0000 | 4903 cb80 | 3904 660f | 1f44 0000 | 0f85 bf36 | 0000 488b | 5424 3048 
  0x00000199651bac2c: 8bac 2488 | 0000 004c | 8b94 2480 | 0000 004c | 8994 24a8 | 0000 0090 

  0x00000199651bac44: ;   {optimized virtual_call}
  0x00000199651bac44: c5f8 77e8 

  0x00000199651bac48: ; ImmutableOopMap {rbp=Oop [48]=Oop [72]=Oop [88]=Oop [96]=Oop [104]=Oop [112]=Oop [128]=Oop [136]=Oop [152]=Oop [160]=NarrowOop [168]=Oop [296]=Oop [304]=Oop }
                      ;*invokevirtual initializeVerifier {reexecute=0 rethrow=0 return_oop=0}
                      ; - java.util.jar.JarFile::ensureInitialization@41 (line 1038)
                      ; - java.util.jar.JavaUtilJarAccessImpl::ensureInitialization@1 (line 72)
                      ; - jdk.internal.loader.URLClassPath$JarLoader$2::getManifest@10 (line 885)
                      ; - java.net.URLClassLoader::defineClass@34 (line 491)
                      ; - java.net.URLClassLoader$1::run@43 (line 427)
                      ; - java.net.URLClassLoader$1::run@1 (line 421)
                      ; - java.security.AccessController::executePrivileged@29 (line 814)
                      ; - java.security.AccessController::doPrivileged@13 (line 712)
                      ; - java.net.URLClassLoader::findClass@13 (line 420)
                      ; - java.lang.ClassLoader::loadClass@69 (line 592)
  0x00000199651bac48: 3467 7eff | 448b 8c24 | a000 0000 | 41c6 4111 | 014c 8b54 | 2468 458b | 4244 4585 | c00f 8410 
  0x00000199651bac68: 2700 0045 | 8b58 1441 | 8b5b 0c44 | 8bd3 41ff | ca41 81e2 | 8e0c 91c3 | 85db 0f86 | 2854 0000 
  0x00000199651bac88: 4489 5424 | 2c89 9c24 | ac00 0000 | 4489 9c24 | a800 0000 | 4489 8424 | a400 0000 | 448b 4424 
  0x00000199651baca8: 2c47 8b5c | 8310 448b | 9424 a400 | 0000 4c89 | 5424 5044 | 8b84 24a8 | 0000 0049 | 8be8 4585 
  0x00000199651bacc8: db0f 8480 | 0000 0049 | 8bdb eb08 | 498b d844 | 8954 242c | 448b 530c 

  0x00000199651bace0: ;   {oop(a 'java/lang/ThreadLocal'{0x00000000a1ecd590})}
  0x00000199651bace0: 4181 fa90 | d5ec a10f | 842c 0200 | 0044 8b53 | 0c45 85d2 | 0f84 fe4f | 0000 448b | 5424 2c41 
  0x00000199651bad00: ffc2 443b | 9424 ac00 | 0000 0f8d | 8005 0000 | 6666 660f | 1f84 0000 | 0000 0066 | 6666 9090 
  0x00000199651bad20: 443b 9424 | ac00 0000 | 0f83 e24e | 0000 448b | 9c24 a800 | 0000 478b | 4493 104d | 8b9f 5803 
  0x00000199651bad40: ; ImmutableOopMap {r8=NarrowOop rbp=Oop [48]=Oop [72]=Oop [80]=Oop [88]=Oop [96]=Oop [112]=Oop [128]=Oop [136]=Oop [152]=Oop [160]=NarrowOop [164]=NarrowOop [168]=NarrowOop [296]=Oop [304]=Oop }
                      ;*goto {reexecute=1 rethrow=0 return_oop=0}
                      ; - (reexecute) java.lang.ThreadLocal$ThreadLocalMap::set@79 (line 486)
                      ; - java.lang.ThreadLocal::set@17 (line 222)
                      ; - java.util.jar.JarFile::ensureInitialization@55 (line 1041)
                      ; - java.util.jar.JavaUtilJarAccessImpl::ensureInitialization@1 (line 72)
                      ; - jdk.internal.loader.URLClassPath$JarLoader$2::getManifest@10 (line 885)
                      ; - java.net.URLClassLoader::defineClass@34 (line 491)
                      ; - java.net.URLClassLoader$1::run@43 (line 427)
                      ; - java.net.URLClassLoader$1::run@1 (line 421)
                      ; - java.security.AccessController::executePrivileged@29 (line 814)
                      ; - java.security.AccessController::doPrivileged@13 (line 712)
                      ; - java.net.URLClassLoader::findClass@13 (line 420)
                      ; - java.lang.ClassLoader::loadClass@69 (line 592)
                      ;   {poll}
  0x00000199651bad40: 0000 4185 | 0345 85c0 | 758a 4489 | 5424 2c4d | 8b97 0801 | 0000 4d8b | da49 83c3 | 2066 6690 
  0x00000199651bad60: 4d3b 9f18 | 0100 000f | 830f 3b00 | 004d 899f | 0801 0000 | 410f 0d8b | c000 0000 | 49c7 0201 
  0x00000199651bad80: ;   {metadata('java/lang/ThreadLocal$ThreadLocalMap$Entry')}
  0x00000199651bad80: 0000 0041 | c742 0830 | 830b 004d | 8962 104d 

  0x00000199651bad90: ;   {oop(a 'java/lang/ThreadLocal'{0x00000000a1ecd590})}
  0x00000199651bad90: 8962 1841 | c742 0c90 | d5ec a149 | 8bda 6690 | 4180 7f38 | 000f 857a | 3600 004c 

  0x00000199651badac: ;   {oop(a 'java/lang/ref/ReferenceQueue$Null'{0x00000000a1f124e0})}
  0x00000199651badac: 8bd3 41c7 | 4210 e024 

  0x00000199651badb4: ;   {oop(a 'java/lang/ref/ReferenceQueue$Null'{0x00000000a1f124e0})}
  0x00000199651badb4: f1a1 49ba | e024 f1a1 | 0000 0000 | 4c8b db4d | 33d3 49c1 | ea14 4d85 | d274 1a49 | c1eb 0948 
  0x00000199651badd4: b900 40a1 | 6c99 0100 | 0049 03cb | 8039 040f | 8527 3800 | 00f0 8344 | 24c0 0041 | 807f 3800 
  0x00000199651badf4: 0f85 6236 | 0000 4c8b 

  0x00000199651badfc: ;   {oop(a 'java/lang/Boolean'{0x00000000a1f12c78} = false)}
  0x00000199651badfc: d341 c742 | 1c78 2cf1 

  0x00000199651bae04: ;   {oop(a 'java/lang/Boolean'{0x00000000a1f12c78} = false)}
  0x00000199651bae04: a149 ba78 | 2cf1 a100 | 0000 004c | 8bdb 4d33 | d349 c1ea | 144d 85d2 | 741a 49c1 | eb09 48b9 
  0x00000199651bae24: 0040 a16c | 9901 0000 | 4903 cb80 | 3904 0f85 | 8f37 0000 | 448b 5424 | 2c66 6690 | 443b 9424 
  0x00000199651bae44: ac00 0000 | 0f83 fe53 | 0000 448b | 8424 a800 | 0000 4b8d | 7490 100f | 1f44 0000 | 4180 7f38 
  0x00000199651bae64: 000f 8527 | 3600 008b | 7c24 2c4c | 8bd6 4c8b | db4d 33da | 4c8b cb44 | 890e 49c1 | eb14 4d85 
  0x00000199651bae84: db74 1f49 | c1ea 0948 | b900 40a1 | 6c99 0100 | 0049 03ca | 8039 040f | 1f44 0000 | 0f85 c137 
  0x00000199651baea4: 0000 448b | 8424 a400 | 0000 458b | 500c 458b | da41 ffc3 | 4589 580c | 4489 5c24 | 7848 8b54 
  0x00000199651baec4: 2450 448b | c745 8bcb | 488b ac24 | 8800 0000 

  0x00000199651baed4: ;   {optimized virtual_call}
  0x00000199651baed4: c5f8 77e8 

  0x00000199651baed8: ; ImmutableOopMap {rbp=Oop [48]=Oop [72]=Oop [80]=Oop [88]=Oop [96]=Oop [112]=Oop [128]=Oop [136]=Oop [152]=Oop [160]=NarrowOop [164]=NarrowOop [296]=Oop [304]=Oop }
                      ;*invokevirtual cleanSomeSlots {reexecute=0 rethrow=0 return_oop=0}
                      ; - java.lang.ThreadLocal$ThreadLocalMap::set@113 (line 500)
                      ; - java.lang.ThreadLocal::set@17 (line 222)
                      ; - java.util.jar.JarFile::ensureInitialization@55 (line 1041)
                      ; - java.util.jar.JavaUtilJarAccessImpl::ensureInitialization@1 (line 72)
                      ; - jdk.internal.loader.URLClassPath$JarLoader$2::getManifest@10 (line 885)
                      ; - java.net.URLClassLoader::defineClass@34 (line 491)
                      ; - java.net.URLClassLoader$1::run@43 (line 427)
                      ; - java.net.URLClassLoader$1::run@1 (line 421)
                      ; - java.security.AccessController::executePrivileged@29 (line 814)
                      ; - java.security.AccessController::doPrivileged@13 (line 712)
                      ; - java.net.URLClassLoader::findClass@13 (line 420)
                      ; - java.lang.ClassLoader::loadClass@69 (line 592)
  0x00000199651baed8: a464 7eff | 0f1f 4000 | 85c0 0f85 | 6d55 0000 | 448b 9424 | a400 0000 | 458b 5a10 | 448b 4424 
  0x00000199651baef8: 7845 3bc3 | 0f1f 4000 | 0f8c 6300 | 0000 488b | 5424 5090 

  0x00000199651baf0c: ;   {optimized virtual_call}
  0x00000199651baf0c: c5f8 77e8 

  0x00000199651baf10: ; ImmutableOopMap {rbp=Oop [48]=Oop [72]=Oop [88]=Oop [96]=Oop [112]=Oop [128]=Oop [136]=Oop [152]=Oop [296]=Oop [304]=Oop }
                      ;*invokevirtual rehash {reexecute=0 rethrow=0 return_oop=0}
                      ; - java.lang.ThreadLocal$ThreadLocalMap::set@129 (line 501)
                      ; - java.lang.ThreadLocal::set@17 (line 222)
                      ; - java.util.jar.JarFile::ensureInitialization@55 (line 1041)
                      ; - java.util.jar.JavaUtilJarAccessImpl::ensureInitialization@1 (line 72)
                      ; - jdk.internal.loader.URLClassPath$JarLoader$2::getManifest@10 (line 885)
                      ; - java.net.URLClassLoader::defineClass@34 (line 491)
                      ; - java.net.URLClassLoader$1::run@43 (line 427)
                      ; - java.net.URLClassLoader$1::run@1 (line 421)
                      ; - java.security.AccessController::executePrivileged@29 (line 814)
                      ; - java.security.AccessController::doPrivileged@13 (line 712)
                      ; - java.net.URLClassLoader::findClass@13 (line 420)
                      ; - java.lang.ClassLoader::loadClass@69 (line 592)
  0x00000199651baf10: 6c64 7eff | e950 0000 | 000f 1f80 | 0000 0000 | 4180 7f38 | 000f 8584 

  0x00000199651baf28: ;   {oop(a 'java/lang/Boolean'{0x00000000a1f12c78} = false)}
  0x00000199651baf28: 3300 00c7 | 431c 782c 

  0x00000199651baf30: ;   {oop(a 'java/lang/Boolean'{0x00000000a1f12c78} = false)}
  0x00000199651baf30: f1a1 49ba | 782c f1a1 | 0000 0000 | 4c8b db4d | 33d3 49c1 | ea14 4d85 | d274 1e49 | c1eb 0948 
  0x00000199651baf50: b900 40a1 | 6c99 0100 | 0049 03cb | 0f1f 4000 | 8039 040f | 85c6 3300 | 004c 8b94 | 2480 0000 
  0x00000199651baf70: 004c 8994 | 24a8 0000 | 004c 8b84 | 24f8 0000 | 0048 8bbc | 2498 0000 | 004c 8b4c | 2430 e9aa 
  0x00000199651baf90: e0ff ff48 | 8b94 2488 | 0000 004c | 8b84 2430 | 0100 004c | 8b4c 2420 | 488b 7c24 | 2048 8b74 
  0x00000199651bafb0: 2420 488b | 4c24 204c | 8b54 2420 | 4c89 1424 | 4c8b 5424 | 204c 8954 | 2408 4c8b | 5424 204c 
  0x00000199651bafd0: 8954 2410 | 4c8b d24c | 8994 2480 | 0000 0090 

  0x00000199651bafe0: ;   {optimized virtual_call}
  0x00000199651bafe0: c5f8 77e8 

  0x00000199651bafe4: ; ImmutableOopMap {[48]=Oop [72]=Oop [88]=Oop [96]=Oop [112]=Oop [128]=Oop [136]=Oop [168]=Oop [296]=Oop [304]=Oop }
                      ;*invokevirtual definePackage {reexecute=0 rethrow=0 return_oop=1}
                      ; - java.net.URLClassLoader::defineClass@81 (line 497)
                      ; - java.net.URLClassLoader$1::run@43 (line 427)
                      ; - java.net.URLClassLoader$1::run@1 (line 421)
                      ; - java.security.AccessController::executePrivileged@29 (line 814)
                      ; - java.security.AccessController::doPrivileged@13 (line 712)
                      ; - java.net.URLClassLoader::findClass@13 (line 420)
                      ; - java.lang.ClassLoader::loadClass@69 (line 592)
  0x00000199651bafe4: 9863 7eff | e99c e1ff | ff48 8bea 

  0x00000199651baff0: ;   {metadata('java/lang/Object')}
  0x00000199651baff0: 48ba 580d | 0000 9901 | 0000 4c89 | 4424 4090 

  0x00000199651bb000: ;   {runtime_call _new_instance_Java}
  0x00000199651bb000: c5f8 77e8 

  0x00000199651bb004: ; ImmutableOopMap {rbp=Oop [44]=NarrowOop [64]=Oop [72]=Oop [80]=Oop [104]=Oop }
                      ;*new {reexecute=0 rethrow=0 return_oop=1}
                      ; - java.lang.ClassLoader::getClassLoadingLock@9 (line 670)
                      ; - java.lang.ClassLoader::loadClass@2 (line 572)
  0x00000199651bb004: f8aa 7fff | e9a1 d2ff 

  0x00000199651bb00c: ;   {metadata('java/util/jar/JarFile')}
  0x00000199651bb00c: ff81 fd88 | 8018 000f | 85d3 5200 | 004c 8b54 | 2430 4d8b | da45 8b43 | 2845 85c0 | 0f84 060c 
  0x00000199651bb02c: 0000 418b | 680c 4180 | 7f38 000f | 8573 3600 | 0066 6690 

  0x00000199651bb040: ; implicit exception: dispatches to 0x00000199651c1270
  0x00000199651bb040: 448b 5508 | 4d8b 4820 

  0x00000199651bb048: ;   {oop(a 'java/lang/Class'{0x00000000a1fd87b0} = 'java/lang/ref/SoftReference')}
  0x00000199651bb048: 48b9 b087 | fda1 0000 | 0000 488b | 4970 4c3b | c90f 85d0 | 2200 0090 

  0x00000199651bb060: ;   {metadata('java/util/jar/Manifest')}
  0x00000199651bb060: 4181 fa00 | 9c06 000f | 85e8 5a00 | 004c 8b94 | 2480 0000 | 004c 8994 | 24a8 0000 | 0048 8bbc 
  0x00000199651bb080: 2498 0000 | 0044 8b9c | 24a0 0000 | 004c 8b4c | 2430 e992 | dfff ff44 | 8984 2498 | 0000 0048 
  0x00000199651bb0a0: 8984 2490 | 0000 0044 | 8994 2484 | 0000 0044 | 89b4 2480 | 0000 0089 | 7424 2c4c | 894c 2478 
  0x00000199651bb0c0: 4c89 5c24 | 7048 895c | 2458 4c8b | 5424 204c | 8954 2450 | 4c89 6c24 | 304c 8b54 | 2448 4c89 
  0x00000199651bb0e0: ;   {metadata({type array byte})}
  0x00000199651bb0e0: 5424 2048 | ba28 6700 | 0099 0100 | 004c 8b94 | 2488 0000 | 004c 8954 | 2448 6690 

  0x00000199651bb0fc: ;   {runtime_call _new_array_Java}
  0x00000199651bb0fc: c5f8 77e8 

  0x00000199651bb100: ; ImmutableOopMap {[32]=Oop [48]=Oop [72]=Oop [88]=Oop [96]=Oop [104]=Oop [112]=Oop [120]=Oop [136]=Oop }
                      ;*invokevirtual allocateUninitializedArray0 {reexecute=0 rethrow=0 return_oop=1}
                      ; - jdk.internal.misc.Unsafe::allocateUninitializedArray@51 (line 1375)
                      ; - java.lang.StringConcatHelper::newArray@33 (line 497)
                      ; - java.lang.StringConcatHelper::simpleConcat@61 (line 421)
                      ; - java.lang.String::concat@11 (line 2774)
                      ; - java.net.URLClassLoader$1::run@13 (line 423)
                      ; - java.net.URLClassLoader$1::run@1 (line 421)
                      ; - java.security.AccessController::executePrivileged@29 (line 814)
                      ; - java.security.AccessController::doPrivileged@13 (line 712)
                      ; - java.net.URLClassLoader::findClass@13 (line 420)
                      ; - java.lang.ClassLoader::loadClass@69 (line 592)
  0x00000199651bb100: fca6 7fff | 488b c84c | 8b54 2420 | 4c89 5424 | 484c 8b6c | 2430 4c8b | 5424 504c | 8954 2420 
  0x00000199651bb120: 488b 5c24 | 584c 8b5c | 2470 4c8b | 4c24 788b | 7424 2c44 | 8bb4 2480 | 0000 0044 | 8b94 2484 
  0x00000199651bb140: 0000 0048 | 8b84 2490 | 0000 0044 | 8b84 2498 | 0000 0048 | 8bf9 e929 | d9ff ff48 | 897c 2458 
  0x00000199651bb160: 4889 5c24 | 504c 896c | 2430 488b 

  0x00000199651bb16c: ;   {metadata('java/lang/String')}
  0x00000199651bb16c: 6c24 4848 | bae0 e900 | 0099 0100 | 004c 8b94 | 2488 0000 | 004c 8954 | 2448 6690 

  0x00000199651bb188: ;   {runtime_call _new_instance_Java}
  0x00000199651bb188: c5f8 77e8 

  0x00000199651bb18c: ; ImmutableOopMap {rbp=Oop [48]=Oop [72]=Oop [80]=Oop [88]=Oop [96]=Oop [104]=Oop [136]=Oop }
                      ;*new {reexecute=0 rethrow=0 return_oop=1}
                      ; - java.lang.StringConcatHelper::newString@6 (line 387)
                      ; - java.lang.StringConcatHelper::simpleConcat@90 (line 426)
                      ; - java.lang.String::concat@11 (line 2774)
                      ; - java.net.URLClassLoader$1::run@13 (line 423)
                      ; - java.net.URLClassLoader$1::run@1 (line 421)
                      ; - java.security.AccessController::executePrivileged@29 (line 814)
                      ; - java.security.AccessController::doPrivileged@13 (line 712)
                      ; - java.net.URLClassLoader::findClass@13 (line 420)
                      ; - java.lang.ClassLoader::loadClass@69 (line 592)
  0x00000199651bb18c: 70a9 7fff | 4889 6c24 | 484c 8b6c | 2430 488b | 5c24 5048 | 8b7c 2458 | 4c8b c0e9 | 8cd9 ffff 
  0x00000199651bb1ac: c5fb 1184 | 2480 0000 | 0089 7c24 | 7844 894c | 2474 8944 | 2470 4489 | 7424 2c48 | 895c 2458 
  0x00000199651bb1cc: 4c8b 5424 | 204c 8954 | 2450 4c89 | 6c24 304c | 8b54 2448 | 4c89 5424 

  0x00000199651bb1e4: ;   {metadata({type array byte})}
  0x00000199651bb1e4: 2048 ba28 | 6700 0099 | 0100 0044 | 8bc0 6690 

  0x00000199651bb1f4: ;   {runtime_call _new_array_Java}
  0x00000199651bb1f4: c5f8 77e8 

  0x00000199651bb1f8: ; ImmutableOopMap {[32]=Oop [44]=NarrowOop [48]=Oop [88]=Oop [96]=Oop [104]=Oop [128]=Oop [136]=Oop }
                      ;*invokevirtual allocateUninitializedArray0 {reexecute=0 rethrow=0 return_oop=1}
                      ; - jdk.internal.misc.Unsafe::allocateUninitializedArray@51 (line 1375)
                      ; - java.lang.StringConcatHelper::newArray@33 (line 497)
                      ; - java.lang.StringLatin1::replace@49 (line 313)
                      ; - java.lang.String::replace@18 (line 2808)
                      ; - java.net.URLClassLoader$1::run@8 (line 423)
                      ; - java.net.URLClassLoader$1::run@1 (line 421)
                      ; - java.security.AccessController::executePrivileged@29 (line 814)
                      ; - java.security.AccessController::doPrivileged@13 (line 712)
                      ; - java.net.URLClassLoader::findClass@13 (line 420)
                      ; - java.lang.ClassLoader::loadClass@69 (line 592)
  0x00000199651bb1f8: 04a6 7fff | 4c8b d04c | 8b5c 2420 | 4c89 5c24 | 484c 8b6c | 2430 4c8b | 5c24 504c | 895c 2420 
  0x00000199651bb218: 488b 5c24 | 5844 8b74 | 242c 8b44 | 2470 448b | 4c24 748b | 7c24 78c5 | fb10 8424 | 8000 0000 
  0x00000199651bb238: 4d8b da0f | 1f44 0000 | e9e6 d4ff | ff4c 895c | 2458 4889 | 5c24 504c | 896c 2430 | 488b 6c24 
  0x00000199651bb258: ;   {metadata('java/lang/String')}
  0x00000199651bb258: 4848 bae0 | e900 0099 | 0100 0090 

  0x00000199651bb264: ;   {runtime_call _new_instance_Java}
  0x00000199651bb264: c5f8 77e8 

  0x00000199651bb268: ; ImmutableOopMap {rbp=Oop [48]=Oop [80]=Oop [88]=Oop [96]=Oop [104]=Oop [136]=Oop }
                      ;*new {reexecute=0 rethrow=0 return_oop=1}
                      ; - java.lang.StringLatin1::replace@116 (line 322)
                      ; - java.lang.String::replace@18 (line 2808)
                      ; - java.net.URLClassLoader$1::run@8 (line 423)
                      ; - java.net.URLClassLoader$1::run@1 (line 421)
                      ; - java.security.AccessController::executePrivileged@29 (line 814)
                      ; - java.security.AccessController::doPrivileged@13 (line 712)
                      ; - java.net.URLClassLoader::findClass@13 (line 420)
                      ; - java.lang.ClassLoader::loadClass@69 (line 592)
  0x00000199651bb268: 94a8 7fff | 4889 6c24 | 484c 8b6c | 2430 488b | 5c24 504c | 8b5c 2458 | 4c8b c8e9 | 0bd7 ffff 
  0x00000199651bb288: 4533 c0e9 | 26f7 ffff | 4533 d2e9 | 78fa ffff | 4c89 9424 | 8000 0000 

  0x00000199651bb2a0: ;   {metadata('java/security/CodeSource')}
  0x00000199651bb2a0: 48ba a0ee | 0000 9901 | 0000 6690 

  0x00000199651bb2ac: ;   {runtime_call _new_instance_Java}
  0x00000199651bb2ac: c5f8 77e8 

  0x00000199651bb2b0: ; ImmutableOopMap {rbp=Oop [32]=Oop [72]=Oop [88]=Oop [96]=Oop [112]=Oop [120]=Oop [128]=Oop [136]=Oop [296]=Oop }
                      ;*new {reexecute=0 rethrow=0 return_oop=1}
                      ; - java.net.URLClassLoader::defineClass@190 (line 522)
                      ; - java.net.URLClassLoader$1::run@43 (line 427)
                      ; - java.net.URLClassLoader$1::run@1 (line 421)
                      ; - java.security.AccessController::executePrivileged@29 (line 814)
                      ; - java.security.AccessController::doPrivileged@13 (line 712)
                      ; - java.net.URLClassLoader::findClass@13 (line 420)
                      ; - java.lang.ClassLoader::loadClass@69 (line 592)
  0x00000199651bb2b0: 4ca8 7fff | e9c9 dfff 

  0x00000199651bb2b8: ;   {metadata('java/lang/ClassNotFoundException')}
  0x00000199651bb2b8: ff48 ba00 | 2802 0099 | 0100 0048 | 8bac 2488 | 0000 0090 

  0x00000199651bb2cc: ;   {runtime_call _new_instance_Java}
  0x00000199651bb2cc: c5f8 77e8 

  0x00000199651bb2d0: ; ImmutableOopMap {rbp=Oop [96]=Oop [112]=Oop [136]=Oop }
                      ;*new {reexecute=0 rethrow=0 return_oop=1}
                      ; - java.net.URLClassLoader::findClass@36 (line 445)
                      ; - java.lang.ClassLoader::loadClass@69 (line 592)
  0x00000199651bb2d0: 2ca8 7fff | e96c e0ff | ff44 8944 | 2478 8974 | 242c 418b | eb4c 8b94 | 24a8 0000 | 004c 8954 
  0x00000199651bb2f0: 2450 4c8b | 5424 704c | 8954 2430 

  0x00000199651bb2fc: ;   {metadata('java/lang/String')}
  0x00000199651bb2fc: 48ba e0e9 | 0000 9901 | 0000 4c8b | 9424 8800 | 0000 4c89 | 5424 7090 

  0x00000199651bb314: ;   {runtime_call _new_instance_Java}
  0x00000199651bb314: c5f8 77e8 

  0x00000199651bb318: ; ImmutableOopMap {[48]=Oop [72]=Oop [80]=Oop [88]=Oop [96]=Oop [104]=Oop [112]=Oop [120]=NarrowOop [136]=Oop [296]=Oop }
                      ;*new {reexecute=0 rethrow=0 return_oop=1}
                      ; - java.lang.StringLatin1::newString@7 (line 769)
                      ; - java.lang.String::substring@41 (line 2714)
                      ; - java.net.URLClassLoader::defineClass@28 (line 489)
                      ; - java.net.URLClassLoader$1::run@43 (line 427)
                      ; - java.net.URLClassLoader$1::run@1 (line 421)
                      ; - java.security.AccessController::executePrivileged@29 (line 814)
                      ; - java.security.AccessController::doPrivileged@13 (line 712)
                      ; - java.net.URLClassLoader::findClass@13 (line 420)
                      ; - java.lang.ClassLoader::loadClass@69 (line 592)
  0x00000199651bb318: e4a7 7fff | 4c8b 5c24 | 304c 895c | 2470 4c8b | 5c24 504c | 899c 24a8 | 0000 0044 | 8bdd 8b74 
  0x00000199651bb338: 242c 448b | 4424 784c | 8be8 e9cd | daff ff48 | 89bc 24a0 | 0000 004c | 8994 2498 | 0000 004c 
  0x00000199651bb358: 89ac 2480 | 0000 0044 | 8944 247c | 8974 2478 | 4489 5c24 | 2c4c 8b94 | 24a8 0000 | 004c 8954 
  0x00000199651bb378: 2450 4c8b | 5424 704c | 8954 2430 

  0x00000199651bb384: ;   {metadata({type array byte})}
  0x00000199651bb384: 48ba 2867 | 0000 9901 | 0000 458b | c34c 8b94 | 2488 0000 | 004c 8954 | 2470 6690 

  0x00000199651bb3a0: ;   {runtime_call _new_array_nozero_Java}
  0x00000199651bb3a0: c5f8 77e8 

  0x00000199651bb3a4: ; ImmutableOopMap {[48]=Oop [72]=Oop [80]=Oop [88]=Oop [96]=Oop [104]=Oop [112]=Oop [124]=NarrowOop [128]=Oop [136]=Oop [296]=Oop }
                      ;*newarray {reexecute=0 rethrow=0 return_oop=1}
                      ; - java.util.Arrays::copyOfRange@41 (line 3822)
                      ; - java.lang.StringLatin1::newString@16 (line 769)
                      ; - java.lang.String::substring@41 (line 2714)
                      ; - java.net.URLClassLoader::defineClass@28 (line 489)
                      ; - java.net.URLClassLoader$1::run@43 (line 427)
                      ; - java.net.URLClassLoader$1::run@1 (line 421)
                      ; - java.security.AccessController::executePrivileged@29 (line 814)
                      ; - java.security.AccessController::doPrivileged@13 (line 712)
                      ; - java.net.URLClassLoader::findClass@13 (line 420)
                      ; - java.lang.ClassLoader::loadClass@69 (line 592)
  0x00000199651bb3a4: d8a0 7fff | 4c8b 5424 | 304c 8954 | 2470 4c8b | 5424 504c | 8994 24a8 | 0000 0044 | 8b5c 242c 
  0x00000199651bb3c4: 8b74 2478 | 448b 4424 | 7c4c 8bac | 2480 0000 | 004c 8b94 | 2498 0000 | 0048 8bbc | 24a0 0000 
  0x00000199651bb3e4: 004c 8bf0 | e9da daff | ff48 8b5c | 2478 448b | 5b28 4585 | db0f 8401 | f0ff ff4d | 8b57 2049 
  0x00000199651bb404: 8bcb 4d85 | d20f 842d | 3400 004d | 8b5f 304b | 894c 13f8 | 4983 c2f8 | 4d89 5720 | e9db efff 
  0x00000199651bb424: ff4d 8b57 | 404d 8b5f | 50f0 8344 | 24c0 0041 | 8038 000f | 84f5 efff | ff45 8820 | 4d85 d275 
  0x00000199651bb444: 2049 8bc8 | 498b d7c5 | f877 49ba | a0cf 1230 | fc7f 0000 | 41ff d20f | 1f44 0000 | e9cd efff 
  0x00000199651bb464: ff4f 8944 | 13f8 4983 | c2f8 4d89 | 5740 e9bb | efff ff49 | ba00 40a1 | 6c99 0100 | 004c 8994 
  0x00000199651bb484: 24f8 0000 | 00e9 64f5 | ffff 448b | 4b44 4585 | c90f 8492 | e7ff ff4d | 8b57 2049 | 8bc9 4d85 
  0x00000199651bb4a4: d20f 844d | 3500 004d | 8b5f 304b | 894c 13f8 | 4983 c2f8 | 4d89 5720 | 0f1f 4000 | e968 e7ff 
  0x00000199651bb4c4: ff44 8b53 | 2c45 85d2 | 0f84 82e8 | ffff 4d8b | 5f20 498b | ca4d 85db | 0f1f 4000 | 0f84 ea34 
  0x00000199651bb4e4: 0000 4d8b | 5730 4b89 | 4c1a f849 | 83c3 f84d | 895f 20e9 | 58e8 ffff | 448b 5b30 | 4585 db0f 
  0x00000199651bb504: 840b e8ff | ff4d 8b57 | 2049 8bcb | 4d85 d20f | 840c 3500 | 004d 8b5f | 304b 894c | 13f8 4983 
  0x00000199651bb524: c2f8 4d89 | 5720 e9e5 | e7ff ff44 | 8b4b 4045 | 85c9 0f84 | 53e6 ffff | 4d8b 5720 | 498b c94d 
  0x00000199651bb544: 85d2 0f84 | 3235 0000 | 4d8b 5f30 | 4b89 4c13 | f849 83c2 | f84d 8957 | 2066 6690 | e92a e6ff 
  0x00000199651bb564: ff44 8b4b | 5045 85c9 | 0f84 5fe7 | ffff 4d8b | 5720 498b | c94d 85d2 | 0f1f 4000 | 0f84 c334 
  0x00000199651bb584: 0000 4d8b | 5f30 4b89 | 4c13 f849 | 83c2 f84d | 8957 20e9 | 35e7 ffff | 488b dd44 | 8b55 1445 
  0x00000199651bb5a4: 85d2 0f84 | 62e8 ffff | 4d8b 5f20 | 498b ca4d | 85db 0f84 | ec34 0000 | 4d8b 5730 | 4b89 4c1a 
  0x00000199651bb5c4: f849 83c3 | f84d 895f | 20e9 3ce8 | ffff 488b | dd44 8b55 | 1045 85d2 | 0f1f 4000 | 0f84 dce8 
  0x00000199651bb5e4: ffff 4d8b | 5f20 498b | ca4d 85db | 0f84 cf34 | 0000 4d8b | 5730 4b89 | 4c1a f849 | 83c3 f84d 
  0x00000199651bb604: 895f 20e9 | b6e8 ffff | 488b dd44 | 8b55 1845 | 85d2 0f84 | 52e9 ffff | 4d8b 5f20 | 498b ca4d 
  0x00000199651bb624: 85db 0f84 | b134 0000 | 4d8b 5730 | 4b89 4c1a | f849 83c3 | f84d 895f | 2066 6690 | e929 e9ff 
  0x00000199651bb644: ff48 8bdd | 448b 551c | 4585 d20f | 84c1 e9ff | ff4d 8b5f | 2049 8bca | 0f1f 4000 | 4d85 db0f 
  0x00000199651bb664: 848c 3400 | 004d 8b57 | 304b 894c | 1af8 4983 | c3f8 4d89 | 5f20 e997 | e9ff ff48 | 8bdd 448b 
  0x00000199651bb684: 5524 4585 | d20f 8427 | eaff ff4d | 8b5f 2049 | 8bca 4d85 | db0f 8476 | 3400 004d | 8b57 304b 
  0x00000199651bb6a4: 894c 1af8 | 4983 c3f8 | 4d89 5f20 | e901 eaff | ff48 8bdd | 448b 5538 | 0f1f 4000 | 4585 d20f 
  0x00000199651bb6c4: 848d eaff | ff4d 8b5f | 2049 8bca | 4d85 db0f | 845c 3400 | 004d 8b57 | 304b 894c | 1af8 4983 
  0x00000199651bb6e4: c3f8 4d89 | 5f20 e967 | eaff ff48 | 8b74 2478 | 448b 5e30 | 4585 db0f | 1f44 0000 | 0f84 4aeb 
  0x00000199651bb704: ffff 4d8b | 5720 498b | cb4d 85d2 | 0f84 3f34 | 0000 4d8b | 5f30 4b89 | 4c13 f849 | 83c2 f84d 
  0x00000199651bb724: 8957 20e9 | 24eb ffff | 488b dd44 | 8b55 3c45 | 85d2 0f84 | c6ea ffff | 4d8b 5f20 | 498b ca4d 
  0x00000199651bb744: 85db 0f84 | 2934 0000 | 4d8b 5730 | 4b89 4c1a | f849 83c3 | f84d 895f | 2066 6690 | e99d eaff 
  0x00000199651bb764: ff4d 8b57 | 404d 8b5f | 50f0 8344 | 24c0 0080 | 3900 0f84 | 4ae4 ffff | 4488 2190 | 4d85 d275 
  0x00000199651bb784: 2445 8be8 | 488b fb49 | 8bd7 c5f8 | 7749 baa0 | cf12 30fc | 7f00 0041 | ffd2 488b 

  0x00000199651bb7a0: ;   {no_reloc}
  0x00000199651bb7a0: df45 8bc5 | e91d e4ff | ff4b 894c | 13f8 4983 | c2f8 4d89 | 5740 e90b | e4ff ff4d | 8b57 404d 
  0x00000199651bb7c0: 8b5f 50f0 | 8344 24c0 | 0080 3900 | 0f84 94e4 | ffff 4488 | 214d 85d2 | 7524 458b | e848 8bfb 
  0x00000199651bb7e0: 498b d7c5 | f877 49ba | a0cf 1230 | fc7f 0000 | 41ff d248 | 8bdf 458b | c5e9 68e4 | ffff 4b89 
  0x00000199651bb800: 4c13 f849 | 83c2 f84d | 8957 40e9 | 56e4 ffff | 4d8b 5740 | 4d8b 5f50 | f083 4424 | c000 6690 
  0x00000199651bb820: 8039 000f | 84e0 e4ff | ff44 8821 | 4d85 d275 | 2a45 8bf0 | 488b fb49 | 8bd7 660f | 1f44 0000 
  0x00000199651bb840: c5f8 7749 | baa0 cf12 | 30fc 7f00 | 0041 ffd2 | 488b df45 | 8bc6 e9ae | e4ff ff4b | 894c 13f8 
  0x00000199651bb860: 4983 c2f8 | 4d89 5740 | e99c e4ff | ff4d 8b57 | 404d 8b5f | 50f0 8344 | 24c0 000f | 1f44 0000 
  0x00000199651bb880: 8039 000f | 8403 e5ff | ff44 8821 | 4d85 d275 | 2449 8bd7 | 0f1f 8400 | 0000 0000 | 6666 6690 
  0x00000199651bb8a0: c5f8 7749 | baa0 cf12 | 30fc 7f00 | 0041 ffd2 | e9d7 e4ff | ff4b 894c | 13f8 4983 | c2f8 4d89 
  0x00000199651bb8c0: 5740 e9c5 | e4ff ff4d | 8b57 504d | 8b5f 40f0 | 8344 24c0 | 0080 3900 | 0f84 56e2 | ffff 4488 
  0x00000199651bb8e0: 214d 85db | 7524 458b | f048 8bfb | 498b d7c5 | f877 49ba | a0cf 1230 | fc7f 0000 | 41ff d248 
  0x00000199651bb900: 8bdf 458b | c6e9 2ae2 | ffff 4b89 | 4c1a f849 | 83c3 f84d | 895f 40e9 | 18e2 ffff | 4d8b 5740 
  0x00000199651bb920: 4d8b 5f50 | f083 4424 | c000 8039 | 000f 8416 | e5ff ff44 | 8821 4d85 | d275 1a49 | 8bd7 6690 
  0x00000199651bb940: c5f8 7749 | baa0 cf12 | 30fc 7f00 | 0041 ffd2 | e9f4 e4ff | ff4b 894c | 13f8 4983 | c2f8 4d89 
  0x00000199651bb960: 5740 e9e2 | e4ff ff4d | 8b57 404d | 8b5f 50f0 | 8344 24c0 | 0080 3900 | 0f84 79e5 | ffff 4488 
  0x00000199651bb980: 214d 85d2 | 7518 498b | d7c5 f877 | 49ba a0cf | 1230 fc7f | 0000 41ff | d2e9 59e5 | ffff 4b89 
  0x00000199651bb9a0: 4c13 f849 | 83c2 f84d | 8957 40e9 | 47e5 ffff | 4d8b 5740 | 4d8b 5f50 | f083 4424 | c000 6690 
  0x00000199651bb9c0: 8039 000f | 84e0 e5ff | ff44 8821 | 4d85 d275 | 2449 8bd7 | 0f1f 8400 | 0000 0000 | 6666 6690 
  0x00000199651bb9e0: c5f8 7749 | baa0 cf12 | 30fc 7f00 | 0041 ffd2 | e9b4 e5ff | ff4b 894c | 13f8 4983 | c2f8 4d89 
  0x00000199651bba00: 5740 e9a2 | e5ff ff4d | 8b57 404d | 8b5f 50f0 | 8344 24c0 | 0080 3900 | 0f84 2de6 | ffff 4488 
  0x00000199651bba20: 214d 85d2 | 7518 498b | d7c5 f877 | 49ba a0cf | 1230 fc7f | 0000 41ff | d2e9 0de6 | ffff 4b89 
  0x00000199651bba40: 4c13 f849 | 83c2 f84d | 8957 40e9 | fbe5 ffff | 4d8b 5740 | 4d8b 5f50 | f083 4424 | c000 6690 
  0x00000199651bba60: 8039 000f | 8482 e6ff | ff44 8821 | 4d85 d275 | 2449 8bd7 | 0f1f 8400 | 0000 0000 | 6666 6690 
  0x00000199651bba80: c5f8 7749 | baa0 cf12 | 30fc 7f00 | 0041 ffd2 | e956 e6ff | ff4b 894c | 13f8 4983 | c2f8 4d89 
  0x00000199651bbaa0: 5740 e944 | e6ff ff4d | 8b57 404d | 8b5f 50f0 | 8344 24c0 | 0080 3900 | 0f84 cde6 | ffff 4488 
  0x00000199651bbac0: 214d 85d2 | 7518 498b | d7c5 f877 | 49ba a0cf | 1230 fc7f | 0000 41ff | d2e9 ade6 | ffff 4b89 
  0x00000199651bbae0: 4c13 f849 | 83c2 f84d | 8957 40e9 | 9be6 ffff | 4d8b 5740 | 4d8b 5f50 | f083 4424 | c000 6690 
  0x00000199651bbb00: 8039 000f | 8476 e7ff | ff44 8821 | 4d85 d275 | 2449 8bd7 | 0f1f 8400 | 0000 0000 | 6666 6690 
  0x00000199651bbb20: c5f8 7749 | baa0 cf12 | 30fc 7f00 | 0041 ffd2 | e94a e7ff | ff4b 894c | 13f8 4983 | c2f8 4d89 
  0x00000199651bbb40: 5740 e938 | e7ff ff4d | 8b57 404d | 8b5f 50f0 | 8344 24c0 | 0080 3900 | 0f84 e1e6 | ffff 4488 
  0x00000199651bbb60: 214d 85d2 | 7518 498b | d7c5 f877 | 49ba a0cf | 1230 fc7f | 0000 41ff | d2e9 c1e6 | ffff 4b89 
  0x00000199651bbb80: 4c13 f849 | 83c2 f84d | 8957 40e9 | afe6 ffff | 4d8b 5740 | 4d8b 5f50 | f083 4424 | c000 6690 
  0x00000199651bbba0: ;   {no_reloc}
  0x00000199651bbba0: 8039 000f | 84a0 e1ff | ff44 8821 | 4d85 d275 | 2748 8bfb | 498b d766 | 0f1f 8400 | 0000 0000 
  0x00000199651bbbc0: c5f8 7749 | baa0 cf12 | 30fc 7f00 | 0041 ffd2 | 488b dfe9 | 71e1 ffff | 4b89 4c13 | f849 83c2 
  0x00000199651bbbe0: f84d 8957 | 40e9 5fe1 | ffff 418b | e8e9 c2ca | ffff 4889 | 5c24 504c | 896c 2430 | 488b 6c24 
  0x00000199651bbc00: ;   {metadata('java/lang/String')}
  0x00000199651bbc00: 4848 bae0 | e900 0099 | 0100 004c | 8b94 2488 | 0000 004c | 8954 2448 

  0x00000199651bbc18: ;   {runtime_call _new_instance_Java}
  0x00000199651bbc18: c5f8 77e8 

  0x00000199651bbc1c: ; ImmutableOopMap {rbp=Oop [48]=Oop [72]=Oop [80]=Oop [96]=Oop [104]=Oop [136]=Oop }
                      ;*new {reexecute=0 rethrow=0 return_oop=1}
                      ; - java.lang.StringConcatHelper::simpleConcat@17 (line 411)
                      ; - java.lang.String::concat@11 (line 2774)
                      ; - java.net.URLClassLoader$1::run@13 (line 423)
                      ; - java.net.URLClassLoader$1::run@1 (line 421)
                      ; - java.security.AccessController::executePrivileged@29 (line 814)
                      ; - java.security.AccessController::doPrivileged@13 (line 712)
                      ; - java.net.URLClassLoader::findClass@13 (line 420)
                      ; - java.lang.ClassLoader::loadClass@69 (line 592)
  0x00000199651bbc1c: e09e 7fff | 4889 6c24 | 484c 8b6c | 2430 488b | 5c24 50e9 | 49d9 ffff | 458b 432c | 4585 c00f 
  0x00000199651bbc3c: 1f44 0000 | 0f84 151c | 0000 458b | 4b2c 4585 | c90f 841a | f4ff ff45 | 0fb6 5312 | 4d8b c10f 
  0x00000199651bbc5c: 1f44 0000 | 4585 d20f | 8514 0300 | 004c 899c | 24a8 0000 | 0049 8bd3 | 488b ac24 | 8800 0000 
  0x00000199651bbc7c: ;   {optimized virtual_call}
  0x00000199651bbc7c: c5f8 77e8 

  0x00000199651bbc80: ; ImmutableOopMap {rbp=Oop [48]=Oop [72]=Oop [88]=Oop [96]=Oop [104]=Oop [112]=Oop [128]=Oop [136]=Oop [152]=Oop [160]=NarrowOop [168]=Oop [296]=Oop [304]=Oop }
                      ;*invokespecial getInputStream {reexecute=0 rethrow=0 return_oop=1}
                      ; - java.util.jar.JarFile::getManifestFromReference@130 (line 432)
                      ; - java.util.jar.JarFile::getManifest@1 (line 406)
                      ; - java.util.jar.JarFile::maybeInstantiateVerifier@31 (line 725)
                      ; - java.util.jar.JarFile::ensureInitialization@1 (line 1031)
                      ; - java.util.jar.JavaUtilJarAccessImpl::ensureInitialization@1 (line 72)
                      ; - jdk.internal.loader.URLClassPath$JarLoader$2::getManifest@10 (line 885)
                      ; - java.net.URLClassLoader::defineClass@34 (line 491)
                      ; - java.net.URLClassLoader$1::run@43 (line 427)
                      ; - java.net.URLClassLoader$1::run@1 (line 421)
                      ; - java.security.AccessController::executePrivileged@29 (line 814)
                      ; - java.security.AccessController::doPrivileged@13 (line 712)
                      ; - java.net.URLClassLoader::findClass@13 (line 420)
                      ; - java.lang.ClassLoader::loadClass@69 (line 592)
  0x00000199651bbc80: fc56 7eff | 4889 4424 | 5049 8b87 | 0801 0000 | 4c8b d049 | 83c2 1866 | 0f1f 8400 | 0000 0000 
  0x00000199651bbca0: 4d3b 9718 | 0100 000f | 8393 4400 | 004d 8997 | 0801 0000 | 410f 0d8a | c000 0000 | 48c7 0001 
  0x00000199651bbcc0: ;   {metadata('java/util/jar/Manifest')}
  0x00000199651bbcc0: 0000 00c7 | 4008 009c | 0600 4489 | 600c 4c89 | 6010 4c8b | d04c 8954 | 2478 4c8b | 9424 a800 
  0x00000199651bbce0: 0000 418b | 6a14 498b | 8708 0100 | 004c 8bd0 | 4983 c210 | 0f1f 8400 | 0000 0000 | 6666 6690 
  0x00000199651bbd00: 4d3b 9718 | 0100 000f | 834c 4400 | 004d 8997 | 0801 0000 | 410f 0d8a | c000 0000 | 48c7 0001 
  0x00000199651bbd20: ;   {metadata('java/util/jar/Attributes')}
  0x00000199651bbd20: 0000 00c7 | 4008 f84c | 1800 4489 | 600c 4c8b | d04c 8994 | 24b0 0000 | 0049 8bd2 

  0x00000199651bbd3c: ;   {optimized virtual_call}
  0x00000199651bbd3c: c5f8 77e8 

  0x00000199651bbd40: ; ImmutableOopMap {rbp=NarrowOop [48]=Oop [72]=Oop [80]=Oop [88]=Oop [96]=Oop [104]=Oop [112]=Oop [120]=Oop [128]=Oop [136]=Oop [152]=Oop [160]=NarrowOop [168]=Oop [176]=Oop [296]=Oop [304]=Oop }
                      ;*invokespecial <init> {reexecute=0 rethrow=0 return_oop=0}
                      ; - java.util.jar.Attributes::<init>@1 (line 81)
                      ; - java.util.jar.Attributes::<init>@3 (line 72)
                      ; - java.util.jar.Manifest::<init>@9 (line 54)
                      ; - java.util.jar.Manifest::<init>@4 (line 87)
                      ; - java.util.jar.JarFile::getManifestFromReference@143 (line 433)
                      ; - java.util.jar.JarFile::getManifest@1 (line 406)
                      ; - java.util.jar.JarFile::maybeInstantiateVerifier@31 (line 725)
                      ; - java.util.jar.JarFile::ensureInitialization@1 (line 1031)
                      ; - java.util.jar.JavaUtilJarAccessImpl::ensureInitialization@1 (line 72)
                      ; - jdk.internal.loader.URLClassPath$JarLoader$2::getManifest@10 (line 885)
                      ; - java.net.URLClassLoader::defineClass@34 (line 491)
                      ; - java.net.URLClassLoader$1::run@43 (line 427)
                      ; - java.net.URLClassLoader$1::run@1 (line 421)
                      ; - java.security.AccessController::executePrivileged@29 (line 814)
                      ; - java.security.AccessController::doPrivileged@13 (line 712)
                      ; - java.net.URLClassLoader::findClass@13 (line 420)
                      ; - java.lang.ClassLoader::loadClass@69 (line 592)
  0x00000199651bbd40: 3c56 7eff | 498b 8708 | 0100 004c | 8bd0 4983 | c238 6666 | 0f1f 8400 | 0000 0000 | 6666 6690 
  0x00000199651bbd60: 4d3b 9718 | 0100 000f | 8304 4400 | 004d 8997 | 0801 0000 | 410f 0d8a | c000 0000 | 48c7 0001 
  0x00000199651bbd80: ;   {metadata('java/util/LinkedHashMap')}
  0x00000199651bbd80: 0000 00c7 | 4008 203a | 0b00 4489 | 600c 4c89 | 6010 4c89 | 6018 4c89 | 6020 4c89 | 6028 4c89 
  0x00000199651bbda0: 6030 4c8b | d04c 8994 | 24b8 0000 | 0049 8bd2 | 41b8 0b00 | 0000 6690 

  0x00000199651bbdb8: ;   {optimized virtual_call}
  0x00000199651bbdb8: c5f8 77e8 

  0x00000199651bbdbc: ; ImmutableOopMap {rbp=NarrowOop [48]=Oop [72]=Oop [80]=Oop [88]=Oop [96]=Oop [104]=Oop [112]=Oop [120]=Oop [128]=Oop [136]=Oop [152]=Oop [160]=NarrowOop [168]=Oop [176]=Oop [184]=Oop [296]=Oop [304]=Oop }
                      ;*invokespecial <init> {reexecute=0 rethrow=0 return_oop=0}
                      ; - java.util.jar.Attributes::<init>@10 (line 82)
                      ; - java.util.jar.Attributes::<init>@3 (line 72)
                      ; - java.util.jar.Manifest::<init>@9 (line 54)
                      ; - java.util.jar.Manifest::<init>@4 (line 87)
                      ; - java.util.jar.JarFile::getManifestFromReference@143 (line 433)
                      ; - java.util.jar.JarFile::getManifest@1 (line 406)
                      ; - java.util.jar.JarFile::maybeInstantiateVerifier@31 (line 725)
                      ; - java.util.jar.JarFile::ensureInitialization@1 (line 1031)
                      ; - java.util.jar.JavaUtilJarAccessImpl::ensureInitialization@1 (line 72)
                      ; - jdk.internal.loader.URLClassPath$JarLoader$2::getManifest@10 (line 885)
                      ; - java.net.URLClassLoader::defineClass@34 (line 491)
                      ; - java.net.URLClassLoader$1::run@43 (line 427)
                      ; - java.net.URLClassLoader$1::run@1 (line 421)
                      ; - java.security.AccessController::executePrivileged@29 (line 814)
                      ; - java.security.AccessController::doPrivileged@13 (line 712)
                      ; - java.net.URLClassLoader::findClass@13 (line 420)
                      ; - java.lang.ClassLoader::loadClass@69 (line 592)
  0x00000199651bbdbc: c055 7eff | 4180 7f38 | 000f 85a1 | 3b00 004c | 8b94 24b8 | 0000 004d | 8bda 4c8b | 8424 b000 
  0x00000199651bbddc: 0000 4589 | 580c 4d8b | d84d 33d3 | 498b f849 | c1ea 144d | 85d2 741a | 49c1 eb09 | 48b9 0040 
  0x00000199651bbdfc: a16c 9901 | 0000 4903 | cb80 3904 | 0f85 793c | 0000 4180 | 7f38 000f | 8517 3b00 | 004c 8b54 
  0x00000199651bbe1c: 2478 4189 | 7a0c 4c8b | 9424 b000 | 0000 4c8b | 5c24 784d | 33d3 49c1 | ea14 4d85 | d274 1a49 
  0x00000199651bbe3c: c1eb 0948 | b900 40a1 | 6c99 0100 | 0049 03cb | 8039 040f | 85e7 3b00 | 0049 8b87 | 0801 0000 
  0x00000199651bbe5c: 4c8b d049 | 83c2 304d | 3b97 1801 | 0000 0f83 | 1943 0000 | 4d89 9708 | 0100 0041 | 0f0d 8ac0 
  0x00000199651bbe7c: 0000 0048 | c700 0100 

  0x00000199651bbe84: ;   {metadata('java/util/HashMap')}
  0x00000199651bbe84: 0000 c740 | 0820 360b | 0044 8960 | 0c4c 8960 | 104c 8960 | 184c 8960 | 204c 8960 | 284c 8bd0 
  0x00000199651bbea4: 4c89 9424 | b000 0000 | 498b d290 

  0x00000199651bbeb0: ;   {optimized virtual_call}
  0x00000199651bbeb0: c5f8 77e8 

  0x00000199651bbeb4: ; ImmutableOopMap {rbp=NarrowOop [48]=Oop [72]=Oop [80]=Oop [88]=Oop [96]=Oop [104]=Oop [112]=Oop [120]=Oop [128]=Oop [136]=Oop [152]=Oop [160]=NarrowOop [168]=Oop [176]=Oop [296]=Oop [304]=Oop }
                      ;*invokespecial <init> {reexecute=0 rethrow=0 return_oop=0}
                      ; - java.util.AbstractMap::<init>@1 (line 73)
                      ; - java.util.HashMap::<init>@1 (line 469)
                      ; - java.util.jar.Manifest::<init>@20 (line 57)
                      ; - java.util.jar.Manifest::<init>@4 (line 87)
                      ; - java.util.jar.JarFile::getManifestFromReference@143 (line 433)
                      ; - java.util.jar.JarFile::getManifest@1 (line 406)
                      ; - java.util.jar.JarFile::maybeInstantiateVerifier@31 (line 725)
                      ; - java.util.jar.JarFile::ensureInitialization@1 (line 1031)
                      ; - java.util.jar.JavaUtilJarAccessImpl::ensureInitialization@1 (line 72)
                      ; - jdk.internal.loader.URLClassPath$JarLoader$2::getManifest@10 (line 885)
                      ; - java.net.URLClassLoader::defineClass@34 (line 491)
                      ; - java.net.URLClassLoader$1::run@43 (line 427)
                      ; - java.net.URLClassLoader$1::run@1 (line 421)
                      ; - java.security.AccessController::executePrivileged@29 (line 814)
                      ; - java.security.AccessController::doPrivileged@13 (line 712)
                      ; - java.net.URLClassLoader::findClass@13 (line 420)
                      ; - java.lang.ClassLoader::loadClass@69 (line 592)
  0x00000199651bbeb4: c854 7eff | 4c8b 8424 | b000 0000 | 41c7 4020 | 0000 403f | 4180 7f38 | 000f 85de | 3a00 004d 
  0x00000199651bbed4: 8bd8 4c8b | 5424 7845 | 895a 104d | 8bd0 4c8b | 5c24 784d | 33d3 4c8b | c549 8bd8 | 49c1 ea14 
  0x00000199651bbef4: 4d85 d274 | 1a49 c1eb | 0948 b900 | 40a1 6c99 | 0100 0049 | 03cb 8039 | 040f 85bd | 3b00 0048 
  0x00000199651bbf14: 8b54 2478 | 4c8b 4424 | 504c 8bcb | 488b ac24 | 8800 0000 

  0x00000199651bbf28: ;   {optimized virtual_call}
  0x00000199651bbf28: c5f8 77e8 

  0x00000199651bbf2c: ; ImmutableOopMap {rbp=Oop [48]=Oop [72]=Oop [80]=Oop [88]=Oop [96]=Oop [104]=Oop [112]=Oop [120]=Oop [128]=Oop [136]=Oop [152]=Oop [160]=NarrowOop [168]=Oop [296]=Oop [304]=Oop }
                      ;*invokevirtual read {reexecute=0 rethrow=0 return_oop=0}
                      ; - java.util.jar.Manifest::<init>@29 (line 100)
                      ; - java.util.jar.Manifest::<init>@4 (line 87)
                      ; - java.util.jar.JarFile::getManifestFromReference@143 (line 433)
                      ; - java.util.jar.JarFile::getManifest@1 (line 406)
                      ; - java.util.jar.JarFile::maybeInstantiateVerifier@31 (line 725)
                      ; - java.util.jar.JarFile::ensureInitialization@1 (line 1031)
                      ; - java.util.jar.JavaUtilJarAccessImpl::ensureInitialization@1 (line 72)
                      ; - jdk.internal.loader.URLClassPath$JarLoader$2::getManifest@10 (line 885)
                      ; - java.net.URLClassLoader::defineClass@34 (line 491)
                      ; - java.net.URLClassLoader$1::run@43 (line 427)
                      ; - java.net.URLClassLoader$1::run@1 (line 421)
                      ; - java.security.AccessController::executePrivileged@29 (line 814)
                      ; - java.security.AccessController::doPrivileged@13 (line 712)
                      ; - java.net.URLClassLoader::findClass@13 (line 420)
                      ; - java.lang.ClassLoader::loadClass@69 (line 592)
  0x00000199651bbf2c: 5054 7eff | 4180 7f38 | 000f 85c1 | 3a00 004c | 8b5c 2478 | 4589 6314 | 4c8b 4424 | 5045 8b50 
  0x00000199651bbf4c: ;   {metadata('java/util/zip/ZipFile$ZipFileInflaterInputStream')}
  0x00000199651bbf4c: 0841 81fa | e891 1b00 | 0f85 1b47 | 0000 498b | eb49 8bd0 | 4c8b 9424 | 8800 0000 | 4c89 5424 
  0x00000199651bbf6c: 5066 6690 

  0x00000199651bbf70: ;   {optimized virtual_call}
  0x00000199651bbf70: c5f8 77e8 

  0x00000199651bbf74: ; ImmutableOopMap {rbp=Oop [48]=Oop [72]=Oop [80]=Oop [88]=Oop [96]=Oop [104]=Oop [112]=Oop [128]=Oop [136]=Oop [152]=Oop [160]=NarrowOop [168]=Oop [296]=Oop [304]=Oop }
                      ;*invokevirtual close {reexecute=0 rethrow=0 return_oop=0}
                      ; - java.util.jar.JarFile::getManifestFromReference@152 (line 434)
                      ; - java.util.jar.JarFile::getManifest@1 (line 406)
                      ; - java.util.jar.JarFile::maybeInstantiateVerifier@31 (line 725)
                      ; - java.util.jar.JarFile::ensureInitialization@1 (line 1031)
                      ; - java.util.jar.JavaUtilJarAccessImpl::ensureInitialization@1 (line 72)
                      ; - jdk.internal.loader.URLClassPath$JarLoader$2::getManifest@10 (line 885)
                      ; - java.net.URLClassLoader::defineClass@34 (line 491)
                      ; - java.net.URLClassLoader$1::run@43 (line 427)
                      ; - java.net.URLClassLoader$1::run@1 (line 421)
                      ; - java.security.AccessController::executePrivileged@29 (line 814)
                      ; - java.security.AccessController::doPrivileged@13 (line 712)
                      ; - java.net.URLClassLoader::findClass@13 (line 420)
                      ; - java.lang.ClassLoader::loadClass@69 (line 592)
  0x00000199651bbf74: 0854 7eff | e951 1200 | 004c 8944 | 2450 418b | e94c 899c | 24a8 0000 | 0049 8bd3 | 4c8b 9424 
  0x00000199651bbf94: 8800 0000 | 4c89 5424 | 7866 6690 

  0x00000199651bbfa0: ;   {optimized virtual_call}
  0x00000199651bbfa0: c5f8 77e8 

  0x00000199651bbfa4: ; ImmutableOopMap {rbp=NarrowOop [48]=Oop [72]=Oop [80]=Oop [88]=Oop [96]=Oop [104]=Oop [112]=Oop [120]=Oop [128]=Oop [136]=Oop [152]=Oop [160]=NarrowOop [168]=Oop [296]=Oop [304]=Oop }
                      ;*invokespecial getInputStream {reexecute=0 rethrow=0 return_oop=1}
                      ; - java.util.jar.JarFile::getBytes@2 (line 801)
                      ; - java.util.jar.JarFile::getManifestFromReference@44 (line 419)
                      ; - java.util.jar.JarFile::getManifest@1 (line 406)
                      ; - java.util.jar.JarFile::maybeInstantiateVerifier@31 (line 725)
                      ; - java.util.jar.JarFile::ensureInitialization@1 (line 1031)
                      ; - java.util.jar.JavaUtilJarAccessImpl::ensureInitialization@1 (line 72)
                      ; - jdk.internal.loader.URLClassPath$JarLoader$2::getManifest@10 (line 885)
                      ; - java.net.URLClassLoader::defineClass@34 (line 491)
                      ; - java.net.URLClassLoader$1::run@43 (line 427)
                      ; - java.net.URLClassLoader$1::run@1 (line 421)
                      ; - java.security.AccessController::executePrivileged@29 (line 814)
                      ; - java.security.AccessController::doPrivileged@13 (line 712)
                      ; - java.net.URLClassLoader::findClass@13 (line 420)
                      ; - java.lang.ClassLoader::loadClass@69 (line 592)
  0x00000199651bbfa4: d853 7eff | 4889 8424 | b000 0000 | 448b c549 | 8b68 2066 | 0f1f 8400 | 0000 0000 | 4881 fd00 
  0x00000199651bbfc4: 24f4 000f | 8f68 4500 | 0044 8bd5 | 4183 faff | 0f84 161b | 0000 660f | 1f44 0000 | 4181 faff 
  0x00000199651bbfe4: ff00 000f | 8f37 0100 | 0041 81fa | 0000 1000 | 0f87 5b4a | 0000 4963 | ca66 6690 | 4181 fa00 
  0x00000199651bc004: 0010 000f | 8798 4100 | 0041 8bea | 4489 8424 | a400 0000 | 4d8b 9708 | 0100 0048 | 83c1 174c 
  0x00000199651bc024: 8bd9 4983 | e3f8 4d8b | c24d 03c3 | 4d3b 8718 | 0100 000f | 8373 4100 | 004d 8987 | 0801 0000 
  0x00000199651bc044: 410f 0d88 | c000 0000 | 49c7 0201 | 0000 0041 | 0f0d 8800 

  0x00000199651bc058: ;   {metadata({type array byte})}
  0x00000199651bc058: 0100 0041 | c742 0828 | 6700 0041 | 896a 0c41 | 0f0d 8840 | 0100 0049 | 8bfa 4883 | c710 410f 
  0x00000199651bc078: 0d88 8001 | 0000 48c1 | e903 4883 | c1fe 4833 | c048 83f9 | 087f 1048 | ffc9 784f | 4889 04cf 
  0x00000199651bc098: 48ff c97d | f7eb 44c5 | fdef c0e9 | 0d00 0000 | c5fe 7f07 | c5fe 7f47 | 2048 83c7 | 4048 83e9 
  0x00000199651bc0b8: 087d ed48 | 83c1 047c | 0cc5 fe7f | 0748 83c7 | 2048 83e9 | 0448 83c1 | 047e 1048 | ffc9 c5f9 
  0x00000199651bc0d8: d607 4883 | c708 48ff | c97d f34c | 8954 2478 | 448b d541 | 8bea 488b | 9424 b000 | 0000 4c8b 
  0x00000199651bc0f8: 4424 7845 | 33c9 418b | fa90 c5f8 | 7748 b8ff | ffff ffff 

  0x00000199651bc10c: ;   {virtual_call}
  0x00000199651bc10c: ffff ffe8 

  0x00000199651bc110: ; ImmutableOopMap {[48]=Oop [72]=Oop [80]=Oop [88]=Oop [96]=Oop [104]=Oop [112]=Oop [120]=Oop [128]=Oop [136]=Oop [152]=Oop [160]=NarrowOop [164]=NarrowOop [168]=Oop [176]=Oop [296]=Oop [304]=Oop }
                      ;*invokevirtual readNBytes {reexecute=0 rethrow=0 return_oop=0}
                      ; - java.util.jar.JarFile::getBytes@109 (line 817)
                      ; - java.util.jar.JarFile::getManifestFromReference@44 (line 419)
                      ; - java.util.jar.JarFile::getManifest@1 (line 406)
                      ; - java.util.jar.JarFile::maybeInstantiateVerifier@31 (line 725)
                      ; - java.util.jar.JarFile::ensureInitialization@1 (line 1031)
                      ; - java.util.jar.JavaUtilJarAccessImpl::ensureInitialization@1 (line 72)
                      ; - jdk.internal.loader.URLClassPath$JarLoader$2::getManifest@10 (line 885)
                      ; - java.net.URLClassLoader::defineClass@34 (line 491)
                      ; - java.net.URLClassLoader$1::run@43 (line 427)
                      ; - java.net.URLClassLoader$1::run@1 (line 421)
                      ; - java.security.AccessController::executePrivileged@29 (line 814)
                      ; - java.security.AccessController::doPrivileged@13 (line 712)
                      ; - java.net.URLClassLoader::findClass@13 (line 420)
                      ; - java.lang.ClassLoader::loadClass@69 (line 592)
  0x00000199651bc110: 6c55 7eff | 448b c048 | 8b44 2478 | 448b dd45 | 8bd0 eb46 | 4489 5424 | 7844 8984 | 24a4 0000 
  0x00000199651bc130: 0048 8bd0 | 488b ac24 | 8800 0000 | 6690 c5f8 | 7748 b8ff | ffff ffff 

  0x00000199651bc148: ;   {virtual_call}
  0x00000199651bc148: ffff ffe8 

  0x00000199651bc14c: ; ImmutableOopMap {rbp=Oop [48]=Oop [72]=Oop [80]=Oop [88]=Oop [96]=Oop [104]=Oop [112]=Oop [128]=Oop [136]=Oop [152]=Oop [160]=NarrowOop [164]=NarrowOop [168]=Oop [176]=Oop [296]=Oop [304]=Oop }
                      ;*invokevirtual readAllBytes {reexecute=0 rethrow=0 return_oop=1}
                      ; - java.util.jar.JarFile::getBytes@118 (line 819)
                      ; - java.util.jar.JarFile::getManifestFromReference@44 (line 419)
                      ; - java.util.jar.JarFile::getManifest@1 (line 406)
                      ; - java.util.jar.JarFile::maybeInstantiateVerifier@31 (line 725)
                      ; - java.util.jar.JarFile::ensureInitialization@1 (line 1031)
                      ; - java.util.jar.JavaUtilJarAccessImpl::ensureInitialization@1 (line 72)
                      ; - jdk.internal.loader.URLClassPath$JarLoader$2::getManifest@10 (line 885)
                      ; - java.net.URLClassLoader::defineClass@34 (line 491)
                      ; - java.net.URLClassLoader$1::run@43 (line 427)
                      ; - java.net.URLClassLoader$1::run@1 (line 421)
                      ; - java.security.AccessController::executePrivileged@29 (line 814)
                      ; - java.security.AccessController::doPrivileged@13 (line 712)
                      ; - java.net.URLClassLoader::findClass@13 (line 420)
                      ; - java.lang.ClassLoader::loadClass@69 (line 592)
  0x00000199651bc14c: 3055 7eff 

  0x00000199651bc150: ; implicit exception: dispatches to 0x00000199651c12d0
  0x00000199651bc150: 448b 500c | 448b 5c24 | 780f 1f80 | 0000 0000 | 4183 fbff | 0f84 6a1f | 0000 453b | da0f 853d 
  0x00000199651bc170: 4400 0048 | 8984 2438 | 0100 0048 | 8b94 24b0 | 0000 0048 | 8bac 2488 | 0000 0066 | 6690 c5f8 
  0x00000199651bc190: 7748 b8ff | ffff ffff 

  0x00000199651bc198: ;   {virtual_call}
  0x00000199651bc198: ffff ffe8 

  0x00000199651bc19c: ; ImmutableOopMap {rbp=Oop [48]=Oop [72]=Oop [80]=Oop [88]=Oop [96]=Oop [104]=Oop [112]=Oop [128]=Oop [136]=Oop [152]=Oop [160]=NarrowOop [164]=NarrowOop [168]=Oop [296]=Oop [304]=Oop [312]=Oop }
                      ;*invokevirtual close {reexecute=0 rethrow=0 return_oop=0}
                      ; - java.util.jar.JarFile::getBytes@190 (line 826)
                      ; - java.util.jar.JarFile::getManifestFromReference@44 (line 419)
                      ; - java.util.jar.JarFile::getManifest@1 (line 406)
                      ; - java.util.jar.JarFile::maybeInstantiateVerifier@31 (line 725)
                      ; - java.util.jar.JarFile::ensureInitialization@1 (line 1031)
                      ; - java.util.jar.JavaUtilJarAccessImpl::ensureInitialization@1 (line 72)
                      ; - jdk.internal.loader.URLClassPath$JarLoader$2::getManifest@10 (line 885)
                      ; - java.net.URLClassLoader::defineClass@34 (line 491)
                      ; - java.net.URLClassLoader$1::run@43 (line 427)
                      ; - java.net.URLClassLoader$1::run@1 (line 421)
                      ; - java.security.AccessController::executePrivileged@29 (line 814)
                      ; - java.security.AccessController::doPrivileged@13 (line 712)
                      ; - java.net.URLClassLoader::findClass@13 (line 420)
                      ; - java.lang.ClassLoader::loadClass@69 (line 592)
  0x00000199651bc19c: e054 7eff | 4c8b 9424 | a800 0000 | 410f b66a | 1185 ed0f | 853b 4500 | 0049 8bd2 | 488b ac24 
  0x00000199651bc1bc: 8800 0000 

  0x00000199651bc1c0: ;   {optimized virtual_call}
  0x00000199651bc1c0: c5f8 77e8 

  0x00000199651bc1c4: ; ImmutableOopMap {rbp=Oop [48]=Oop [72]=Oop [80]=Oop [88]=Oop [96]=Oop [104]=Oop [112]=Oop [128]=Oop [136]=Oop [152]=Oop [160]=NarrowOop [164]=NarrowOop [168]=Oop [296]=Oop [304]=Oop [312]=Oop }
                      ;*invokevirtual getManifestNum {reexecute=0 rethrow=0 return_oop=0}
                      ; - java.util.zip.ZipFile$1::getManifestNum@1 (line 1119)
                      ; - java.util.jar.JarFile::getManifestFromReference@59 (line 421)
                      ; - java.util.jar.JarFile::getManifest@1 (line 406)
                      ; - java.util.jar.JarFile::maybeInstantiateVerifier@31 (line 725)
                      ; - java.util.jar.JarFile::ensureInitialization@1 (line 1031)
                      ; - java.util.jar.JavaUtilJarAccessImpl::ensureInitialization@1 (line 72)
                      ; - jdk.internal.loader.URLClassPath$JarLoader$2::getManifest@10 (line 885)
                      ; - java.net.URLClassLoader::defineClass@34 (line 491)
                      ; - java.net.URLClassLoader$1::run@43 (line 427)
                      ; - java.net.URLClassLoader$1::run@1 (line 421)
                      ; - java.security.AccessController::executePrivileged@29 (line 814)
                      ; - java.security.AccessController::doPrivileged@13 (line 712)
                      ; - java.net.URLClassLoader::findClass@13 (line 420)
                      ; - java.lang.ClassLoader::loadClass@69 (line 592)
  0x00000199651bc1c4: b851 7eff | 83f8 010f | 8543 4500 | 004d 8b97 | 0801 0000 | 4d8b da49 | 83c3 6090 | 4d3b 9f18 
  0x00000199651bc1e4: 0100 000f | 83ae 3b00 | 004d 899f | 0801 0000 | 410f 0d8b | c000 0000 | 49c7 0201 | 0000 0049 
  0x00000199651bc204: 8bfa 4883 

  0x00000199651bc208: ;   {metadata('java/util/jar/JarVerifier')}
  0x00000199651bc208: c710 41c7 | 4208 7875 | 1800 4589 | 620c b90a | 0000 00c5 | fdef c0e9 | 0d00 0000 | c5fe 7f07 
  0x00000199651bc228: c5fe 7f47 | 2048 83c7 | 4048 83e9 | 087d ed48 | 83c1 047c | 0cc5 fe7f | 0748 83c7 | 2048 83e9 
  0x00000199651bc248: 0448 83c1 | 047e 1048 | ffc9 c5f9 | d607 4883 | c708 48ff | c97d f34c | 8954 2478 | 448b 9424 
  0x00000199651bc268: a400 0000 | 458b 5208 

  0x00000199651bc270: ;   {metadata('java/util/jar/JarFile$JarFileEntry')}
  0x00000199651bc270: 4181 fa60 | b218 000f | 85e3 4200 | 004c 8b54 | 2450 4c8b | 5c24 7841 | c643 0e01 | 458b 5a60 
  0x00000199651bc290: 4489 5c24 | 2c49 8b87 | 0801 0000 | 4c8b 5424 | 7841 c642 | 0d01 4c8b | d049 83c2 | 1049 8beb 
  0x00000199651bc2b0: 4d3b 9718 | 0100 000f | 831c 3b00 | 004d 8997 | 0801 0000 | 410f 0d8a | c000 0000 | 48c7 0001 
  0x00000199651bc2d0: ;   {metadata('java/lang/Object')}
  0x00000199651bc2d0: 0000 00c7 | 4008 580d | 0000 4489 | 600c 4c8b | 9424 3801 | 0000 4489 | 5424 504c | 8bd0 4c8b 
  0x00000199651bc2f0: 5c24 7845 | 8953 344c | 8bd0 4d33 | d349 c1ea | 144d 85d2 | 7420 49c1 | eb09 48b9 | 0040 a16c 
  0x00000199651bc310: 9901 0000 | 4903 cb80 | 3904 660f | 1f44 0000 | 0f85 ca2f | 0000 4d8b | 9708 0100 | 004d 8bda 
  0x00000199651bc330: 4983 c330 | 0f1f 8400 | 0000 0000 | 6666 6690 | 4d3b 9f18 | 0100 000f | 83b0 3a00 | 004d 899f 
  0x00000199651bc350: 0801 0000 | 410f 0d8b | c000 0000 | 49c7 0201 

  0x00000199651bc360: ;   {metadata('java/util/HashMap')}
  0x00000199651bc360: 0000 0041 | c742 0820 | 360b 0045 | 8962 0c4d | 8962 104d | 8962 184d | 8962 2849 | c742 2000 
  0x00000199651bc380: 0040 3f49 | 8bda 4180 | 7f38 000f | 8583 2900 | 004c 8b54 | 2478 4c8b | db4c 8b44 | 2478 4589 
  0x00000199651bc3a0: 5840 4c8b | db4d 33da | 49c1 eb14 | 4d85 db74 | 1a49 c1ea | 0948 b900 | 40a1 6c99 | 0100 0049 
  0x00000199651bc3c0: 03ca 8039 | 040f 85e1 | 2d00 004d | 8b97 0801 | 0000 4d8b | da49 83c3 | 300f 1f80 | 0000 0000 
  0x00000199651bc3e0: 4d3b 9f18 | 0100 000f | 834b 3a00 | 004d 899f | 0801 0000 | 410f 0d8b | c000 0000 | 49c7 0201 
  0x00000199651bc400: ;   {metadata('java/util/HashMap')}
  0x00000199651bc400: 0000 0041 | c742 0820 | 360b 0045 | 8962 0c4d | 8962 104d | 8962 184d | 8962 2849 | c742 2000 
  0x00000199651bc420: 0040 3f49 | 8bda 4180 | 7f38 000f | 851e 2900 | 004c 8b54 | 2478 4c8b | db4c 8b44 | 2478 4589 
  0x00000199651bc440: 5844 4c8b | db4d 33da | 49c1 eb14 | 4d85 db74 | 1a49 c1ea | 0948 b900 | 40a1 6c99 | 0100 0049 
  0x00000199651bc460: 03ca 8039 | 040f 859c | 2d00 004d | 8b97 0801 | 0000 4d8b | da49 83c3 | 100f 1f80 | 0000 0000 
  0x00000199651bc480: 4d3b 9f18 | 0100 000f | 838b 3900 | 004d 899f | 0801 0000 | 410f 0d8b | c000 0000 | 49c7 0201 
  0x00000199651bc4a0: 0000 0041 | 0f0d 8b00 

  0x00000199651bc4a8: ;   {metadata('java/security/CodeSigner'[])}
  0x00000199651bc4a8: 0100 0041 | c742 0878 | 3c04 0141 | 0f0d 8b40 | 0100 0045 | 8962 0c41 | 0f0d 8b80 | 0100 0049 
  0x00000199651bc4c8: 8bda 4180 | 7f38 000f | 8592 2700 | 004c 8b54 | 2478 4c8b | db4c 8b44 | 2478 4589 | 5850 4c8b 
  0x00000199651bc4e8: db4d 33da | 49c1 eb14 | 4d85 db74 | 1a49 c1ea | 0948 b900 | 40a1 6c99 | 0100 0049 | 03ca 8039 
  0x00000199651bc508: 040f 8541 | 2d00 0041 | 807f 3800 | 0f85 c227 | 0000 4c8b | 5424 7844 | 8b44 242c | 4589 4230 
  0x00000199651bc528: 4c8b d54c | 8b5c 2478 | 4d33 d349 | c1ea 144d | 85d2 7423 | 0f1f 4000 | 4585 c074 | 1a49 c1eb 
  0x00000199651bc548: 0948 b900 | 40a1 6c99 | 0100 0049 | 03cb 8039 | 040f 8531 | 3300 0090 | 4180 7f38 | 000f 8534 
  0x00000199651bc568: 2700 004c | 8b54 2478 | 448b 4424 | 5045 8942 | 2c4c 8b94 | 2438 0100 | 004c 8b5c | 2478 4d33 
  0x00000199651bc588: d349 c1ea | 144d 85d2 | 741a 49c1 | eb09 48b9 | 0040 a16c | 9901 0000 | 4903 cb80 | 3904 0f85 
  0x00000199651bc5a8: fb2c 0000 | 498b 8708 | 0100 004c | 8bd0 4983 | c230 660f | 1f44 0000 | 4d3b 9718 | 0100 000f 
  0x00000199651bc5c8: 83eb 3700 | 004d 8997 | 0801 0000 | 410f 0d8a | c000 0000 | 48c7 0001 

  0x00000199651bc5e0: ;   {metadata('java/util/Hashtable')}
  0x00000199651bc5e0: 0000 00c7 | 4008 806f | 0100 4489 | 600c 4c89 | 6010 4c89 | 6018 4c89 | 6020 4c89 | 6028 4c8b 
  0x00000199651bc600: d049 8bea | 498b d290 

  0x00000199651bc608: ;   {optimized virtual_call}
  0x00000199651bc608: c5f8 77e8 

  0x00000199651bc60c: ; ImmutableOopMap {rbp=Oop [48]=Oop [72]=Oop [80]=NarrowOop [88]=Oop [96]=Oop [104]=Oop [112]=Oop [120]=Oop [128]=Oop [136]=Oop [152]=Oop [160]=NarrowOop [168]=Oop [296]=Oop [304]=Oop [312]=Oop }
                      ;*invokespecial <init> {reexecute=0 rethrow=0 return_oop=0}
                      ; - java.util.Dictionary::<init>@1 (line 54)
                      ; - java.util.Hashtable::<init>@1 (line 186)
                      ; - java.util.Hashtable::<init>@5 (line 217)
                      ; - java.util.jar.JarVerifier::<init>@80 (line 109)
                      ; - java.util.jar.JarFile::getManifestFromReference@78 (line 422)
                      ; - java.util.jar.JarFile::getManifest@1 (line 406)
                      ; - java.util.jar.JarFile::maybeInstantiateVerifier@31 (line 725)
                      ; - java.util.jar.JarFile::ensureInitialization@1 (line 1031)
                      ; - java.util.jar.JavaUtilJarAccessImpl::ensureInitialization@1 (line 72)
                      ; - jdk.internal.loader.URLClassPath$JarLoader$2::getManifest@10 (line 885)
                      ; - java.net.URLClassLoader::defineClass@34 (line 491)
                      ; - java.net.URLClassLoader$1::run@43 (line 427)
                      ; - java.net.URLClassLoader$1::run@1 (line 421)
                      ; - java.security.AccessController::executePrivileged@29 (line 814)
                      ; - java.security.AccessController::doPrivileged@13 (line 712)
                      ; - java.net.URLClassLoader::findClass@13 (line 420)
                      ; - java.lang.ClassLoader::loadClass@69 (line 592)
  0x00000199651bc60c: 704d 7eff | 4c8b d545 | 8962 184d | 8b97 0801 | 0000 c745 | 1400 0040 | 3f4d 8bda | 4983 c340 
  0x00000199651bc62c: 4d3b 9f18 | 0100 000f | 831b 3800 | 004d 899f | 0801 0000 | 410f 0d8b | c000 0000 | 49c7 0201 
  0x00000199651bc64c: 0000 0041 | 0f0d 8b00 

  0x00000199651bc654: ;   {metadata('java/util/Hashtable$Entry'[])}
  0x00000199651bc654: 0100 0041 | c742 0870 | 9e15 0041 | 0f0d 8b40 | 0100 0041 | c742 0c0b | 0000 0041 | 0f0d 8b80 
  0x00000199651bc674: 0100 004d | 8962 104d | 8962 184d | 8962 204d | 8962 284d | 8962 304d | 8962 3849 | 8bda 4180 
  0x00000199651bc694: 7f38 000f | 8528 2700 | 004c 8bd5 | 4c8b db4d | 33da 4c8b | cb44 894d | 1c49 c1eb | 1448 8bfd 
  0x00000199651bc6b4: 4d85 db74 | 1a49 c1ea | 0948 b900 | 40a1 6c99 | 0100 0049 | 03ca 8039 | 040f 85bd | 2c00 0041 
  0x00000199651bc6d4: 807f 3800 | 0f85 ae26 | 0000 4c8b | 5424 7841 | 897a 144c | 8bd5 41c7 | 4210 0800 | 0000 4c8b 
  0x00000199651bc6f4: 5424 784c | 8bdd 4d33 | da49 c1eb | 144d 85db | 7420 49c1 | ea09 48b9 | 0040 a16c | 9901 0000 
  0x00000199651bc714: 4903 ca80 | 3904 660f | 1f44 0000 | 0f85 212c | 0000 498b | 8708 0100 | 004c 8bd0 | 4983 c230 
  0x00000199651bc734: 0f1f 8400 | 0000 0000 | 6666 6690 | 4d3b 9718 | 0100 000f | 8327 3700 | 004d 8997 | 0801 0000 
  0x00000199651bc754: 410f 0d8a | c000 0000 | 48c7 0001 

  0x00000199651bc760: ;   {metadata('java/util/Hashtable')}
  0x00000199651bc760: 0000 00c7 | 4008 806f | 0100 4489 | 600c 4c89 | 6010 4c89 | 6018 4c89 | 6020 4c89 | 6028 4c8b 
  0x00000199651bc780: d049 8bea | 498b d290 

  0x00000199651bc788: ;   {optimized virtual_call}
  0x00000199651bc788: c5f8 77e8 

  0x00000199651bc78c: ; ImmutableOopMap {rbp=Oop [48]=Oop [72]=Oop [80]=NarrowOop [88]=Oop [96]=Oop [104]=Oop [112]=Oop [120]=Oop [128]=Oop [136]=Oop [152]=Oop [160]=NarrowOop [168]=Oop [296]=Oop [304]=Oop [312]=Oop }
                      ;*invokespecial <init> {reexecute=0 rethrow=0 return_oop=0}
                      ; - java.util.Dictionary::<init>@1 (line 54)
                      ; - java.util.Hashtable::<init>@1 (line 186)
                      ; - java.util.Hashtable::<init>@5 (line 217)
                      ; - java.util.jar.JarVerifier::<init>@91 (line 110)
                      ; - java.util.jar.JarFile::getManifestFromReference@78 (line 422)
                      ; - java.util.jar.JarFile::getManifest@1 (line 406)
                      ; - java.util.jar.JarFile::maybeInstantiateVerifier@31 (line 725)
                      ; - java.util.jar.JarFile::ensureInitialization@1 (line 1031)
                      ; - java.util.jar.JavaUtilJarAccessImpl::ensureInitialization@1 (line 72)
                      ; - jdk.internal.loader.URLClassPath$JarLoader$2::getManifest@10 (line 885)
                      ; - java.net.URLClassLoader::defineClass@34 (line 491)
                      ; - java.net.URLClassLoader$1::run@43 (line 427)
                      ; - java.net.URLClassLoader$1::run@1 (line 421)
                      ; - java.security.AccessController::executePrivileged@29 (line 814)
                      ; - java.security.AccessController::doPrivileged@13 (line 712)
                      ; - java.net.URLClassLoader::findClass@13 (line 420)
                      ; - java.lang.ClassLoader::loadClass@69 (line 592)
  0x00000199651bc78c: f04b 7eff | 4c8b d545 | 8962 184d | 8b97 0801 | 0000 c745 | 1400 0040 | 3f4d 8bda | 4983 c340 
  0x00000199651bc7ac: 4d3b 9f18 | 0100 000f | 83fc 3600 | 004d 899f | 0801 0000 | 410f 0d8b | c000 0000 | 49c7 0201 
  0x00000199651bc7cc: 0000 0041 | 0f0d 8b00 

  0x00000199651bc7d4: ;   {metadata('java/util/Hashtable$Entry'[])}
  0x00000199651bc7d4: 0100 0041 | c742 0870 | 9e15 0041 | 0f0d 8b40 | 0100 0041 | c742 0c0b | 0000 0041 | 0f0d 8b80 
  0x00000199651bc7f4: 0100 004d | 8962 104d | 8962 184d | 8962 204d | 8962 284d | 8962 304d | 8962 3849 | 8bda 4180 
  0x00000199651bc814: 7f38 000f | 851f 2600 | 004c 8bd5 | 4c8b db4d | 33da 4c8b | cb44 894d | 1c49 c1eb | 1448 8bfd 
  0x00000199651bc834: 4d85 db74 | 1a49 c1ea | 0948 b900 | 40a1 6c99 | 0100 0049 | 03ca 8039 | 040f 85dd | 2b00 0041 
  0x00000199651bc854: 807f 3800 | 0f85 a125 | 0000 4c8b | 5424 7841 | 897a 104c | 8bd5 41c7 | 4210 0800 | 0000 4c8b 
  0x00000199651bc874: 5424 784c | 8bdd 4d33 | da49 c1eb | 144d 85db | 7420 49c1 | ea09 48b9 | 0040 a16c | 9901 0000 
  0x00000199651bc894: 4903 ca80 | 3904 660f | 1f44 0000 | 0f85 412b | 0000 498b | 8708 0100 | 004c 8bd0 | 4983 c230 
  0x00000199651bc8b4: 0f1f 8400 | 0000 0000 | 6666 6690 | 4d3b 9718 | 0100 000f | 83c8 3500 | 004d 8997 | 0801 0000 
  0x00000199651bc8d4: 410f 0d8a | c000 0000 | 48c7 0001 

  0x00000199651bc8e0: ;   {metadata('java/util/Hashtable')}
  0x00000199651bc8e0: 0000 00c7 | 4008 806f | 0100 4489 | 600c 4c89 | 6010 4c89 | 6018 4c89 | 6020 4c89 | 6028 4c8b 
  0x00000199651bc900: d049 8bea | 498b d290 

  0x00000199651bc908: ;   {optimized virtual_call}
  0x00000199651bc908: c5f8 77e8 

  0x00000199651bc90c: ; ImmutableOopMap {rbp=Oop [48]=Oop [72]=Oop [80]=NarrowOop [88]=Oop [96]=Oop [104]=Oop [112]=Oop [120]=Oop [128]=Oop [136]=Oop [152]=Oop [160]=NarrowOop [168]=Oop [296]=Oop [304]=Oop [312]=Oop }
                      ;*invokespecial <init> {reexecute=0 rethrow=0 return_oop=0}
                      ; - java.util.Dictionary::<init>@1 (line 54)
                      ; - java.util.Hashtable::<init>@1 (line 186)
                      ; - java.util.Hashtable::<init>@4 (line 209)
                      ; - java.util.jar.JarVerifier::<init>@104 (line 111)
                      ; - java.util.jar.JarFile::getManifestFromReference@78 (line 422)
                      ; - java.util.jar.JarFile::getManifest@1 (line 406)
                      ; - java.util.jar.JarFile::maybeInstantiateVerifier@31 (line 725)
                      ; - java.util.jar.JarFile::ensureInitialization@1 (line 1031)
                      ; - java.util.jar.JavaUtilJarAccessImpl::ensureInitialization@1 (line 72)
                      ; - jdk.internal.loader.URLClassPath$JarLoader$2::getManifest@10 (line 885)
                      ; - java.net.URLClassLoader::defineClass@34 (line 491)
                      ; - java.net.URLClassLoader$1::run@43 (line 427)
                      ; - java.net.URLClassLoader$1::run@1 (line 421)
                      ; - java.security.AccessController::executePrivileged@29 (line 814)
                      ; - java.security.AccessController::doPrivileged@13 (line 712)
                      ; - java.net.URLClassLoader::findClass@13 (line 420)
                      ; - java.lang.ClassLoader::loadClass@69 (line 592)
  0x00000199651bc90c: 704a 7eff | 4c8b d545 | 8962 184d | 8b97 0801 | 0000 c745 | 1400 0040 | 3f4d 8bda | 4983 c340 
  0x00000199651bc92c: 4d3b 9f18 | 0100 000f | 83c0 3500 | 004d 899f | 0801 0000 | 410f 0d8b | c000 0000 | 49c7 0201 
  0x00000199651bc94c: 0000 0041 | 0f0d 8b00 

  0x00000199651bc954: ;   {metadata('java/util/Hashtable$Entry'[])}
  0x00000199651bc954: 0100 0041 | c742 0870 | 9e15 0041 | 0f0d 8b40 | 0100 0041 | c742 0c0b | 0000 0041 | 0f0d 8b80 
  0x00000199651bc974: 0100 004d | 8962 104d | 8962 184d | 8962 204d | 8962 284d | 8962 304d | 8962 3849 | 8bda 4180 
  0x00000199651bc994: 7f38 000f | 8512 2500 | 004c 8bd5 | 4c8b db4d | 33da 4c8b | cb44 894d | 1c49 c1eb | 1448 8bfd 
  0x00000199651bc9b4: 4d85 db74 | 1a49 c1ea | 0948 b900 | 40a1 6c99 | 0100 0049 | 03ca 8039 | 040f 85b4 | 2a00 0041 
  0x00000199651bc9d4: 807f 3800 | 0f85 9424 | 0000 4c8b | 5424 7841 | 897a 184c | 8bd5 41c7 | 4210 0800 | 0000 4c8b 
  0x00000199651bc9f4: 5424 784c | 8bdd 4d33 | da49 c1eb | 144d 85db | 7420 49c1 | ea09 48b9 | 0040 a16c | 9901 0000 
  0x00000199651bca14: 4903 ca80 | 3904 660f | 1f44 0000 | 0f85 aa2a | 0000 498b | 8708 0100 | 004c 8bd0 | 4983 c218 
  0x00000199651bca34: 0f1f 8400 | 0000 0000 | 6666 6690 | 4d3b 9718 | 0100 000f | 838b 3400 | 004d 8997 | 0801 0000 
  0x00000199651bca54: 410f 0d8a | c000 0000 | 48c7 0001 

  0x00000199651bca60: ;   {metadata('java/util/ArrayList')}
  0x00000199651bca60: 0000 00c7 | 4008 10df | 0000 4489 | 600c 4c89 | 6010 4c8b | d049 8bea | 498b d290 

  0x00000199651bca7c: ;   {optimized virtual_call}
  0x00000199651bca7c: c5f8 77e8 

  0x00000199651bca80: ; ImmutableOopMap {rbp=Oop [48]=Oop [72]=Oop [80]=NarrowOop [88]=Oop [96]=Oop [104]=Oop [112]=Oop [120]=Oop [128]=Oop [136]=Oop [152]=Oop [160]=NarrowOop [168]=Oop [296]=Oop [304]=Oop [312]=Oop }
                      ;*invokespecial <init> {reexecute=0 rethrow=0 return_oop=0}
                      ; - java.util.AbstractCollection::<init>@1 (line 68)
                      ; - java.util.AbstractList::<init>@1 (line 78)
                      ; - java.util.ArrayList::<init>@1 (line 168)
                      ; - java.util.jar.JarVerifier::<init>@115 (line 112)
                      ; - java.util.jar.JarFile::getManifestFromReference@78 (line 422)
                      ; - java.util.jar.JarFile::getManifest@1 (line 406)
                      ; - java.util.jar.JarFile::maybeInstantiateVerifier@31 (line 725)
                      ; - java.util.jar.JarFile::ensureInitialization@1 (line 1031)
                      ; - java.util.jar.JavaUtilJarAccessImpl::ensureInitialization@1 (line 72)
                      ; - jdk.internal.loader.URLClassPath$JarLoader$2::getManifest@10 (line 885)
                      ; - java.net.URLClassLoader::defineClass@34 (line 491)
                      ; - java.net.URLClassLoader$1::run@43 (line 427)
                      ; - java.net.URLClassLoader$1::run@1 (line 421)
                      ; - java.security.AccessController::executePrivileged@29 (line 814)
                      ; - java.security.AccessController::doPrivileged@13 (line 712)
                      ; - java.net.URLClassLoader::findClass@13 (line 420)
                      ; - java.lang.ClassLoader::loadClass@69 (line 592)
  0x00000199651bca80: fc48 7eff | 4180 7f38 | 000f 8556 | 2400 004c 

  0x00000199651bca90: ;   {oop(a 'java/lang/Object'[0] {0x00000000a1f3c158})}
  0x00000199651bca90: 8bd5 41c7 | 4214 58c1 | f3a1 4589 | 620c 488b 

  0x00000199651bcaa0: ;   {oop(a 'java/lang/Object'[0] {0x00000000a1f3c158})}
  0x00000199651bcaa0: dd49 bb58 | c1f3 a100 | 0000 004d | 33da 49c1 | eb14 4d85 | db74 1a49 | c1ea 0948 | b900 40a1 
  0x00000199651bcac0: 6c99 0100 | 0049 03ca | 8039 040f | 8556 2a00 | 0041 807f | 3800 0f85 | 4324 0000 | 4c8b 5424 
  0x00000199651bcae0: 7841 895a | 1c4c 8bd5 | 4c8b 5c24 | 784d 33d3 | 49c1 ea14 | 4d85 d274 | 1a49 c1eb | 0948 b900 
  0x00000199651bcb00: 40a1 6c99 | 0100 0049 | 03cb 8039 | 040f 855d | 2a00 0049 | 8b87 0801 | 0000 4c8b | d049 83c2 
  0x00000199651bcb20: 184d 3b97 | 1801 0000 | 0f83 ee33 | 0000 4d89 | 9708 0100 | 0041 0f0d | 8ac0 0000 | 0048 c700 
  0x00000199651bcb40: 0100 0000 

  0x00000199651bcb44: ;   {metadata('java/io/ByteArrayOutputStream')}
  0x00000199651bcb44: c740 08e8 | 0119 0044 | 8960 0c4c | 8960 104c | 8bd0 498b | ea49 8bd2 

  0x00000199651bcb5c: ;   {optimized virtual_call}
  0x00000199651bcb5c: c5f8 77e8 

  0x00000199651bcb60: ; ImmutableOopMap {rbp=Oop [48]=Oop [72]=Oop [80]=NarrowOop [88]=Oop [96]=Oop [104]=Oop [112]=Oop [120]=Oop [128]=Oop [136]=Oop [152]=Oop [160]=NarrowOop [168]=Oop [296]=Oop [304]=Oop [312]=Oop }
                      ;*invokespecial <init> {reexecute=0 rethrow=0 return_oop=0}
                      ; - java.io.OutputStream::<init>@1 (line 52)
                      ; - java.io.ByteArrayOutputStream::<init>@1 (line 76)
                      ; - java.io.ByteArrayOutputStream::<init>@3 (line 66)
                      ; - java.util.jar.JarVerifier::<init>@126 (line 113)
                      ; - java.util.jar.JarFile::getManifestFromReference@78 (line 422)
                      ; - java.util.jar.JarFile::getManifest@1 (line 406)
                      ; - java.util.jar.JarFile::maybeInstantiateVerifier@31 (line 725)
                      ; - java.util.jar.JarFile::ensureInitialization@1 (line 1031)
                      ; - java.util.jar.JavaUtilJarAccessImpl::ensureInitialization@1 (line 72)
                      ; - jdk.internal.loader.URLClassPath$JarLoader$2::getManifest@10 (line 885)
                      ; - java.net.URLClassLoader::defineClass@34 (line 491)
                      ; - java.net.URLClassLoader$1::run@43 (line 427)
                      ; - java.net.URLClassLoader$1::run@1 (line 421)
                      ; - java.security.AccessController::executePrivileged@29 (line 814)
                      ; - java.security.AccessController::doPrivileged@13 (line 712)
                      ; - java.net.URLClassLoader::findClass@13 (line 420)
                      ; - java.lang.ClassLoader::loadClass@69 (line 592)
  0x00000199651bcb60: 1c48 7eff | 4d8b 9708 | 0100 004d | 8bda 4983 | c330 6666 | 0f1f 8400 | 0000 0000 | 6666 6690 
  0x00000199651bcb80: 4d3b 9f18 | 0100 000f | 83b0 3300 | 004d 899f | 0801 0000 | 410f 0d8b | c000 0000 | 49c7 0201 
  0x00000199651bcba0: 0000 0041 | 0f0d 8b00 

  0x00000199651bcba8: ;   {metadata({type array byte})}
  0x00000199651bcba8: 0100 0041 | c742 0828 | 6700 0041 | 0f0d 8b40 | 0100 0041 | c742 0c20 | 0000 0041 | 0f0d 8b80 
  0x00000199651bcbc8: 0100 004d | 8962 104d | 8962 184d | 8962 204d | 8962 2849 | 8bda 6690 | 4180 7f38 | 000f 85a9 
  0x00000199651bcbe8: 2300 004c | 8bd5 4c8b | db4d 33da | 4c8b cb44 | 894d 1049 | c1eb 1448 | 8bfd 4d85 | db74 1f49 
  0x00000199651bcc08: c1ea 0948 | b900 40a1 | 6c99 0100 | 0049 03ca | 8039 040f | 1f44 0000 | 0f85 a129 | 0000 4180 
  0x00000199651bcc28: 7f38 000f | 852b 2300 | 004c 8b54 | 2478 4189 | 7a24 4c8b | d54c 8b5c | 2478 4d33 | d349 c1ea 
  0x00000199651bcc48: 144d 85d2 | 741b 49c1 | eb09 48b9 | 0040 a16c | 9901 0000 | 4903 cb90 | 8039 040f | 85a7 2900 
  0x00000199651bcc68: 0049 8b87 | 0801 0000 | 4c8b d049 | 83c2 1866 | 0f1f 8400 | 0000 0000 | 4d3b 9718 | 0100 000f 
  0x00000199651bcc88: 83d8 3200 | 004d 8997 | 0801 0000 | 410f 0d8a | c000 0000 | 48c7 0001 

  0x00000199651bcca0: ;   {metadata('java/util/ArrayList')}
  0x00000199651bcca0: 0000 00c7 | 4008 10df | 0000 4489 | 600c 4c89 | 6010 4c8b | d04c 8994 | 24b0 0000 | 0049 8bd2 
  0x00000199651bccc0: 488b ac24 | 8800 0000 

  0x00000199651bccc8: ;   {optimized virtual_call}
  0x00000199651bccc8: c5f8 77e8 

  0x00000199651bcccc: ; ImmutableOopMap {rbp=Oop [48]=Oop [72]=Oop [80]=NarrowOop [88]=Oop [96]=Oop [104]=Oop [112]=Oop [120]=Oop [128]=Oop [136]=Oop [152]=Oop [160]=NarrowOop [168]=Oop [176]=Oop [296]=Oop [304]=Oop [312]=Oop }
                      ;*invokespecial <init> {reexecute=0 rethrow=0 return_oop=0}
                      ; - java.util.AbstractCollection::<init>@1 (line 68)
                      ; - java.util.AbstractList::<init>@1 (line 78)
                      ; - java.util.ArrayList::<init>@1 (line 168)
                      ; - java.util.jar.JarVerifier::<init>@137 (line 114)
                      ; - java.util.jar.JarFile::getManifestFromReference@78 (line 422)
                      ; - java.util.jar.JarFile::getManifest@1 (line 406)
                      ; - java.util.jar.JarFile::maybeInstantiateVerifier@31 (line 725)
                      ; - java.util.jar.JarFile::ensureInitialization@1 (line 1031)
                      ; - java.util.jar.JavaUtilJarAccessImpl::ensureInitialization@1 (line 72)
                      ; - jdk.internal.loader.URLClassPath$JarLoader$2::getManifest@10 (line 885)
                      ; - java.net.URLClassLoader::defineClass@34 (line 491)
                      ; - java.net.URLClassLoader$1::run@43 (line 427)
                      ; - java.net.URLClassLoader$1::run@1 (line 421)
                      ; - java.security.AccessController::executePrivileged@29 (line 814)
                      ; - java.security.AccessController::doPrivileged@13 (line 712)
                      ; - java.net.URLClassLoader::findClass@13 (line 420)
                      ; - java.lang.ClassLoader::loadClass@69 (line 592)
  0x00000199651bcccc: b046 7eff | 4180 7f38 | 000f 85aa | 2300 004c | 8b94 24b0 

  0x00000199651bcce0: ;   {oop(a 'java/lang/Object'[0] {0x00000000a1f3c158})}
  0x00000199651bcce0: 0000 0041 | c742 1458 | c1f3 a145 | 8962 0c4c | 8b94 2438 | 0100 0045 | 8b5a 0c44 | 895c 242c 
  0x00000199651bcd00: 4c8b 9424 | b000 0000 | 4c8b 5c24 | 7849 8beb | 4c8b 9c24 | b000 0000 

  0x00000199651bcd18: ;   {oop(a 'java/lang/Object'[0] {0x00000000a1f3c158})}
  0x00000199651bcd18: 498b fb49 | bb58 c1f3 | a100 0000 | 004d 33da | 49c1 eb14 | 4d85 db74 | 1a49 c1ea | 0948 b900 
  0x00000199651bcd38: 40a1 6c99 | 0100 0049 | 03ca 8039 | 040f 851c | 2900 0041 | 807f 3800 | 0f85 f622 | 0000 4c8b 
  0x00000199651bcd58: 5424 7841 | 897a 384c | 8b94 24b0 | 0000 004c | 8b5c 2478 | 4d33 d349 | c1ea 144d | 85d2 741a 
  0x00000199651bcd78: 49c1 eb09 | 48b9 0040 | a16c 9901 | 0000 4903 | cb80 3904 | 0f85 7529 | 0000 4d8b | 9708 0100 
  0x00000199651bcd98: 004d 8bda | 4983 c330 | 4d3b 9f18 | 0100 000f | 8350 3200 | 004d 899f | 0801 0000 | 410f 0d8b 
  0x00000199651bcdb8: c000 0000 | 49c7 0201 

  0x00000199651bcdc0: ;   {metadata('java/util/HashMap')}
  0x00000199651bcdc0: 0000 0041 | c742 0820 | 360b 0045 | 8962 0c4d | 8962 104d | 8962 184d | 8962 2849 | c742 2000 
  0x00000199651bcde0: 0040 3f49 | 8bda 4180 | 7f38 000f | 85de 2100 | 004c 8b54 | 2478 4c8b | db4c 8b44 | 2478 4589 
  0x00000199651bce00: 583c 4c8b | db4d 33da | 49c1 eb14 | 4d85 db74 | 1a49 c1ea | 0948 b900 | 40a1 6c99 | 0100 0049 
  0x00000199651bce20: 03ca 8039 | 040f 8525 | 2900 0041 | 807f 3800 | 0f85 d621 | 0000 4c8b | 9424 a800 | 0000 4189 
  0x00000199651bce40: 6a30 4c8b | 5424 784c | 8b9c 24a8 | 0000 004d | 33d3 49c1 | ea14 4d85 | d274 1a49 | c1eb 0948 
  0x00000199651bce60: b900 40a1 | 6c99 0100 | 0049 03cb | 8039 040f | 853b 2800 | 0049 8b87 | 0801 0000 | 4c8b d049 
  0x00000199651bce80: 83c2 184d | 3b97 1801 | 0000 0f83 | f530 0000 | 4d89 9708 | 0100 0041 | 0f0d 8ac0 | 0000 0048 
  0x00000199651bcea0: c700 0100 

  0x00000199651bcea4: ;   {metadata('java/util/jar/Manifest')}
  0x00000199651bcea4: 0000 c740 | 0800 9c06 | 0044 8960 | 0c4c 8960 | 104c 8bd0 | 4c89 5424 | 784c 8b94 | 24a8 0000 
  0x00000199651bcec4: 0045 8b52 | 3044 8954 | 2454 498b | 8708 0100 | 004c 8bd0 | 4983 c220 | 448b 5c24 | 544c 899c 
  0x00000199651bcee4: 24b0 0000 | 004d 3b97 | 1801 0000 | 0f83 c730 | 0000 4d89 | 9708 0100 | 0041 0f0d | 8ac0 0000 
  0x00000199651bcf04: 0048 c700 | 0100 0000 

  0x00000199651bcf0c: ;   {metadata('java/io/ByteArrayInputStream')}
  0x00000199651bcf0c: c740 08c0 | a201 0044 | 8960 0c4c | 8960 104c | 8960 184c | 8bd0 4c89 | 9424 b800 | 0000 448b 
  0x00000199651bcf2c: 4424 2c45 | 8942 1444 | 8b5c 2450 | 4589 5a18 | 4c8b 9424 | a800 0000 | 458b 5a14 | 4489 5c24 
  0x00000199651bcf4c: 2c49 8b87 | 0801 0000 | 4c8b d049 | 83c2 100f | 1f44 0000 | 4d3b 9718 | 0100 000f | 8370 3000 
  0x00000199651bcf6c: 004d 8997 | 0801 0000 | 410f 0d8a | c000 0000 | 48c7 0001 

  0x00000199651bcf80: ;   {metadata('java/util/jar/Attributes')}
  0x00000199651bcf80: 0000 00c7 | 4008 f84c | 1800 4489 | 600c 488b | e849 8b87 | 0801 0000 | 4c8b d049 | 83c2 3890 
  0x00000199651bcfa0: 4d3b 9718 | 0100 000f | 83f8 2f00 | 004d 8997 | 0801 0000 | 410f 0d8a | c000 0000 | 48c7 0001 
  0x00000199651bcfc0: ;   {metadata('java/util/LinkedHashMap')}
  0x00000199651bcfc0: 0000 00c7 | 4008 203a | 0b00 4489 | 600c 4c89 | 6010 4c89 | 6018 4c89 | 6020 4c89 | 6028 4c89 
  0x00000199651bcfe0: 6030 4c8b | d04c 8994 | 24c0 0000 | 0049 8bd2 | 41b8 0b00 | 0000 6690 

  0x00000199651bcff8: ;   {optimized virtual_call}
  0x00000199651bcff8: c5f8 77e8 

  0x00000199651bcffc: ; ImmutableOopMap {rbp=Oop [44]=NarrowOop [48]=Oop [72]=Oop [84]=NarrowOop [88]=Oop [96]=Oop [104]=Oop [112]=Oop [120]=Oop [128]=Oop [136]=Oop [152]=Oop [160]=NarrowOop [168]=Oop [176]=Oop [184]=Oop [192]=Oop [296]=Oop [304]=Oop }
                      ;*invokespecial <init> {reexecute=0 rethrow=0 return_oop=0}
                      ; - java.util.LinkedHashMap::<init>@2 (line 360)
                      ; - java.util.jar.Attributes::<init>@10 (line 82)
                      ; - java.util.jar.Attributes::<init>@3 (line 72)
                      ; - java.util.jar.Manifest::<init>@9 (line 54)
                      ; - java.util.jar.JarFile::getManifestFromReference@121 (line 430)
                      ; - java.util.jar.JarFile::getManifest@1 (line 406)
                      ; - java.util.jar.JarFile::maybeInstantiateVerifier@31 (line 725)
                      ; - java.util.jar.JarFile::ensureInitialization@1 (line 1031)
                      ; - java.util.jar.JavaUtilJarAccessImpl::ensureInitialization@1 (line 72)
                      ; - jdk.internal.loader.URLClassPath$JarLoader$2::getManifest@10 (line 885)
                      ; - java.net.URLClassLoader::defineClass@34 (line 491)
                      ; - java.net.URLClassLoader$1::run@43 (line 427)
                      ; - java.net.URLClassLoader$1::run@1 (line 421)
                      ; - java.security.AccessController::executePrivileged@29 (line 814)
                      ; - java.security.AccessController::doPrivileged@13 (line 712)
                      ; - java.net.URLClassLoader::findClass@13 (line 420)
                      ; - java.lang.ClassLoader::loadClass@69 (line 592)
  0x00000199651bcffc: 8043 7eff | 4c8b 9424 | c000 0000 | 4588 622c | 4180 7f38 | 000f 8525 | 2100 004c | 8bd5 4c8b 
  0x00000199651bd01c: 9c24 c000 | 0000 4d33 | da4c 8b84 | 24c0 0000 | 0044 8945 | 0c49 c1eb | 1444 8b4c | 242c 4d8b 
  0x00000199651bd03c: c14c 8984 | 24c0 0000 | 0048 8bfd | 4d85 db74 | 1c49 c1ea | 0948 b900 | 40a1 6c99 | 0100 0049 
  0x00000199651bd05c: 03ca 6690 | 8039 040f | 85de 2700 | 0041 807f | 3800 0f85 | 8b20 0000 | 4c8b 5424 | 7841 897a 
  0x00000199651bd07c: 0c4c 8bd5 | 4c8b 5c24 | 784d 33d3 | 49c1 ea14 | 4d85 d274 | 1a49 c1eb | 0948 b900 | 40a1 6c99 
  0x00000199651bd09c: 0100 0049 | 03cb 8039 | 040f 85fc | 2600 004d | 8b97 0801 | 0000 4d8b | da49 83c3 | 300f 1f80 
  0x00000199651bd0bc: 0000 0000 | 4d3b 9f18 | 0100 000f | 834b 2f00 | 004d 899f | 0801 0000 | 410f 0d8b | c000 0000 
  0x00000199651bd0dc: 49c7 0201 

  0x00000199651bd0e0: ;   {metadata('java/util/HashMap')}
  0x00000199651bd0e0: 0000 0041 | c742 0820 | 360b 0045 | 8962 0c4d | 8962 104d | 8962 184d | 8962 2849 | c742 2000 
  0x00000199651bd100: 0040 3f49 | 8bda 4180 | 7f38 000f | 85b4 1f00 | 004c 8b54 | 2478 4c8b | c34c 8b5c | 2478 4589 
  0x00000199651bd120: 4310 4c8b | db4d 33da | 49c1 eb14 | 4d85 db74 | 1a49 c1ea | 0948 b900 | 40a1 6c99 | 0100 0049 
  0x00000199651bd140: 03ca 8039 | 040f 85a5 | 2600 0048 | 8b54 2478 | 4c8b 8424 | b800 0000 | 4c8b 8c24 | c000 0000 
  0x00000199651bd160: 488b ac24 | 8800 0000 

  0x00000199651bd168: ;   {optimized virtual_call}
  0x00000199651bd168: c5f8 77e8 

  0x00000199651bd16c: ; ImmutableOopMap {rbp=Oop [48]=Oop [72]=Oop [84]=NarrowOop [88]=Oop [96]=Oop [104]=Oop [112]=Oop [120]=Oop [128]=Oop [136]=Oop [152]=Oop [160]=NarrowOop [168]=Oop [176]=Oop [296]=Oop [304]=Oop }
                      ;*invokevirtual read {reexecute=0 rethrow=0 return_oop=0}
                      ; - java.util.jar.Manifest::<init>@29 (line 100)
                      ; - java.util.jar.JarFile::getManifestFromReference@121 (line 430)
                      ; - java.util.jar.JarFile::getManifest@1 (line 406)
                      ; - java.util.jar.JarFile::maybeInstantiateVerifier@31 (line 725)
                      ; - java.util.jar.JarFile::ensureInitialization@1 (line 1031)
                      ; - java.util.jar.JavaUtilJarAccessImpl::ensureInitialization@1 (line 72)
                      ; - jdk.internal.loader.URLClassPath$JarLoader$2::getManifest@10 (line 885)
                      ; - java.net.URLClassLoader::defineClass@34 (line 491)
                      ; - java.net.URLClassLoader$1::run@43 (line 427)
                      ; - java.net.URLClassLoader$1::run@1 (line 421)
                      ; - java.security.AccessController::executePrivileged@29 (line 814)
                      ; - java.security.AccessController::doPrivileged@13 (line 712)
                      ; - java.net.URLClassLoader::findClass@13 (line 420)
                      ; - java.lang.ClassLoader::loadClass@69 (line 592)
  0x00000199651bd16c: 1042 7eff | 4180 7f38 | 000f 85f4 | 1f00 004c | 8b54 2478 | 448b 5c24 | 5445 895a | 144c 8b94 
  0x00000199651bd18c: 24b0 0000 | 004c 8b5c | 2478 4d33 | d349 c1ea | 1466 6690 | 4d85 d274 | 2444 8b44 | 2454 4585 
  0x00000199651bd1ac: c074 1a49 | c1eb 0948 | b900 40a1 | 6c99 0100 | 0049 03cb | 8039 040f | 851e 2700 | 0048 8b6c 
  0x00000199651bd1cc: 2478 4d8b | 9708 0100 | 004d 8bda | 4983 c328 | 0f1f 4000 | 4d3b 9f18 | 0100 000f | 833f 2b00 
  0x00000199651bd1ec: 004d 899f | 0801 0000 | 410f 0d8b | c000 0000 | 49c7 0201 

  0x00000199651bd200: ;   {metadata('java/lang/ref/SoftReference')}
  0x00000199651bd200: 0000 0041 | c742 08b0 | 6304 0045 | 8962 0c4d | 8962 104d | 8962 184d | 8962 204d | 8bc2 4c8b 
  0x00000199651bd220: d545 8950 | 0c41 807f | 3800 0f85 | ac19 0000 

  0x00000199651bd230: ;   {oop(a 'java/lang/ref/ReferenceQueue$Null'{0x00000000a1f124e0})}
  0x00000199651bd230: 41c7 4010 | e024 f1a1 | 498b d849 | 8bf8 4d8b 

  0x00000199651bd240: ;   {oop(a 'java/lang/ref/ReferenceQueue$Null'{0x00000000a1f124e0})}
  0x00000199651bd240: d049 bbe0 | 24f1 a100 | 0000 004d | 33da 49c1 | eb14 4d85 | db74 1a49 | c1ea 0948 | b900 40a1 
  0x00000199651bd260: 6c99 0100 | 0049 03ca | 8039 040f | 85a4 1900 | 00f0 8344 | 24c0 0066 | 0f1f 8400 | 0000 0000 
  0x00000199651bd280: 4180 7f38 | 000f 8512 | 1900 004c | 8b9c 24a8 | 0000 0041 

  0x00000199651bd294: ;   {oop(a 'java/lang/Class'{0x00000000a1fd87b0} = 'java/lang/ref/SoftReference')}
  0x00000199651bd294: 895b 2849 | bab0 87fd | a100 0000 | 004d 8b52 | 704c 8bc7 | 4d89 5020 | 4d8b d34d | 8bd8 4d33 
  0x00000199651bd2b4: da49 c1eb | 144d 85db | 0f1f 4000 | 0f84 a7dd | ffff 49c1 | ea09 48b9 | 0040 a16c | 9901 0000 
  0x00000199651bd2d4: 4903 ca80 | 3904 660f | 1f44 0000 | 0f84 87dd | ffff 4d8b | 5750 4d8b | 5f40 f083 | 4424 c000 
  0x00000199651bd2f4: 8039 000f | 8470 ddff | ff44 8821 | 4d85 db75 | 1849 8bd7 | c5f8 7749 | baa0 cf12 | 30fc 7f00 
  0x00000199651bd314: 0041 ffd2 | e950 ddff | ff4b 894c | 1af8 4983 | c3f8 4d89 | 5f40 e93e | ddff ff49 | 8948 20e9 
  0x00000199651bd334: 27dd ffff 

  0x00000199651bd338: ;   {oop(a 'java/lang/ThreadLocal'{0x00000000a1ecd590})}
  0x00000199651bd338: 48ba 90d5 | eca1 0000 | 0000 4c8b 

  0x00000199651bd344: ;   {oop(a 'java/lang/Boolean'{0x00000000a1f12c50} = true)}
  0x00000199651bd344: 4424 6849 | b950 2cf1 | a100 0000 | 0048 8bac | 2488 0000 | 0066 6690 

  0x00000199651bd35c: ;   {optimized virtual_call}
  0x00000199651bd35c: c5f8 77e8 

  0x00000199651bd360: ; ImmutableOopMap {rbp=Oop [48]=Oop [72]=Oop [88]=Oop [96]=Oop [104]=Oop [112]=Oop [128]=Oop [136]=Oop [152]=Oop [160]=NarrowOop [168]=Oop [296]=Oop [304]=Oop }
                      ;*invokevirtual createMap {reexecute=0 rethrow=0 return_oop=0}
                      ; - java.lang.ThreadLocal::set@26 (line 224)
                      ; - java.util.jar.JarFile::ensureInitialization@37 (line 1036)
                      ; - java.util.jar.JavaUtilJarAccessImpl::ensureInitialization@1 (line 72)
                      ; - jdk.internal.loader.URLClassPath$JarLoader$2::getManifest@10 (line 885)
                      ; - java.net.URLClassLoader::defineClass@34 (line 491)
                      ; - java.net.URLClassLoader$1::run@43 (line 427)
                      ; - java.net.URLClassLoader$1::run@1 (line 421)
                      ; - java.security.AccessController::executePrivileged@29 (line 814)
                      ; - java.security.AccessController::doPrivileged@13 (line 712)
                      ; - java.net.URLClassLoader::findClass@13 (line 420)
                      ; - java.lang.ClassLoader::loadClass@69 (line 592)
  0x00000199651bd360: 1c40 7eff | 49ba 0040 | a16c 9901 | 0000 4c89 | 9424 f800 | 0000 e9ab 

  0x00000199651bd378: ;   {oop(a 'java/lang/ThreadLocal'{0x00000000a1ecd590})}
  0x00000199651bd378: d8ff ff48 | ba90 d5ec | a100 0000 | 004d 8bc2 

  0x00000199651bd388: ;   {oop(a 'java/lang/Boolean'{0x00000000a1f12c78} = false)}
  0x00000199651bd388: 49b9 782c | f1a1 0000 | 0000 6690 

  0x00000199651bd394: ;   {optimized virtual_call}
  0x00000199651bd394: c5f8 77e8 

  0x00000199651bd398: ; ImmutableOopMap {rbp=Oop [48]=Oop [72]=Oop [88]=Oop [96]=Oop [112]=Oop [128]=Oop [136]=Oop [152]=Oop [296]=Oop [304]=Oop }
                      ;*invokevirtual createMap {reexecute=0 rethrow=0 return_oop=0}
                      ; - java.lang.ThreadLocal::set@26 (line 224)
                      ; - java.util.jar.JarFile::ensureInitialization@55 (line 1041)
                      ; - java.util.jar.JavaUtilJarAccessImpl::ensureInitialization@1 (line 72)
                      ; - jdk.internal.loader.URLClassPath$JarLoader$2::getManifest@10 (line 885)
                      ; - java.net.URLClassLoader::defineClass@34 (line 491)
                      ; - java.net.URLClassLoader$1::run@43 (line 427)
                      ; - java.net.URLClassLoader$1::run@1 (line 421)
                      ; - java.security.AccessController::executePrivileged@29 (line 814)
                      ; - java.security.AccessController::doPrivileged@13 (line 712)
                      ; - java.net.URLClassLoader::findClass@13 (line 420)
                      ; - java.lang.ClassLoader::loadClass@69 (line 592)
  0x00000199651bd398: e43f 7eff | 0f1f 4000 | e9c4 dbff 

  0x00000199651bd3a4: ;   {metadata('java/lang/ref/SoftReference')}
  0x00000199651bd3a4: ff48 bab0 | 6304 0099 | 0100 0048 | 8bac 2488 | 0000 0090 

  0x00000199651bd3b8: ;   {runtime_call _new_instance_Java}
  0x00000199651bd3b8: c5f8 77e8 

  0x00000199651bd3bc: ; ImmutableOopMap {rbp=Oop [72]=Oop [88]=Oop [96]=Oop [112]=Oop [120]=Oop [128]=Oop [136]=Oop [152]=Oop [216]=Oop [296]=Oop [304]=Oop }
                      ;*new {reexecute=0 rethrow=0 return_oop=1}
                      ; - java.util.jar.JarFile::getManifestFromReference@184 (line 436)
                      ; - java.util.jar.JarFile::getManifest@1 (line 406)
                      ; - jdk.internal.loader.URLClassPath$JarLoader$2::getManifest@22 (line 886)
                      ; - java.net.URLClassLoader::defineClass@34 (line 491)
                      ; - java.net.URLClassLoader$1::run@43 (line 427)
                      ; - java.net.URLClassLoader$1::run@1 (line 421)
                      ; - java.security.AccessController::executePrivileged@29 (line 814)
                      ; - java.security.AccessController::doPrivileged@13 (line 712)
                      ; - java.net.URLClassLoader::findClass@13 (line 420)
                      ; - java.lang.ClassLoader::loadClass@69 (line 592)
  0x00000199651bd3bc: 4087 7fff | e904 d0ff | ff48 8b9c | 2498 0000 | 0044 8b53 | 2c45 85d2 | 0f84 e2d1 | ffff 4d8b 
  0x00000199651bd3dc: 5f20 498b | ca4d 85db | 0f84 be28 | 0000 4d8b | 5730 4b89 | 4c1a f849 | 83c3 f84d | 895f 200f 
  0x00000199651bd3fc: 1f44 0000 | e9b7 d1ff | ff4d 8b57 | 404d 8b5f | 50f0 8344 | 24c0 0080 | 3900 0f84 | d3d1 ffff 
  0x00000199651bd41c: 4488 2190 | 4d85 d275 | 1849 8bd7 | c5f8 7749 | baa0 cf12 | 30fc 7f00 | 0041 ffd2 | e9b2 d1ff 
  0x00000199651bd43c: ff4b 894c | 13f8 4983 | c2f8 4d89 | 5740 e9a0 

  0x00000199651bd44c: ;   {metadata('java/util/jar/JarVerifier')}
  0x00000199651bd44c: d1ff ff48 | ba78 7518 | 0099 0100 | 0066 6690 

  0x00000199651bd45c: ;   {runtime_call _new_instance_Java}
  0x00000199651bd45c: c5f8 77e8 

  0x00000199651bd460: ; ImmutableOopMap {rbp=Oop [72]=Oop [80]=Oop [88]=Oop [96]=Oop [112]=Oop [120]=Oop [128]=Oop [136]=Oop [152]=Oop [176]=NarrowOop [248]=Oop [296]=Oop [304]=Oop }
                      ;*new {reexecute=0 rethrow=0 return_oop=1}
                      ; - java.util.jar.JarFile::getManifestFromReference@69 (line 422)
                      ; - java.util.jar.JarFile::getManifest@1 (line 406)
                      ; - jdk.internal.loader.URLClassPath$JarLoader$2::getManifest@22 (line 886)
                      ; - java.net.URLClassLoader::defineClass@34 (line 491)
                      ; - java.net.URLClassLoader$1::run@43 (line 427)
                      ; - java.net.URLClassLoader$1::run@1 (line 421)
                      ; - java.security.AccessController::executePrivileged@29 (line 814)
                      ; - java.security.AccessController::doPrivileged@13 (line 712)
                      ; - java.net.URLClassLoader::findClass@13 (line 420)
                      ; - java.lang.ClassLoader::loadClass@69 (line 592)
  0x00000199651bd460: 9c86 7fff | 488b d8e9 | 12c6 ffff | 488b eb48 | 8974 2450 

  0x00000199651bd474: ;   {metadata('java/util/Hashtable')}
  0x00000199651bd474: 48ba 806f | 0100 9901 | 0000 4c8b | 9424 8800 | 0000 4c89 | 5424 6890 

  0x00000199651bd48c: ;   {runtime_call _new_instance_Java}
  0x00000199651bd48c: c5f8 77e8 

  0x00000199651bd490: ; ImmutableOopMap {rbp=Oop [72]=Oop [80]=Oop [88]=Oop [96]=Oop [104]=Oop [112]=Oop [120]=Oop [128]=Oop [136]=Oop [152]=Oop [296]=Oop [304]=Oop }
                      ;*new {reexecute=0 rethrow=0 return_oop=1}
                      ; - java.util.jar.JarVerifier::<init>@76 (line 109)
                      ; - java.util.jar.JarFile::getManifestFromReference@78 (line 422)
                      ; - java.util.jar.JarFile::getManifest@1 (line 406)
                      ; - jdk.internal.loader.URLClassPath$JarLoader$2::getManifest@22 (line 886)
                      ; - java.net.URLClassLoader::defineClass@34 (line 491)
                      ; - java.net.URLClassLoader$1::run@43 (line 427)
                      ; - java.net.URLClassLoader$1::run@1 (line 421)
                      ; - java.security.AccessController::executePrivileged@29 (line 814)
                      ; - java.security.AccessController::doPrivileged@13 (line 712)
                      ; - java.net.URLClassLoader::findClass@13 (line 420)
                      ; - java.lang.ClassLoader::loadClass@69 (line 592)
  0x00000199651bd490: 6c86 7fff | e94d c9ff | ff48 89ac | 24f8 0000 | 0044 8944 | 242c 4889 | 5c24 5048 

  0x00000199651bd4ac: ;   {metadata('java/util/HashMap')}
  0x00000199651bd4ac: 8bee 48ba | 2036 0b00 | 9901 0000 | 4c8b 9424 | 8800 0000 | 4c89 5424 | 6866 6690 

  0x00000199651bd4c8: ;   {runtime_call _new_instance_Java}
  0x00000199651bd4c8: c5f8 77e8 

  0x00000199651bd4cc: ; ImmutableOopMap {rbp=Oop [44]=NarrowOop [72]=Oop [80]=Oop [88]=Oop [96]=Oop [104]=Oop [112]=Oop [120]=Oop [128]=Oop [136]=Oop [152]=Oop [248]=Oop [256]=NarrowOop [296]=Oop [304]=Oop }
                      ;*new {reexecute=0 rethrow=0 return_oop=1}
                      ; - java.util.jar.JarVerifier::<init>@47 (line 521)
                      ; - java.util.jar.JarFile::getManifestFromReference@78 (line 422)
                      ; - java.util.jar.JarFile::getManifest@1 (line 406)
                      ; - jdk.internal.loader.URLClassPath$JarLoader$2::getManifest@22 (line 886)
                      ; - java.net.URLClassLoader::defineClass@34 (line 491)
                      ; - java.net.URLClassLoader$1::run@43 (line 427)
                      ; - java.net.URLClassLoader$1::run@1 (line 421)
                      ; - java.security.AccessController::executePrivileged@29 (line 814)
                      ; - java.security.AccessController::doPrivileged@13 (line 712)
                      ; - java.net.URLClassLoader::findClass@13 (line 420)
                      ; - java.lang.ClassLoader::loadClass@69 (line 592)
  0x00000199651bd4cc: 3086 7fff | 488b f548 | 8b5c 2450 | 448b 4424 | 2c48 8bf8 | 488b ac24 | f800 0000 | e92d c7ff 
  0x00000199651bd4ec: ff48 89ac | 24f8 0000 | 0044 8944 | 242c 4889 | 5c24 5048 

  0x00000199651bd500: ;   {metadata('java/security/CodeSigner'[])}
  0x00000199651bd500: 8bee 48ba | 783c 0401 | 9901 0000 | 4533 c04c | 8b94 2488 | 0000 004c | 8954 2468 

  0x00000199651bd51c: ;   {runtime_call _new_array_Java}
  0x00000199651bd51c: c5f8 77e8 

  0x00000199651bd520: ; ImmutableOopMap {rbp=Oop [44]=NarrowOop [72]=Oop [80]=Oop [88]=Oop [96]=Oop [104]=Oop [112]=Oop [120]=Oop [128]=Oop [136]=Oop [152]=Oop [248]=Oop [256]=NarrowOop [296]=Oop [304]=Oop }
                      ;*anewarray {reexecute=0 rethrow=0 return_oop=1}
                      ; - java.util.jar.JarVerifier::<init>@59 (line 562)
                      ; - java.util.jar.JarFile::getManifestFromReference@78 (line 422)
                      ; - java.util.jar.JarFile::getManifest@1 (line 406)
                      ; - jdk.internal.loader.URLClassPath$JarLoader$2::getManifest@22 (line 886)
                      ; - java.net.URLClassLoader::defineClass@34 (line 491)
                      ; - java.net.URLClassLoader$1::run@43 (line 427)
                      ; - java.net.URLClassLoader$1::run@1 (line 421)
                      ; - java.security.AccessController::executePrivileged@29 (line 814)
                      ; - java.security.AccessController::doPrivileged@13 (line 712)
                      ; - java.net.URLClassLoader::findClass@13 (line 420)
                      ; - java.lang.ClassLoader::loadClass@69 (line 592)
  0x00000199651bd520: dc82 7fff | 488b f548 | 8b5c 2450 | 448b 4424 | 2c48 8bf8 | 488b ac24 | f800 0000 | 0f1f 4000 
  0x00000199651bd540: e981 c7ff | ff44 8944 | 242c 4889 

  0x00000199651bd54c: ;   {metadata('java/lang/Object')}
  0x00000199651bd54c: 5c24 5048 | ba58 0d00 | 0099 0100 | 004c 8b94 | 2488 0000 | 004c 8954 | 2468 6690 

  0x00000199651bd568: ;   {runtime_call _new_instance_Java}
  0x00000199651bd568: c5f8 77e8 

  0x00000199651bd56c: ; ImmutableOopMap {rbp=Oop [44]=NarrowOop [72]=Oop [80]=Oop [88]=Oop [96]=Oop [104]=Oop [112]=Oop [120]=Oop [128]=Oop [136]=Oop [152]=Oop [248]=Oop [296]=Oop [304]=Oop }
                      ;*new {reexecute=0 rethrow=0 return_oop=1}
                      ; - java.util.jar.JarVerifier::<init>@25 (line 97)
                      ; - java.util.jar.JarFile::getManifestFromReference@78 (line 422)
                      ; - java.util.jar.JarFile::getManifest@1 (line 406)
                      ; - jdk.internal.loader.URLClassPath$JarLoader$2::getManifest@22 (line 886)
                      ; - java.net.URLClassLoader::defineClass@34 (line 491)
                      ; - java.net.URLClassLoader$1::run@43 (line 427)
                      ; - java.net.URLClassLoader$1::run@1 (line 421)
                      ; - java.security.AccessController::executePrivileged@29 (line 814)
                      ; - java.security.AccessController::doPrivileged@13 (line 712)
                      ; - java.net.URLClassLoader::findClass@13 (line 420)
                      ; - java.lang.ClassLoader::loadClass@69 (line 592)
  0x00000199651bd56c: 9085 7fff | 488b 5c24 | 5044 8b44 | 242c e96f | c5ff ff48 | 89ac 24f8 | 0000 0044 | 8944 242c 
  0x00000199651bd58c: 4889 5c24 | 5048 8bee 

  0x00000199651bd594: ;   {metadata('java/util/HashMap')}
  0x00000199651bd594: 48ba 2036 | 0b00 9901 | 0000 4c8b | 9424 8800 | 0000 4c89 | 5424 6890 

  0x00000199651bd5ac: ;   {runtime_call _new_instance_Java}
  0x00000199651bd5ac: c5f8 77e8 

  0x00000199651bd5b0: ; ImmutableOopMap {rbp=Oop [44]=NarrowOop [72]=Oop [80]=Oop [88]=Oop [96]=Oop [104]=Oop [112]=Oop [120]=Oop [128]=Oop [136]=Oop [152]=Oop [248]=Oop [256]=NarrowOop [296]=Oop [304]=Oop }
                      ;*new {reexecute=0 rethrow=0 return_oop=1}
                      ; - java.util.jar.JarVerifier::<init>@36 (line 520)
                      ; - java.util.jar.JarFile::getManifestFromReference@78 (line 422)
                      ; - java.util.jar.JarFile::getManifest@1 (line 406)
                      ; - jdk.internal.loader.URLClassPath$JarLoader$2::getManifest@22 (line 886)
                      ; - java.net.URLClassLoader::defineClass@34 (line 491)
                      ; - java.net.URLClassLoader$1::run@43 (line 427)
                      ; - java.net.URLClassLoader$1::run@1 (line 421)
                      ; - java.security.AccessController::executePrivileged@29 (line 814)
                      ; - java.security.AccessController::doPrivileged@13 (line 712)
                      ; - java.net.URLClassLoader::findClass@13 (line 420)
                      ; - java.lang.ClassLoader::loadClass@69 (line 592)
  0x00000199651bd5b0: 4c85 7fff | 488b f548 | 8b5c 2450 | 448b 4424 | 2c48 8bf8 | 488b ac24 | f800 0000 | e9ab c5ff 
  0x00000199651bd5d0: ff48 8beb 

  0x00000199651bd5d4: ;   {metadata('java/util/Hashtable')}
  0x00000199651bd5d4: 48ba 806f | 0100 9901 | 0000 4c8b | 9424 8800 | 0000 4c89 | 5424 6890 

  0x00000199651bd5ec: ;   {runtime_call _new_instance_Java}
  0x00000199651bd5ec: c5f8 77e8 

  0x00000199651bd5f0: ; ImmutableOopMap {rbp=Oop [72]=Oop [80]=Oop [88]=Oop [96]=Oop [104]=Oop [112]=Oop [120]=Oop [128]=Oop [136]=Oop [152]=Oop [296]=Oop [304]=Oop }
                      ;*new {reexecute=0 rethrow=0 return_oop=1}
                      ; - java.util.jar.JarVerifier::<init>@87 (line 110)
                      ; - java.util.jar.JarFile::getManifestFromReference@78 (line 422)
                      ; - java.util.jar.JarFile::getManifest@1 (line 406)
                      ; - jdk.internal.loader.URLClassPath$JarLoader$2::getManifest@22 (line 886)
                      ; - java.net.URLClassLoader::defineClass@34 (line 491)
                      ; - java.net.URLClassLoader$1::run@43 (line 427)
                      ; - java.net.URLClassLoader$1::run@1 (line 421)
                      ; - java.security.AccessController::executePrivileged@29 (line 814)
                      ; - java.security.AccessController::doPrivileged@13 (line 712)
                      ; - java.net.URLClassLoader::findClass@13 (line 420)
                      ; - java.lang.ClassLoader::loadClass@69 (line 592)
  0x00000199651bd5f0: 0c85 7fff | e9a8 c8ff | ff48 8beb 

  0x00000199651bd5fc: ;   {metadata('java/util/Hashtable')}
  0x00000199651bd5fc: 48ba 806f | 0100 9901 | 0000 4c8b | 9424 8800 | 0000 4c89 | 5424 6890 

  0x00000199651bd614: ;   {runtime_call _new_instance_Java}
  0x00000199651bd614: c5f8 77e8 

  0x00000199651bd618: ; ImmutableOopMap {rbp=Oop [72]=Oop [80]=Oop [88]=Oop [96]=Oop [104]=Oop [112]=Oop [120]=Oop [128]=Oop [136]=Oop [152]=Oop [296]=Oop [304]=Oop }
                      ;*new {reexecute=0 rethrow=0 return_oop=1}
                      ; - java.util.jar.JarVerifier::<init>@98 (line 111)
                      ; - java.util.jar.JarFile::getManifestFromReference@78 (line 422)
                      ; - java.util.jar.JarFile::getManifest@1 (line 406)
                      ; - jdk.internal.loader.URLClassPath$JarLoader$2::getManifest@22 (line 886)
                      ; - java.net.URLClassLoader::defineClass@34 (line 491)
                      ; - java.net.URLClassLoader$1::run@43 (line 427)
                      ; - java.net.URLClassLoader$1::run@1 (line 421)
                      ; - java.security.AccessController::executePrivileged@29 (line 814)
                      ; - java.security.AccessController::doPrivileged@13 (line 712)
                      ; - java.net.URLClassLoader::findClass@13 (line 420)
                      ; - java.lang.ClassLoader::loadClass@69 (line 592)
  0x00000199651bd618: e484 7fff | 0f1f 4000 | e921 c9ff | ff48 8beb 

  0x00000199651bd628: ;   {metadata('java/util/ArrayList')}
  0x00000199651bd628: 48ba 10df | 0000 9901 | 0000 4c8b | 9424 8800 | 0000 4c89 | 5424 6890 

  0x00000199651bd640: ;   {runtime_call _new_instance_Java}
  0x00000199651bd640: c5f8 77e8 

  0x00000199651bd644: ; ImmutableOopMap {rbp=Oop [72]=Oop [80]=Oop [88]=Oop [96]=Oop [104]=Oop [112]=Oop [120]=Oop [128]=Oop [136]=Oop [152]=Oop [296]=Oop [304]=Oop }
                      ;*new {reexecute=0 rethrow=0 return_oop=1}
                      ; - java.util.jar.JarVerifier::<init>@111 (line 112)
                      ; - java.util.jar.JarFile::getManifestFromReference@78 (line 422)
                      ; - java.util.jar.JarFile::getManifest@1 (line 406)
                      ; - jdk.internal.loader.URLClassPath$JarLoader$2::getManifest@22 (line 886)
                      ; - java.net.URLClassLoader::defineClass@34 (line 491)
                      ; - java.net.URLClassLoader$1::run@43 (line 427)
                      ; - java.net.URLClassLoader$1::run@1 (line 421)
                      ; - java.security.AccessController::executePrivileged@29 (line 814)
                      ; - java.security.AccessController::doPrivileged@13 (line 712)
                      ; - java.net.URLClassLoader::findClass@13 (line 420)
                      ; - java.lang.ClassLoader::loadClass@69 (line 592)
  0x00000199651bd644: b884 7fff | e9a8 c9ff | ff48 8beb 

  0x00000199651bd650: ;   {metadata('java/io/ByteArrayOutputStream')}
  0x00000199651bd650: 48ba e801 | 1900 9901 | 0000 4c8b | 9424 8800 | 0000 4c89 | 5424 6890 

  0x00000199651bd668: ;   {runtime_call _new_instance_Java}
  0x00000199651bd668: c5f8 77e8 

  0x00000199651bd66c: ; ImmutableOopMap {rbp=Oop [72]=Oop [80]=Oop [88]=Oop [96]=Oop [104]=Oop [112]=Oop [120]=Oop [128]=Oop [136]=Oop [152]=Oop [296]=Oop [304]=Oop }
                      ;*new {reexecute=0 rethrow=0 return_oop=1}
                      ; - java.util.jar.JarVerifier::<init>@122 (line 113)
                      ; - java.util.jar.JarFile::getManifestFromReference@78 (line 422)
                      ; - java.util.jar.JarFile::getManifest@1 (line 406)
                      ; - jdk.internal.loader.URLClassPath$JarLoader$2::getManifest@22 (line 886)
                      ; - java.net.URLClassLoader::defineClass@34 (line 491)
                      ; - java.net.URLClassLoader$1::run@43 (line 427)
                      ; - java.net.URLClassLoader$1::run@1 (line 421)
                      ; - java.security.AccessController::executePrivileged@29 (line 814)
                      ; - java.security.AccessController::doPrivileged@13 (line 712)
                      ; - java.net.URLClassLoader::findClass@13 (line 420)
                      ; - java.lang.ClassLoader::loadClass@69 (line 592)
  0x00000199651bd66c: 9084 7fff | e920 caff | ff48 8beb 

  0x00000199651bd678: ;   {metadata('java/util/ArrayList')}
  0x00000199651bd678: 48ba 10df | 0000 9901 | 0000 4c8b | 9424 8800 | 0000 4c89 | 5424 6890 

  0x00000199651bd690: ;   {runtime_call _new_instance_Java}
  0x00000199651bd690: c5f8 77e8 

  0x00000199651bd694: ; ImmutableOopMap {rbp=Oop [72]=Oop [80]=Oop [88]=Oop [96]=Oop [104]=Oop [112]=Oop [120]=Oop [128]=Oop [136]=Oop [152]=Oop [296]=Oop [304]=Oop }
                      ;*new {reexecute=0 rethrow=0 return_oop=1}
                      ; - java.util.jar.JarVerifier::<init>@133 (line 114)
                      ; - java.util.jar.JarFile::getManifestFromReference@78 (line 422)
                      ; - java.util.jar.JarFile::getManifest@1 (line 406)
                      ; - jdk.internal.loader.URLClassPath$JarLoader$2::getManifest@22 (line 886)
                      ; - java.net.URLClassLoader::defineClass@34 (line 491)
                      ; - java.net.URLClassLoader$1::run@43 (line 427)
                      ; - java.net.URLClassLoader$1::run@1 (line 421)
                      ; - java.security.AccessController::executePrivileged@29 (line 814)
                      ; - java.security.AccessController::doPrivileged@13 (line 712)
                      ; - java.net.URLClassLoader::findClass@13 (line 420)
                      ; - java.lang.ClassLoader::loadClass@69 (line 592)
  0x00000199651bd694: 6884 7fff | e998 caff | ff48 8beb 

  0x00000199651bd6a0: ;   {metadata('java/util/HashMap')}
  0x00000199651bd6a0: 48ba 2036 | 0b00 9901 | 0000 4c8b | 9424 8800 | 0000 4c89 | 5424 6890 

  0x00000199651bd6b8: ;   {runtime_call _new_instance_Java}
  0x00000199651bd6b8: c5f8 77e8 

  0x00000199651bd6bc: ; ImmutableOopMap {rbp=Oop [72]=Oop [80]=Oop [88]=Oop [96]=Oop [104]=Oop [112]=Oop [120]=Oop [128]=Oop [136]=Oop [152]=Oop [296]=Oop [304]=Oop }
                      ;*new {reexecute=0 rethrow=0 return_oop=1}
                      ; - java.util.jar.JarVerifier::<init>@144 (line 115)
                      ; - java.util.jar.JarFile::getManifestFromReference@78 (line 422)
                      ; - java.util.jar.JarFile::getManifest@1 (line 406)
                      ; - jdk.internal.loader.URLClassPath$JarLoader$2::getManifest@22 (line 886)
                      ; - java.net.URLClassLoader::defineClass@34 (line 491)
                      ; - java.net.URLClassLoader$1::run@43 (line 427)
                      ; - java.net.URLClassLoader$1::run@1 (line 421)
                      ; - java.security.AccessController::executePrivileged@29 (line 814)
                      ; - java.security.AccessController::doPrivileged@13 (line 712)
                      ; - java.net.URLClassLoader::findClass@13 (line 420)
                      ; - java.lang.ClassLoader::loadClass@69 (line 592)
  0x00000199651bd6bc: 4084 7fff | e91c cbff | ff48 8bee 

  0x00000199651bd6c8: ;   {metadata('java/util/jar/Manifest')}
  0x00000199651bd6c8: 48ba 009c | 0600 9901 | 0000 4c8b | 9424 8800 | 0000 4c89 | 5424 6890 

  0x00000199651bd6e0: ;   {runtime_call _new_instance_Java}
  0x00000199651bd6e0: c5f8 77e8 

  0x00000199651bd6e4: ; ImmutableOopMap {rbp=Oop [72]=Oop [80]=Oop [88]=Oop [96]=Oop [104]=Oop [112]=Oop [128]=Oop [136]=Oop [152]=Oop [296]=Oop [304]=Oop }
                      ;*new {reexecute=0 rethrow=0 return_oop=1}
                      ; - java.util.jar.JarFile::getManifestFromReference@101 (line 430)
                      ; - java.util.jar.JarFile::getManifest@1 (line 406)
                      ; - jdk.internal.loader.URLClassPath$JarLoader$2::getManifest@22 (line 886)
                      ; - java.net.URLClassLoader::defineClass@34 (line 491)
                      ; - java.net.URLClassLoader$1::run@43 (line 427)
                      ; - java.net.URLClassLoader$1::run@1 (line 421)
                      ; - java.security.AccessController::executePrivileged@29 (line 814)
                      ; - java.security.AccessController::doPrivileged@13 (line 712)
                      ; - java.net.URLClassLoader::findClass@13 (line 420)
                      ; - java.lang.ClassLoader::loadClass@69 (line 592)
  0x00000199651bd6e4: 1884 7fff | 488b f5e9 | cfcb ffff | 4c89 5c24 | 6848 8974 

  0x00000199651bd6f8: ;   {metadata('java/io/ByteArrayInputStream')}
  0x00000199651bd6f8: 2478 48ba | c0a2 0100 | 9901 0000 

  0x00000199651bd704: ;   {runtime_call _new_instance_Java}
  0x00000199651bd704: c5f8 77e8 

  0x00000199651bd708: ; ImmutableOopMap {rbp=NarrowOop [72]=Oop [80]=Oop [88]=Oop [96]=Oop [104]=Oop [112]=Oop [120]=Oop [128]=Oop [136]=Oop [152]=Oop [296]=Oop [304]=Oop }
                      ;*new {reexecute=0 rethrow=0 return_oop=1}
                      ; - java.util.jar.JarFile::getManifestFromReference@109 (line 430)
                      ; - java.util.jar.JarFile::getManifest@1 (line 406)
                      ; - jdk.internal.loader.URLClassPath$JarLoader$2::getManifest@22 (line 886)
                      ; - java.net.URLClassLoader::defineClass@34 (line 491)
                      ; - java.net.URLClassLoader$1::run@43 (line 427)
                      ; - java.net.URLClassLoader$1::run@1 (line 421)
                      ; - java.security.AccessController::executePrivileged@29 (line 814)
                      ; - java.security.AccessController::doPrivileged@13 (line 712)
                      ; - java.net.URLClassLoader::findClass@13 (line 420)
                      ; - java.lang.ClassLoader::loadClass@69 (line 592)
  0x00000199651bd708: f483 7fff | e90f ccff 

  0x00000199651bd710: ;   {metadata('java/util/jar/Manifest')}
  0x00000199651bd710: ff48 ba00 | 9c06 0099 | 0100 004c | 8b94 2488 | 0000 004c | 8954 2450 

  0x00000199651bd728: ;   {runtime_call _new_instance_Java}
  0x00000199651bd728: c5f8 77e8 

  0x00000199651bd72c: ; ImmutableOopMap {rbp=Oop [72]=Oop [80]=Oop [88]=Oop [96]=Oop [112]=Oop [120]=Oop [128]=Oop [136]=Oop [152]=Oop [296]=Oop [304]=Oop }
                      ;*new {reexecute=0 rethrow=0 return_oop=1}
                      ; - java.util.jar.JarFile::getManifestFromReference@134 (line 433)
                      ; - java.util.jar.JarFile::getManifest@1 (line 406)
                      ; - jdk.internal.loader.URLClassPath$JarLoader$2::getManifest@22 (line 886)
                      ; - java.net.URLClassLoader::defineClass@34 (line 491)
                      ; - java.net.URLClassLoader$1::run@43 (line 427)
                      ; - java.net.URLClassLoader$1::run@1 (line 421)
                      ; - java.security.AccessController::executePrivileged@29 (line 814)
                      ; - java.security.AccessController::doPrivileged@13 (line 712)
                      ; - java.net.URLClassLoader::findClass@13 (line 420)
                      ; - java.lang.ClassLoader::loadClass@69 (line 592)
  0x00000199651bd72c: d083 7fff | e99e bfff | ff48 8b54 | 2460 4c8d | 8424 4001 | 0000 488b | 6c24 4890 

  0x00000199651bd748: ;   {runtime_call _complete_monitor_locking_Java}
  0x00000199651bd748: c5f8 77e8 

  0x00000199651bd74c: ; ImmutableOopMap {rbp=Oop [72]=Oop [80]=Oop [96]=Oop [104]=Oop }
                      ;*monitorenter {reexecute=0 rethrow=0 return_oop=0}
                      ; - java.lang.ClassLoader::loadClass@7 (line 572)
  0x00000199651bd74c: 30cf 7fff | e9f8 abff | ffba 45ff | ffff 488b | 6c24 484c | 8b54 2450 | 4c89 5424 | 2066 6690 
  0x00000199651bd76c: ;   {runtime_call UncommonTrapBlob}
  0x00000199651bd76c: c5f8 77e8 

  0x00000199651bd770: ; ImmutableOopMap {rbp=Oop [32]=Oop [96]=Oop }
                      ;*ifeq {reexecute=1 rethrow=0 return_oop=0}
                      ; - (reexecute) java.lang.ClassLoader::checkName@8 (line 1145)
                      ; - java.lang.ClassLoader::findLoadedClass@1 (line 1288)
                      ; - java.lang.ClassLoader::loadClass@10 (line 574)
  0x00000199651bd770: 8c91 7eff | 418b ea44 | 899c 24b0 

  0x00000199651bd77c: ;   {metadata({type array byte})}
  0x00000199651bd77c: 0000 0048 | ba28 6700 | 0099 0100 | 0045 8bc2 

  0x00000199651bd78c: ;   {runtime_call _new_array_Java}
  0x00000199651bd78c: c5f8 77e8 

  0x00000199651bd790: ; ImmutableOopMap {[72]=Oop [80]=Oop [88]=Oop [96]=Oop [104]=Oop [112]=Oop [128]=Oop [136]=Oop [152]=Oop [160]=Oop [168]=Oop [176]=NarrowOop [296]=Oop [304]=Oop }
                      ;*newarray {reexecute=0 rethrow=0 return_oop=1}
                      ; - java.util.jar.JarFile::getBytes@99 (line 816)
                      ; - java.util.jar.JarFile::getManifestFromReference@44 (line 419)
                      ; - java.util.jar.JarFile::getManifest@1 (line 406)
                      ; - jdk.internal.loader.URLClassPath$JarLoader$2::getManifest@22 (line 886)
                      ; - java.net.URLClassLoader::defineClass@34 (line 491)
                      ; - java.net.URLClassLoader$1::run@43 (line 427)
                      ; - java.net.URLClassLoader$1::run@1 (line 421)
                      ; - java.security.AccessController::executePrivileged@29 (line 814)
                      ; - java.security.AccessController::doPrivileged@13 (line 712)
                      ; - java.net.URLClassLoader::findClass@13 (line 420)
                      ; - java.lang.ClassLoader::loadClass@69 (line 592)
  0x00000199651bd790: 6c80 7fff | 488b d8e9 | 46c1 ffff | baf6 ffff | ff48 8bac | 2488 0000 | 0044 8b54 | 2428 4489 
  0x00000199651bd7b0: 5424 204c | 8b54 2438 | 4c89 5424 | 304c 8b54 | 2440 4c89 | 5424 384c | 8b54 2460 | 4c89 5424 
  0x00000199651bd7d0: 4048 895c | 2450 4c89 | 6c24 584c | 8944 2468 

  0x00000199651bd7e0: ;   {runtime_call UncommonTrapBlob}
  0x00000199651bd7e0: c5f8 77e8 

  0x00000199651bd7e4: ; ImmutableOopMap {rbp=Oop [64]=Oop [80]=Oop [88]=Oop [104]=Oop }
                      ;*invokevirtual getResource {reexecute=0 rethrow=0 return_oop=0}
                      ; - java.net.URLClassLoader$1::run@26 (line 424)
                      ; - java.net.URLClassLoader$1::run@1 (line 421)
                      ; - java.security.AccessController::executePrivileged@29 (line 814)
                      ; - java.security.AccessController::doPrivileged@13 (line 712)
                      ; - java.net.URLClassLoader::findClass@13 (line 420)
                      ; - java.lang.ClassLoader::loadClass@69 (line 592)
  0x00000199651bd7e4: 1891 7eff | ba76 ffff | ff48 8bac | 2488 0000 | 0044 8b54 | 2428 4489 | 5424 204c | 8b54 2438 
  0x00000199651bd804: 4c89 5424 | 304c 8b54 | 2440 4c89 | 5424 384c | 8b54 2460 | 4c89 5424 | 4048 895c | 2450 4c89 
  0x00000199651bd824: 6c24 5844 | 8974 2424 | 8944 2464 | 4c89 6c24 | 6866 6690 

  0x00000199651bd838: ;   {runtime_call UncommonTrapBlob}
  0x00000199651bd838: c5f8 77e8 

  0x00000199651bd83c: ; ImmutableOopMap {rbp=Oop [36]=NarrowOop [64]=Oop [80]=Oop [88]=Oop [104]=Oop }
                      ;*if_icmpge {reexecute=1 rethrow=0 return_oop=0}
                      ; - (reexecute) java.lang.StringLatin1::replace@19 (line 306)
                      ; - java.lang.String::replace@18 (line 2808)
                      ; - java.net.URLClassLoader$1::run@8 (line 423)
                      ; - java.net.URLClassLoader$1::run@1 (line 421)
                      ; - java.security.AccessController::executePrivileged@29 (line 814)
                      ; - java.security.AccessController::doPrivileged@13 (line 712)
                      ; - java.net.URLClassLoader::findClass@13 (line 420)
                      ; - java.lang.ClassLoader::loadClass@69 (line 592)
  0x00000199651bd83c: c090 7eff | 41b8 0100 | 0000 4533 | d24c 8954 | 2420 e916 | aeff ff49 | 63c8 e9bb | b1ff ff4c 
  0x00000199651bd85c: 895c 2478 | 498b d345 | 33c0 488b | 6c24 5090 

  0x00000199651bd86c: ;   {optimized virtual_call}
  0x00000199651bd86c: c5f8 77e8 

  0x00000199651bd870: ; ImmutableOopMap {rbp=Oop [48]=Oop [72]=Oop [88]=Oop [96]=Oop [104]=Oop [112]=Oop [120]=Oop [128]=Oop [136]=Oop [152]=Oop [160]=NarrowOop [296]=Oop [304]=Oop }
                      ;*invokevirtual getManifestName {reexecute=0 rethrow=0 return_oop=1}
                      ; - java.util.zip.ZipFile$1::getManifestName@2 (line 1123)
                      ; - java.util.jar.JarFile::getManEntry@12 (line 942)
                      ; - java.util.jar.JarFile::getManifestFromReference@27 (line 414)
                      ; - java.util.jar.JarFile::getManifest@1 (line 406)
                      ; - java.util.jar.JarFile::maybeInstantiateVerifier@31 (line 725)
                      ; - java.util.jar.JarFile::ensureInitialization@1 (line 1031)
                      ; - java.util.jar.JavaUtilJarAccessImpl::ensureInitialization@1 (line 72)
                      ; - jdk.internal.loader.URLClassPath$JarLoader$2::getManifest@10 (line 885)
                      ; - java.net.URLClassLoader::defineClass@34 (line 491)
                      ; - java.net.URLClassLoader$1::run@43 (line 427)
                      ; - java.net.URLClassLoader$1::run@1 (line 421)
                      ; - java.security.AccessController::executePrivileged@29 (line 814)
                      ; - java.security.AccessController::doPrivileged@13 (line 712)
                      ; - java.net.URLClassLoader::findClass@13 (line 420)
                      ; - java.lang.ClassLoader::loadClass@69 (line 592)
  0x00000199651bd870: 0c3b 7eff | 4885 c00f | 846d 0e00 | 0048 8b54 | 2478 4c8b | c066 6690 

  0x00000199651bd888: ;   {optimized virtual_call}
  0x00000199651bd888: c5f8 77e8 

  0x00000199651bd88c: ; ImmutableOopMap {rbp=Oop [48]=Oop [72]=Oop [88]=Oop [96]=Oop [104]=Oop [112]=Oop [120]=Oop [128]=Oop [136]=Oop [152]=Oop [160]=NarrowOop [296]=Oop [304]=Oop }
                      ;*invokespecial getEntry {reexecute=0 rethrow=0 return_oop=1}
                      ; - java.util.jar.JarFile::getManEntry@25 (line 944)
                      ; - java.util.jar.JarFile::getManifestFromReference@27 (line 414)
                      ; - java.util.jar.JarFile::getManifest@1 (line 406)
                      ; - java.util.jar.JarFile::maybeInstantiateVerifier@31 (line 725)
                      ; - java.util.jar.JarFile::ensureInitialization@1 (line 1031)
                      ; - java.util.jar.JavaUtilJarAccessImpl::ensureInitialization@1 (line 72)
                      ; - jdk.internal.loader.URLClassPath$JarLoader$2::getManifest@10 (line 885)
                      ; - java.net.URLClassLoader::defineClass@34 (line 491)
                      ; - java.net.URLClassLoader$1::run@43 (line 427)
                      ; - java.net.URLClassLoader$1::run@1 (line 421)
                      ; - java.security.AccessController::executePrivileged@29 (line 814)
                      ; - java.security.AccessController::doPrivileged@13 (line 712)
                      ; - java.net.URLClassLoader::findClass@13 (line 420)
                      ; - java.lang.ClassLoader::loadClass@69 (line 592)
  0x00000199651bd88c: f03a 7eff | 4c8b d044 | 8b58 0849 | b800 0000 | 0099 0100 | 004d 03c3 | 4d8b 5840 

  0x00000199651bd8a8: ;   {metadata('java/util/jar/JarEntry')}
  0x00000199651bd8a8: 49b8 68af | 1800 9901 | 0000 4d3b | d80f 851a | 3200 000f | 1f44 0000 | 4180 7f38 | 000f 8589 
  0x00000199651bd8c8: 2400 004c | 8b5c 2478 | 4d8b c349 | 8bca 4189 | 4b2c 4d33 | d049 c1ea | 144d 85d2 | 0f84 5ce3 
  0x00000199651bd8e8: ffff 49c1 | e809 48b9 | 0040 a16c | 9901 0000 | 4903 c80f | 1f44 0000 | 8039 040f | 843d e3ff 
  0x00000199651bd908: ff49 8bdb | 4d8b 5740 | 4d8b 5f50 | f083 4424 | c000 660f | 1f44 0000 | 8039 0074 | 2b44 8821 
  0x00000199651bd928: 4d85 d274 | 0f4b 894c | 13f8 4983 | c2f8 4d89 | 5740 eb14 | 498b d790 | c5f8 7749 | baa0 cf12 
  0x00000199651bd948: 30fc 7f00 | 0041 ffd2 | 4c8b dbe9 | eee2 ffff | bacc ffff | ff48 8bac | 2488 0000 | 0044 8b5c 
  0x00000199651bd968: 2428 4489 | 5c24 204c | 8b5c 2438 | 4c89 5c24 | 304c 8b5c | 2440 4c89 | 5c24 384c | 8b5c 2460 
  0x00000199651bd988: 4c89 5c24 | 4048 895c | 2450 4c89 | 6c24 584c | 894c 2468 | 4889 4424 | 7848 89bc | 2480 0000 
  0x00000199651bd9a8: 0044 8954 | 2424 6690 

  0x00000199651bd9b0: ;   {runtime_call UncommonTrapBlob}
  0x00000199651bd9b0: c5f8 77e8 

  0x00000199651bd9b4: ; ImmutableOopMap {rbp=Oop [64]=Oop [80]=Oop [88]=Oop [104]=Oop [128]=Oop }
                      ;*invokestatic arraycopy {reexecute=0 rethrow=0 return_oop=0}
                      ; - java.lang.String::getBytes@22 (line 4459)
                      ; - java.lang.StringConcatHelper::prepend@21 (line 354)
                      ; - java.lang.StringConcatHelper::simpleConcat@71 (line 424)
                      ; - java.lang.String::concat@11 (line 2774)
                      ; - java.net.URLClassLoader$1::run@13 (line 423)
                      ; - java.net.URLClassLoader$1::run@1 (line 421)
                      ; - java.security.AccessController::executePrivileged@29 (line 814)
                      ; - java.security.AccessController::doPrivileged@13 (line 712)
                      ; - java.net.URLClassLoader::findClass@13 (line 420)
                      ; - java.lang.ClassLoader::loadClass@69 (line 592)
  0x00000199651bd9b4: 488f 7eff | bacc ffff | ff48 8bac | 2488 0000 | 0044 8b44 | 2428 4489 | 4424 204c | 8b54 2438 
  0x00000199651bd9d4: 4c89 5424 | 304c 8b54 | 2440 4c89 | 5424 384c | 8b54 2460 | 4c89 5424 | 4048 895c | 2450 4c89 
  0x00000199651bd9f4: 5c24 584c | 896c 2460 | 4889 7c24 | 7889 7424 | 2466 6690 

  0x00000199651bda08: ;   {runtime_call UncommonTrapBlob}
  0x00000199651bda08: c5f8 77e8 

  0x00000199651bda0c: ; ImmutableOopMap {rbp=Oop [64]=Oop [80]=Oop [88]=Oop [96]=Oop [120]=Oop }
                      ;*invokestatic arraycopy {reexecute=0 rethrow=0 return_oop=0}
                      ; - java.lang.String::getBytes@22 (line 4459)
                      ; - java.lang.StringConcatHelper::prepend@21 (line 354)
                      ; - java.lang.StringConcatHelper::simpleConcat@81 (line 425)
                      ; - java.lang.String::concat@11 (line 2774)
                      ; - java.net.URLClassLoader$1::run@13 (line 423)
                      ; - java.net.URLClassLoader$1::run@1 (line 421)
                      ; - java.security.AccessController::executePrivileged@29 (line 814)
                      ; - java.security.AccessController::doPrivileged@13 (line 712)
                      ; - java.net.URLClassLoader::findClass@13 (line 420)
                      ; - java.lang.ClassLoader::loadClass@69 (line 592)
  0x00000199651bda0c: f08e 7eff | 488b 4c24 | 6048 8d94 | 2440 0100 | 004d 8bc7 | c5f8 7749 | bac0 4454 | 30fc 7f00 
  0x00000199651bda2c: 0041 ffd2 | e9e1 baff | ffba 76ff | ffff 4c8b | 5424 604c | 8954 2448 | 4889 5c24 | 584c 896c 
  0x00000199651bda4c: 2460 4489 | 7424 2c4c | 895c 2470 | 8944 2478 | 4c89 ac24 | 8000 0000 

  0x00000199651bda64: ;   {runtime_call UncommonTrapBlob}
  0x00000199651bda64: c5f8 77e8 

  0x00000199651bda68: ; ImmutableOopMap {[44]=NarrowOop [72]=Oop [88]=Oop [96]=Oop [112]=Oop [128]=Oop [136]=Oop }
                      ;*if_icmpge {reexecute=1 rethrow=0 return_oop=0}
                      ; - (reexecute) java.lang.StringLatin1::replace@82 (line 317)
                      ; - java.lang.String::replace@18 (line 2808)
                      ; - java.net.URLClassLoader$1::run@8 (line 423)
                      ; - java.net.URLClassLoader$1::run@1 (line 421)
                      ; - java.security.AccessController::executePrivileged@29 (line 814)
                      ; - java.security.AccessController::doPrivileged@13 (line 712)
                      ; - java.net.URLClassLoader::findClass@13 (line 420)
                      ; - java.lang.ClassLoader::loadClass@69 (line 592)
  0x00000199651bda68: 948e 7eff | 4585 c040 | 0f95 c540 | 0fb6 ed83 | f501 ba45 | ffff ff4c | 8b54 2460 | 4c89 5424 
  0x00000199651bda88: 4066 6690 

  0x00000199651bda8c: ;   {runtime_call UncommonTrapBlob}
  0x00000199651bda8c: c5f8 77e8 

  0x00000199651bda90: ; ImmutableOopMap {[64]=Oop [72]=Oop [80]=Oop }
                      ;*ifeq {reexecute=1 rethrow=0 return_oop=0}
                      ; - (reexecute) java.lang.String::indexOf@4 (line 2423)
                      ; - java.lang.String::indexOf@3 (line 2380)
                      ; - java.lang.ClassLoader::checkName@16 (line 1147)
                      ; - java.lang.ClassLoader::findLoadedClass@1 (line 1288)
                      ; - java.lang.ClassLoader::loadClass@10 (line 574)
  0x00000199651bda90: 6c8e 7eff | ba45 ffff | ff48 8b6c | 2448 4c8b | 5424 504c | 8954 2420 | 895c 242c 

  0x00000199651bdaac: ;   {runtime_call UncommonTrapBlob}
  0x00000199651bdaac: c5f8 77e8 

  0x00000199651bdab0: ; ImmutableOopMap {rbp=Oop [32]=Oop [96]=Oop }
                      ;*if_icmpne {reexecute=1 rethrow=0 return_oop=0}
                      ; - (reexecute) java.lang.ClassLoader::checkName@20 (line 1147)
                      ; - java.lang.ClassLoader::findLoadedClass@1 (line 1288)
                      ; - java.lang.ClassLoader::loadClass@10 (line 574)
  0x00000199651bdab0: 4c8e 7eff | ba45 ffff | ff48 8b6c | 2448 4c8b | 5c24 504c | 895c 2420 | 4489 5424 | 2c66 6690 
  0x00000199651bdad0: ;   {runtime_call UncommonTrapBlob}
  0x00000199651bdad0: c5f8 77e8 

  0x00000199651bdad4: ; ImmutableOopMap {rbp=Oop [32]=Oop [96]=Oop }
                      ;*if_icmpne {reexecute=1 rethrow=0 return_oop=0}
                      ; - (reexecute) java.lang.ClassLoader::checkName@30 (line 1147)
                      ; - java.lang.ClassLoader::findLoadedClass@1 (line 1288)
                      ; - java.lang.ClassLoader::loadClass@10 (line 574)
  0x00000199651bdad4: 288e 7eff | ba45 ffff | ff48 8b6c | 2448 4489 | 5424 2c90 

  0x00000199651bdae8: ;   {runtime_call UncommonTrapBlob}
  0x00000199651bdae8: c5f8 77e8 

  0x00000199651bdaec: ; ImmutableOopMap {rbp=Oop [44]=NarrowOop [80]=Oop [96]=Oop }
                      ;*ifnull {reexecute=1 rethrow=0 return_oop=0}
                      ; - (reexecute) java.lang.ClassLoader::loadClass@29 (line 578)
  0x00000199651bdaec: 108e 7eff | 41ba ffff | ffff e929 | e6ff ffba | 76ff ffff | 448b 5c24 | 2844 895c | 2420 4c8b 
  0x00000199651bdb0c: 5c24 384c | 895c 2430 | 4c8b 5c24 | 404c 895c | 2438 4c8b | 5c24 604c | 895c 2440 | 4c8b 5c24 
  0x00000199651bdb2c: 704c 895c | 2448 4c8b | 5c24 584c | 895c 2450 | 4489 4c24 | 2444 8954 | 246c 4c8b | 9424 a800 
  0x00000199651bdb4c: 0000 4c89 | 9424 8800 | 0000 6690 

  0x00000199651bdb58: ;   {runtime_call UncommonTrapBlob}
  0x00000199651bdb58: c5f8 77e8 

  0x00000199651bdb5c: ; ImmutableOopMap {rbp=Oop [36]=NarrowOop [64]=Oop [72]=Oop [80]=Oop [136]=Oop [168]=Oop }
                      ;*iflt {reexecute=1 rethrow=0 return_oop=0}
                      ; - (reexecute) java.lang.StringLatin1::lastIndexOf@19 (line 294)
                      ; - java.lang.String::lastIndexOf@13 (line 2489)
                      ; - java.lang.String::lastIndexOf@8 (line 2451)
                      ; - java.net.URLClassLoader::defineClass@7 (line 486)
                      ; - java.net.URLClassLoader$1::run@43 (line 427)
                      ; - java.net.URLClassLoader$1::run@1 (line 421)
                      ; - java.security.AccessController::executePrivileged@29 (line 814)
                      ; - java.security.AccessController::doPrivileged@13 (line 712)
                      ; - java.net.URLClassLoader::findClass@13 (line 420)
                      ; - java.lang.ClassLoader::loadClass@69 (line 592)
  0x00000199651bdb5c: a08d 7eff | ba6e ffff | ff44 8b44 | 2428 4489 | 4424 204c | 8b5c 2438 | 4c89 5c24 | 304c 8b5c 
  0x00000199651bdb7c: 2440 4c89 | 5c24 384c | 8b5c 2460 | 4c89 5c24 | 404c 8b5c | 2470 4c89 | 5c24 484c | 8b5c 2458 
  0x00000199651bdb9c: 4c89 5c24 | 5044 894c | 2424 4489 | 5424 6c4c | 8b94 24a8 | 0000 004c | 8994 2488 | 0000 0090 
  0x00000199651bdbbc: ;   {runtime_call UncommonTrapBlob}
  0x00000199651bdbbc: c5f8 77e8 

  0x00000199651bdbc0: ; ImmutableOopMap {rbp=Oop [36]=NarrowOop [64]=Oop [72]=Oop [80]=Oop [136]=Oop [168]=Oop }
                      ;*iflt {reexecute=1 rethrow=0 return_oop=0}
                      ; - (reexecute) java.lang.StringLatin1::lastIndexOf@19 (line 294)
                      ; - java.lang.String::lastIndexOf@13 (line 2489)
                      ; - java.lang.String::lastIndexOf@8 (line 2451)
                      ; - java.net.URLClassLoader::defineClass@7 (line 486)
                      ; - java.net.URLClassLoader$1::run@43 (line 427)
                      ; - java.net.URLClassLoader$1::run@1 (line 421)
                      ; - java.security.AccessController::executePrivileged@29 (line 814)
                      ; - java.security.AccessController::doPrivileged@13 (line 712)
                      ; - java.net.URLClassLoader::findClass@13 (line 420)
                      ; - java.lang.ClassLoader::loadClass@69 (line 592)
  0x00000199651bdbc0: 3c8d 7eff | bade ffff | ff48 8bac | 2488 0000 | 0044 8b5c | 2428 4489 | 5c24 204c | 8b54 2438 
  0x00000199651bdbe0: 4c89 5424 | 304c 8b54 | 2440 4c89 | 5424 384c | 8b54 2460 | 4c89 5424 | 404c 8b54 | 2458 4c89 
  0x00000199651bdc00: 5424 504c | 8b54 2470 | 4c89 5424 | 604c 8954 | 2468 4c8b | 9424 9000 | 0000 4c89 | 9424 8800 
  0x00000199651bdc20: 0000 6690 

  0x00000199651bdc24: ;   {runtime_call UncommonTrapBlob}
  0x00000199651bdc24: c5f8 77e8 

  0x00000199651bdc28: ; ImmutableOopMap {rbp=Oop [64]=Oop [80]=Oop [96]=Oop [104]=Oop [168]=Oop [296]=Oop [304]=Oop }
                      ;*invokevirtual getManifest {reexecute=0 rethrow=0 return_oop=0}
                      ; - java.net.URLClassLoader::defineClass@34 (line 491)
                      ; - java.net.URLClassLoader$1::run@43 (line 427)
                      ; - java.net.URLClassLoader$1::run@1 (line 421)
                      ; - java.security.AccessController::executePrivileged@29 (line 814)
                      ; - java.security.AccessController::doPrivileged@13 (line 712)
                      ; - java.net.URLClassLoader::findClass@13 (line 420)
                      ; - java.lang.ClassLoader::loadClass@69 (line 592)
  0x00000199651bdc28: d48c 7eff | bade ffff | ff48 8bac | 2488 0000 | 0044 8b54 | 2428 4489 | 5424 204c | 8b54 2438 
  0x00000199651bdc48: 4c89 5424 | 304c 8b54 | 2440 4c89 | 5424 384c | 8b54 2460 | 4c89 5424 | 404c 8b54 | 2458 4c89 
  0x00000199651bdc68: 5424 504c | 8b54 2470 | 4c89 5424 | 604c 8954 | 2468 4c8b | 9424 a800 | 0000 4c89 | 5424 784c 
  0x00000199651bdc88: 8b94 2490 | 0000 004c | 8994 2488 | 0000 0048 | 89bc 24a0 | 0000 0044 | 8944 2424 | 4489 9c24 
  0x00000199651bdca8: a800 0000 

  0x00000199651bdcac: ;   {runtime_call UncommonTrapBlob}
  0x00000199651bdcac: c5f8 77e8 

  0x00000199651bdcb0: ; ImmutableOopMap {rbp=Oop [36]=NarrowOop [64]=Oop [80]=Oop [96]=Oop [104]=Oop [120]=Oop [160]=Oop [168]=NarrowOop [296]=Oop [304]=Oop }
                      ;*invokeinterface ensureInitialization {reexecute=0 rethrow=0 return_oop=0}
                      ; - jdk.internal.loader.URLClassPath$JarLoader$2::getManifest@10 (line 885)
                      ; - java.net.URLClassLoader::defineClass@34 (line 491)
                      ; - java.net.URLClassLoader$1::run@43 (line 427)
                      ; - java.net.URLClassLoader$1::run@1 (line 421)
                      ; - java.security.AccessController::executePrivileged@29 (line 814)
                      ; - java.security.AccessController::doPrivileged@13 (line 712)
                      ; - java.net.URLClassLoader::findClass@13 (line 420)
                      ; - java.lang.ClassLoader::loadClass@69 (line 592)
  0x00000199651bdcb0: 4c8c 7eff | 4c89 8c24 | 8000 0000 | 4489 5c24 | 2c48 897c | 2478 4c8b | 9424 a800 | 0000 4c89 
  0x00000199651bdcd0: 5424 504c | 8b54 2470 | 4c89 5424 | 3049 8bd1 | 4c8d 8424 | 4801 0000 | 4c8b 9424 | 8800 0000 
  0x00000199651bdcf0: 4c89 5424 | 7066 6690 

  0x00000199651bdcf8: ;   {runtime_call _complete_monitor_locking_Java}
  0x00000199651bdcf8: c5f8 77e8 

  0x00000199651bdcfc: ; ImmutableOopMap {[44]=NarrowOop [48]=Oop [72]=Oop [80]=Oop [88]=Oop [96]=Oop [104]=Oop [112]=Oop [120]=Oop [128]=Oop [136]=Oop [296]=Oop [304]=Oop }
                      ;*synchronization entry
                      ; - java.util.jar.JarFile::ensureInitialization@-1 (line 1031)
                      ; - java.util.jar.JavaUtilJarAccessImpl::ensureInitialization@1 (line 72)
                      ; - jdk.internal.loader.URLClassPath$JarLoader$2::getManifest@10 (line 885)
                      ; - java.net.URLClassLoader::defineClass@34 (line 491)
                      ; - java.net.URLClassLoader$1::run@43 (line 427)
                      ; - java.net.URLClassLoader$1::run@1 (line 421)
                      ; - java.security.AccessController::executePrivileged@29 (line 814)
                      ; - java.security.AccessController::doPrivileged@13 (line 712)
                      ; - java.net.URLClassLoader::findClass@13 (line 420)
                      ; - java.lang.ClassLoader::loadClass@69 (line 592)
  0x00000199651bdcfc: 80c9 7fff | 4c8b 5424 | 304c 8954 | 2470 4c8b | 5424 504c | 8994 24a8 | 0000 0048 | 8b7c 2478 
  0x00000199651bdd1c: 448b 5c24 | 2c4c 8b8c | 2480 0000 | 00e9 e3b2 | ffff 488b | ef49 8bf0 | 498b c948 | 8d94 2448 
  0x00000199651bdd3c: 0100 004d | 8bc7 c5f8 | 7749 bac0 | 4454 30fc | 7f00 0041 | ffd2 4c8b | c648 8bfd | e97e b3ff 
  0x00000199651bdd5c: ffba deff | ffff 4c8b | 9424 8800 | 0000 4c89 | 5424 204c | 8b54 2460 | 4c89 5424 | 4848 89bc 
  0x00000199651bdd7c: 2488 0000 | 0066 6690 

  0x00000199651bdd84: ;   {runtime_call UncommonTrapBlob}
  0x00000199651bdd84: c5f8 77e8 

  0x00000199651bdd88: ; ImmutableOopMap {rbp=NarrowOop [32]=Oop [72]=Oop [88]=Oop [112]=Oop [136]=Oop [168]=Oop [296]=Oop [304]=Oop }
                      ;*invokevirtual getManifest {reexecute=0 rethrow=0 return_oop=0}
                      ; - jdk.internal.loader.URLClassPath$JarLoader$2::getManifest@22 (line 886)
                      ; - java.net.URLClassLoader::defineClass@34 (line 491)
                      ; - java.net.URLClassLoader$1::run@43 (line 427)
                      ; - java.net.URLClassLoader$1::run@1 (line 421)
                      ; - java.security.AccessController::executePrivileged@29 (line 814)
                      ; - java.security.AccessController::doPrivileged@13 (line 712)
                      ; - java.net.URLClassLoader::findClass@13 (line 420)
                      ; - java.lang.ClassLoader::loadClass@69 (line 592)
  0x00000199651bdd88: 748b 7eff | 4585 d240 | 0f95 c540 | 0fb6 ed83 | f501 ba45 | ffff ff4c | 8b94 2488 | 0000 004c 
  0x00000199651bdda8: 8954 2420 | 4c8b 5424 | 604c 8954 | 2448 4889 | 5c24 5890 

  0x00000199651bddbc: ;   {runtime_call UncommonTrapBlob}
  0x00000199651bddbc: c5f8 77e8 

  0x00000199651bddc0: ; ImmutableOopMap {[32]=Oop [72]=Oop [80]=Oop [88]=Oop }
                      ;*ifeq {reexecute=1 rethrow=0 return_oop=0}
                      ; - (reexecute) java.lang.String::replace@9 (line 2808)
                      ; - java.net.URLClassLoader$1::run@8 (line 423)
                      ; - java.net.URLClassLoader$1::run@1 (line 421)
                      ; - java.security.AccessController::executePrivileged@29 (line 814)
                      ; - java.security.AccessController::doPrivileged@13 (line 712)
                      ; - java.net.URLClassLoader::findClass@13 (line 420)
                      ; - java.lang.ClassLoader::loadClass@69 (line 592)
  0x00000199651bddc0: 3c8b 7eff | 488b 4c24 | 6048 8d94 | 2440 0100 | 004d 8bc7 | 0f1f 8400 | 0000 0000 | 6666 6690 
  0x00000199651bdde0: c5f8 7749 | bac0 4454 | 30fc 7f00 | 0041 ffd2 | e906 b6ff | ff4d 63d3 | e933 b0ff | ff49 83c2 
  0x00000199651bde00: fe49 8bca | 488b fa48 | 33c0 4883 | f908 7f10 | 48ff c978 | 4f48 8904 | cf48 ffc9 | 7df7 eb44 
  0x00000199651bde20: c5fd efc0 | e90d 0000 | 00c5 fe7f | 07c5 fe7f | 4720 4883 | c740 4883 | e908 7ded | 4883 c104 
  0x00000199651bde40: 7c0c c5fe | 7f07 4883 | c720 4883 | e904 4883 | c104 7e10 | 48ff c9c5 | f9d6 0748 | 83c7 0848 
  0x00000199651bde60: ffc9 7df3 | e9a7 b0ff | ffba ccff | ffff 488b | ac24 8800 | 0000 448b | 4c24 2844 | 894c 2420 
  0x00000199651bde80: 4c8b 5424 | 384c 8954 | 2430 4c8b | 5424 404c | 8954 2438 | 4c8b 5424 | 604c 8954 | 2440 4c8b 
  0x00000199651bdea0: 5424 584c | 8954 2450 | 4489 5c24 | 684c 8b94 | 24a8 0000 | 004c 8994 | 2488 0000 | 004c 89ac 
  0x00000199651bdec0: 24a8 0000 | 0044 8944 | 246c 6690 

  0x00000199651bdecc: ;   {runtime_call UncommonTrapBlob}
  0x00000199651bdecc: c5f8 77e8 

  0x00000199651bded0: ; ImmutableOopMap {rbp=Oop [64]=Oop [80]=Oop [108]=NarrowOop [112]=Oop [136]=Oop [168]=Oop [296]=Oop }
                      ;*newarray {reexecute=1 rethrow=0 return_oop=0}
                      ; - (reexecute) java.util.Arrays::copyOfRange@41 (line 3822)
                      ; - java.lang.StringLatin1::newString@16 (line 769)
                      ; - java.lang.String::substring@41 (line 2714)
                      ; - java.net.URLClassLoader::defineClass@28 (line 489)
                      ; - java.net.URLClassLoader$1::run@43 (line 427)
                      ; - java.net.URLClassLoader$1::run@1 (line 421)
                      ; - java.security.AccessController::executePrivileged@29 (line 814)
                      ; - java.security.AccessController::doPrivileged@13 (line 712)
                      ; - java.net.URLClassLoader::findClass@13 (line 420)
                      ; - java.lang.ClassLoader::loadClass@69 (line 592)
  0x00000199651bded0: 2c8a 7eff | ba45 ffff | ff4c 8954 | 2420 4c8b | 5424 604c | 8954 2448 | 895c 242c 

  0x00000199651bdeec: ;   {runtime_call UncommonTrapBlob}
  0x00000199651bdeec: c5f8 77e8 

  0x00000199651bdef0: ; ImmutableOopMap {rbp=NarrowOop [32]=Oop [44]=NarrowOop [72]=Oop [80]=Oop }
                      ;*ifnull {reexecute=1 rethrow=0 return_oop=0}
                      ; - (reexecute) java.security.AccessController::checkContext@3 (line 725)
                      ; - java.security.AccessController::doPrivileged@6 (line 710)
                      ; - java.net.URLClassLoader::findClass@13 (line 420)
                      ; - java.lang.ClassLoader::loadClass@69 (line 592)
  0x00000199651bdef0: 0c8a 7eff | ba76 ffff | ff4c 8b94 | 2488 0000 | 004c 8954 | 2420 4c8b | 5424 604c | 8954 2448 
  0x00000199651bdf10: 4889 5c24 | 584c 896c | 2460 4489 | 7424 2c89 | 4424 684c | 895c 2470 | 4c89 6c24 | 7866 6690 
  0x00000199651bdf30: ;   {runtime_call UncommonTrapBlob}
  0x00000199651bdf30: c5f8 77e8 

  0x00000199651bdf34: ; ImmutableOopMap {[32]=Oop [44]=NarrowOop [72]=Oop [88]=Oop [96]=Oop [112]=Oop [120]=Oop }
                      ;*if_icmpge {reexecute=1 rethrow=0 return_oop=0}
                      ; - (reexecute) java.lang.StringLatin1::replace@61 (line 314)
                      ; - java.lang.String::replace@18 (line 2808)
                      ; - java.net.URLClassLoader$1::run@8 (line 423)
                      ; - java.net.URLClassLoader$1::run@1 (line 421)
                      ; - java.security.AccessController::executePrivileged@29 (line 814)
                      ; - java.security.AccessController::doPrivileged@13 (line 712)
                      ; - java.net.URLClassLoader::findClass@13 (line 420)
                      ; - java.lang.ClassLoader::loadClass@69 (line 592)
  0x00000199651bdf34: c889 7eff | be01 0000 | 0066 6690 | e9a3 a8ff | ffba 45ff | ffff 488b | ac24 8800 | 0000 448b 
  0x00000199651bdf54: 4424 2844 | 8944 2420 | 4c8b 5c24 | 384c 895c | 2430 4c8b | 5c24 404c | 895c 2438 | 4c8b 5c24 
  0x00000199651bdf74: 604c 895c | 2440 4889 | 5c24 504c | 896c 2458 | 4c89 4c24 | 6848 8944 | 2470 4489 | 5424 2490 
  0x00000199651bdf94: ;   {runtime_call UncommonTrapBlob}
  0x00000199651bdf94: c5f8 77e8 

  0x00000199651bdf98: ; ImmutableOopMap {rbp=Oop [64]=Oop [80]=Oop [88]=Oop [104]=Oop }
                      ;*iflt {reexecute=1 rethrow=0 return_oop=0}
                      ; - (reexecute) java.lang.StringConcatHelper::checkOverflow@2 (line 54)
                      ; - java.lang.StringConcatHelper::mix@23 (line 138)
                      ; - java.lang.StringConcatHelper::simpleConcat@46 (line 419)
                      ; - java.lang.String::concat@11 (line 2774)
                      ; - java.net.URLClassLoader$1::run@13 (line 423)
                      ; - java.net.URLClassLoader$1::run@1 (line 421)
                      ; - java.security.AccessController::executePrivileged@29 (line 814)
                      ; - java.security.AccessController::doPrivileged@13 (line 712)
                      ; - java.net.URLClassLoader::findClass@13 (line 420)
                      ; - java.lang.ClassLoader::loadClass@69 (line 592)
  0x00000199651bdf98: 6489 7eff | ba45 ffff | ff4c 8b94 | 2488 0000 | 004c 8954 | 2420 4c8b | 5424 604c | 8954 2448 
  0x00000199651bdfb8: 4889 5c24 | 584c 896c | 2460 4c89 | 4c24 7044 | 8944 242c 

  0x00000199651bdfcc: ;   {runtime_call UncommonTrapBlob}
  0x00000199651bdfcc: c5f8 77e8 

  0x00000199651bdfd0: ; ImmutableOopMap {[32]=Oop [72]=Oop [88]=Oop [96]=Oop [112]=Oop }
                      ;*iflt {reexecute=1 rethrow=0 return_oop=0}
                      ; - (reexecute) java.lang.StringConcatHelper::checkOverflow@2 (line 54)
                      ; - java.lang.StringConcatHelper::mix@23 (line 138)
                      ; - java.lang.StringConcatHelper::simpleConcat@54 (line 420)
                      ; - java.lang.String::concat@11 (line 2774)
                      ; - java.net.URLClassLoader$1::run@13 (line 423)
                      ; - java.net.URLClassLoader$1::run@1 (line 421)
                      ; - java.security.AccessController::executePrivileged@29 (line 814)
                      ; - java.security.AccessController::doPrivileged@13 (line 712)
                      ; - java.net.URLClassLoader::findClass@13 (line 420)
                      ; - java.lang.ClassLoader::loadClass@69 (line 592)
  0x00000199651bdfd0: 2c89 7eff | ba45 ffff | ff48 8bac | 2488 0000 | 0044 8b54 | 2428 4489 | 5424 204c | 8b54 2438 
  0x00000199651bdff0: 4c89 5424 | 304c 8b54 | 2440 4c89 | 5424 384c | 8b54 2460 | 4c89 5424 | 4048 895c | 2450 4c89 
  0x00000199651be010: 6c24 584c | 894c 2470 | 4889 7c24 | 7844 8974 | 2424 6690 

  0x00000199651be024: ;   {runtime_call UncommonTrapBlob}
  0x00000199651be024: c5f8 77e8 

  0x00000199651be028: ; ImmutableOopMap {rbp=Oop [64]=Oop [80]=Oop [88]=Oop [112]=Oop [120]=Oop }
                      ;*if_icmpne {reexecute=1 rethrow=0 return_oop=0}
                      ; - (reexecute) java.lang.String::getBytes@5 (line 4458)
                      ; - java.lang.StringConcatHelper::prepend@21 (line 354)
                      ; - java.lang.StringConcatHelper::simpleConcat@81 (line 425)
                      ; - java.lang.String::concat@11 (line 2774)
                      ; - java.net.URLClassLoader$1::run@13 (line 423)
                      ; - java.net.URLClassLoader$1::run@1 (line 421)
                      ; - java.security.AccessController::executePrivileged@29 (line 814)
                      ; - java.security.AccessController::doPrivileged@13 (line 712)
                      ; - java.net.URLClassLoader::findClass@13 (line 420)
                      ; - java.lang.ClassLoader::loadClass@69 (line 592)
  0x00000199651be028: d488 7eff | ba45 ffff | ff48 8bac | 2488 0000 | 0044 8b54 | 2428 4489 | 5424 204c | 8b54 2438 
  0x00000199651be048: 4c89 5424 | 304c 8b54 | 2440 4c89 | 5424 384c | 8b54 2460 | 4c89 5424 | 4048 895c | 2450 4c89 
  0x00000199651be068: 6c24 584c | 894c 2468 | 4889 4424 | 7044 8974 | 2424 6690 

  0x00000199651be07c: ;   {runtime_call UncommonTrapBlob}
  0x00000199651be07c: c5f8 77e8 

  0x00000199651be080: ; ImmutableOopMap {rbp=Oop [64]=Oop [80]=Oop [88]=Oop [104]=Oop }
                      ;*if_icmpne {reexecute=1 rethrow=0 return_oop=0}
                      ; - (reexecute) java.lang.StringConcatHelper::mix@13 (line 135)
                      ; - java.lang.StringConcatHelper::simpleConcat@46 (line 419)
                      ; - java.lang.String::concat@11 (line 2774)
                      ; - java.net.URLClassLoader$1::run@13 (line 423)
                      ; - java.net.URLClassLoader$1::run@1 (line 421)
                      ; - java.security.AccessController::executePrivileged@29 (line 814)
                      ; - java.security.AccessController::doPrivileged@13 (line 712)
                      ; - java.net.URLClassLoader::findClass@13 (line 420)
                      ; - java.lang.ClassLoader::loadClass@69 (line 592)
  0x00000199651be080: 7c88 7eff | ba45 ffff | ff4c 8b94 | 2488 0000 | 004c 8954 | 2420 4c8b | 5424 604c | 8954 2448 
  0x00000199651be0a0: 4889 5c24 | 584c 896c | 2460 4c89 | 4c24 7044 | 8944 2478 

  0x00000199651be0b4: ;   {runtime_call UncommonTrapBlob}
  0x00000199651be0b4: c5f8 77e8 

  0x00000199651be0b8: ; ImmutableOopMap {[32]=Oop [72]=Oop [88]=Oop [96]=Oop [112]=Oop }
                      ;*ifge {reexecute=1 rethrow=0 return_oop=0}
                      ; - (reexecute) java.lang.StringConcatHelper::newArray@13 (line 494)
                      ; - java.lang.StringConcatHelper::simpleConcat@61 (line 421)
                      ; - java.lang.String::concat@11 (line 2774)
                      ; - java.net.URLClassLoader$1::run@13 (line 423)
                      ; - java.net.URLClassLoader$1::run@1 (line 421)
                      ; - java.security.AccessController::executePrivileged@29 (line 814)
                      ; - java.security.AccessController::doPrivileged@13 (line 712)
                      ; - java.net.URLClassLoader::findClass@13 (line 420)
                      ; - java.lang.ClassLoader::loadClass@69 (line 592)
  0x00000199651be0b8: 4488 7eff | ba45 ffff | ff48 895c | 2428 4489 | 5424 3090 

  0x00000199651be0cc: ;   {runtime_call UncommonTrapBlob}
  0x00000199651be0cc: c5f8 77e8 

  0x00000199651be0d0: ; ImmutableOopMap {[40]=Oop [72]=Oop [96]=Oop }
                      ;*ifeq {reexecute=1 rethrow=0 return_oop=0}
                      ; - (reexecute) java.lang.ClassLoader::loadClass@100 (line 600)
  0x00000199651be0d0: 2c88 7eff | 4889 8424 | 3801 0000 | 0f1f 4000 | e996 e0ff | ff45 8bda | e958 acff | ff85 c940 
  0x00000199651be0f0: 0f95 c540 | 0fb6 ed83 | f501 ba45 | ffff ff4c | 8b94 2488 | 0000 004c | 8954 2420 | 4c8b 5424 
  0x00000199651be110: 604c 8954 | 2448 4c8b | 5424 704c | 8954 2450 | 4c8b 9424 | a800 0000 | 4c89 9424 | 9800 0000 
  0x00000199651be130: 4489 4424 | 2c66 6690 

  0x00000199651be138: ;   {runtime_call UncommonTrapBlob}
  0x00000199651be138: c5f8 77e8 

  0x00000199651be13c: ; ImmutableOopMap {[32]=Oop [72]=Oop [80]=Oop [88]=Oop [152]=Oop [168]=Oop }
                      ;*ifeq {reexecute=1 rethrow=0 return_oop=0}
                      ; - (reexecute) java.lang.String::lastIndexOf@4 (line 2489)
                      ; - java.lang.String::lastIndexOf@8 (line 2451)
                      ; - java.net.URLClassLoader::defineClass@7 (line 486)
                      ; - java.net.URLClassLoader$1::run@43 (line 427)
                      ; - java.net.URLClassLoader$1::run@1 (line 421)
                      ; - java.security.AccessController::executePrivileged@29 (line 814)
                      ; - java.security.AccessController::doPrivileged@13 (line 712)
                      ; - java.net.URLClassLoader::findClass@13 (line 420)
                      ; - java.lang.ClassLoader::loadClass@69 (line 592)
  0x00000199651be13c: c087 7eff | ba45 ffff | ff4c 8b94 | 2488 0000 | 004c 8954 | 2420 4c8b | 5424 604c | 8954 2448 
  0x00000199651be15c: 4489 5c24 | 7844 895c | 247c 4c8b | 9424 a800 | 0000 4c89 | 9424 a000 | 0000 6690 

  0x00000199651be178: ;   {runtime_call UncommonTrapBlob}
  0x00000199651be178: c5f8 77e8 

  0x00000199651be17c: ; ImmutableOopMap {[32]=Oop [72]=Oop [88]=Oop [112]=Oop [160]=Oop [296]=Oop }
                      ;*if_icmpgt {reexecute=1 rethrow=0 return_oop=0}
                      ; - (reexecute) java.lang.String::checkBoundsBeginEnd@6 (line 4605)
                      ; - java.lang.String::substring@8 (line 2709)
                      ; - java.net.URLClassLoader::defineClass@28 (line 489)
                      ; - java.net.URLClassLoader$1::run@43 (line 427)
                      ; - java.net.URLClassLoader$1::run@1 (line 421)
                      ; - java.security.AccessController::executePrivileged@29 (line 814)
                      ; - java.security.AccessController::doPrivileged@13 (line 712)
                      ; - java.net.URLClassLoader::findClass@13 (line 420)
                      ; - java.lang.ClassLoader::loadClass@69 (line 592)
  0x00000199651be17c: 8087 7eff | ba45 ffff | ff44 8b5c | 2428 4489 | 5c24 204c | 8b54 2438 | 4c89 5424 | 304c 8b54 
  0x00000199651be19c: 2440 4c89 | 5424 384c | 8b54 2460 | 4c89 5424 | 404c 8b54 | 2458 4c89 | 5424 504c | 8b54 2470 
  0x00000199651be1bc: 4c89 5424 | 604c 8954 | 2468 4c8b | 9424 9000 | 0000 4c89 | 9424 8800 | 0000 4889 | 8424 a000 
  0x00000199651be1dc: 0000 6690 

  0x00000199651be1e0: ;   {runtime_call UncommonTrapBlob}
  0x00000199651be1e0: c5f8 77e8 

  0x00000199651be1e4: ; ImmutableOopMap {rbp=Oop [64]=Oop [80]=Oop [96]=Oop [104]=Oop [160]=Oop [168]=Oop [296]=Oop }
                      ;*ifnull {reexecute=1 rethrow=0 return_oop=0}
                      ; - (reexecute) java.net.URLClassLoader::defineClass@139 (line 512)
                      ; - java.net.URLClassLoader$1::run@43 (line 427)
                      ; - java.net.URLClassLoader$1::run@1 (line 421)
                      ; - java.security.AccessController::executePrivileged@29 (line 814)
                      ; - java.security.AccessController::doPrivileged@13 (line 712)
                      ; - java.net.URLClassLoader::findClass@13 (line 420)
                      ; - java.lang.ClassLoader::loadClass@69 (line 592)
  0x00000199651be1e4: 1887 7eff | ba45 ffff | ff4c 8b94 | 2488 0000 | 004c 8954 | 2420 4c8b | 5424 604c | 8954 2448 
  0x00000199651be204: 4489 5c24 | 7844 895c | 247c 4c8b | 9424 a800 | 0000 4c89 | 9424 a000 | 0000 6690 

  0x00000199651be220: ;   {runtime_call UncommonTrapBlob}
  0x00000199651be220: c5f8 77e8 

  0x00000199651be224: ; ImmutableOopMap {[32]=Oop [72]=Oop [88]=Oop [112]=Oop [160]=Oop [296]=Oop }
                      ;*if_icmple {reexecute=1 rethrow=0 return_oop=0}
                      ; - (reexecute) java.lang.String::checkBoundsBeginEnd@11 (line 4605)
                      ; - java.lang.String::substring@8 (line 2709)
                      ; - java.net.URLClassLoader::defineClass@28 (line 489)
                      ; - java.net.URLClassLoader$1::run@43 (line 427)
                      ; - java.net.URLClassLoader$1::run@1 (line 421)
                      ; - java.security.AccessController::executePrivileged@29 (line 814)
                      ; - java.security.AccessController::doPrivileged@13 (line 712)
                      ; - java.net.URLClassLoader::findClass@13 (line 420)
                      ; - java.lang.ClassLoader::loadClass@69 (line 592)
  0x00000199651be224: d886 7eff | 498b d7c5 | f877 49ba | c0cf 1230 | fc7f 0000 | 41ff d20f | 1f44 0000 | e9cf aeff 
  0x00000199651be244: ff85 c940 | 0f95 c540 | 0fb6 ed83 | f501 ba45 | ffff ff4c | 8b94 2488 | 0000 004c | 8954 2420 
  0x00000199651be264: 4c8b 5424 | 604c 8954 | 2448 4489 | 5c24 2c90 

  0x00000199651be274: ;   {runtime_call UncommonTrapBlob}
  0x00000199651be274: c5f8 77e8 

  0x00000199651be278: ; ImmutableOopMap {[32]=Oop [72]=Oop [88]=Oop [112]=Oop [168]=Oop [296]=Oop }
                      ;*ifeq {reexecute=1 rethrow=0 return_oop=0}
                      ; - (reexecute) java.lang.String::substring@31 (line 2714)
                      ; - java.net.URLClassLoader::defineClass@28 (line 489)
                      ; - java.net.URLClassLoader$1::run@43 (line 427)
                      ; - java.net.URLClassLoader$1::run@1 (line 421)
                      ; - java.security.AccessController::executePrivileged@29 (line 814)
                      ; - java.security.AccessController::doPrivileged@13 (line 712)
                      ; - java.net.URLClassLoader::findClass@13 (line 420)
                      ; - java.lang.ClassLoader::loadClass@69 (line 592)
  0x00000199651be278: 8486 7eff | 448b 5b1c | 4585 db0f | 845d c9ff | ff4d 8b57 | 2049 8bcb | 4d85 d20f | 84c3 2000 
  0x00000199651be298: 004d 8b5f | 304b 894c | 13f8 4983 | c2f8 4d89 | 5720 e937 | c9ff ff44 | 8b5b 1c45 | 85db 0f84 
  0x00000199651be2b8: 6fcc ffff | 4d8b 5720 | 498b cb4d | 85d2 0f84 | a920 0000 | 4d8b 5f30 | 4b89 4c13 | f849 83c2 
  0x00000199651be2d8: f84d 8957 | 2066 6690 | e946 ccff | ff4d 8b57 | 404d 8b5f | 50f0 8344 | 24c0 0080 | 3900 0f84 
  0x00000199651be2f8: 2ac9 ffff | 4488 2190 | 4d85 d275 | 1849 8bd7 | c5f8 7749 | baa0 cf12 | 30fc 7f00 | 0041 ffd2 
  0x00000199651be318: e909 c9ff | ff4b 894c | 13f8 4983 | c2f8 4d89 | 5740 e9f7 | c8ff ff4d | 8b57 404d | 8b5f 50f0 
  0x00000199651be338: 8344 24c0 | 0066 6690 | 8039 000f | 8420 ccff | ff44 8821 | 4d85 d275 | 2449 8bd7 | 0f1f 8400 
  0x00000199651be358: 0000 0000 | 6666 6690 | c5f8 7749 | baa0 cf12 | 30fc 7f00 | 0041 ffd2 | e9f4 cbff | ff4b 894c 
  0x00000199651be378: 13f8 4983 | c2f8 4d89 | 5740 e9e2 | cbff ff4c | 8bd3 458b | 521c 4585 | d20f 8403 | c7ff ff4d 
  0x00000199651be398: 8b5f 2049 | 8bca 6690 | 4d85 db0f | 847c 2000 | 004d 8b57 | 304b 894c | 1af8 4983 | c3f8 4d89 
  0x00000199651be3b8: 5f20 e9db | c6ff ff45 | 8b5a 1045 | 85db 0f84 | 7fc6 ffff | 4d8b 5720 | 498b cb4d | 85d2 0f84 
  0x00000199651be3d8: 3020 0000 | 4d8b 5f30 | 4b89 4c13 | f849 83c2 | f84d 8957 | 20e9 59c6 | ffff 448b | 1f45 85db 
  0x00000199651be3f8: 0f84 0dc7 | ffff 4d8b | 5720 498b | cb4d 85d2 | 0f84 2f20 | 0000 4d8b | 5f30 4b89 | 4c13 f849 
  0x00000199651be418: 83c2 f84d | 8957 2090 | e9e6 c6ff | ff45 8b5a | 1045 85db | 0f84 79c9 | ffff 4d8b | 5720 498b 
  0x00000199651be438: cb4d 85d2 | 0f1f 4000 | 0f84 7220 | 0000 4d8b | 5f30 4b89 | 4c13 f849 | 83c2 f84d | 8957 20e9 
  0x00000199651be458: 4fc9 ffff | 4c8b d345 | 8b52 1c45 | 85d2 0f84 | 8ec9 ffff | 4d8b 5f20 | 498b ca4d | 85db 0f84 
  0x00000199651be478: 5920 0000 | 4d8b 5730 | 4b89 4c1a | f849 83c3 | f84d 895f | 20e9 68c9 | ffff 448b | 0645 85c0 
  0x00000199651be498: 7428 4d8b | 5f20 498b | c84d 85db | 0f84 4b20 | 0000 8b7c | 242c 4d8b | 5730 4b89 | 4c1a f849 
  0x00000199651be4b8: 83c3 f84d | 895f 2044 | 8bd7 418b | fae9 a5c9 | ffff 4d8b | 5750 4d8b | 5f40 f083 | 4424 c000 
  0x00000199651be4d8: 8039 000f | 1f44 0000 | 0f84 a3c5 | ffff 4488 | 214d 85db | 7527 498b | d766 6666 | 0f1f 8400 
  0x00000199651be4f8: 0000 0000 | 6666 6690 | c5f8 7749 | baa0 cf12 | 30fc 7f00 | 0041 ffd2 | e974 c5ff | ff4b 894c 
  0x00000199651be518: 1af8 4983 | c3f8 4d89 | 5f40 e962 | c5ff ff4d | 8b57 504d | 8b5f 40f0 | 8344 24c0 | 0080 3900 
  0x00000199651be538: 0f84 9ac5 | ffff 4488 | 214d 85db | 7518 498b | d7c5 f877 | 49ba a0cf | 1230 fc7f | 0000 41ff 
  0x00000199651be558: d2e9 7ac5 | ffff 4b89 | 4c1a f849 | 83c3 f84d | 895f 40e9 | 68c5 ffff | 4d8b 5750 | 4d8b 5f40 
  0x00000199651be578: f083 4424 | c000 6690 | 8039 000f | 84b6 c5ff | ff44 8821 | 4d85 db75 | 2449 8bd7 | 0f1f 8400 
  0x00000199651be598: 0000 0000 | 6666 6690 | c5f8 7749 | baa0 cf12 | 30fc 7f00 | 0041 ffd2 | e98a c5ff | ff4b 894c 
  0x00000199651be5b8: 1af8 4983 | c3f8 4d89 | 5f40 e978 | c5ff ff4d | 8b57 404d | 8b5f 50f0 | 8344 24c0 | 0080 3900 
  0x00000199651be5d8: 0f84 5ac8 | ffff 4488 | 214d 85d2 | 7518 498b | d7c5 f877 | 49ba a0cf | 1230 fc7f | 0000 41ff 
  0x00000199651be5f8: d2e9 3ac8 | ffff 4b89 | 4c13 f849 | 83c2 f84d | 8957 40e9 | 28c8 ffff | 4d8b 5740 | 4d8b 5f50 
  0x00000199651be618: f083 4424 | c000 6690 | 8039 000f | 84c0 c7ff | ff44 8821 | 4d85 d275 | 2449 8bd7 | 0f1f 8400 
  0x00000199651be638: 0000 0000 | 6666 6690 | c5f8 7749 | baa0 cf12 | 30fc 7f00 | 0041 ffd2 | e994 c7ff | ff4b 894c 
  0x00000199651be658: 13f8 4983 | c2f8 4d89 | 5740 e982 | c7ff ff4d | 8b57 404d | 8b5f 50f0 | 8344 24c0 

  0x00000199651be674: ;   {no_reloc}
  0x00000199651be674: 0080 3900 | 0f84 28c8 | ffff 4488 | 214d 85d2 | 7518 498b | d7c5 f877 | 49ba a0cf | 1230 fc7f 
  0x00000199651be694: 0000 41ff | d2e9 08c8 | ffff 4b89 | 4c13 f849 | 83c2 f84d | 8957 40e9 | f6c7 ffff | 85ed 0f84 
  0x00000199651be6b4: 85c9 ffff | 418b f849 | 8bdb 4d8b | 5720 488b | cd4d 85d2 | 0f84 471e | 0000 4d8b | 5f30 4b89 
  0x00000199651be6d4: 4c13 f849 | 83c2 f84d | 8957 204c | 8bdb 448b | c7e9 53c9 | ffff 4c8b | 5c24 78e9 | 52d5 ffff 
  0x00000199651be6f4: ba4f 0000 | 004c 8b54 | 2468 4c89 | 5424 204c | 8b54 2460 | 4c89 5424 | 484c 8b94 | 2498 0000 
  0x00000199651be714: 004c 8994 | 2488 0000 | 0044 899c | 24b8 0000 | 0066 6690 

  0x00000199651be728: ;   {runtime_call UncommonTrapBlob}
  0x00000199651be728: c5f8 77e8 

  0x00000199651be72c: ; ImmutableOopMap {[32]=Oop [72]=Oop [88]=Oop [112]=Oop [128]=Oop [136]=Oop [160]=Oop [168]=Oop [184]=NarrowOop [296]=Oop [304]=Oop }
                      ;*new {reexecute=0 rethrow=0 return_oop=0}
                      ; - java.util.jar.JarFile::getBytes@20 (line 804)
                      ; - java.util.jar.JarFile::getManifestFromReference@44 (line 419)
                      ; - java.util.jar.JarFile::getManifest@1 (line 406)
                      ; - jdk.internal.loader.URLClassPath$JarLoader$2::getManifest@22 (line 886)
                      ; - java.net.URLClassLoader::defineClass@34 (line 491)
                      ; - java.net.URLClassLoader$1::run@43 (line 427)
                      ; - java.net.URLClassLoader$1::run@1 (line 421)
                      ; - java.security.AccessController::executePrivileged@29 (line 814)
                      ; - java.security.AccessController::doPrivileged@13 (line 712)
                      ; - java.net.URLClassLoader::findClass@13 (line 420)
                      ; - java.lang.ClassLoader::loadClass@69 (line 592)
  0x00000199651be72c: d081 7eff | bade ffff | ff44 8b5c | 2428 4489 | 5c24 204c | 8b5c 2438 | 4c89 5c24 | 304c 8b5c 
  0x00000199651be74c: 2440 4c89 | 5c24 384c | 8b5c 2460 | 4c89 5c24 | 404c 8b5c | 2458 4c89 | 5c24 504c | 8b5c 2470 
  0x00000199651be76c: 4c89 5c24 | 604c 895c | 2468 4c8b | 9c24 9800 | 0000 4c89 | 9c24 8800 | 0000 4889 | 9c24 c000 
  0x00000199651be78c: 0000 4489 | 5424 2490 

  0x00000199651be794: ;   {runtime_call UncommonTrapBlob}
  0x00000199651be794: c5f8 77e8 

  0x00000199651be798: ; ImmutableOopMap {rbp=Oop [36]=NarrowOop [64]=Oop [80]=Oop [96]=Oop [104]=Oop [120]=Oop [128]=Oop [136]=Oop [192]=Oop [248]=Oop [296]=Oop [304]=Oop }
                      ;*invokevirtual getName {reexecute=0 rethrow=0 return_oop=0}
                      ; - java.util.jar.JarFile::getManifestFromReference@74 (line 422)
                      ; - java.util.jar.JarFile::getManifest@1 (line 406)
                      ; - jdk.internal.loader.URLClassPath$JarLoader$2::getManifest@22 (line 886)
                      ; - java.net.URLClassLoader::defineClass@34 (line 491)
                      ; - java.net.URLClassLoader$1::run@43 (line 427)
                      ; - java.net.URLClassLoader$1::run@1 (line 421)
                      ; - java.security.AccessController::executePrivileged@29 (line 814)
                      ; - java.security.AccessController::doPrivileged@13 (line 712)
                      ; - java.net.URLClassLoader::findClass@13 (line 420)
                      ; - java.lang.ClassLoader::loadClass@69 (line 592)
  0x00000199651be798: 6481 7eff | ba85 0100 | 0048 8bac | 2488 0000 | 0044 8b4c | 2428 4489 | 4c24 204c | 8b44 2438 
  0x00000199651be7b8: 4c89 4424 | 304c 8b44 | 2440 4c89 | 4424 384c | 8b44 2460 | 4c89 4424 | 404c 8b44 | 2458 4c89 
  0x00000199651be7d8: 4424 504c | 8b44 2470 | 4c89 4424 | 604c 8944 | 2468 4c8b | 8424 8000 | 0000 4c89 | 4424 784c 
  0x00000199651be7f8: 8b84 2498 | 0000 004c | 8984 2480 | 0000 004c | 8b84 2490 | 0000 004c | 8984 2488 | 0000 0044 
  0x00000199651be818: 8b8c 24b0 | 0000 0044 | 894c 2424 | 4489 9c24 | b000 0000 | 4489 9424 | b400 0000 

  0x00000199651be834: ;   {runtime_call UncommonTrapBlob}
  0x00000199651be834: c5f8 77e8 

  0x00000199651be838: ; ImmutableOopMap {rbp=Oop [36]=NarrowOop [64]=Oop [80]=Oop [96]=Oop [104]=Oop [120]=Oop [128]=Oop [160]=Oop [168]=Oop [296]=Oop [304]=Oop }
                      ;*new {reexecute=0 rethrow=0 return_oop=0}
                      ; - java.util.jar.JarFile::getBytes@141 (line 823)
                      ; - java.util.jar.JarFile::getManifestFromReference@44 (line 419)
                      ; - java.util.jar.JarFile::getManifest@1 (line 406)
                      ; - jdk.internal.loader.URLClassPath$JarLoader$2::getManifest@22 (line 886)
                      ; - java.net.URLClassLoader::defineClass@34 (line 491)
                      ; - java.net.URLClassLoader$1::run@43 (line 427)
                      ; - java.net.URLClassLoader$1::run@1 (line 421)
                      ; - java.security.AccessController::executePrivileged@29 (line 814)
                      ; - java.security.AccessController::doPrivileged@13 (line 712)
                      ; - java.net.URLClassLoader::findClass@13 (line 420)
                      ; - java.lang.ClassLoader::loadClass@69 (line 592)
  0x00000199651be838: c480 7eff | 498b d790 | c5f8 7749 | bac0 cf12 | 30fc 7f00 | 0041 ffd2 | e9ab bbff 

  0x00000199651be854: ;   {metadata('java/lang/ThreadLocal$ThreadLocalMap$Entry')}
  0x00000199651be854: ff48 ba30 | 830b 0099 | 0100 004c | 8b94 2488 | 0000 004c | 8954 2478 

  0x00000199651be86c: ;   {runtime_call _new_instance_Java}
  0x00000199651be86c: c5f8 77e8 

  0x00000199651be870: ; ImmutableOopMap {rbp=Oop [48]=Oop [72]=Oop [80]=Oop [88]=Oop [96]=Oop [104]=Oop [112]=Oop [120]=Oop [128]=Oop [136]=Oop [152]=Oop [160]=NarrowOop [164]=NarrowOop [168]=NarrowOop [296]=Oop [304]=Oop }
                      ;*new {reexecute=0 rethrow=0 return_oop=1}
                      ; - java.lang.ThreadLocal$ThreadLocalMap::set@85 (line 498)
                      ; - java.lang.ThreadLocal::set@17 (line 222)
                      ; - java.util.jar.JarFile::ensureInitialization@37 (line 1036)
                      ; - java.util.jar.JavaUtilJarAccessImpl::ensureInitialization@1 (line 72)
                      ; - jdk.internal.loader.URLClassPath$JarLoader$2::getManifest@10 (line 885)
                      ; - java.net.URLClassLoader::defineClass@34 (line 491)
                      ; - java.net.URLClassLoader$1::run@43 (line 427)
                      ; - java.net.URLClassLoader$1::run@1 (line 421)
                      ; - java.security.AccessController::executePrivileged@29 (line 814)
                      ; - java.security.AccessController::doPrivileged@13 (line 712)
                      ; - java.net.URLClassLoader::findClass@13 (line 420)
                      ; - java.lang.ClassLoader::loadClass@69 (line 592)
  0x00000199651be870: 8c72 7fff | 4c8b d0e9 | b7c1 ffff 

  0x00000199651be87c: ;   {metadata('java/lang/ThreadLocal$ThreadLocalMap$Entry')}
  0x00000199651be87c: 48ba 3083 | 0b00 9901 | 0000 4c8b | 9424 8800 | 0000 4c89 | 5424 6890 

  0x00000199651be894: ;   {runtime_call _new_instance_Java}
  0x00000199651be894: c5f8 77e8 

  0x00000199651be898: ; ImmutableOopMap {rbp=Oop [48]=Oop [72]=Oop [80]=Oop [88]=Oop [96]=Oop [104]=Oop [112]=Oop [128]=Oop [136]=Oop [152]=Oop [160]=NarrowOop [164]=NarrowOop [168]=NarrowOop [296]=Oop [304]=Oop }
                      ;*new {reexecute=0 rethrow=0 return_oop=1}
                      ; - java.lang.ThreadLocal$ThreadLocalMap::set@85 (line 498)
                      ; - java.lang.ThreadLocal::set@17 (line 222)
                      ; - java.util.jar.JarFile::ensureInitialization@55 (line 1041)
                      ; - java.util.jar.JavaUtilJarAccessImpl::ensureInitialization@1 (line 72)
                      ; - jdk.internal.loader.URLClassPath$JarLoader$2::getManifest@10 (line 885)
                      ; - java.net.URLClassLoader::defineClass@34 (line 491)
                      ; - java.net.URLClassLoader$1::run@43 (line 427)
                      ; - java.net.URLClassLoader$1::run@1 (line 421)
                      ; - java.security.AccessController::executePrivileged@29 (line 814)
                      ; - java.security.AccessController::doPrivileged@13 (line 712)
                      ; - java.net.URLClassLoader::findClass@13 (line 420)
                      ; - java.lang.ClassLoader::loadClass@69 (line 592)
  0x00000199651be898: 6472 7fff | 4c8b d090 | e9ee c4ff | ffba deff | ffff 488b | 6c24 5044 | 8b44 2428 | 4489 4424 
  0x00000199651be8b8: 204c 8b5c | 2438 4c89 | 5c24 304c | 8b5c 2440 | 4c89 5c24 | 384c 8b5c | 2460 4c89 | 5c24 404c 
  0x00000199651be8d8: 8b5c 2458 | 4c89 5c24 | 504c 8b5c | 2470 4c89 | 5c24 604c | 895c 2468 | 4c8b 9c24 | 9800 0000 
  0x00000199651be8f8: 4c89 9c24 | 8800 0000 | 4c89 9424 | b000 0000 

  0x00000199651be908: ;   {runtime_call UncommonTrapBlob}
  0x00000199651be908: c5f8 77e8 

  0x00000199651be90c: ; ImmutableOopMap {rbp=Oop [64]=Oop [80]=Oop [96]=Oop [104]=Oop [120]=Oop [128]=Oop [136]=Oop [160]=Oop [176]=Oop [296]=Oop [304]=Oop }
                      ;*invokevirtual close {reexecute=0 rethrow=0 return_oop=0}
                      ; - java.util.jar.JarFile::getManifestFromReference@152 (line 434)
                      ; - java.util.jar.JarFile::getManifest@1 (line 406)
                      ; - jdk.internal.loader.URLClassPath$JarLoader$2::getManifest@22 (line 886)
                      ; - java.net.URLClassLoader::defineClass@34 (line 491)
                      ; - java.net.URLClassLoader$1::run@43 (line 427)
                      ; - java.net.URLClassLoader$1::run@1 (line 421)
                      ; - java.security.AccessController::executePrivileged@29 (line 814)
                      ; - java.security.AccessController::doPrivileged@13 (line 712)
                      ; - java.net.URLClassLoader::findClass@13 (line 420)
                      ; - java.lang.ClassLoader::loadClass@69 (line 592)
  0x00000199651be90c: f07f 7eff | ba45 ffff | ff4c 8b94 | 2488 0000 | 004c 8954 | 2420 4c8b | 5424 604c | 8954 2448 
  0x00000199651be92c: 4c8b 9424 | 9800 0000 | 4c89 9424 | 8800 0000 | 4c89 9c24 | a800 0000 | 448b 9c24 | b000 0000 
  0x00000199651be94c: 4489 5c24 | 2c66 6690 

  0x00000199651be954: ;   {runtime_call UncommonTrapBlob}
  0x00000199651be954: c5f8 77e8 

  0x00000199651be958: ; ImmutableOopMap {[32]=Oop [44]=NarrowOop [72]=Oop [88]=Oop [112]=Oop [128]=Oop [136]=Oop [168]=Oop [248]=Oop [296]=Oop [304]=Oop }
                      ;*ifne {reexecute=1 rethrow=0 return_oop=0}
                      ; - (reexecute) java.util.jar.JarFile::getManifestFromReference@52 (line 420)
                      ; - java.util.jar.JarFile::getManifest@1 (line 406)
                      ; - jdk.internal.loader.URLClassPath$JarLoader$2::getManifest@22 (line 886)
                      ; - java.net.URLClassLoader::defineClass@34 (line 491)
                      ; - java.net.URLClassLoader$1::run@43 (line 427)
                      ; - java.net.URLClassLoader$1::run@1 (line 421)
                      ; - java.security.AccessController::executePrivileged@29 (line 814)
                      ; - java.security.AccessController::doPrivileged@13 (line 712)
                      ; - java.net.URLClassLoader::findClass@13 (line 420)
                      ; - java.lang.ClassLoader::loadClass@69 (line 592)
  0x00000199651be958: a47f 7eff | ba45 ffff | ff44 8b44 | 2428 4489 | 4424 204c | 8b5c 2438 | 4c89 5c24 | 304c 8b5c 
  0x00000199651be978: 2440 4c89 | 5c24 384c | 8b5c 2460 | 4c89 5c24 | 404c 8b5c | 2458 4c89 | 5c24 504c | 8b5c 2470 
  0x00000199651be998: 4c89 5c24 | 604c 895c | 2468 4c8b | 9c24 9800 | 0000 4c89 | 9c24 8800 | 0000 448b | 9c24 b000 
  0x00000199651be9b8: 0000 4489 | 5c24 2489 | 8424 b000 | 0000 6690 

  0x00000199651be9c8: ;   {runtime_call UncommonTrapBlob}
  0x00000199651be9c8: c5f8 77e8 

  0x00000199651be9cc: ; ImmutableOopMap {rbp=Oop [36]=NarrowOop [64]=Oop [80]=Oop [96]=Oop [104]=Oop [120]=Oop [128]=Oop [136]=Oop [248]=Oop [296]=Oop [304]=Oop }
                      ;*if_icmpne {reexecute=1 rethrow=0 return_oop=0}
                      ; - (reexecute) java.util.jar.JarFile::getManifestFromReference@65 (line 421)
                      ; - java.util.jar.JarFile::getManifest@1 (line 406)
                      ; - jdk.internal.loader.URLClassPath$JarLoader$2::getManifest@22 (line 886)
                      ; - java.net.URLClassLoader::defineClass@34 (line 491)
                      ; - java.net.URLClassLoader$1::run@43 (line 427)
                      ; - java.net.URLClassLoader$1::run@1 (line 421)
                      ; - java.security.AccessController::executePrivileged@29 (line 814)
                      ; - java.security.AccessController::doPrivileged@13 (line 712)
                      ; - java.net.URLClassLoader::findClass@13 (line 420)
                      ; - java.lang.ClassLoader::loadClass@69 (line 592)
  0x00000199651be9cc: 307f 7eff | 488b fb49 | 8bd7 6666 | 0f1f 8400 | 0000 0000 | c5f8 7749 | bac0 cf12 | 30fc 7f00 
  0x00000199651be9ec: 0041 ffd2 | 488b dfe9 | 5cb3 ffff | 4c8b ef45 | 8bf0 488b | fb49 8bd7 | c5f8 7749 | bac0 cf12 
  0x00000199651bea0c: 30fc 7f00 | 0041 ffd2 | 488b df45 | 8bc6 498b | fd66 6690 | e908 b2ff | ff45 8be8 | 488b fb49 
  0x00000199651bea2c: 8bd7 c5f8 | 7749 bac0 | cf12 30fc | 7f00 0041 | ffd2 488b | df45 8bc5 | e9cb b2ff | ff4c 8bf7 
  0x00000199651bea4c: 458b e848 | 8bfb 498b | d766 6666 | 0f1f 8400 | 0000 0000 | c5f8 7749 | bac0 cf12 | 30fc 7f00 
  0x00000199651bea6c: 0041 ffd2 | 488b df45 | 8bc5 498b | fee9 53b2 | ffff 4c8b | f745 8be8 | 488b fb49 | 8bd7 c5f8 
  0x00000199651bea8c: 7749 bac0 | cf12 30fc | 7f00 0041 | ffd2 488b | df45 8bc5 | 498b fee9 | e7b0 ffff | 498b d7c5 
  0x00000199651beaac: f877 49ba | c0cf 1230 | fc7f 0000 | 41ff d20f | 1f44 0000 | e949 b3ff | ff49 8bd7 | c5f8 7749 
  0x00000199651beacc: bac0 cf12 | 30fc 7f00 | 0041 ffd2 | e9e5 b3ff | ff49 8bd7 | c5f8 7749 | bac0 cf12 | 30fc 7f00 
  0x00000199651beaec: 0041 ffd2 | e979 b4ff | ff49 8bd7 | 0f1f 8400 | 0000 0000 | c5f8 7749 | bac0 cf12 | 30fc 7f00 
  0x00000199651beb0c: 0041 ffd2 | e901 b5ff | ff49 8bd7 | 0f1f 8400 | 0000 0000 | c5f8 7749 | bac0 cf12 | 30fc 7f00 
  0x00000199651beb2c: 0041 ffd2 | e981 b5ff | ff49 8bd7 | 0f1f 8400 | 0000 0000 | c5f8 7749 | bac0 cf12 | 30fc 7f00 
  0x00000199651beb4c: 0041 ffd2 | e901 b6ff | ff49 8bd7 | 0f1f 8400 | 0000 0000 | c5f8 7749 | bac0 cf12 | 30fc 7f00 
  0x00000199651beb6c: 0041 ffd2 | e9db b6ff | ff49 8bd7 | 0f1f 8400 | 0000 0000 | c5f8 7749 | bac0 cf12 | 30fc 7f00 
  0x00000199651beb8c: 0041 ffd2 | e96d b6ff | ff49 63ca | e960 acff | ff4c 8b94 | 24a8 0000 | 0045 8b5a | 2845 85db 
  0x00000199651bebac: 0f84 d9e6 | ffff 4d8b | 5720 498b | cb4d 85d2 | 0f1f 4000 | 0f84 6e1a | 0000 4d8b | 5f30 4b89 
  0x00000199651bebcc: 4c13 f849 | 83c2 f84d | 8957 20e9 | afe6 ffff | 458b 5810 | 4585 db0f | 8447 e6ff | ff49 8bd8 
  0x00000199651bebec: 4d8b 5720 | 498b cb4d | 85d2 0f84 | 591a 0000 | 4d8b 5f30 | 4b89 4c13 | f849 83c2 | f84d 8957 
  0x00000199651bec0c: 204c 8bc3 | e91b e6ff | ff4d 8b57 | 504d 8b5f | 40f0 8344 | 24c0 0080 | 3900 0f84 | 45e6 ffff 
  0x00000199651bec2c: 4488 214d | 85db 7521 | 498b d766 | 0f1f 8400 | 0000 0000 | c5f8 7749 | baa0 cf12 | 30fc 7f00 
  0x00000199651bec4c: 0041 ffd2 | e91c e6ff | ff4b 894c | 1af8 4983 | c3f8 4d89 | 5f40 e90a | e6ff ff4c | 8b54 2478 
  0x00000199651bec6c: 458b 5a50 | 4585 db0f | 845c d8ff | ff4d 8b57 | 2049 8bcb | 4d85 d20f | 8434 1b00 | 004d 8b5f 
  0x00000199651bec8c: 304b 894c | 13f8 4983 | c2f8 4d89 | 5720 e936 | d8ff ff4c | 8b54 2478 | 458b 522c | 4585 d20f 
  0x00000199651becac: 84ba d8ff | ff4d 8b5f | 2049 8bca | 4d85 db0f | 1f44 0000 | 0f84 df1a | 0000 4d8b | 5730 4b89 
  0x00000199651beccc: 4c1a f849 | 83c3 f84d | 895f 20e9 | 8fd8 ffff | 4c8b 5424 | 7845 8b5a | 3045 85db | 0f84 2cd8 
  0x00000199651becec: ffff 4d8b | 5720 498b | cb4d 85d2 | 0f84 8a1a | 0000 4d8b | 5f30 4b89 | 4c13 f849 | 83c2 f84d 
  0x00000199651bed0c: 8957 20e9 | 06d8 ffff | 4c8b 5424 | 7845 8b5a | 4066 6690 | 4585 db0f | 8468 d6ff | ff4d 8b57 
  0x00000199651bed2c: 2049 8bcb | 4d85 d20f | 849c 1a00 | 004d 8b5f | 304b 894c | 13f8 4983 | c2f8 4d89 | 5720 e942 
  0x00000199651bed4c: d6ff ff4c | 8b54 2478 | 458b 5a44 | 4585 db0f | 1f44 0000 | 0f84 cbd6 | ffff 4d8b | 5720 498b 
  0x00000199651bed6c: cb4d 85d2 | 0f84 7f1a | 0000 4d8b | 5f30 4b89 | 4c13 f849 | 83c2 f84d | 8957 20e9 | a5d6 ffff 
  0x00000199651bed8c: 4c8b 5424 | 7845 8b52 | 1445 85d2 | 0f84 40d9 | ffff 4d8b | 5f20 498b | ca4d 85db | 0f84 671a 
  0x00000199651bedac: 0000 4d8b | 5730 4b89 | 4c1a f849 | 83c3 f84d | 895f 2090 | e919 d9ff | ff4c 8bd5 

  0x00000199651bedc8: ;   {no_reloc}
  0x00000199651bedc8: 458b 521c | 4585 d20f | 84c8 d8ff | ff4d 8b5f | 2049 8bca | 0f1f 4000 | 4d85 db0f | 844c 1a00 
  0x00000199651bede8: 004d 8b57 | 304b 894c | 1af8 4983 | c3f8 4d89 | 5f20 e99e | d8ff ff4c | 8b54 2478 | 458b 5210 
  0x00000199651bee08: 4585 d20f | 844d daff | ff4d 8b5f | 2049 8bca | 4d85 db0f | 1f44 0000 | 0f84 4f1a | 0000 4d8b 
  0x00000199651bee28: 5730 4b89 | 4c1a f849 | 83c3 f84d | 895f 20e9 | 22da ffff | 4c8b d545 | 8b52 1c45 | 85d2 0f84 
  0x00000199651bee48: d1d9 ffff | 4d8b 5f20 | 498b ca4d | 85db 0f84 | f919 0000 | 4d8b 5730 | 4b89 4c1a | f849 83c3 
  0x00000199651bee68: f84d 895f | 20e9 abd9 | ffff 4c8b | 5424 7845 | 8b52 180f | 1f44 0000 | 4585 d20f | 8455 dbff 
  0x00000199651bee88: ff4d 8b5f | 2049 8bca | 4d85 db0f | 841c 1a00 | 004d 8b57 | 304b 894c | 1af8 4983 | c3f8 4d89 
  0x00000199651beea8: 5f20 e92f | dbff ff4c | 8bd5 458b | 521c 4585 | d20f 84de | daff ff4d | 8b5f 2049 | 8bca 4d85 
  0x00000199651beec8: db0f 84c6 | 1900 004d | 8b57 304b | 894c 1af8 | 4983 c3f8 | 4d89 5f20 | e9b8 daff | ff4c 8bd5 
  0x00000199651beee8: 458b 5214 | 4585 d20f | 849a dbff | ff4d 8b5f | 2049 8bca | 0f1f 4000 | 4d85 db0f | 84cc 1900 
  0x00000199651bef08: 004d 8b57 | 304b 894c | 1af8 4983 | c3f8 4d89 | 5f20 e970 | dbff ff4c | 8b54 2478 | 458b 521c 
  0x00000199651bef28: 4585 d20f | 84ab dbff | ff4d 8b5f | 2049 8bca | 4d85 db0f | 1f44 0000 | 0f84 af19 | 0000 4d8b 
  0x00000199651bef48: 5730 4b89 | 4c1a f849 | 83c3 f84d | 895f 20e9 | 80db ffff | 4c8b 5424 | 7845 8b52 | 2445 85d2 
  0x00000199651bef68: 0f84 c3dc | ffff 4d8b | 5f20 498b | ca4d 85db | 0f84 b719 | 0000 4d8b | 5730 4b89 | 4c1a f849 
  0x00000199651bef88: 83c3 f84d | 895f 20e9 | 9ddc ffff | 4c8b d545 | 8b52 100f | 1f44 0000 | 4585 d20f | 8442 dcff 
  0x00000199651befa8: ff4d 8b5f | 2049 8bca | 4d85 db0f | 845c 1900 | 004d 8b57 | 304b 894c | 1af8 4983 | c3f8 4d89 
  0x00000199651befc8: 5f20 e91c | dcff ff4c | 8b54 2478 | 458b 5a3c | 4585 db0f | 1f44 0000 | 0f84 0bde | ffff 4d8b 
  0x00000199651befe8: 5720 498b | cb4d 85d2 | 0f84 5f19 | 0000 4d8b | 5f30 4b89 | 4c13 f849 | 83c2 f84d | 8957 20e9 
  0x00000199651bf008: e5dd ffff | 4c8b 9424 | a800 0000 | 458b 5a30 | 4585 db0f | 1f44 0000 | 0f84 10de | ffff 4d8b 
  0x00000199651bf028: 5720 498b | cb4d 85d2 | 0f84 5f19 | 0000 4d8b | 5f30 4b89 | 4c13 f849 | 83c2 f84d | 8957 20e9 
  0x00000199651bf048: eadd ffff | 4c8b 5424 | 7845 8b5a | 3845 85db | 0f84 f8dc | ffff 4d8b | 5720 498b | cb4d 85d2 
  0x00000199651bf068: 0f84 4719 | 0000 4d8b | 5f30 4b89 | 4c13 f849 | 83c2 f84d | 8957 2090 | e9d1 dcff | ff4c 8b94 
  0x00000199651bf088: 24b0 0000 | 0045 8b52 | 1445 85d2 | 0f84 41dc | ffff 4d8b | 5f20 498b | ca4d 85db | 0f84 cb18 
  0x00000199651bf0a8: 0000 4d8b | 5730 4b89 | 4c1a f849 | 83c3 f84d | 895f 200f | 1f44 0000 | e916 dcff | ff4c 8b54 
  0x00000199651bf0c8: 2478 458b | 5210 4585 | d20f 843a | e0ff ff4d | 8b5f 2049 | 8bca 6690 | 4d85 db0f | 84ec 1800 
  0x00000199651bf0e8: 004d 8b57 | 304b 894c | 1af8 4983 | c3f8 4d89 | 5f20 e912 | e0ff ff4c | 8b54 2478 | 458b 520c 
  0x00000199651bf108: 4585 d20f | 8463 dfff | ff4d 8b5f | 2049 8bca | 4d85 db0f | 1f44 0000 | 0f84 cf18 | 0000 4d8b 
  0x00000199651bf128: 5730 4b89 | 4c1a f849 | 83c3 f84d | 895f 20e9 | 38df ffff | 448b 550c | 4585 d20f | 84ce deff 
  0x00000199651bf148: ff4d 8b5f | 2049 8bca | 4d85 db0f | 84bc 1800 | 004d 8b57 | 304b 894c | 1af8 4983 | c3f8 4d89 
  0x00000199651bf168: 5f20 e9a8 | deff ff4c | 8b54 2478 | 458b 5214 | 4585 d20f | 1f44 0000 | 0f84 f5df | ffff 4d8b 
  0x00000199651bf188: 5f20 498b | ca4d 85db | 0f84 9f18 | 0000 4d8b | 5730 4b89 | 4c1a f849 | 83c3 f84d | 895f 20e9 
  0x00000199651bf1a8: cfdf ffff | 4d8b 5740 | 4d8b 5f50 | f083 4424 | c000 660f | 1f44 0000 | 8039 000f | 8402 d2ff 
  0x00000199651bf1c8: ;   {no_reloc}
  0x00000199651bf1c8: ff44 8821 | 4d85 d275 | 2449 8bd7 | 0f1f 8400 | 0000 0000 | 6666 6690 | c5f8 7749 | baa0 cf12 
  0x00000199651bf1e8: 30fc 7f00 | 0041 ffd2 | e9d6 d1ff | ff4b 894c | 13f8 4983 | c2f8 4d89 | 5740 e9c4 | d1ff ff4d 
  0x00000199651bf208: 8b57 404d | 8b5f 50f0 | 8344 24c0 | 0080 3900 | 0f84 4dd2 | ffff 4488 | 214d 85d2 | 7518 498b 
  0x00000199651bf228: d7c5 f877 | 49ba a0cf | 1230 fc7f | 0000 41ff | d2e9 2dd2 | ffff 4b89 | 4c13 f849 | 83c2 f84d 
  0x00000199651bf248: 8957 40e9 | 1bd2 ffff | 4d8b 5740 | 4d8b 5f50 | f083 4424 | c000 6690 | 8039 000f | 84a6 d2ff 
  0x00000199651bf268: ff44 8821 | 4d85 d275 | 2449 8bd7 | 0f1f 8400 | 0000 0000 | 6666 6690 | c5f8 7749 | baa0 cf12 
  0x00000199651bf288: 30fc 7f00 | 0041 ffd2 | e97a d2ff | ff4b 894c | 13f8 4983 | c2f8 4d89 | 5740 e968 | d2ff ff4d 
  0x00000199651bf2a8: 8b57 404d | 8b5f 50f0 | 8344 24c0 | 0080 3900 | 0f84 eed2 | ffff 4488 | 214d 85d2 | 7518 498b 
  0x00000199651bf2c8: d7c5 f877 | 49ba a0cf | 1230 fc7f | 0000 41ff | d2e9 ced2 | ffff 4b89 | 4c13 f849 | 83c2 f84d 
  0x00000199651bf2e8: 8957 40e9 | bcd2 ffff | 4d8b 5750 | 4d8b 5f40 | f083 4424 | c000 6690 | 8039 000f | 841d d0ff 
  0x00000199651bf308: ff44 8821 | 4d85 db75 | 2449 8bd7 | 0f1f 8400 | 0000 0000 | 6666 6690 | c5f8 7749 | baa0 cf12 
  0x00000199651bf328: 30fc 7f00 | 0041 ffd2 | e9f1 cfff | ff4b 894c | 1af8 4983 | c3f8 4d89 | 5f40 e9df | cfff ff4d 
  0x00000199651bf348: 8b57 404d | 8b5f 50f0 | 8344 24c0 | 0080 3900 | 0f84 c8d3 | ffff 4488 | 214d 85d2 | 7518 498b 
  0x00000199651bf368: d7c5 f877 | 49ba a0cf | 1230 fc7f | 0000 41ff | d2e9 a8d3 | ffff 4b89 | 4c13 f849 | 83c2 f84d 
  0x00000199651bf388: 8957 40e9 | 96d3 ffff | 4d8b 5740 | 4d8b 5f50 | f083 4424 | c000 6690 | 8039 000f | 842a d3ff 
  0x00000199651bf3a8: ff44 8821 | 4d85 d275 | 2449 8bd7 | 0f1f 8400 | 0000 0000 | 6666 6690 | c5f8 7749 | baa0 cf12 
  0x00000199651bf3c8: 30fc 7f00 | 0041 ffd2 | e9fe d2ff | ff4b 894c | 13f8 4983 | c2f8 4d89 | 5740 e9ec | d2ff ff4d 
  0x00000199651bf3e8: 8b57 404d | 8b5f 50f0 | 8344 24c0 | 0080 3900 | 0f84 a8d4 | ffff 4488 | 214d 85d2 | 7518 498b 
  0x00000199651bf408: d7c5 f877 | 49ba a0cf | 1230 fc7f | 0000 41ff | d2e9 88d4 | ffff 4b89 | 4c13 f849 | 83c2 f84d 
  0x00000199651bf428: 8957 40e9 | 76d4 ffff | 4d8b 5740 | 4d8b 5f50 | f083 4424 | c000 6690 | 8039 000f | 840a d4ff 
  0x00000199651bf448: ff44 8821 | 4d85 d275 | 2449 8bd7 | 0f1f 8400 | 0000 0000 | 6666 6690 | c5f8 7749 | baa0 cf12 
  0x00000199651bf468: 30fc 7f00 | 0041 ffd2 | e9de d3ff | ff4b 894c | 13f8 4983 | c2f8 4d89 | 5740 e9cc | d3ff ff4d 
  0x00000199651bf488: 8b57 404d | 8b5f 50f0 | 8344 24c0 | 0080 3900 | 0f84 35d5 | ffff 4488 | 214d 85d2 | 7518 498b 
  0x00000199651bf4a8: d7c5 f877 | 49ba a0cf | 1230 fc7f | 0000 41ff | d2e9 15d5 | ffff 4b89 | 4c13 f849 | 83c2 f84d 
  0x00000199651bf4c8: 8957 40e9 | 03d5 ffff | 4d8b 5740 | 4d8b 5f50 | f083 4424 | c000 6690 | 8039 000f | 843d d5ff 
  0x00000199651bf4e8: ff44 8821 | 4d85 d275 | 2449 8bd7 | 0f1f 8400 | 0000 0000 | 6666 6690 | c5f8 7749 | baa0 cf12 
  0x00000199651bf508: 30fc 7f00 | 0041 ffd2 | e911 d5ff | ff4b 894c | 13f8 4983 | c2f8 4d89 | 5740 e9ff | d4ff ff4d 
  0x00000199651bf528: 8b57 404d | 8b5f 50f0 | 8344 24c0 | 0080 3900 | 0f84 93d5 | ffff 4488 | 214d 85d2 | 7518 498b 
  0x00000199651bf548: d7c5 f877 | 49ba a0cf | 1230 fc7f | 0000 41ff | d2e9 73d5 | ffff 4b89 | 4c13 f849 | 83c2 f84d 
  0x00000199651bf568: 8957 40e9 | 61d5 ffff | 4d8b 5740 | 4d8b 5f50 | f083 4424 | c000 6690 | 8039 000f | 848a d5ff 
  0x00000199651bf588: ff44 8821 | 4d85 d275 | 2449 8bd7 | 0f1f 8400 | 0000 0000 | 6666 6690 | c5f8 7749 | baa0 cf12 
  0x00000199651bf5a8: 30fc 7f00 | 0041 ffd2 | e95e d5ff | ff4b 894c | 13f8 4983 | c2f8 4d89 | 5740 e94c | d5ff ff4d 
  0x00000199651bf5c8: ;   {no_reloc}
  0x00000199651bf5c8: 8b57 404d | 8b5f 50f0 | 8344 24c0 | 0080 3900 | 0f84 48d6 | ffff 4488 | 214d 85d2 | 7518 498b 
  0x00000199651bf5e8: d7c5 f877 | 49ba a0cf | 1230 fc7f | 0000 41ff | d2e9 28d6 | ffff 4b89 | 4c13 f849 | 83c2 f84d 
  0x00000199651bf608: 8957 40e9 | 16d6 ffff | 4d8b 5740 | 4d8b 5f50 | f083 4424 | c000 6690 | 8039 000f | 8440 d6ff 
  0x00000199651bf628: ff44 8821 | 4d85 d275 | 2449 8bd7 | 0f1f 8400 | 0000 0000 | 6666 6690 | c5f8 7749 | baa0 cf12 
  0x00000199651bf648: 30fc 7f00 | 0041 ffd2 | e914 d6ff | ff4b 894c | 13f8 4983 | c2f8 4d89 | 5740 e902 | d6ff ff4d 
  0x00000199651bf668: 8b57 404d | 8b5f 50f0 | 8344 24c0 | 0080 3900 | 0f84 cdd6 | ffff 4488 | 214d 85d2 | 7518 498b 
  0x00000199651bf688: d7c5 f877 | 49ba a0cf | 1230 fc7f | 0000 41ff | d2e9 add6 | ffff 4b89 | 4c13 f849 | 83c2 f84d 
  0x00000199651bf6a8: 8957 40e9 | 9bd6 ffff | 4d8b 5740 | 4d8b 5f50 | f083 4424 | c000 6690 | 8039 000f | 84ac d7ff 
  0x00000199651bf6c8: ff44 8821 | 4d85 d275 | 2449 8bd7 | 0f1f 8400 | 0000 0000 | 6666 6690 | c5f8 7749 | baa0 cf12 
  0x00000199651bf6e8: 30fc 7f00 | 0041 ffd2 | e980 d7ff | ff4b 894c | 13f8 4983 | c2f8 4d89 | 5740 e96e | d7ff ff4d 
  0x00000199651bf708: 8b57 404d | 8b5f 50f0 | 8344 24c0 | 0080 3900 | 0f84 74d6 | ffff 4488 | 214d 85d2 | 7518 498b 
  0x00000199651bf728: d7c5 f877 | 49ba a0cf | 1230 fc7f | 0000 41ff | d2e9 54d6 | ffff 4b89 | 4c13 f849 | 83c2 f84d 
  0x00000199651bf748: 8957 40e9 | 42d6 ffff | 4d8b 5740 | 4d8b 5f50 | f083 4424 | c000 6690 | 8039 000f | 84c2 d6ff 
  0x00000199651bf768: ff44 8821 | 4d85 d275 | 2449 8bd7 | 0f1f 8400 | 0000 0000 | 6666 6690 | c5f8 7749 | baa0 cf12 
  0x00000199651bf788: 30fc 7f00 | 0041 ffd2 | e996 d6ff | ff4b 894c | 13f8 4983 | c2f8 4d89 | 5740 e984 | d6ff ff4d 
  0x00000199651bf7a8: 8b57 404d | 8b5f 50f0 | 8344 24c0 | 0080 3900 | 0f84 edd8 | ffff 4488 | 214d 85d2 | 7518 498b 
  0x00000199651bf7c8: d7c5 f877 | 49ba a0cf | 1230 fc7f | 0000 41ff | d2e9 cdd8 | ffff 4b89 | 4c13 f849 | 83c2 f84d 
  0x00000199651bf7e8: 8957 40e9 | bbd8 ffff | 4d8b 5740 | 4d8b 5f50 | f083 4424 | c000 6690 | 8039 000f | 8442 d9ff 
  0x00000199651bf808: ff44 8821 | 4d85 d275 | 2449 8bd7 | 0f1f 8400 | 0000 0000 | 6666 6690 | c5f8 7749 | baa0 cf12 
  0x00000199651bf828: 30fc 7f00 | 0041 ffd2 | e916 d9ff | ff4b 894c | 13f8 4983 | c2f8 4d89 | 5740 e904 | d9ff ff4d 
  0x00000199651bf848: 8b57 404d | 8b5f 50f0 | 8344 24c0 | 0080 3900 | 0f84 0bd8 | ffff 4488 | 214d 85d2 | 7518 498b 
  0x00000199651bf868: d7c5 f877 | 49ba a0cf | 1230 fc7f | 0000 41ff | d2e9 ebd7 | ffff 4b89 | 4c13 f849 | 83c2 f84d 
  0x00000199651bf888: 8957 40e9 | d9d7 ffff | 4d8b 5740 | 4d8b 5f50 | f083 4424 | c000 6690 | 8039 000f | 84b6 ccff 
  0x00000199651bf8a8: ff44 8821 | 4d85 d275 | 2449 8bd7 | 0f1f 8400 | 0000 0000 | 6666 6690 | c5f8 7749 | baa0 cf12 
  0x00000199651bf8c8: 30fc 7f00 | 0041 ffd2 | e98a ccff | ff4b 894c | 13f8 4983 | c2f8 4d89 | 5740 e978 | ccff ff4d 
  0x00000199651bf8e8: 8b57 404d | 8b5f 50f0 | 8344 24c0 | 0080 3900 | 0f84 cbd8 | ffff 4488 | 214d 85d2 | 7518 498b 
  0x00000199651bf908: d7c5 f877 | 49ba a0cf | 1230 fc7f | 0000 41ff | d2e9 abd8 | ffff 4b89 | 4c13 f849 | 83c2 f84d 
  0x00000199651bf928: 8957 40e9 | 99d8 ffff | 4c8b 5424 | 7845 8b52 | 0c45 85d2 | 0f1f 4000 | 0f84 d3c4 | ffff 4d8b 
  0x00000199651bf948: 5f20 498b | ca4d 85db | 0f84 0711 | 0000 4d8b | 5730 4b89 | 4c1a f849 | 83c3 f84d | 895f 20e9 
  0x00000199651bf968: adc4 ffff | 4c8b 9c24 | b000 0000 | 458b 530c | 4585 d274 | 2749 8bdb | 4d8b 5f20 | 498b ca4d 
  0x00000199651bf988: 85db 0f84 | e510 0000 | 4d8b 5730 | 4b89 4c1a | f849 83c3 | f84d 895f | 204c 8bdb | 4c89 9c24 
  0x00000199651bf9a8: b000 0000 | e91a c4ff | ff4c 8b5c | 2478 458b | 5310 660f | 1f44 0000 | 4585 d274 

  0x00000199651bf9c4: ;   {no_reloc}
  0x00000199651bf9c4: 2d49 8bf8 | 498b db4d | 8b5f 2049 | 8bca 4d85 | db0f 84ba | 1000 004d | 8b57 304b | 894c 1af8 
  0x00000199651bf9e4: 4983 c3f8 | 4d89 5f20 | 4c8b db4c | 8bc7 4c89 | 5c24 78e9 | d7c4 ffff | 4c8b 5c24 | 7845 8b43 
  0x00000199651bfa04: 1445 85c0 | 0f84 32c5 | ffff 4d8b | 5720 498b | c84d 85d2 | 0f84 9710 | 0000 488b | 5c24 784d 
  0x00000199651bfa24: 8b5f 304b | 894c 13f8 | 4983 c2f8 | 4d89 5720 | 4c8b dbe9 | 04c5 ffff | 4d8b 5740 | 4d8b 5f50 
  0x00000199651bfa44: f083 4424 | c000 8039 | 000f 8402 | c4ff ff44 | 8821 4d85 | d275 1a49 | 8bd7 6690 | c5f8 7749 
  0x00000199651bfa64: baa0 cf12 | 30fc 7f00 | 0041 ffd2 | e9e0 c3ff | ff4b 894c | 13f8 4983 | c2f8 4d89 | 5740 e9ce 
  0x00000199651bfa84: c3ff ff4d | 8b57 504d | 8b5f 40f0 | 8344 24c0 | 0080 3900 | 0f84 70c3 | ffff 4488 | 214d 85db 
  0x00000199651bfaa4: 7518 498b | d7c5 f877 | 49ba a0cf | 1230 fc7f | 0000 41ff | d2e9 50c3 | ffff 4b89 | 4c1a f849 
  0x00000199651bfac4: 83c3 f84d | 895f 40e9 | 3ec3 ffff | 4d8b 5750 | 4d8b 5f40 | f083 4424 | c000 6690 | 8039 000f 
  0x00000199651bfae4: 842a c4ff | ff44 8821 | 4d85 db75 | 2449 8bd7 | 0f1f 8400 | 0000 0000 | 6666 6690 | c5f8 7749 
  0x00000199651bfb04: baa0 cf12 | 30fc 7f00 | 0041 ffd2 | e9fe c3ff | ff4b 894c | 1af8 4983 | c3f8 4d89 | 5f40 e9ec 
  0x00000199651bfb24: c3ff ffba | deff ffff | 488b 6c24 | 3044 8b5c | 2428 4489 | 5c24 204c | 8b54 2438 | 4c89 5424 
  0x00000199651bfb44: 304c 8b54 | 2440 4c89 | 5424 384c | 8b54 2460 | 4c89 5424 | 404c 8b54 | 2458 4c89 | 5424 504c 
  0x00000199651bfb64: 8b54 2470 | 4c89 5424 | 604c 8954 | 2468 4c8b | 9424 9000 | 0000 4c89 | 9424 8800 | 0000 4889 
  0x00000199651bfb84: 8424 a800 | 0000 6690 

  0x00000199651bfb8c: ;   {runtime_call UncommonTrapBlob}
  0x00000199651bfb8c: c5f8 77e8 

  0x00000199651bfb90: ; ImmutableOopMap {rbp=Oop [64]=Oop [80]=Oop [96]=Oop [104]=Oop [120]=Oop [128]=Oop [152]=Oop [168]=Oop [296]=Oop [304]=Oop }
                      ;*checkcast {reexecute=0 rethrow=0 return_oop=0}
                      ; - java.util.jar.JarFile::getManEntry@28 (line 944)
                      ; - java.util.jar.JarFile::getManifestFromReference@27 (line 414)
                      ; - java.util.jar.JarFile::getManifest@1 (line 406)
                      ; - jdk.internal.loader.URLClassPath$JarLoader$2::getManifest@22 (line 886)
                      ; - java.net.URLClassLoader::defineClass@34 (line 491)
                      ; - java.net.URLClassLoader$1::run@43 (line 427)
                      ; - java.net.URLClassLoader$1::run@1 (line 421)
                      ; - java.security.AccessController::executePrivileged@29 (line 814)
                      ; - java.security.AccessController::doPrivileged@13 (line 712)
                      ; - java.net.URLClassLoader::findClass@13 (line 420)
                      ; - java.lang.ClassLoader::loadClass@69 (line 592)
  0x00000199651bfb90: 6c6d 7eff | bae4 ffff | ff48 8bac | 2488 0000 | 0044 8b5c | 2428 4489 | 5c24 204c | 8b54 2438 
  0x00000199651bfbb0: 4c89 5424 | 304c 8b54 | 2440 4c89 | 5424 384c | 8b54 2460 | 4c89 5424 | 404c 8b54 | 2458 4c89 
  0x00000199651bfbd0: 5424 504c | 8b54 2470 | 4c89 5424 | 604c 8954 | 2468 4c8b | 9424 8000 | 0000 4c89 | 5424 784c 
  0x00000199651bfbf0: 8b94 2490 | 0000 004c | 8994 2488 | 0000 0044 | 8984 24c0 | 0000 0090 

  0x00000199651bfc08: ;   {runtime_call UncommonTrapBlob}
  0x00000199651bfc08: c5f8 77e8 

  0x00000199651bfc0c: ; ImmutableOopMap {rbp=Oop [64]=Oop [80]=Oop [96]=Oop [104]=Oop [120]=Oop [152]=Oop [160]=NarrowOop [164]=NarrowOop [168]=NarrowOop [296]=Oop [304]=Oop }
                      ;*aaload {reexecute=0 rethrow=0 return_oop=0}
                      ; - java.lang.ThreadLocal$ThreadLocalMap::set@76 (line 486)
                      ; - java.lang.ThreadLocal::set@17 (line 222)
                      ; - java.util.jar.JarFile::ensureInitialization@37 (line 1036)
                      ; - java.util.jar.JavaUtilJarAccessImpl::ensureInitialization@1 (line 72)
                      ; - jdk.internal.loader.URLClassPath$JarLoader$2::getManifest@10 (line 885)
                      ; - java.net.URLClassLoader::defineClass@34 (line 491)
                      ; - java.net.URLClassLoader$1::run@43 (line 427)
                      ; - java.net.URLClassLoader$1::run@1 (line 421)
                      ; - java.security.AccessController::executePrivileged@29 (line 814)
                      ; - java.security.AccessController::doPrivileged@13 (line 712)
                      ; - java.net.URLClassLoader::findClass@13 (line 420)
                      ; - java.lang.ClassLoader::loadClass@69 (line 592)
  0x00000199651bfc0c: f06c 7eff | bae4 ffff | ff48 8bac | 2488 0000 | 0044 8b5c | 2428 4489 | 5c24 204c | 8b5c 2438 
  0x00000199651bfc2c: 4c89 5c24 | 304c 8b5c | 2440 4c89 | 5c24 384c | 8b5c 2460 | 4c89 5c24 | 404c 8b5c | 2458 4c89 
  0x00000199651bfc4c: 5c24 504c | 8b5c 2470 | 4c89 5c24 | 604c 895c | 2468 4c8b | 9c24 8000 | 0000 4c89 | 5c24 784c 
  0x00000199651bfc6c: 8b9c 2490 | 0000 004c | 899c 2488 | 0000 0044 | 8b9c 24a0 | 0000 0044 | 895c 2424 | 448b 8424 
  0x00000199651bfc8c: a400 0000 | 4489 8424 | a000 0000 | 4489 9424 | bc00 0000 

  0x00000199651bfca0: ;   {runtime_call UncommonTrapBlob}
  0x00000199651bfca0: c5f8 77e8 

  0x00000199651bfca4: ; ImmutableOopMap {rbp=Oop [36]=NarrowOop [64]=Oop [80]=Oop [96]=Oop [104]=Oop [120]=Oop [152]=Oop [160]=NarrowOop [168]=NarrowOop [296]=Oop [304]=Oop }
                      ;*aaload {reexecute=0 rethrow=0 return_oop=0}
                      ; - java.lang.ThreadLocal$ThreadLocalMap::set@76 (line 486)
                      ; - java.lang.ThreadLocal::set@17 (line 222)
                      ; - java.util.jar.JarFile::ensureInitialization@55 (line 1041)
                      ; - java.util.jar.JavaUtilJarAccessImpl::ensureInitialization@1 (line 72)
                      ; - jdk.internal.loader.URLClassPath$JarLoader$2::getManifest@10 (line 885)
                      ; - java.net.URLClassLoader::defineClass@34 (line 491)
                      ; - java.net.URLClassLoader$1::run@43 (line 427)
                      ; - java.net.URLClassLoader$1::run@1 (line 421)
                      ; - java.security.AccessController::executePrivileged@29 (line 814)
                      ; - java.security.AccessController::doPrivileged@13 (line 712)
                      ; - java.net.URLClassLoader::findClass@13 (line 420)
                      ; - java.lang.ClassLoader::loadClass@69 (line 592)
  0x00000199651bfca4: 586c 7eff | 498b d7c5 | f877 49ba | c0cf 1230 | fc7f 0000 | 41ff d20f | 1f44 0000 | e9f7 a8ff 
  0x00000199651bfcc4: ff4d 85d2 | 400f 95c5 | 400f b6ed | 83f5 01ba | 45ff ffff | 4c8b 9424 | 8800 0000 | 4c89 5424 
  0x00000199651bfce4: 204c 8b54 | 2460 4c89 | 5424 4890 

  0x00000199651bfcf0: ;   {runtime_call UncommonTrapBlob}
  0x00000199651bfcf0: c5f8 77e8 

  0x00000199651bfcf4: ; ImmutableOopMap {[32]=Oop [72]=Oop [88]=Oop [112]=Oop [128]=Oop [152]=Oop [160]=NarrowOop [164]=NarrowOop [168]=NarrowOop [296]=Oop [304]=Oop }
                      ;*ifeq {reexecute=1 rethrow=0 return_oop=0}
                      ; - (reexecute) java.lang.ThreadLocal$ThreadLocalMap::set@53 (line 492)
                      ; - java.lang.ThreadLocal::set@17 (line 222)
                      ; - java.util.jar.JarFile::ensureInitialization@37 (line 1036)
                      ; - java.util.jar.JavaUtilJarAccessImpl::ensureInitialization@1 (line 72)
                      ; - jdk.internal.loader.URLClassPath$JarLoader$2::getManifest@10 (line 885)
                      ; - java.net.URLClassLoader::defineClass@34 (line 491)
                      ; - java.net.URLClassLoader$1::run@43 (line 427)
                      ; - java.net.URLClassLoader$1::run@1 (line 421)
                      ; - java.security.AccessController::executePrivileged@29 (line 814)
                      ; - java.security.AccessController::doPrivileged@13 (line 712)
                      ; - java.net.URLClassLoader::findClass@13 (line 420)
                      ; - java.lang.ClassLoader::loadClass@69 (line 592)
  0x00000199651bfcf4: 086c 7eff | 4d85 d240 | 0f95 c540 | 0fb6 ed83 | f501 ba45 | ffff ff4c | 8b94 2488 | 0000 004c 
  0x00000199651bfd14: 8954 2420 | 4c8b 5424 | 604c 8954 | 2448 6690 

  0x00000199651bfd24: ;   {runtime_call UncommonTrapBlob}
  0x00000199651bfd24: c5f8 77e8 

  0x00000199651bfd28: ; ImmutableOopMap {[32]=Oop [72]=Oop [88]=Oop [112]=Oop [128]=Oop [152]=Oop [160]=NarrowOop [164]=NarrowOop [168]=NarrowOop [296]=Oop [304]=Oop }
                      ;*ifeq {reexecute=1 rethrow=0 return_oop=0}
                      ; - (reexecute) java.lang.ThreadLocal$ThreadLocalMap::set@53 (line 492)
                      ; - java.lang.ThreadLocal::set@17 (line 222)
                      ; - java.util.jar.JarFile::ensureInitialization@55 (line 1041)
                      ; - java.util.jar.JavaUtilJarAccessImpl::ensureInitialization@1 (line 72)
                      ; - jdk.internal.loader.URLClassPath$JarLoader$2::getManifest@10 (line 885)
                      ; - java.net.URLClassLoader::defineClass@34 (line 491)
                      ; - java.net.URLClassLoader$1::run@43 (line 427)
                      ; - java.net.URLClassLoader$1::run@1 (line 421)
                      ; - java.security.AccessController::executePrivileged@29 (line 814)
                      ; - java.security.AccessController::doPrivileged@13 (line 712)
                      ; - java.net.URLClassLoader::findClass@13 (line 420)
                      ; - java.lang.ClassLoader::loadClass@69 (line 592)
  0x00000199651bfd28: d46b 7eff 

  0x00000199651bfd2c: ;   {metadata('java/lang/ref/SoftReference')}
  0x00000199651bfd2c: 48ba b063 | 0400 9901 | 0000 4c8b | 9424 8800 | 0000 4c89 | 5424 5090 

  0x00000199651bfd44: ;   {runtime_call _new_instance_Java}
  0x00000199651bfd44: c5f8 77e8 

  0x00000199651bfd48: ; ImmutableOopMap {rbp=Oop [48]=Oop [72]=Oop [80]=Oop [88]=Oop [96]=Oop [104]=Oop [112]=Oop [128]=Oop [136]=Oop [152]=Oop [160]=NarrowOop [168]=Oop [296]=Oop [304]=Oop }
                      ;*new {reexecute=0 rethrow=0 return_oop=1}
                      ; - java.util.jar.JarFile::getManifestFromReference@184 (line 436)
                      ; - java.util.jar.JarFile::getManifest@1 (line 406)
                      ; - java.util.jar.JarFile::maybeInstantiateVerifier@31 (line 725)
                      ; - java.util.jar.JarFile::ensureInitialization@1 (line 1031)
                      ; - java.util.jar.JavaUtilJarAccessImpl::ensureInitialization@1 (line 72)
                      ; - jdk.internal.loader.URLClassPath$JarLoader$2::getManifest@10 (line 885)
                      ; - java.net.URLClassLoader::defineClass@34 (line 491)
                      ; - java.net.URLClassLoader$1::run@43 (line 427)
                      ; - java.net.URLClassLoader$1::run@1 (line 421)
                      ; - java.security.AccessController::executePrivileged@29 (line 814)
                      ; - java.security.AccessController::doPrivileged@13 (line 712)
                      ; - java.net.URLClassLoader::findClass@13 (line 420)
                      ; - java.lang.ClassLoader::loadClass@69 (line 592)
  0x00000199651bfd48: b45d 7fff | 4c8b d0e9 | c7d4 ffff | 4c8b 5c24 | 7845 8b43 | 2c66 6690 | 4585 c00f | 8467 dbff 
  0x00000199651bfd68: ff4d 8b4f | 2049 8bc8 | 4d85 c90f | 84b3 0d00 | 0048 8bf8 | 498b db4d | 8b57 304b | 894c 0af8 
  0x00000199651bfd88: 4983 c1f8 | 4d89 4f20 | 4c8b db4c | 8bd7 e935 

  0x00000199651bfd98: ;   {metadata('java/util/jar/JarVerifier')}
  0x00000199651bfd98: dbff ff48 | ba78 7518 | 0099 0100 | 0066 6690 

  0x00000199651bfda8: ;   {runtime_call _new_instance_Java}
  0x00000199651bfda8: c5f8 77e8 

  0x00000199651bfdac: ; ImmutableOopMap {rbp=Oop [48]=Oop [72]=Oop [80]=Oop [88]=Oop [96]=Oop [104]=Oop [112]=Oop [128]=Oop [136]=Oop [152]=Oop [160]=NarrowOop [164]=NarrowOop [168]=Oop [296]=Oop [304]=Oop [312]=Oop }
                      ;*new {reexecute=0 rethrow=0 return_oop=1}
                      ; - java.util.jar.JarFile::getManifestFromReference@69 (line 422)
                      ; - java.util.jar.JarFile::getManifest@1 (line 406)
                      ; - java.util.jar.JarFile::maybeInstantiateVerifier@31 (line 725)
                      ; - java.util.jar.JarFile::ensureInitialization@1 (line 1031)
                      ; - java.util.jar.JavaUtilJarAccessImpl::ensureInitialization@1 (line 72)
                      ; - jdk.internal.loader.URLClassPath$JarLoader$2::getManifest@10 (line 885)
                      ; - java.net.URLClassLoader::defineClass@34 (line 491)
                      ; - java.net.URLClassLoader$1::run@43 (line 427)
                      ; - java.net.URLClassLoader$1::run@1 (line 421)
                      ; - java.security.AccessController::executePrivileged@29 (line 814)
                      ; - java.security.AccessController::doPrivileged@13 (line 712)
                      ; - java.net.URLClassLoader::findClass@13 (line 420)
                      ; - java.lang.ClassLoader::loadClass@69 (line 592)
  0x00000199651bfdac: 505d 7fff | 4c8b d0e9 | a7c4 ffff 

  0x00000199651bfdb8: ;   {metadata('java/util/Hashtable')}
  0x00000199651bfdb8: 48ba 806f | 0100 9901 | 0000 488b | ac24 8800 | 0000 6690 

  0x00000199651bfdcc: ;   {runtime_call _new_instance_Java}
  0x00000199651bfdcc: c5f8 77e8 

  0x00000199651bfdd0: ; ImmutableOopMap {rbp=Oop [48]=Oop [72]=Oop [80]=NarrowOop [88]=Oop [96]=Oop [104]=Oop [112]=Oop [120]=Oop [128]=Oop [136]=Oop [152]=Oop [160]=NarrowOop [168]=Oop [296]=Oop [304]=Oop [312]=Oop }
                      ;*new {reexecute=0 rethrow=0 return_oop=1}
                      ; - java.util.jar.JarVerifier::<init>@76 (line 109)
                      ; - java.util.jar.JarFile::getManifestFromReference@78 (line 422)
                      ; - java.util.jar.JarFile::getManifest@1 (line 406)
                      ; - java.util.jar.JarFile::maybeInstantiateVerifier@31 (line 725)
                      ; - java.util.jar.JarFile::ensureInitialization@1 (line 1031)
                      ; - java.util.jar.JavaUtilJarAccessImpl::ensureInitialization@1 (line 72)
                      ; - jdk.internal.loader.URLClassPath$JarLoader$2::getManifest@10 (line 885)
                      ; - java.net.URLClassLoader::defineClass@34 (line 491)
                      ; - java.net.URLClassLoader$1::run@43 (line 427)
                      ; - java.net.URLClassLoader$1::run@1 (line 421)
                      ; - java.security.AccessController::executePrivileged@29 (line 814)
                      ; - java.security.AccessController::doPrivileged@13 (line 712)
                      ; - java.net.URLClassLoader::findClass@13 (line 420)
                      ; - java.lang.ClassLoader::loadClass@69 (line 592)
  0x00000199651bfdd0: 2c5d 7fff | e925 c8ff 

  0x00000199651bfdd8: ;   {metadata('java/lang/Object')}
  0x00000199651bfdd8: ff48 ba58 | 0d00 0099 | 0100 004c | 8b94 2488 | 0000 004c | 8954 2450 

  0x00000199651bfdf0: ;   {runtime_call _new_instance_Java}
  0x00000199651bfdf0: c5f8 77e8 

  0x00000199651bfdf4: ; ImmutableOopMap {rbp=Oop [44]=NarrowOop [48]=Oop [72]=Oop [80]=Oop [88]=Oop [96]=Oop [104]=Oop [112]=Oop [120]=Oop [128]=Oop [136]=Oop [152]=Oop [160]=NarrowOop [168]=Oop [296]=Oop [304]=Oop [312]=Oop }
                      ;*new {reexecute=0 rethrow=0 return_oop=1}
                      ; - java.util.jar.JarVerifier::<init>@25 (line 97)
                      ; - java.util.jar.JarFile::getManifestFromReference@78 (line 422)
                      ; - java.util.jar.JarFile::getManifest@1 (line 406)
                      ; - java.util.jar.JarFile::maybeInstantiateVerifier@31 (line 725)
                      ; - java.util.jar.JarFile::ensureInitialization@1 (line 1031)
                      ; - java.util.jar.JavaUtilJarAccessImpl::ensureInitialization@1 (line 72)
                      ; - jdk.internal.loader.URLClassPath$JarLoader$2::getManifest@10 (line 885)
                      ; - java.net.URLClassLoader::defineClass@34 (line 491)
                      ; - java.net.URLClassLoader$1::run@43 (line 427)
                      ; - java.net.URLClassLoader$1::run@1 (line 421)
                      ; - java.security.AccessController::executePrivileged@29 (line 814)
                      ; - java.security.AccessController::doPrivileged@13 (line 712)
                      ; - java.net.URLClassLoader::findClass@13 (line 420)
                      ; - java.lang.ClassLoader::loadClass@69 (line 592)
  0x00000199651bfdf4: 085d 7fff | e9e1 c4ff 

  0x00000199651bfdfc: ;   {metadata('java/util/HashMap')}
  0x00000199651bfdfc: ff48 ba20 | 360b 0099 | 0100 0090 

  0x00000199651bfe08: ;   {runtime_call _new_instance_Java}
  0x00000199651bfe08: c5f8 77e8 

  0x00000199651bfe0c: ; ImmutableOopMap {rbp=Oop [44]=NarrowOop [48]=Oop [72]=Oop [80]=NarrowOop [88]=Oop [96]=Oop [104]=Oop [112]=Oop [120]=Oop [128]=Oop [136]=Oop [152]=Oop [160]=NarrowOop [168]=Oop [296]=Oop [304]=Oop [312]=Oop }
                      ;*new {reexecute=0 rethrow=0 return_oop=1}
                      ; - java.util.jar.JarVerifier::<init>@36 (line 520)
                      ; - java.util.jar.JarFile::getManifestFromReference@78 (line 422)
                      ; - java.util.jar.JarFile::getManifest@1 (line 406)
                      ; - java.util.jar.JarFile::maybeInstantiateVerifier@31 (line 725)
                      ; - java.util.jar.JarFile::ensureInitialization@1 (line 1031)
                      ; - java.util.jar.JavaUtilJarAccessImpl::ensureInitialization@1 (line 72)
                      ; - jdk.internal.loader.URLClassPath$JarLoader$2::getManifest@10 (line 885)
                      ; - java.net.URLClassLoader::defineClass@34 (line 491)
                      ; - java.net.URLClassLoader$1::run@43 (line 427)
                      ; - java.net.URLClassLoader$1::run@1 (line 421)
                      ; - java.security.AccessController::executePrivileged@29 (line 814)
                      ; - java.security.AccessController::doPrivileged@13 (line 712)
                      ; - java.net.URLClassLoader::findClass@13 (line 420)
                      ; - java.lang.ClassLoader::loadClass@69 (line 592)
  0x00000199651bfe0c: f05c 7fff | 4c8b d0e9 | 63c5 ffff 

  0x00000199651bfe18: ;   {metadata('java/security/CodeSigner'[])}
  0x00000199651bfe18: 48ba 783c | 0401 9901 | 0000 4533 | c066 6690 

  0x00000199651bfe28: ;   {runtime_call _new_array_Java}
  0x00000199651bfe28: c5f8 77e8 

  0x00000199651bfe2c: ; ImmutableOopMap {rbp=Oop [44]=NarrowOop [48]=Oop [72]=Oop [80]=NarrowOop [88]=Oop [96]=Oop [104]=Oop [112]=Oop [120]=Oop [128]=Oop [136]=Oop [152]=Oop [160]=NarrowOop [168]=Oop [296]=Oop [304]=Oop [312]=Oop }
                      ;*anewarray {reexecute=0 rethrow=0 return_oop=1}
                      ; - java.util.jar.JarVerifier::<init>@59 (line 562)
                      ; - java.util.jar.JarFile::getManifestFromReference@78 (line 422)
                      ; - java.util.jar.JarFile::getManifest@1 (line 406)
                      ; - java.util.jar.JarFile::maybeInstantiateVerifier@31 (line 725)
                      ; - java.util.jar.JarFile::ensureInitialization@1 (line 1031)
                      ; - java.util.jar.JavaUtilJarAccessImpl::ensureInitialization@1 (line 72)
                      ; - jdk.internal.loader.URLClassPath$JarLoader$2::getManifest@10 (line 885)
                      ; - java.net.URLClassLoader::defineClass@34 (line 491)
                      ; - java.net.URLClassLoader$1::run@43 (line 427)
                      ; - java.net.URLClassLoader$1::run@1 (line 421)
                      ; - java.security.AccessController::executePrivileged@29 (line 814)
                      ; - java.security.AccessController::doPrivileged@13 (line 712)
                      ; - java.net.URLClassLoader::findClass@13 (line 420)
                      ; - java.lang.ClassLoader::loadClass@69 (line 592)
  0x00000199651bfe2c: d059 7fff | 4c8b d0e9 | 8fc6 ffff 

  0x00000199651bfe38: ;   {metadata('java/util/HashMap')}
  0x00000199651bfe38: 48ba 2036 | 0b00 9901 | 0000 6690 

  0x00000199651bfe44: ;   {runtime_call _new_instance_Java}
  0x00000199651bfe44: c5f8 77e8 

  0x00000199651bfe48: ; ImmutableOopMap {rbp=Oop [44]=NarrowOop [48]=Oop [72]=Oop [80]=NarrowOop [88]=Oop [96]=Oop [104]=Oop [112]=Oop [120]=Oop [128]=Oop [136]=Oop [152]=Oop [160]=NarrowOop [168]=Oop [296]=Oop [304]=Oop [312]=Oop }
                      ;*new {reexecute=0 rethrow=0 return_oop=1}
                      ; - java.util.jar.JarVerifier::<init>@47 (line 521)
                      ; - java.util.jar.JarFile::getManifestFromReference@78 (line 422)
                      ; - java.util.jar.JarFile::getManifest@1 (line 406)
                      ; - java.util.jar.JarFile::maybeInstantiateVerifier@31 (line 725)
                      ; - java.util.jar.JarFile::ensureInitialization@1 (line 1031)
                      ; - java.util.jar.JavaUtilJarAccessImpl::ensureInitialization@1 (line 72)
                      ; - jdk.internal.loader.URLClassPath$JarLoader$2::getManifest@10 (line 885)
                      ; - java.net.URLClassLoader::defineClass@34 (line 491)
                      ; - java.net.URLClassLoader$1::run@43 (line 427)
                      ; - java.net.URLClassLoader$1::run@1 (line 421)
                      ; - java.security.AccessController::executePrivileged@29 (line 814)
                      ; - java.security.AccessController::doPrivileged@13 (line 712)
                      ; - java.net.URLClassLoader::findClass@13 (line 420)
                      ; - java.lang.ClassLoader::loadClass@69 (line 592)
  0x00000199651bfe48: b45c 7fff | 4c8b d0e9 | c7c5 ffff 

  0x00000199651bfe54: ;   {metadata('java/util/Hashtable$Entry'[])}
  0x00000199651bfe54: 48ba 709e | 1500 9901 | 0000 41b8 | 0b00 0000 

  0x00000199651bfe64: ;   {runtime_call _new_array_Java}
  0x00000199651bfe64: c5f8 77e8 

  0x00000199651bfe68: ; ImmutableOopMap {rbp=Oop [48]=Oop [72]=Oop [80]=NarrowOop [88]=Oop [96]=Oop [104]=Oop [112]=Oop [120]=Oop [128]=Oop [136]=Oop [152]=Oop [160]=NarrowOop [168]=Oop [296]=Oop [304]=Oop [312]=Oop }
                      ;*anewarray {reexecute=0 rethrow=0 return_oop=1}
                      ; - java.util.Hashtable::<init>@93 (line 196)
                      ; - java.util.Hashtable::<init>@5 (line 217)
                      ; - java.util.jar.JarVerifier::<init>@80 (line 109)
                      ; - java.util.jar.JarFile::getManifestFromReference@78 (line 422)
                      ; - java.util.jar.JarFile::getManifest@1 (line 406)
                      ; - java.util.jar.JarFile::maybeInstantiateVerifier@31 (line 725)
                      ; - java.util.jar.JarFile::ensureInitialization@1 (line 1031)
                      ; - java.util.jar.JavaUtilJarAccessImpl::ensureInitialization@1 (line 72)
                      ; - jdk.internal.loader.URLClassPath$JarLoader$2::getManifest@10 (line 885)
                      ; - java.net.URLClassLoader::defineClass@34 (line 491)
                      ; - java.net.URLClassLoader$1::run@43 (line 427)
                      ; - java.net.URLClassLoader$1::run@1 (line 421)
                      ; - java.security.AccessController::executePrivileged@29 (line 814)
                      ; - java.security.AccessController::doPrivileged@13 (line 712)
                      ; - java.net.URLClassLoader::findClass@13 (line 420)
                      ; - java.lang.ClassLoader::loadClass@69 (line 592)
  0x00000199651bfe68: 9459 7fff | 4c8b d0e9 | 1bc8 ffff 

  0x00000199651bfe74: ;   {metadata('java/util/Hashtable')}
  0x00000199651bfe74: 48ba 806f | 0100 9901 | 0000 488b | ac24 8800 | 0000 6690 

  0x00000199651bfe88: ;   {runtime_call _new_instance_Java}
  0x00000199651bfe88: c5f8 77e8 

  0x00000199651bfe8c: ; ImmutableOopMap {rbp=Oop [48]=Oop [72]=Oop [80]=NarrowOop [88]=Oop [96]=Oop [104]=Oop [112]=Oop [120]=Oop [128]=Oop [136]=Oop [152]=Oop [160]=NarrowOop [168]=Oop [296]=Oop [304]=Oop [312]=Oop }
                      ;*new {reexecute=0 rethrow=0 return_oop=1}
                      ; - java.util.jar.JarVerifier::<init>@87 (line 110)
                      ; - java.util.jar.JarFile::getManifestFromReference@78 (line 422)
                      ; - java.util.jar.JarFile::getManifest@1 (line 406)
                      ; - java.util.jar.JarFile::maybeInstantiateVerifier@31 (line 725)
                      ; - java.util.jar.JarFile::ensureInitialization@1 (line 1031)
                      ; - java.util.jar.JavaUtilJarAccessImpl::ensureInitialization@1 (line 72)
                      ; - jdk.internal.loader.URLClassPath$JarLoader$2::getManifest@10 (line 885)
                      ; - java.net.URLClassLoader::defineClass@34 (line 491)
                      ; - java.net.URLClassLoader$1::run@43 (line 427)
                      ; - java.net.URLClassLoader$1::run@1 (line 421)
                      ; - java.security.AccessController::executePrivileged@29 (line 814)
                      ; - java.security.AccessController::doPrivileged@13 (line 712)
                      ; - java.net.URLClassLoader::findClass@13 (line 420)
                      ; - java.lang.ClassLoader::loadClass@69 (line 592)
  0x00000199651bfe8c: 705c 7fff | e9e9 c8ff 

  0x00000199651bfe94: ;   {metadata('java/util/Hashtable')}
  0x00000199651bfe94: ff48 ba80 | 6f01 0099 | 0100 0048 | 8bac 2488 | 0000 0090 

  0x00000199651bfea8: ;   {runtime_call _new_instance_Java}
  0x00000199651bfea8: c5f8 77e8 

  0x00000199651bfeac: ; ImmutableOopMap {rbp=Oop [48]=Oop [72]=Oop [80]=NarrowOop [88]=Oop [96]=Oop [104]=Oop [112]=Oop [120]=Oop [128]=Oop [136]=Oop [152]=Oop [160]=NarrowOop [168]=Oop [296]=Oop [304]=Oop [312]=Oop }
                      ;*new {reexecute=0 rethrow=0 return_oop=1}
                      ; - java.util.jar.JarVerifier::<init>@98 (line 111)
                      ; - java.util.jar.JarFile::getManifestFromReference@78 (line 422)
                      ; - java.util.jar.JarFile::getManifest@1 (line 406)
                      ; - java.util.jar.JarFile::maybeInstantiateVerifier@31 (line 725)
                      ; - java.util.jar.JarFile::ensureInitialization@1 (line 1031)
                      ; - java.util.jar.JavaUtilJarAccessImpl::ensureInitialization@1 (line 72)
                      ; - jdk.internal.loader.URLClassPath$JarLoader$2::getManifest@10 (line 885)
                      ; - java.net.URLClassLoader::defineClass@34 (line 491)
                      ; - java.net.URLClassLoader$1::run@43 (line 427)
                      ; - java.net.URLClassLoader$1::run@1 (line 421)
                      ; - java.security.AccessController::executePrivileged@29 (line 814)
                      ; - java.security.AccessController::doPrivileged@13 (line 712)
                      ; - java.net.URLClassLoader::findClass@13 (line 420)
                      ; - java.lang.ClassLoader::loadClass@69 (line 592)
  0x00000199651bfeac: 505c 7fff | e949 caff 

  0x00000199651bfeb4: ;   {metadata('java/util/Hashtable$Entry'[])}
  0x00000199651bfeb4: ff48 ba70 | 9e15 0099 | 0100 0041 | b80b 0000 | 0066 6690 

  0x00000199651bfec8: ;   {runtime_call _new_array_Java}
  0x00000199651bfec8: c5f8 77e8 

  0x00000199651bfecc: ; ImmutableOopMap {rbp=Oop [48]=Oop [72]=Oop [80]=NarrowOop [88]=Oop [96]=Oop [104]=Oop [112]=Oop [120]=Oop [128]=Oop [136]=Oop [152]=Oop [160]=NarrowOop [168]=Oop [296]=Oop [304]=Oop [312]=Oop }
                      ;*anewarray {reexecute=0 rethrow=0 return_oop=1}
                      ; - java.util.Hashtable::<init>@93 (line 196)
                      ; - java.util.Hashtable::<init>@5 (line 217)
                      ; - java.util.jar.JarVerifier::<init>@91 (line 110)
                      ; - java.util.jar.JarFile::getManifestFromReference@78 (line 422)
                      ; - java.util.jar.JarFile::getManifest@1 (line 406)
                      ; - java.util.jar.JarFile::maybeInstantiateVerifier@31 (line 725)
                      ; - java.util.jar.JarFile::ensureInitialization@1 (line 1031)
                      ; - java.util.jar.JavaUtilJarAccessImpl::ensureInitialization@1 (line 72)
                      ; - jdk.internal.loader.URLClassPath$JarLoader$2::getManifest@10 (line 885)
                      ; - java.net.URLClassLoader::defineClass@34 (line 491)
                      ; - java.net.URLClassLoader$1::run@43 (line 427)
                      ; - java.net.URLClassLoader$1::run@1 (line 421)
                      ; - java.security.AccessController::executePrivileged@29 (line 814)
                      ; - java.security.AccessController::doPrivileged@13 (line 712)
                      ; - java.net.URLClassLoader::findClass@13 (line 420)
                      ; - java.lang.ClassLoader::loadClass@69 (line 592)
  0x00000199651bfecc: 3059 7fff | 4c8b d0e9 | 37c9 ffff 

  0x00000199651bfed8: ;   {metadata('java/util/ArrayList')}
  0x00000199651bfed8: 48ba 10df | 0000 9901 | 0000 488b | ac24 8800 | 0000 6690 

  0x00000199651bfeec: ;   {runtime_call _new_instance_Java}
  0x00000199651bfeec: c5f8 77e8 

  0x00000199651bfef0: ; ImmutableOopMap {rbp=Oop [48]=Oop [72]=Oop [80]=NarrowOop [88]=Oop [96]=Oop [104]=Oop [112]=Oop [120]=Oop [128]=Oop [136]=Oop [152]=Oop [160]=NarrowOop [168]=Oop [296]=Oop [304]=Oop [312]=Oop }
                      ;*new {reexecute=0 rethrow=0 return_oop=1}
                      ; - java.util.jar.JarVerifier::<init>@111 (line 112)
                      ; - java.util.jar.JarFile::getManifestFromReference@78 (line 422)
                      ; - java.util.jar.JarFile::getManifest@1 (line 406)
                      ; - java.util.jar.JarFile::maybeInstantiateVerifier@31 (line 725)
                      ; - java.util.jar.JarFile::ensureInitialization@1 (line 1031)
                      ; - java.util.jar.JavaUtilJarAccessImpl::ensureInitialization@1 (line 72)
                      ; - jdk.internal.loader.URLClassPath$JarLoader$2::getManifest@10 (line 885)
                      ; - java.net.URLClassLoader::defineClass@34 (line 491)
                      ; - java.net.URLClassLoader$1::run@43 (line 427)
                      ; - java.net.URLClassLoader$1::run@1 (line 421)
                      ; - java.security.AccessController::executePrivileged@29 (line 814)
                      ; - java.security.AccessController::doPrivileged@13 (line 712)
                      ; - java.net.URLClassLoader::findClass@13 (line 420)
                      ; - java.lang.ClassLoader::loadClass@69 (line 592)
  0x00000199651bfef0: 0c5c 7fff | e979 cbff 

  0x00000199651bfef8: ;   {metadata('java/util/Hashtable$Entry'[])}
  0x00000199651bfef8: ff48 ba70 | 9e15 0099 | 0100 0041 | b80b 0000 | 0066 6690 

  0x00000199651bff0c: ;   {runtime_call _new_array_Java}
  0x00000199651bff0c: c5f8 77e8 

  0x00000199651bff10: ; ImmutableOopMap {rbp=Oop [48]=Oop [72]=Oop [80]=NarrowOop [88]=Oop [96]=Oop [104]=Oop [112]=Oop [120]=Oop [128]=Oop [136]=Oop [152]=Oop [160]=NarrowOop [168]=Oop [296]=Oop [304]=Oop [312]=Oop }
                      ;*anewarray {reexecute=0 rethrow=0 return_oop=1}
                      ; - java.util.Hashtable::<init>@93 (line 196)
                      ; - java.util.Hashtable::<init>@4 (line 209)
                      ; - java.util.jar.JarVerifier::<init>@104 (line 111)
                      ; - java.util.jar.JarFile::getManifestFromReference@78 (line 422)
                      ; - java.util.jar.JarFile::getManifest@1 (line 406)
                      ; - java.util.jar.JarFile::maybeInstantiateVerifier@31 (line 725)
                      ; - java.util.jar.JarFile::ensureInitialization@1 (line 1031)
                      ; - java.util.jar.JavaUtilJarAccessImpl::ensureInitialization@1 (line 72)
                      ; - jdk.internal.loader.URLClassPath$JarLoader$2::getManifest@10 (line 885)
                      ; - java.net.URLClassLoader::defineClass@34 (line 491)
                      ; - java.net.URLClassLoader$1::run@43 (line 427)
                      ; - java.net.URLClassLoader$1::run@1 (line 421)
                      ; - java.security.AccessController::executePrivileged@29 (line 814)
                      ; - java.security.AccessController::doPrivileged@13 (line 712)
                      ; - java.net.URLClassLoader::findClass@13 (line 420)
                      ; - java.lang.ClassLoader::loadClass@69 (line 592)
  0x00000199651bff10: ec58 7fff | 4c8b d0e9 | 73ca ffff 

  0x00000199651bff1c: ;   {metadata('java/io/ByteArrayOutputStream')}
  0x00000199651bff1c: 48ba e801 | 1900 9901 | 0000 488b | ac24 8800 | 0000 6690 

  0x00000199651bff30: ;   {runtime_call _new_instance_Java}
  0x00000199651bff30: c5f8 77e8 

  0x00000199651bff34: ; ImmutableOopMap {rbp=Oop [48]=Oop [72]=Oop [80]=NarrowOop [88]=Oop [96]=Oop [104]=Oop [112]=Oop [120]=Oop [128]=Oop [136]=Oop [152]=Oop [160]=NarrowOop [168]=Oop [296]=Oop [304]=Oop [312]=Oop }
                      ;*new {reexecute=0 rethrow=0 return_oop=1}
                      ; - java.util.jar.JarVerifier::<init>@122 (line 113)
                      ; - java.util.jar.JarFile::getManifestFromReference@78 (line 422)
                      ; - java.util.jar.JarFile::getManifest@1 (line 406)
                      ; - java.util.jar.JarFile::maybeInstantiateVerifier@31 (line 725)
                      ; - java.util.jar.JarFile::ensureInitialization@1 (line 1031)
                      ; - java.util.jar.JavaUtilJarAccessImpl::ensureInitialization@1 (line 72)
                      ; - jdk.internal.loader.URLClassPath$JarLoader$2::getManifest@10 (line 885)
                      ; - java.net.URLClassLoader::defineClass@34 (line 491)
                      ; - java.net.URLClassLoader$1::run@43 (line 427)
                      ; - java.net.URLClassLoader$1::run@1 (line 421)
                      ; - java.security.AccessController::executePrivileged@29 (line 814)
                      ; - java.security.AccessController::doPrivileged@13 (line 712)
                      ; - java.net.URLClassLoader::findClass@13 (line 420)
                      ; - java.lang.ClassLoader::loadClass@69 (line 592)
  0x00000199651bff34: c85b 7fff | e916 ccff 

  0x00000199651bff3c: ;   {metadata({type array byte})}
  0x00000199651bff3c: ff48 ba28 | 6700 0099 | 0100 0041 | b820 0000 | 0066 6690 

  0x00000199651bff50: ;   {runtime_call _new_array_Java}
  0x00000199651bff50: c5f8 77e8 

  0x00000199651bff54: ; ImmutableOopMap {rbp=Oop [48]=Oop [72]=Oop [80]=NarrowOop [88]=Oop [96]=Oop [104]=Oop [112]=Oop [120]=Oop [128]=Oop [136]=Oop [152]=Oop [160]=NarrowOop [168]=Oop [296]=Oop [304]=Oop [312]=Oop }
                      ;*newarray {reexecute=0 rethrow=0 return_oop=1}
                      ; - java.io.ByteArrayOutputStream::<init>@37 (line 81)
                      ; - java.io.ByteArrayOutputStream::<init>@3 (line 66)
                      ; - java.util.jar.JarVerifier::<init>@126 (line 113)
                      ; - java.util.jar.JarFile::getManifestFromReference@78 (line 422)
                      ; - java.util.jar.JarFile::getManifest@1 (line 406)
                      ; - java.util.jar.JarFile::maybeInstantiateVerifier@31 (line 725)
                      ; - java.util.jar.JarFile::ensureInitialization@1 (line 1031)
                      ; - java.util.jar.JavaUtilJarAccessImpl::ensureInitialization@1 (line 72)
                      ; - jdk.internal.loader.URLClassPath$JarLoader$2::getManifest@10 (line 885)
                      ; - java.net.URLClassLoader::defineClass@34 (line 491)
                      ; - java.net.URLClassLoader$1::run@43 (line 427)
                      ; - java.net.URLClassLoader$1::run@1 (line 421)
                      ; - java.security.AccessController::executePrivileged@29 (line 814)
                      ; - java.security.AccessController::doPrivileged@13 (line 712)
                      ; - java.net.URLClassLoader::findClass@13 (line 420)
                      ; - java.lang.ClassLoader::loadClass@69 (line 592)
  0x00000199651bff54: a858 7fff | 4c8b d00f | 1f44 0000 | e976 ccff 

  0x00000199651bff64: ;   {metadata('java/util/ArrayList')}
  0x00000199651bff64: ff48 ba10 | df00 0099 | 0100 0048 | 8bac 2488 | 0000 0090 

  0x00000199651bff78: ;   {runtime_call _new_instance_Java}
  0x00000199651bff78: c5f8 77e8 

  0x00000199651bff7c: ; ImmutableOopMap {rbp=Oop [48]=Oop [72]=Oop [80]=NarrowOop [88]=Oop [96]=Oop [104]=Oop [112]=Oop [120]=Oop [128]=Oop [136]=Oop [152]=Oop [160]=NarrowOop [168]=Oop [296]=Oop [304]=Oop [312]=Oop }
                      ;*new {reexecute=0 rethrow=0 return_oop=1}
                      ; - java.util.jar.JarVerifier::<init>@133 (line 114)
                      ; - java.util.jar.JarFile::getManifestFromReference@78 (line 422)
                      ; - java.util.jar.JarFile::getManifest@1 (line 406)
                      ; - java.util.jar.JarFile::maybeInstantiateVerifier@31 (line 725)
                      ; - java.util.jar.JarFile::ensureInitialization@1 (line 1031)
                      ; - java.util.jar.JavaUtilJarAccessImpl::ensureInitialization@1 (line 72)
                      ; - jdk.internal.loader.URLClassPath$JarLoader$2::getManifest@10 (line 885)
                      ; - java.net.URLClassLoader::defineClass@34 (line 491)
                      ; - java.net.URLClassLoader$1::run@43 (line 427)
                      ; - java.net.URLClassLoader$1::run@1 (line 421)
                      ; - java.security.AccessController::executePrivileged@29 (line 814)
                      ; - java.security.AccessController::doPrivileged@13 (line 712)
                      ; - java.net.URLClassLoader::findClass@13 (line 420)
                      ; - java.lang.ClassLoader::loadClass@69 (line 592)
  0x00000199651bff7c: 805b 7fff | e92d cdff 

  0x00000199651bff84: ;   {metadata('java/util/jar/Manifest')}
  0x00000199651bff84: ff48 ba00 | 9c06 0099 | 0100 0048 | 8bac 2488 | 0000 0090 

  0x00000199651bff98: ;   {runtime_call _new_instance_Java}
  0x00000199651bff98: c5f8 77e8 

  0x00000199651bff9c: ; ImmutableOopMap {rbp=Oop [48]=Oop [72]=Oop [80]=NarrowOop [88]=Oop [96]=Oop [104]=Oop [112]=Oop [128]=Oop [136]=Oop [152]=Oop [160]=NarrowOop [168]=Oop [296]=Oop [304]=Oop [312]=Oop }
                      ;*new {reexecute=0 rethrow=0 return_oop=1}
                      ; - java.util.jar.JarFile::getManifestFromReference@101 (line 430)
                      ; - java.util.jar.JarFile::getManifest@1 (line 406)
                      ; - java.util.jar.JarFile::maybeInstantiateVerifier@31 (line 725)
                      ; - java.util.jar.JarFile::ensureInitialization@1 (line 1031)
                      ; - java.util.jar.JavaUtilJarAccessImpl::ensureInitialization@1 (line 72)
                      ; - jdk.internal.loader.URLClassPath$JarLoader$2::getManifest@10 (line 885)
                      ; - java.net.URLClassLoader::defineClass@34 (line 491)
                      ; - java.net.URLClassLoader$1::run@43 (line 427)
                      ; - java.net.URLClassLoader$1::run@1 (line 421)
                      ; - java.security.AccessController::executePrivileged@29 (line 814)
                      ; - java.security.AccessController::doPrivileged@13 (line 712)
                      ; - java.net.URLClassLoader::findClass@13 (line 420)
                      ; - java.lang.ClassLoader::loadClass@69 (line 592)
  0x00000199651bff9c: 605b 7fff | e910 cfff 

  0x00000199651bffa4: ;   {metadata('java/util/LinkedHashMap')}
  0x00000199651bffa4: ff48 ba20 | 3a0b 0099 | 0100 0090 

  0x00000199651bffb0: ;   {runtime_call _new_instance_Java}
  0x00000199651bffb0: c5f8 77e8 

  0x00000199651bffb4: ; ImmutableOopMap {rbp=Oop [44]=NarrowOop [48]=Oop [72]=Oop [84]=NarrowOop [88]=Oop [96]=Oop [104]=Oop [112]=Oop [120]=Oop [128]=Oop [136]=Oop [152]=Oop [160]=NarrowOop [168]=Oop [176]=Oop [184]=Oop [296]=Oop [304]=Oop }
                      ;*new {reexecute=0 rethrow=0 return_oop=1}
                      ; - java.util.jar.Attributes::<init>@5 (line 82)
                      ; - java.util.jar.Attributes::<init>@3 (line 72)
                      ; - java.util.jar.Manifest::<init>@9 (line 54)
                      ; - java.util.jar.JarFile::getManifestFromReference@121 (line 430)
                      ; - java.util.jar.JarFile::getManifest@1 (line 406)
                      ; - java.util.jar.JarFile::maybeInstantiateVerifier@31 (line 725)
                      ; - java.util.jar.JarFile::ensureInitialization@1 (line 1031)
                      ; - java.util.jar.JavaUtilJarAccessImpl::ensureInitialization@1 (line 72)
                      ; - jdk.internal.loader.URLClassPath$JarLoader$2::getManifest@10 (line 885)
                      ; - java.net.URLClassLoader::defineClass@34 (line 491)
                      ; - java.net.URLClassLoader$1::run@43 (line 427)
                      ; - java.net.URLClassLoader$1::run@1 (line 421)
                      ; - java.security.AccessController::executePrivileged@29 (line 814)
                      ; - java.security.AccessController::doPrivileged@13 (line 712)
                      ; - java.net.URLClassLoader::findClass@13 (line 420)
                      ; - java.lang.ClassLoader::loadClass@69 (line 592)
  0x00000199651bffb4: 485b 7fff | e925 d0ff 

  0x00000199651bffbc: ;   {metadata('java/io/ByteArrayInputStream')}
  0x00000199651bffbc: ff48 bac0 | a201 0099 | 0100 0048 | 8bac 2488 | 0000 0090 

  0x00000199651bffd0: ;   {runtime_call _new_instance_Java}
  0x00000199651bffd0: c5f8 77e8 

  0x00000199651bffd4: ; ImmutableOopMap {rbp=Oop [48]=Oop [72]=Oop [80]=NarrowOop [84]=NarrowOop [88]=Oop [96]=Oop [104]=Oop [112]=Oop [120]=Oop [128]=Oop [136]=Oop [152]=Oop [160]=NarrowOop [168]=Oop [176]=Oop [296]=Oop [304]=Oop [312]=Oop }
                      ;*new {reexecute=0 rethrow=0 return_oop=1}
                      ; - java.util.jar.JarFile::getManifestFromReference@109 (line 430)
                      ; - java.util.jar.JarFile::getManifest@1 (line 406)
                      ; - java.util.jar.JarFile::maybeInstantiateVerifier@31 (line 725)
                      ; - java.util.jar.JarFile::ensureInitialization@1 (line 1031)
                      ; - java.util.jar.JavaUtilJarAccessImpl::ensureInitialization@1 (line 72)
                      ; - jdk.internal.loader.URLClassPath$JarLoader$2::getManifest@10 (line 885)
                      ; - java.net.URLClassLoader::defineClass@34 (line 491)
                      ; - java.net.URLClassLoader$1::run@43 (line 427)
                      ; - java.net.URLClassLoader$1::run@1 (line 421)
                      ; - java.security.AccessController::executePrivileged@29 (line 814)
                      ; - java.security.AccessController::doPrivileged@13 (line 712)
                      ; - java.net.URLClassLoader::findClass@13 (line 420)
                      ; - java.lang.ClassLoader::loadClass@69 (line 592)
  0x00000199651bffd4: 285b 7fff | e942 cfff 

  0x00000199651bffdc: ;   {metadata('java/util/jar/Attributes')}
  0x00000199651bffdc: ff48 baf8 | 4c18 0099 | 0100 0048 | 8bac 2488 | 0000 0090 

  0x00000199651bfff0: ;   {runtime_call _new_instance_Java}
  0x00000199651bfff0: c5f8 77e8 

  0x00000199651bfff4: ; ImmutableOopMap {rbp=Oop [44]=NarrowOop [48]=Oop [72]=Oop [84]=NarrowOop [88]=Oop [96]=Oop [104]=Oop [112]=Oop [120]=Oop [128]=Oop [136]=Oop [152]=Oop [160]=NarrowOop [168]=Oop [176]=Oop [184]=Oop [296]=Oop [304]=Oop }
                      ;*new {reexecute=0 rethrow=0 return_oop=1}
                      ; - java.util.jar.Manifest::<init>@5 (line 54)
                      ; - java.util.jar.JarFile::getManifestFromReference@121 (line 430)
                      ; - java.util.jar.JarFile::getManifest@1 (line 406)
                      ; - java.util.jar.JarFile::maybeInstantiateVerifier@31 (line 725)
                      ; - java.util.jar.JarFile::ensureInitialization@1 (line 1031)
                      ; - java.util.jar.JavaUtilJarAccessImpl::ensureInitialization@1 (line 72)
                      ; - jdk.internal.loader.URLClassPath$JarLoader$2::getManifest@10 (line 885)
                      ; - java.net.URLClassLoader::defineClass@34 (line 491)
                      ; - java.net.URLClassLoader$1::run@43 (line 427)
                      ; - java.net.URLClassLoader$1::run@1 (line 421)
                      ; - java.security.AccessController::executePrivileged@29 (line 814)
                      ; - java.security.AccessController::doPrivileged@13 (line 712)
                      ; - java.net.URLClassLoader::findClass@13 (line 420)
                      ; - java.lang.ClassLoader::loadClass@69 (line 592)
  0x00000199651bfff4: 085b 7fff | e991 cfff 

  0x00000199651bfffc: ;   {metadata('java/util/HashMap')}
  0x00000199651bfffc: ff48 ba20 | 360b 0099 | 0100 0090 

  0x00000199651c0008: ;   {runtime_call _new_instance_Java}
  0x00000199651c0008: c5f8 77e8 

  0x00000199651c000c: ; ImmutableOopMap {rbp=NarrowOop [48]=Oop [72]=Oop [80]=NarrowOop [88]=Oop [96]=Oop [104]=Oop [112]=Oop [120]=Oop [128]=Oop [136]=Oop [152]=Oop [160]=NarrowOop [168]=Oop [296]=Oop [304]=Oop [312]=Oop }
                      ;*new {reexecute=0 rethrow=0 return_oop=1}
                      ; - java.util.jar.JarVerifier::<init>@144 (line 115)
                      ; - java.util.jar.JarFile::getManifestFromReference@78 (line 422)
                      ; - java.util.jar.JarFile::getManifest@1 (line 406)
                      ; - java.util.jar.JarFile::maybeInstantiateVerifier@31 (line 725)
                      ; - java.util.jar.JarFile::ensureInitialization@1 (line 1031)
                      ; - java.util.jar.JavaUtilJarAccessImpl::ensureInitialization@1 (line 72)
                      ; - jdk.internal.loader.URLClassPath$JarLoader$2::getManifest@10 (line 885)
                      ; - java.net.URLClassLoader::defineClass@34 (line 491)
                      ; - java.net.URLClassLoader$1::run@43 (line 427)
                      ; - java.net.URLClassLoader$1::run@1 (line 421)
                      ; - java.security.AccessController::executePrivileged@29 (line 814)
                      ; - java.security.AccessController::doPrivileged@13 (line 712)
                      ; - java.net.URLClassLoader::findClass@13 (line 420)
                      ; - java.lang.ClassLoader::loadClass@69 (line 592)
  0x00000199651c000c: f05a 7fff | 4c8b d0e9 | c3cd ffff 

  0x00000199651c0018: ;   {metadata('java/util/HashMap')}
  0x00000199651c0018: 48ba 2036 | 0b00 9901 | 0000 488b | ac24 8800 | 0000 6690 

  0x00000199651c002c: ;   {runtime_call _new_instance_Java}
  0x00000199651c002c: c5f8 77e8 

  0x00000199651c0030: ; ImmutableOopMap {rbp=Oop [44]=NarrowOop [48]=Oop [72]=Oop [84]=NarrowOop [88]=Oop [96]=Oop [104]=Oop [112]=Oop [120]=Oop [128]=Oop [136]=Oop [152]=Oop [160]=NarrowOop [168]=Oop [176]=Oop [184]=Oop [192]=Oop [296]=Oop [304]=Oop }
                      ;*new {reexecute=0 rethrow=0 return_oop=1}
                      ; - java.util.jar.Manifest::<init>@16 (line 57)
                      ; - java.util.jar.JarFile::getManifestFromReference@121 (line 430)
                      ; - java.util.jar.JarFile::getManifest@1 (line 406)
                      ; - java.util.jar.JarFile::maybeInstantiateVerifier@31 (line 725)
                      ; - java.util.jar.JarFile::ensureInitialization@1 (line 1031)
                      ; - java.util.jar.JavaUtilJarAccessImpl::ensureInitialization@1 (line 72)
                      ; - jdk.internal.loader.URLClassPath$JarLoader$2::getManifest@10 (line 885)
                      ; - java.net.URLClassLoader::defineClass@34 (line 491)
                      ; - java.net.URLClassLoader$1::run@43 (line 427)
                      ; - java.net.URLClassLoader$1::run@1 (line 421)
                      ; - java.security.AccessController::executePrivileged@29 (line 814)
                      ; - java.security.AccessController::doPrivileged@13 (line 712)
                      ; - java.net.URLClassLoader::findClass@13 (line 420)
                      ; - java.lang.ClassLoader::loadClass@69 (line 592)
  0x00000199651c0030: cc5a 7fff | 4c8b d0e9 | bfd0 ffff | bae4 ffff | ff48 8bac | 2488 0000 | 0044 8b54 | 2428 4489 
  0x00000199651c0050: 5424 204c | 8b54 2438 | 4c89 5424 | 304c 8b54 | 2440 4c89 | 5424 384c | 8b54 2460 | 4c89 5424 
  0x00000199651c0070: 404c 8b54 | 2458 4c89 | 5424 504c | 8b54 2470 | 4c89 5424 | 604c 8954 | 2468 4c8b | 9424 8000 
  0x00000199651c0090: 0000 4c89 | 5424 784c | 8b94 2490 | 0000 004c | 8994 2488 | 0000 0090 

  0x00000199651c00a8: ;   {runtime_call UncommonTrapBlob}
  0x00000199651c00a8: c5f8 77e8 

  0x00000199651c00ac: ; ImmutableOopMap {rbp=Oop [64]=Oop [80]=Oop [96]=Oop [104]=Oop [120]=Oop [152]=Oop [160]=NarrowOop [164]=NarrowOop [168]=NarrowOop [296]=Oop [304]=Oop }
                      ;*aaload {reexecute=0 rethrow=0 return_oop=0}
                      ; - java.lang.ThreadLocal$ThreadLocalMap::set@23 (line 484)
                      ; - java.lang.ThreadLocal::set@17 (line 222)
                      ; - java.util.jar.JarFile::ensureInitialization@37 (line 1036)
                      ; - java.util.jar.JavaUtilJarAccessImpl::ensureInitialization@1 (line 72)
                      ; - jdk.internal.loader.URLClassPath$JarLoader$2::getManifest@10 (line 885)
                      ; - java.net.URLClassLoader::defineClass@34 (line 491)
                      ; - java.net.URLClassLoader$1::run@43 (line 427)
                      ; - java.net.URLClassLoader$1::run@1 (line 421)
                      ; - java.security.AccessController::executePrivileged@29 (line 814)
                      ; - java.security.AccessController::doPrivileged@13 (line 712)
                      ; - java.net.URLClassLoader::findClass@13 (line 420)
                      ; - java.lang.ClassLoader::loadClass@69 (line 592)
  0x00000199651c00ac: 5068 7eff | bae4 ffff | ff8b 7c24 | 2889 7c24 | 2048 8b4c | 2438 4889 | 4c24 3048 | 8b4c 2440 
  0x00000199651c00cc: 4889 4c24 | 3848 8b4c | 2460 4889 | 4c24 4048 | 8b4c 2458 | 4889 4c24 | 5048 8b4c | 2470 4889 
  0x00000199651c00ec: 4c24 6048 | 894c 2468 | 488b 8c24 | a800 0000 | 4889 4c24 | 7848 8b8c | 2490 0000 | 0048 898c 
  0x00000199651c010c: 2488 0000 | 0044 894c | 2424 4489 | 8424 a800 | 0000 899c | 24b0 0000 | 0044 899c | 24b8 0000 
  0x00000199651c012c: 0044 8994 | 24bc 0000 | 0066 6690 

  0x00000199651c0138: ;   {runtime_call UncommonTrapBlob}
  0x00000199651c0138: c5f8 77e8 

  0x00000199651c013c: ; ImmutableOopMap {rbp=Oop [36]=NarrowOop [64]=Oop [80]=Oop [96]=Oop [104]=Oop [120]=Oop [152]=Oop [168]=NarrowOop [184]=NarrowOop [296]=Oop [304]=Oop }
                      ;*aaload {reexecute=0 rethrow=0 return_oop=0}
                      ; - java.lang.ThreadLocal$ThreadLocalMap::set@23 (line 484)
                      ; - java.lang.ThreadLocal::set@17 (line 222)
                      ; - java.util.jar.JarFile::ensureInitialization@55 (line 1041)
                      ; - java.util.jar.JavaUtilJarAccessImpl::ensureInitialization@1 (line 72)
                      ; - jdk.internal.loader.URLClassPath$JarLoader$2::getManifest@10 (line 885)
                      ; - java.net.URLClassLoader::defineClass@34 (line 491)
                      ; - java.net.URLClassLoader$1::run@43 (line 427)
                      ; - java.net.URLClassLoader$1::run@1 (line 421)
                      ; - java.security.AccessController::executePrivileged@29 (line 814)
                      ; - java.security.AccessController::doPrivileged@13 (line 712)
                      ; - java.net.URLClassLoader::findClass@13 (line 420)
                      ; - java.lang.ClassLoader::loadClass@69 (line 592)
  0x00000199651c013c: c067 7eff 

  0x00000199651c0140: ;   {metadata('java/util/jar/Manifest')}
  0x00000199651c0140: 48ba 009c | 0600 9901 | 0000 6690 

  0x00000199651c014c: ;   {runtime_call _new_instance_Java}
  0x00000199651c014c: c5f8 77e8 

  0x00000199651c0150: ; ImmutableOopMap {rbp=Oop [48]=Oop [72]=Oop [80]=Oop [88]=Oop [96]=Oop [104]=Oop [112]=Oop [128]=Oop [136]=Oop [152]=Oop [160]=NarrowOop [168]=Oop [296]=Oop [304]=Oop }
                      ;*new {reexecute=0 rethrow=0 return_oop=1}
                      ; - java.util.jar.JarFile::getManifestFromReference@134 (line 433)
                      ; - java.util.jar.JarFile::getManifest@1 (line 406)
                      ; - java.util.jar.JarFile::maybeInstantiateVerifier@31 (line 725)
                      ; - java.util.jar.JarFile::ensureInitialization@1 (line 1031)
                      ; - java.util.jar.JavaUtilJarAccessImpl::ensureInitialization@1 (line 72)
                      ; - jdk.internal.loader.URLClassPath$JarLoader$2::getManifest@10 (line 885)
                      ; - java.net.URLClassLoader::defineClass@34 (line 491)
                      ; - java.net.URLClassLoader$1::run@43 (line 427)
                      ; - java.net.URLClassLoader$1::run@1 (line 421)
                      ; - java.security.AccessController::executePrivileged@29 (line 814)
                      ; - java.security.AccessController::doPrivileged@13 (line 712)
                      ; - java.net.URLClassLoader::findClass@13 (line 420)
                      ; - java.lang.ClassLoader::loadClass@69 (line 592)
  0x00000199651c0150: ac59 7fff | e979 bbff 

  0x00000199651c0158: ;   {metadata('java/util/jar/Attributes')}
  0x00000199651c0158: ff48 baf8 | 4c18 0099 | 0100 0090 

  0x00000199651c0164: ;   {runtime_call _new_instance_Java}
  0x00000199651c0164: c5f8 77e8 

  0x00000199651c0168: ; ImmutableOopMap {rbp=NarrowOop [48]=Oop [72]=Oop [80]=Oop [88]=Oop [96]=Oop [104]=Oop [112]=Oop [120]=Oop [128]=Oop [136]=Oop [152]=Oop [160]=NarrowOop [168]=Oop [296]=Oop [304]=Oop }
                      ;*new {reexecute=0 rethrow=0 return_oop=1}
                      ; - java.util.jar.Manifest::<init>@5 (line 54)
                      ; - java.util.jar.Manifest::<init>@4 (line 87)
                      ; - java.util.jar.JarFile::getManifestFromReference@143 (line 433)
                      ; - java.util.jar.JarFile::getManifest@1 (line 406)
                      ; - java.util.jar.JarFile::maybeInstantiateVerifier@31 (line 725)
                      ; - java.util.jar.JarFile::ensureInitialization@1 (line 1031)
                      ; - java.util.jar.JavaUtilJarAccessImpl::ensureInitialization@1 (line 72)
                      ; - jdk.internal.loader.URLClassPath$JarLoader$2::getManifest@10 (line 885)
                      ; - java.net.URLClassLoader::defineClass@34 (line 491)
                      ; - java.net.URLClassLoader$1::run@43 (line 427)
                      ; - java.net.URLClassLoader$1::run@1 (line 421)
                      ; - java.security.AccessController::executePrivileged@29 (line 814)
                      ; - java.security.AccessController::doPrivileged@13 (line 712)
                      ; - java.net.URLClassLoader::findClass@13 (line 420)
                      ; - java.lang.ClassLoader::loadClass@69 (line 592)
  0x00000199651c0168: 9459 7fff | e9bd bbff 

  0x00000199651c0170: ;   {metadata('java/util/LinkedHashMap')}
  0x00000199651c0170: ff48 ba20 | 3a0b 0099 | 0100 0090 

  0x00000199651c017c: ;   {runtime_call _new_instance_Java}
  0x00000199651c017c: c5f8 77e8 

  0x00000199651c0180: ; ImmutableOopMap {rbp=NarrowOop [48]=Oop [72]=Oop [80]=Oop [88]=Oop [96]=Oop [104]=Oop [112]=Oop [120]=Oop [128]=Oop [136]=Oop [152]=Oop [160]=NarrowOop [168]=Oop [176]=Oop [296]=Oop [304]=Oop }
                      ;*new {reexecute=0 rethrow=0 return_oop=1}
                      ; - java.util.jar.Attributes::<init>@5 (line 82)
                      ; - java.util.jar.Attributes::<init>@3 (line 72)
                      ; - java.util.jar.Manifest::<init>@9 (line 54)
                      ; - java.util.jar.Manifest::<init>@4 (line 87)
                      ; - java.util.jar.JarFile::getManifestFromReference@143 (line 433)
                      ; - java.util.jar.JarFile::getManifest@1 (line 406)
                      ; - java.util.jar.JarFile::maybeInstantiateVerifier@31 (line 725)
                      ; - java.util.jar.JarFile::ensureInitialization@1 (line 1031)
                      ; - java.util.jar.JavaUtilJarAccessImpl::ensureInitialization@1 (line 72)
                      ; - jdk.internal.loader.URLClassPath$JarLoader$2::getManifest@10 (line 885)
                      ; - java.net.URLClassLoader::defineClass@34 (line 491)
                      ; - java.net.URLClassLoader$1::run@43 (line 427)
                      ; - java.net.URLClassLoader$1::run@1 (line 421)
                      ; - java.security.AccessController::executePrivileged@29 (line 814)
                      ; - java.security.AccessController::doPrivileged@13 (line 712)
                      ; - java.net.URLClassLoader::findClass@13 (line 420)
                      ; - java.lang.ClassLoader::loadClass@69 (line 592)
  0x00000199651c0180: 7c59 7fff | e919 bcff 

  0x00000199651c0188: ;   {metadata('java/util/HashMap')}
  0x00000199651c0188: ff48 ba20 | 360b 0099 | 0100 0090 

  0x00000199651c0194: ;   {runtime_call _new_instance_Java}
  0x00000199651c0194: c5f8 77e8 

  0x00000199651c0198: ; ImmutableOopMap {rbp=NarrowOop [48]=Oop [72]=Oop [80]=Oop [88]=Oop [96]=Oop [104]=Oop [112]=Oop [120]=Oop [128]=Oop [136]=Oop [152]=Oop [160]=NarrowOop [168]=Oop [296]=Oop [304]=Oop }
                      ;*new {reexecute=0 rethrow=0 return_oop=1}
                      ; - java.util.jar.Manifest::<init>@16 (line 57)
                      ; - java.util.jar.Manifest::<init>@4 (line 87)
                      ; - java.util.jar.JarFile::getManifestFromReference@143 (line 433)
                      ; - java.util.jar.JarFile::getManifest@1 (line 406)
                      ; - java.util.jar.JarFile::maybeInstantiateVerifier@31 (line 725)
                      ; - java.util.jar.JarFile::ensureInitialization@1 (line 1031)
                      ; - java.util.jar.JavaUtilJarAccessImpl::ensureInitialization@1 (line 72)
                      ; - jdk.internal.loader.URLClassPath$JarLoader$2::getManifest@10 (line 885)
                      ; - java.net.URLClassLoader::defineClass@34 (line 491)
                      ; - java.net.URLClassLoader$1::run@43 (line 427)
                      ; - java.net.URLClassLoader$1::run@1 (line 421)
                      ; - java.security.AccessController::executePrivileged@29 (line 814)
                      ; - java.security.AccessController::doPrivileged@13 (line 712)
                      ; - java.net.URLClassLoader::findClass@13 (line 420)
                      ; - java.lang.ClassLoader::loadClass@69 (line 592)
  0x00000199651c0198: 6459 7fff | 0f1f 4000 | e9fc bcff | ff44 8984 | 24a4 0000 | 0041 8bea 

  0x00000199651c01b0: ;   {metadata({type array byte})}
  0x00000199651c01b0: 48ba 2867 | 0000 9901 | 0000 448b | c566 6690 

  0x00000199651c01c0: ;   {runtime_call _new_array_Java}
  0x00000199651c01c0: c5f8 77e8 

  0x00000199651c01c4: ; ImmutableOopMap {[48]=Oop [72]=Oop [80]=Oop [88]=Oop [96]=Oop [104]=Oop [112]=Oop [120]=Oop [128]=Oop [136]=Oop [152]=Oop [160]=NarrowOop [164]=NarrowOop [168]=Oop [176]=Oop [296]=Oop [304]=Oop }
                      ;*newarray {reexecute=0 rethrow=0 return_oop=1}
                      ; - java.util.jar.JarFile::getBytes@99 (line 816)
                      ; - java.util.jar.JarFile::getManifestFromReference@44 (line 419)
                      ; - java.util.jar.JarFile::getManifest@1 (line 406)
                      ; - java.util.jar.JarFile::maybeInstantiateVerifier@31 (line 725)
                      ; - java.util.jar.JarFile::ensureInitialization@1 (line 1031)
                      ; - java.util.jar.JavaUtilJarAccessImpl::ensureInitialization@1 (line 72)
                      ; - jdk.internal.loader.URLClassPath$JarLoader$2::getManifest@10 (line 885)
                      ; - java.net.URLClassLoader::defineClass@34 (line 491)
                      ; - java.net.URLClassLoader$1::run@43 (line 427)
                      ; - java.net.URLClassLoader$1::run@1 (line 421)
                      ; - java.security.AccessController::executePrivileged@29 (line 814)
                      ; - java.security.AccessController::doPrivileged@13 (line 712)
                      ; - java.net.URLClassLoader::findClass@13 (line 420)
                      ; - java.lang.ClassLoader::loadClass@69 (line 592)
  0x00000199651c01c4: 3856 7fff | 4c8b d0e9 | 13bf ffff | bae4 ffff | ff48 8bac | 2488 0000 | 0044 8b5c | 2428 4489 
  0x00000199651c01e4: 5c24 204c | 8b54 2438 | 4c89 5424 | 304c 8b54 | 2440 4c89 | 5424 384c | 8b54 2460 | 4c89 5424 
  0x00000199651c0204: 404c 8b54 | 2458 4c89 | 5424 504c | 8b54 2470 | 4c89 5424 | 604c 8954 | 2468 4c8b | 9424 8000 
  0x00000199651c0224: 0000 4c89 | 5424 784c | 8b94 2490 | 0000 004c | 8994 2488 | 0000 0048 | 899c 24c0 | 0000 0090 
  0x00000199651c0244: ;   {runtime_call UncommonTrapBlob}
  0x00000199651c0244: c5f8 77e8 

  0x00000199651c0248: ; ImmutableOopMap {rbp=Oop [64]=Oop [80]=Oop [96]=Oop [104]=Oop [120]=Oop [152]=Oop [160]=NarrowOop [164]=NarrowOop [168]=NarrowOop [192]=Oop [296]=Oop [304]=Oop }
                      ;*aastore {reexecute=1 rethrow=0 return_oop=0}
                      ; - (reexecute) java.lang.ThreadLocal$ThreadLocalMap::set@94 (line 498)
                      ; - java.lang.ThreadLocal::set@17 (line 222)
                      ; - java.util.jar.JarFile::ensureInitialization@37 (line 1036)
                      ; - java.util.jar.JavaUtilJarAccessImpl::ensureInitialization@1 (line 72)
                      ; - jdk.internal.loader.URLClassPath$JarLoader$2::getManifest@10 (line 885)
                      ; - java.net.URLClassLoader::defineClass@34 (line 491)
                      ; - java.net.URLClassLoader$1::run@43 (line 427)
                      ; - java.net.URLClassLoader$1::run@1 (line 421)
                      ; - java.security.AccessController::executePrivileged@29 (line 814)
                      ; - java.security.AccessController::doPrivileged@13 (line 712)
                      ; - java.net.URLClassLoader::findClass@13 (line 420)
                      ; - java.lang.ClassLoader::loadClass@69 (line 592)
  0x00000199651c0248: b466 7eff | bae4 ffff | ff48 8bac | 2488 0000 | 0044 8b5c | 2428 4489 | 5c24 204c | 8b5c 2438 
  0x00000199651c0268: 4c89 5c24 | 304c 8b5c | 2440 4c89 | 5c24 384c | 8b5c 2460 | 4c89 5c24 | 404c 8b5c | 2458 4c89 
  0x00000199651c0288: 5c24 504c | 8b5c 2470 | 4c89 5c24 | 604c 895c | 2468 4c8b | 9c24 8000 | 0000 4c89 | 5c24 784c 
  0x00000199651c02a8: 8b9c 2490 | 0000 004c | 899c 2488 | 0000 0044 | 8b9c 24a0 | 0000 0044 | 895c 2424 | 448b 8424 
  0x00000199651c02c8: a400 0000 | 4489 8424 | a000 0000 | 4489 9424 | ac00 0000 | 4889 9c24 | b800 0000 

  0x00000199651c02e4: ;   {runtime_call UncommonTrapBlob}
  0x00000199651c02e4: c5f8 77e8 

  0x00000199651c02e8: ; ImmutableOopMap {rbp=Oop [36]=NarrowOop [64]=Oop [80]=Oop [96]=Oop [104]=Oop [120]=Oop [152]=Oop [160]=NarrowOop [168]=NarrowOop [184]=Oop [296]=Oop [304]=Oop }
                      ;*aastore {reexecute=1 rethrow=0 return_oop=0}
                      ; - (reexecute) java.lang.ThreadLocal$ThreadLocalMap::set@94 (line 498)
                      ; - java.lang.ThreadLocal::set@17 (line 222)
                      ; - java.util.jar.JarFile::ensureInitialization@55 (line 1041)
                      ; - java.util.jar.JavaUtilJarAccessImpl::ensureInitialization@1 (line 72)
                      ; - jdk.internal.loader.URLClassPath$JarLoader$2::getManifest@10 (line 885)
                      ; - java.net.URLClassLoader::defineClass@34 (line 491)
                      ; - java.net.URLClassLoader$1::run@43 (line 427)
                      ; - java.net.URLClassLoader$1::run@1 (line 421)
                      ; - java.security.AccessController::executePrivileged@29 (line 814)
                      ; - java.security.AccessController::doPrivileged@13 (line 712)
                      ; - java.net.URLClassLoader::findClass@13 (line 420)
                      ; - java.lang.ClassLoader::loadClass@69 (line 592)
  0x00000199651c02e8: 1466 7eff | ba66 ffff | ff48 8b6c | 2450 448b | 5424 2844 | 8954 2420 | 4c8b 5424 | 384c 8954 
  0x00000199651c0308: 2430 4c8b | 5424 404c | 8954 2438 | 4c8b 5424 | 604c 8954 | 2440 4c8b | 5424 584c | 8954 2450 
  0x00000199651c0328: 4c8b 5424 | 704c 8954 | 2460 4c89 | 5424 684c | 8b94 2480 | 0000 004c | 8954 2478 | 4c8b 9424 
  0x00000199651c0348: 9000 0000 | 4c89 9424 | 8800 0000 

  0x00000199651c0354: ;   {runtime_call UncommonTrapBlob}
  0x00000199651c0354: c5f8 77e8 

  0x00000199651c0358: ; ImmutableOopMap {rbp=Oop [64]=Oop [80]=Oop [96]=Oop [104]=Oop [120]=Oop [152]=Oop [160]=NarrowOop [296]=Oop [304]=Oop }
                      ;*invokevirtual getManifest {reexecute=0 rethrow=0 return_oop=0}
                      ; - java.util.jar.JarFile::maybeInstantiateVerifier@31 (line 725)
                      ; - java.util.jar.JarFile::ensureInitialization@1 (line 1031)
                      ; - java.util.jar.JavaUtilJarAccessImpl::ensureInitialization@1 (line 72)
                      ; - jdk.internal.loader.URLClassPath$JarLoader$2::getManifest@10 (line 885)
                      ; - java.net.URLClassLoader::defineClass@34 (line 491)
                      ; - java.net.URLClassLoader$1::run@43 (line 427)
                      ; - java.net.URLClassLoader$1::run@1 (line 421)
                      ; - java.security.AccessController::executePrivileged@29 (line 814)
                      ; - java.security.AccessController::doPrivileged@13 (line 712)
                      ; - java.net.URLClassLoader::findClass@13 (line 420)
                      ; - java.lang.ClassLoader::loadClass@69 (line 592)
  0x00000199651c0358: a465 7eff | 498b d790 | c5f8 7749 | bac0 cf12 | 30fc 7f00 | 0041 ffd2 | e971 a8ff | ff49 8bd7 
  0x00000199651c0378: 0f1f 8400 | 0000 0000 | c5f8 7749 | bac0 cf12 | 30fc 7f00 | 0041 ffd2 | e996 abff | ffba 45ff 
  0x00000199651c0398: ffff 448b | 5c24 2844 | 895c 2420 | 4c8b 5c24 | 384c 895c | 2430 4c8b | 5c24 404c | 895c 2438 
  0x00000199651c03b8: 4c8b 5c24 | 604c 895c | 2440 4c8b | 5c24 584c | 895c 2450 | 4c8b 5c24 | 704c 895c | 2460 4c89 
  0x00000199651c03d8: 5c24 6844 | 8b84 24a0 | 0000 0045 | 8bd8 4489 | 5c24 7c44 | 8b84 24a4 | 0000 0044 | 8984 24a0 
  0x00000199651c03f8: 0000 0089 | 8424 a400 | 0000 6690 

  0x00000199651c0404: ;   {runtime_call UncommonTrapBlob}
  0x00000199651c0404: c5f8 77e8 

  0x00000199651c0408: ; ImmutableOopMap {rbp=Oop [64]=Oop [80]=Oop [96]=Oop [104]=Oop [124]=NarrowOop [128]=Oop [152]=Oop [160]=NarrowOop [296]=Oop [304]=Oop }
                      ;*ifne {reexecute=1 rethrow=0 return_oop=0}
                      ; - (reexecute) java.lang.ThreadLocal$ThreadLocalMap::set@116 (line 500)
                      ; - java.lang.ThreadLocal::set@17 (line 222)
                      ; - java.util.jar.JarFile::ensureInitialization@37 (line 1036)
                      ; - java.util.jar.JavaUtilJarAccessImpl::ensureInitialization@1 (line 72)
                      ; - jdk.internal.loader.URLClassPath$JarLoader$2::getManifest@10 (line 885)
                      ; - java.net.URLClassLoader::defineClass@34 (line 491)
                      ; - java.net.URLClassLoader$1::run@43 (line 427)
                      ; - java.net.URLClassLoader$1::run@1 (line 421)
                      ; - java.security.AccessController::executePrivileged@29 (line 814)
                      ; - java.security.AccessController::doPrivileged@13 (line 712)
                      ; - java.net.URLClassLoader::findClass@13 (line 420)
                      ; - java.lang.ClassLoader::loadClass@69 (line 592)
  0x00000199651c0408: f464 7eff | 498b d7c5 | f877 49ba | c0cf 1230 | fc7f 0000 | 41ff d290 | e926 a6ff | ff49 8bd7 
  0x00000199651c0428: c5f8 7749 | bac0 cf12 | 30fc 7f00 | 0041 ffd2 | e95d a6ff | ff49 8bd7 | c5f8 7749 | bac0 cf12 
  0x00000199651c0448: 30fc 7f00 | 0041 ffd2 | e9b6 a6ff | ffba 45ff | ffff 448b | 5c24 2844 | 895c 2420 | 4c8b 5424 
  0x00000199651c0468: 384c 8954 | 2430 4c8b | 5424 404c | 8954 2438 | 4c8b 5424 | 604c 8954 | 2440 4c8b | 5424 584c 
  0x00000199651c0488: 8954 2450 | 4c8b 5424 | 704c 8954 | 2460 4c89 | 5424 6844 | 8b94 24a0 | 0000 0044 | 8954 2424 
  0x00000199651c04a8: 8984 24a0 | 0000 0090 

  0x00000199651c04b0: ;   {runtime_call UncommonTrapBlob}
  0x00000199651c04b0: c5f8 77e8 

  0x00000199651c04b4: ; ImmutableOopMap {rbp=Oop [36]=NarrowOop [64]=Oop [80]=Oop [96]=Oop [104]=Oop [128]=Oop [152]=Oop [164]=NarrowOop [296]=Oop [304]=Oop }
                      ;*ifne {reexecute=1 rethrow=0 return_oop=0}
                      ; - (reexecute) java.lang.ThreadLocal$ThreadLocalMap::set@116 (line 500)
                      ; - java.lang.ThreadLocal::set@17 (line 222)
                      ; - java.util.jar.JarFile::ensureInitialization@55 (line 1041)
                      ; - java.util.jar.JavaUtilJarAccessImpl::ensureInitialization@1 (line 72)
                      ; - jdk.internal.loader.URLClassPath$JarLoader$2::getManifest@10 (line 885)
                      ; - java.net.URLClassLoader::defineClass@34 (line 491)
                      ; - java.net.URLClassLoader$1::run@43 (line 427)
                      ; - java.net.URLClassLoader$1::run@1 (line 421)
                      ; - java.security.AccessController::executePrivileged@29 (line 814)
                      ; - java.security.AccessController::doPrivileged@13 (line 712)
                      ; - java.net.URLClassLoader::findClass@13 (line 420)
                      ; - java.lang.ClassLoader::loadClass@69 (line 592)
  0x00000199651c04b4: 4864 7eff | 498b d70f | 1f44 0000 | c5f8 7749 | bac0 cf12 | 30fc 7f00 | 0041 ffd2 | e9d6 a8ff 
  0x00000199651c04d4: ff49 8bd7 | 0f1f 8400 | 0000 0000 | c5f8 7749 | bac0 cf12 | 30fc 7f00 | 0041 ffd2 | e905 a9ff 
  0x00000199651c04f4: ff8b 7c24 | 2c49 8bd7 | 0f1f 4000 | c5f8 7749 | bac0 cf12 | 30fc 7f00 | 0041 ffd2 | e9aa dfff 
  0x00000199651c0514: ff49 8bd7 | 0f1f 8400 | 0000 0000 | c5f8 7749 | bac0 cf12 | 30fc 7f00 | 0041 ffd2 | e9aa e1ff 
  0x00000199651c0534: ffba 4f00 | 0000 4c8b | 5424 784c | 8954 2420 | 4c8b 5424 | 604c 8954 | 2448 4489 | 8424 c800 
  0x00000199651c0554: 0000 6690 

  0x00000199651c0558: ;   {runtime_call UncommonTrapBlob}
  0x00000199651c0558: c5f8 77e8 

  0x00000199651c055c: ; ImmutableOopMap {[32]=Oop [72]=Oop [88]=Oop [112]=Oop [128]=Oop [152]=Oop [160]=NarrowOop [168]=Oop [176]=Oop [200]=NarrowOop [296]=Oop [304]=Oop }
                      ;*new {reexecute=0 rethrow=0 return_oop=0}
                      ; - java.util.jar.JarFile::getBytes@20 (line 804)
                      ; - java.util.jar.JarFile::getManifestFromReference@44 (line 419)
                      ; - java.util.jar.JarFile::getManifest@1 (line 406)
                      ; - java.util.jar.JarFile::maybeInstantiateVerifier@31 (line 725)
                      ; - java.util.jar.JarFile::ensureInitialization@1 (line 1031)
                      ; - java.util.jar.JavaUtilJarAccessImpl::ensureInitialization@1 (line 72)
                      ; - jdk.internal.loader.URLClassPath$JarLoader$2::getManifest@10 (line 885)
                      ; - java.net.URLClassLoader::defineClass@34 (line 491)
                      ; - java.net.URLClassLoader$1::run@43 (line 427)
                      ; - java.net.URLClassLoader$1::run@1 (line 421)
                      ; - java.security.AccessController::executePrivileged@29 (line 814)
                      ; - java.security.AccessController::doPrivileged@13 (line 712)
                      ; - java.net.URLClassLoader::findClass@13 (line 420)
                      ; - java.lang.ClassLoader::loadClass@69 (line 592)
  0x00000199651c055c: a063 7eff | bade ffff | ff44 8b5c | 2428 4489 | 5c24 204c | 8b54 2438 | 4c89 5424 | 304c 8b54 
  0x00000199651c057c: 2440 4c89 | 5424 384c | 8b54 2460 | 4c89 5424 | 404c 8b54 | 2458 4c89 | 5424 504c | 8b54 2470 
  0x00000199651c059c: 4c89 5424 | 604c 8954 | 2468 6690 

  0x00000199651c05a8: ;   {runtime_call UncommonTrapBlob}
  0x00000199651c05a8: c5f8 77e8 

  0x00000199651c05ac: ; ImmutableOopMap {rbp=Oop [64]=Oop [80]=Oop [96]=Oop [104]=Oop [120]=Oop [128]=Oop [152]=Oop [160]=NarrowOop [164]=NarrowOop [168]=Oop [296]=Oop [304]=Oop [312]=Oop }
                      ;*invokevirtual getName {reexecute=0 rethrow=0 return_oop=0}
                      ; - java.util.jar.JarFile::getManifestFromReference@74 (line 422)
                      ; - java.util.jar.JarFile::getManifest@1 (line 406)
                      ; - java.util.jar.JarFile::maybeInstantiateVerifier@31 (line 725)
                      ; - java.util.jar.JarFile::ensureInitialization@1 (line 1031)
                      ; - java.util.jar.JavaUtilJarAccessImpl::ensureInitialization@1 (line 72)
                      ; - jdk.internal.loader.URLClassPath$JarLoader$2::getManifest@10 (line 885)
                      ; - java.net.URLClassLoader::defineClass@34 (line 491)
                      ; - java.net.URLClassLoader$1::run@43 (line 427)
                      ; - java.net.URLClassLoader$1::run@1 (line 421)
                      ; - java.security.AccessController::executePrivileged@29 (line 814)
                      ; - java.security.AccessController::doPrivileged@13 (line 712)
                      ; - java.net.URLClassLoader::findClass@13 (line 420)
                      ; - java.lang.ClassLoader::loadClass@69 (line 592)
  0x00000199651c05ac: 5063 7eff | ba85 0100 | 0048 8bac | 2488 0000 | 0044 8b44 | 2428 4489 | 4424 204c | 8b44 2438 
  0x00000199651c05cc: 4c89 4424 | 304c 8b44 | 2440 4c89 | 4424 384c | 8b44 2460 | 4c89 4424 | 404c 8b44 | 2458 4c89 
  0x00000199651c05ec: 4424 504c | 8b44 2470 | 4c89 4424 | 604c 8944 | 2468 4c8b | 8424 8000 | 0000 4c89 | 4424 784c 
  0x00000199651c060c: 8b84 2490 | 0000 004c | 8984 2488 | 0000 0044 | 899c 24c0 | 0000 0044 | 8994 24c4 | 0000 0090 
  0x00000199651c062c: ;   {runtime_call UncommonTrapBlob}
  0x00000199651c062c: c5f8 77e8 

  0x00000199651c0630: ; ImmutableOopMap {rbp=Oop [64]=Oop [80]=Oop [96]=Oop [104]=Oop [120]=Oop [152]=Oop [160]=NarrowOop [164]=NarrowOop [168]=Oop [176]=Oop [296]=Oop [304]=Oop }
                      ;*new {reexecute=0 rethrow=0 return_oop=0}
                      ; - java.util.jar.JarFile::getBytes@141 (line 823)
                      ; - java.util.jar.JarFile::getManifestFromReference@44 (line 419)
                      ; - java.util.jar.JarFile::getManifest@1 (line 406)
                      ; - java.util.jar.JarFile::maybeInstantiateVerifier@31 (line 725)
                      ; - java.util.jar.JarFile::ensureInitialization@1 (line 1031)
                      ; - java.util.jar.JavaUtilJarAccessImpl::ensureInitialization@1 (line 72)
                      ; - jdk.internal.loader.URLClassPath$JarLoader$2::getManifest@10 (line 885)
                      ; - java.net.URLClassLoader::defineClass@34 (line 491)
                      ; - java.net.URLClassLoader$1::run@43 (line 427)
                      ; - java.net.URLClassLoader$1::run@1 (line 421)
                      ; - java.security.AccessController::executePrivileged@29 (line 814)
                      ; - java.security.AccessController::doPrivileged@13 (line 712)
                      ; - java.net.URLClassLoader::findClass@13 (line 420)
                      ; - java.lang.ClassLoader::loadClass@69 (line 592)
  0x00000199651c0630: cc62 7eff | 498b d766 | 0f1f 8400 | 0000 0000 | c5f8 7749 | bac0 cf12 | 30fc 7f00 | 0041 ffd2 
  0x00000199651c0650: e936 ccff | ff49 8bd7 | 0f1f 8400 | 0000 0000 | c5f8 7749 | bac0 cf12 | 30fc 7f00 | 0041 ffd2 
  0x00000199651c0670: e998 e5ff | ffba deff | ffff 448b | 5424 2844 | 8954 2420 | 4c8b 5424 | 384c 8954 | 2430 4c8b 
  0x00000199651c0690: 5424 404c | 8954 2438 | 4c8b 5424 | 604c 8954 | 2440 4c8b | 5424 584c | 8954 2450 | 4c8b 5424 
  0x00000199651c06b0: 704c 8954 | 2460 4c89 | 5424 684c | 8b94 2480 | 0000 004c | 8954 2478 | 4c8b 9424 | 9000 0000 
  0x00000199651c06d0: 4c89 9424 | 8800 0000 | 4c89 9c24 | b800 0000 | 4c89 8424 | c000 0000 

  0x00000199651c06e8: ;   {runtime_call UncommonTrapBlob}
  0x00000199651c06e8: c5f8 77e8 

  0x00000199651c06ec: ; ImmutableOopMap {rbp=Oop [64]=Oop [80]=Oop [96]=Oop [104]=Oop [120]=Oop [152]=Oop [160]=NarrowOop [168]=Oop [184]=Oop [192]=Oop [296]=Oop [304]=Oop }
                      ;*invokevirtual close {reexecute=0 rethrow=0 return_oop=0}
                      ; - java.util.jar.JarFile::getManifestFromReference@152 (line 434)
                      ; - java.util.jar.JarFile::getManifest@1 (line 406)
                      ; - java.util.jar.JarFile::maybeInstantiateVerifier@31 (line 725)
                      ; - java.util.jar.JarFile::ensureInitialization@1 (line 1031)
                      ; - java.util.jar.JavaUtilJarAccessImpl::ensureInitialization@1 (line 72)
                      ; - jdk.internal.loader.URLClassPath$JarLoader$2::getManifest@10 (line 885)
                      ; - java.net.URLClassLoader::defineClass@34 (line 491)
                      ; - java.net.URLClassLoader$1::run@43 (line 427)
                      ; - java.net.URLClassLoader$1::run@1 (line 421)
                      ; - java.security.AccessController::executePrivileged@29 (line 814)
                      ; - java.security.AccessController::doPrivileged@13 (line 712)
                      ; - java.net.URLClassLoader::findClass@13 (line 420)
                      ; - java.lang.ClassLoader::loadClass@69 (line 592)
  0x00000199651c06ec: 1062 7eff | ba45 ffff | ff4c 8b94 | 2488 0000 | 004c 8954 | 2420 4c8b | 5424 604c | 8954 2448 
  0x00000199651c070c: ;   {runtime_call UncommonTrapBlob}
  0x00000199651c070c: c5f8 77e8 

  0x00000199651c0710: ; ImmutableOopMap {[32]=Oop [72]=Oop [88]=Oop [112]=Oop [128]=Oop [152]=Oop [160]=NarrowOop [164]=NarrowOop [168]=Oop [296]=Oop [304]=Oop [312]=Oop }
                      ;*ifne {reexecute=1 rethrow=0 return_oop=0}
                      ; - (reexecute) java.util.jar.JarFile::getManifestFromReference@52 (line 420)
                      ; - java.util.jar.JarFile::getManifest@1 (line 406)
                      ; - java.util.jar.JarFile::maybeInstantiateVerifier@31 (line 725)
                      ; - java.util.jar.JarFile::ensureInitialization@1 (line 1031)
                      ; - java.util.jar.JavaUtilJarAccessImpl::ensureInitialization@1 (line 72)
                      ; - jdk.internal.loader.URLClassPath$JarLoader$2::getManifest@10 (line 885)
                      ; - java.net.URLClassLoader::defineClass@34 (line 491)
                      ; - java.net.URLClassLoader$1::run@43 (line 427)
                      ; - java.net.URLClassLoader$1::run@1 (line 421)
                      ; - java.security.AccessController::executePrivileged@29 (line 814)
                      ; - java.security.AccessController::doPrivileged@13 (line 712)
                      ; - java.net.URLClassLoader::findClass@13 (line 420)
                      ; - java.lang.ClassLoader::loadClass@69 (line 592)
  0x00000199651c0710: ec61 7eff | ba45 ffff | ff44 8b5c | 2428 4489 | 5c24 204c | 8b5c 2438 | 4c89 5c24 | 304c 8b5c 
  0x00000199651c0730: 2440 4c89 | 5c24 384c | 8b5c 2460 | 4c89 5c24 | 404c 8b5c | 2458 4c89 | 5c24 504c | 8b5c 2470 
  0x00000199651c0750: 4c89 5c24 | 604c 895c | 2468 4c8b | 9c24 8000 | 0000 4c89 | 5c24 784c | 8b9c 2490 | 0000 004c 
  0x00000199651c0770: 899c 2488 | 0000 0089 | 8424 c000 | 0000 6690 

  0x00000199651c0780: ;   {runtime_call UncommonTrapBlob}
  0x00000199651c0780: c5f8 77e8 

  0x00000199651c0784: ; ImmutableOopMap {rbp=Oop [64]=Oop [80]=Oop [96]=Oop [104]=Oop [120]=Oop [152]=Oop [160]=NarrowOop [164]=NarrowOop [168]=Oop [296]=Oop [304]=Oop [312]=Oop }
                      ;*if_icmpne {reexecute=1 rethrow=0 return_oop=0}
                      ; - (reexecute) java.util.jar.JarFile::getManifestFromReference@65 (line 421)
                      ; - java.util.jar.JarFile::getManifest@1 (line 406)
                      ; - java.util.jar.JarFile::maybeInstantiateVerifier@31 (line 725)
                      ; - java.util.jar.JarFile::ensureInitialization@1 (line 1031)
                      ; - java.util.jar.JavaUtilJarAccessImpl::ensureInitialization@1 (line 72)
                      ; - jdk.internal.loader.URLClassPath$JarLoader$2::getManifest@10 (line 885)
                      ; - java.net.URLClassLoader::defineClass@34 (line 491)
                      ; - java.net.URLClassLoader$1::run@43 (line 427)
                      ; - java.net.URLClassLoader$1::run@1 (line 421)
                      ; - java.security.AccessController::executePrivileged@29 (line 814)
                      ; - java.security.AccessController::doPrivileged@13 (line 712)
                      ; - java.net.URLClassLoader::findClass@13 (line 420)
                      ; - java.lang.ClassLoader::loadClass@69 (line 592)
  0x00000199651c0784: 7861 7eff | 498b d7c5 | f877 49ba | c0cf 1230 | fc7f 0000 | 41ff d20f | 1f44 0000 | e975 bdff 
  0x00000199651c07a4: ff49 8bd7 | c5f8 7749 | bac0 cf12 | 30fc 7f00 | 0041 ffd2 | e9ae bdff | ff49 8bd7 | c5f8 7749 
  0x00000199651c07c4: bac0 cf12 | 30fc 7f00 | 0041 ffd2 | e900 bdff | ff49 8bd7 | 0f1f 8400 | 0000 0000 | c5f8 7749 
  0x00000199651c07e4: bac0 cf12 | 30fc 7f00 | 0041 ffd2 | e99c bbff | ff49 8bd7 | 0f1f 8400 | 0000 0000 | c5f8 7749 
  0x00000199651c0804: bac0 cf12 | 30fc 7f00 | 0041 ffd2 | e91c bcff | ff49 8bd7 | 0f1f 8400 | 0000 0000 | c5f8 7749 
  0x00000199651c0824: bac0 cf12 | 30fc 7f00 | 0041 ffd2 | e9a9 beff | ff49 8bd7 | 0f1f 8400 | 0000 0000 | c5f8 7749 
  0x00000199651c0844: bac0 cf12 | 30fc 7f00 | 0041 ffd2 | e948 beff | ff49 8bd7 | 0f1f 8400 | 0000 0000 | c5f8 7749 
  0x00000199651c0864: bac0 cf12 | 30fc 7f00 | 0041 ffd2 | e9a8 bfff | ff49 8bd7 | 0f1f 8400 | 0000 0000 | c5f8 7749 
  0x00000199651c0884: bac0 cf12 | 30fc 7f00 | 0041 ffd2 | e9c9 bfff | ff49 8bd7 | 0f1f 8400 | 0000 0000 | c5f8 7749 
  0x00000199651c08a4: bac0 cf12 | 30fc 7f00 | 0041 ffd2 | e9e8 c0ff | ff49 8bd7 | 0f1f 8400 | 0000 0000 | c5f8 7749 
  0x00000199651c08c4: bac0 cf12 | 30fc 7f00 | 0041 ffd2 | e909 c1ff | ff49 8bd7 | 0f1f 8400 | 0000 0000 | c5f8 7749 
  0x00000199651c08e4: bac0 cf12 | 30fc 7f00 | 0041 ffd2 | e99a c1ff | ff49 8bd7 | 0f1f 8400 | 0000 0000 | c5f8 7749 
  0x00000199651c0904: bac0 cf12 | 30fc 7f00 | 0041 ffd2 | e9c7 c1ff | ff49 8bd7 | 0f1f 8400 | 0000 0000 | c5f8 7749 
  0x00000199651c0924: bac0 cf12 | 30fc 7f00 | 0041 ffd2 | e9b6 c2ff | ff49 8bd7 | 0f1f 8400 | 0000 0000 | c5f8 7749 
  0x00000199651c0944: bac0 cf12 | 30fc 7f00 | 0041 ffd2 | e9dc c2ff | ff49 8bd7 | 0f1f 8400 | 0000 0000 | c5f8 7749 
  0x00000199651c0964: bac0 cf12 | 30fc 7f00 | 0041 ffd2 | e97c c4ff | ff49 8bd7 | 0f1f 8400 | 0000 0000 | c5f8 7749 
  0x00000199651c0984: bac0 cf12 | 30fc 7f00 | 0041 ffd2 | e946 c3ff | ff49 8bd7 | 0f1f 8400 | 0000 0000 | c5f8 7749 
  0x00000199651c09a4: bac0 cf12 | 30fc 7f00 | 0041 ffd2 | e981 c4ff | ff49 8bd7 | 0f1f 8400 | 0000 0000 | c5f8 7749 
  0x00000199651c09c4: bac0 cf12 | 30fc 7f00 | 0041 ffd2 | e981 c3ff | ff49 8bd7 | 0f1f 8400 | 0000 0000 | c5f8 7749 
  0x00000199651c09e4: bac0 cf12 | 30fc 7f00 | 0041 ffd2 | e91c c7ff | ff49 8bd7 | 0f1f 8400 | 0000 0000 | c5f8 7749 
  0x00000199651c0a04: bac0 cf12 | 30fc 7f00 | 0041 ffd2 | e95f c6ff | ff49 8bd7 | 0f1f 8400 | 0000 0000 | c5f8 7749 
  0x00000199651c0a24: bac0 cf12 | 30fc 7f00 | 0041 ffd2 | e9e2 c5ff | ff49 8bd7 | 0f1f 8400 | 0000 0000 | c5f8 7749 
  0x00000199651c0a44: bac0 cf12 | 30fc 7f00 | 0041 ffd2 | e926 c7ff | ff49 63ca | e9a0 b5ff | ff49 8bd7 | c5f8 7749 
  0x00000199651c0a64: bac0 cf12 | 30fc 7f00 | 0041 ffd2 | e9a4 b3ff | ff49 8bd7 | 0f1f 8400 | 0000 0000 | c5f8 7749 
  0x00000199651c0a84: bac0 cf12 | 30fc 7f00 | 0041 ffd2 | e90c efff | ff49 8bd7 | 0f1f 8400 | 0000 0000 | c5f8 7749 
  0x00000199651c0aa4: bac0 cf12 | 30fc 7f00 | 0041 ffd2 | e937 efff | ff48 8b5c | 2478 498b | d766 6690 | c5f8 7749 
  0x00000199651c0ac4: bac0 cf12 | 30fc 7f00 | 0041 ffd2 | e95f efff | ffba deff | ffff 448b | 5c24 2844 | 895c 2420 
  0x00000199651c0ae4: 4c8b 5c24 | 384c 895c | 2430 4c8b | 5c24 404c | 895c 2438 | 4c8b 5c24 | 604c 895c | 2440 4c8b 
  0x00000199651c0b04: 5c24 584c | 895c 2450 | 4c8b 5c24 | 704c 895c | 2460 4c89 | 5c24 6848 | 8984 24b8 | 0000 0090 
  0x00000199651c0b24: ;   {runtime_call UncommonTrapBlob}
  0x00000199651c0b24: c5f8 77e8 

  0x00000199651c0b28: ; ImmutableOopMap {rbp=Oop [64]=Oop [80]=Oop [96]=Oop [104]=Oop [120]=Oop [128]=Oop [152]=Oop [160]=NarrowOop [184]=Oop [296]=Oop [304]=Oop }
                      ;*checkcast {reexecute=0 rethrow=0 return_oop=0}
                      ; - java.util.jar.JarFile::getManEntry@28 (line 944)
                      ; - java.util.jar.JarFile::getManifestFromReference@27 (line 414)
                      ; - java.util.jar.JarFile::getManifest@1 (line 406)
                      ; - java.util.jar.JarFile::maybeInstantiateVerifier@31 (line 725)
                      ; - java.util.jar.JarFile::ensureInitialization@1 (line 1031)
                      ; - java.util.jar.JavaUtilJarAccessImpl::ensureInitialization@1 (line 72)
                      ; - jdk.internal.loader.URLClassPath$JarLoader$2::getManifest@10 (line 885)
                      ; - java.net.URLClassLoader::defineClass@34 (line 491)
                      ; - java.net.URLClassLoader$1::run@43 (line 427)
                      ; - java.net.URLClassLoader$1::run@1 (line 421)
                      ; - java.security.AccessController::executePrivileged@29 (line 814)
                      ; - java.security.AccessController::doPrivileged@13 (line 712)
                      ; - java.net.URLClassLoader::findClass@13 (line 420)
                      ; - java.lang.ClassLoader::loadClass@69 (line 592)
  0x00000199651c0b28: d45d 7eff | 488b f849 | 8bdb 498b | d766 6666 | 0f1f 8400 | 0000 0000 | c5f8 7749 | bac0 cf12 
  0x00000199651c0b48: 30fc 7f00 | 0041 ffd2 | e93b f2ff | ffba deff | ffff 4c8b | 5424 504c | 8954 2420 | 4c8b 5424 
  0x00000199651c0b68: 604c 8954 | 2448 4c89 | 9c24 b800 | 0000 6690 

  0x00000199651c0b78: ;   {runtime_call UncommonTrapBlob}
  0x00000199651c0b78: c5f8 77e8 

  0x00000199651c0b7c: ; ImmutableOopMap {rbp=NarrowOop [32]=Oop [72]=Oop [88]=Oop [112]=Oop [128]=Oop [152]=Oop [160]=NarrowOop [184]=Oop [296]=Oop [304]=Oop }
                      ;*checkcast {reexecute=0 rethrow=0 return_oop=0}
                      ; - java.util.jar.JarFile::getManifestFromReference@14 (line 410)
                      ; - java.util.jar.JarFile::getManifest@1 (line 406)
                      ; - java.util.jar.JarFile::maybeInstantiateVerifier@31 (line 725)
                      ; - java.util.jar.JarFile::ensureInitialization@1 (line 1031)
                      ; - java.util.jar.JavaUtilJarAccessImpl::ensureInitialization@1 (line 72)
                      ; - jdk.internal.loader.URLClassPath$JarLoader$2::getManifest@10 (line 885)
                      ; - java.net.URLClassLoader::defineClass@34 (line 491)
                      ; - java.net.URLClassLoader$1::run@43 (line 427)
                      ; - java.net.URLClassLoader$1::run@1 (line 421)
                      ; - java.security.AccessController::executePrivileged@29 (line 814)
                      ; - java.security.AccessController::doPrivileged@13 (line 712)
                      ; - java.net.URLClassLoader::findClass@13 (line 420)
                      ; - java.lang.ClassLoader::loadClass@69 (line 592)
  0x00000199651c0b7c: 805d 7eff | bade ffff | ff4c 8b94 | 2488 0000 | 004c 8954 | 2420 4c8b | 5424 604c | 8954 2448 
  0x00000199651c0b9c: 4c8b 9424 | a800 0000 | 4c89 9424 | 8000 0000 | 4889 bc24 | 8800 0000 | 4889 9c24 | a800 0000 
  0x00000199651c0bbc: ;   {runtime_call UncommonTrapBlob}
  0x00000199651c0bbc: c5f8 77e8 

  0x00000199651c0bc0: ; ImmutableOopMap {rbp=NarrowOop [32]=Oop [72]=Oop [88]=Oop [112]=Oop [128]=Oop [136]=Oop [168]=Oop [296]=Oop [304]=Oop }
                      ;*checkcast {reexecute=0 rethrow=0 return_oop=0}
                      ; - java.util.jar.JarFile::getManifestFromReference@14 (line 410)
                      ; - java.util.jar.JarFile::getManifest@1 (line 406)
                      ; - jdk.internal.loader.URLClassPath$JarLoader$2::getManifest@22 (line 886)
                      ; - java.net.URLClassLoader::defineClass@34 (line 491)
                      ; - java.net.URLClassLoader$1::run@43 (line 427)
                      ; - java.net.URLClassLoader$1::run@1 (line 421)
                      ; - java.security.AccessController::executePrivileged@29 (line 814)
                      ; - java.security.AccessController::doPrivileged@13 (line 712)
                      ; - java.net.URLClassLoader::findClass@13 (line 420)
                      ; - java.lang.ClassLoader::loadClass@69 (line 592)
  0x00000199651c0bc0: 3c5d 7eff | 488b e8e9 | 8c87 ffff | 448b 5808 

  0x00000199651c0bd0: ;   {metadata('java/lang/ClassNotFoundException')}
  0x00000199651c0bd0: 4181 fb00 | 2802 0075 | 0c8b 5d7c | 0f1f 4000 | e9fa 78ff | ff48 8be8 | e96b 87ff | ff48 8be8 
  0x00000199651c0bf0: e963 87ff | ff48 8be8 | e95b 87ff | ff48 8be8 | e953 87ff | ffba f6ff | ffff 488b | 6c24 4890 
  0x00000199651c0c10: ;   {runtime_call UncommonTrapBlob}
  0x00000199651c0c10: c5f8 77e8 

  0x00000199651c0c14: ; ImmutableOopMap {rbp=Oop [80]=Oop [96]=Oop }
                      ;*arraylength {reexecute=0 rethrow=0 return_oop=0}
                      ; - java.lang.String::isEmpty@4 (line 1494)
                      ; - java.lang.ClassLoader::checkName@5 (line 1145)
                      ; - java.lang.ClassLoader::findLoadedClass@1 (line 1288)
                      ; - java.lang.ClassLoader::loadClass@10 (line 574)
  0x00000199651c0c14: e85c 7eff | baf6 ffff | ff48 8bac | 2488 0000 | 0044 8b54 | 2428 4489 | 5424 204c | 8b54 2438 
  0x00000199651c0c34: 4c89 5424 | 304c 8b54 | 2440 4c89 | 5424 384c | 8b54 2460 | 4c89 5424 | 4048 895c | 2450 4c89 
  0x00000199651c0c54: 6c24 5890 

  0x00000199651c0c58: ;   {runtime_call UncommonTrapBlob}
  0x00000199651c0c58: c5f8 77e8 

  0x00000199651c0c5c: ; ImmutableOopMap {rbp=Oop [64]=Oop [80]=Oop [88]=Oop }
                      ;*arraylength {reexecute=0 rethrow=0 return_oop=0}
                      ; - java.lang.StringLatin1::replace@8 (line 304)
                      ; - java.lang.String::replace@18 (line 2808)
                      ; - java.net.URLClassLoader$1::run@8 (line 423)
                      ; - java.net.URLClassLoader$1::run@1 (line 421)
                      ; - java.security.AccessController::executePrivileged@29 (line 814)
                      ; - java.security.AccessController::doPrivileged@13 (line 712)
                      ; - java.net.URLClassLoader::findClass@13 (line 420)
                      ; - java.lang.ClassLoader::loadClass@69 (line 592)
  0x00000199651c0c5c: a05c 7eff | ba45 ffff | ff48 8b6c | 2448 4c8b | 5424 504c | 8954 2420 

  0x00000199651c0c74: ;   {runtime_call UncommonTrapBlob}
  0x00000199651c0c74: c5f8 77e8 

  0x00000199651c0c78: ; ImmutableOopMap {rbp=Oop [32]=Oop [96]=Oop }
                      ;*ifnull {reexecute=1 rethrow=0 return_oop=0}
                      ; - (reexecute) java.lang.ClassLoader::checkName@1 (line 1145)
                      ; - java.lang.ClassLoader::findLoadedClass@1 (line 1288)
                      ; - java.lang.ClassLoader::loadClass@10 (line 574)
  0x00000199651c0c78: 845c 7eff | baf6 ffff | ff44 8b5c | 2428 4489 | 5c24 204c | 8b54 2438 | 4c89 5424 | 304c 8b54 
  0x00000199651c0c98: 2440 4c89 | 5424 384c | 8b54 2460 | 4c89 5424 | 404c 8b54 | 2470 4c89 | 5424 484c | 8b54 2458 
  0x00000199651c0cb8: 4c89 5424 | 504c 8b94 | 24a8 0000 | 004c 8994 | 2480 0000 | 0066 6690 

  0x00000199651c0cd0: ;   {runtime_call UncommonTrapBlob}
  0x00000199651c0cd0: c5f8 77e8 

  0x00000199651c0cd4: ; ImmutableOopMap {rbp=Oop [64]=Oop [72]=Oop [80]=Oop [128]=Oop [168]=Oop }
                      ;*arraylength {reexecute=0 rethrow=0 return_oop=0}
                      ; - java.lang.String::length@4 (line 1481)
                      ; - java.lang.String::lastIndexOf@3 (line 2451)
                      ; - java.net.URLClassLoader::defineClass@7 (line 486)
                      ; - java.net.URLClassLoader$1::run@43 (line 427)
                      ; - java.net.URLClassLoader$1::run@1 (line 421)
                      ; - java.security.AccessController::executePrivileged@29 (line 814)
                      ; - java.security.AccessController::doPrivileged@13 (line 712)
                      ; - java.net.URLClassLoader::findClass@13 (line 420)
                      ; - java.lang.ClassLoader::loadClass@69 (line 592)
  0x00000199651c0cd4: 285c 7eff | baf6 ffff | ff44 8b5c | 2428 4489 | 5c24 204c | 8b54 2438 | 4c89 5424 | 304c 8b54 
  0x00000199651c0cf4: 2440 4c89 | 5424 384c | 8b54 2460 | 4c89 5424 | 404c 8b54 | 2458 4c89 | 5424 504c | 8b54 2470 
  0x00000199651c0d14: 4c89 5424 | 604c 8954 | 2468 4c8b | 9424 8000 | 0000 4c89 | 5424 7890 

  0x00000199651c0d2c: ;   {runtime_call UncommonTrapBlob}
  0x00000199651c0d2c: c5f8 77e8 

  0x00000199651c0d30: ; ImmutableOopMap {rbp=Oop [64]=Oop [80]=Oop [96]=Oop [104]=Oop [120]=Oop [152]=Oop }
                      ;*arraylength {reexecute=0 rethrow=0 return_oop=0}
                      ; - java.net.URLClassLoader::defineClass@217 (line 524)
                      ; - java.net.URLClassLoader$1::run@43 (line 427)
                      ; - java.net.URLClassLoader$1::run@1 (line 421)
                      ; - java.security.AccessController::executePrivileged@29 (line 814)
                      ; - java.security.AccessController::doPrivileged@13 (line 712)
                      ; - java.net.URLClassLoader::findClass@13 (line 420)
                      ; - java.lang.ClassLoader::loadClass@69 (line 592)
  0x00000199651c0d30: cc5b 7eff | baf6 ffff | ff4c 8b94 | 2488 0000 | 004c 8954 | 2420 4c8b | 5424 604c | 8954 2448 
  0x00000199651c0d50: 4c8b 5424 | 704c 8954 | 2450 4489 | 5c24 2c90 

  0x00000199651c0d60: ;   {runtime_call UncommonTrapBlob}
  0x00000199651c0d60: c5f8 77e8 

  0x00000199651c0d64: ; ImmutableOopMap {rbp=Oop [32]=Oop [72]=Oop [80]=Oop [88]=Oop [168]=Oop }
                      ;*getfield csu {reexecute=1 rethrow=0 return_oop=0}
                      ; - (reexecute) jdk.internal.loader.URLClassPath$JarLoader$2::getCodeSourceURL@4 (line 879)
                      ; - java.net.URLClassLoader::defineClass@13 (line 487)
                      ; - java.net.URLClassLoader$1::run@43 (line 427)
                      ; - java.net.URLClassLoader$1::run@1 (line 421)
                      ; - java.security.AccessController::executePrivileged@29 (line 814)
                      ; - java.security.AccessController::doPrivileged@13 (line 712)
                      ; - java.net.URLClassLoader::findClass@13 (line 420)
                      ; - java.lang.ClassLoader::loadClass@69 (line 592)
  0x00000199651c0d64: 985b 7eff | baf6 ffff | ff48 8bac | 2488 0000 | 0044 8b54 | 2428 4489 | 5424 204c | 8b54 2438 
  0x00000199651c0d84: 4c89 5424 | 304c 8b54 | 2440 4c89 | 5424 384c | 8b54 2460 | 4c89 5424 | 404c 8b54 | 2458 4c89 
  0x00000199651c0da4: 5424 504c | 8b54 2470 | 4c89 5424 | 604c 8954 | 2468 4c8b | 9424 9000 | 0000 4c89 | 9424 8800 
  0x00000199651c0dc4: 0000 6690 

  0x00000199651c0dc8: ;   {runtime_call UncommonTrapBlob}
  0x00000199651c0dc8: c5f8 77e8 

  0x00000199651c0dcc: ; ImmutableOopMap {rbp=Oop [64]=Oop [80]=Oop [96]=Oop [104]=Oop [168]=Oop [296]=Oop }
                      ;*arraylength {reexecute=0 rethrow=0 return_oop=0}
                      ; - java.lang.String::length@4 (line 1481)
                      ; - java.lang.String::substring@1 (line 2708)
                      ; - java.net.URLClassLoader::defineClass@28 (line 489)
                      ; - java.net.URLClassLoader$1::run@43 (line 427)
                      ; - java.net.URLClassLoader$1::run@1 (line 421)
                      ; - java.security.AccessController::executePrivileged@29 (line 814)
                      ; - java.security.AccessController::doPrivileged@13 (line 712)
                      ; - java.net.URLClassLoader::findClass@13 (line 420)
                      ; - java.lang.ClassLoader::loadClass@69 (line 592)
  0x00000199651c0dcc: 305b 7eff | baf6 ffff | ff48 8bac | 2488 0000 | 0044 8b5c | 2428 4489 | 5c24 204c | 8b54 2438 
  0x00000199651c0dec: 4c89 5424 | 304c 8b54 | 2440 4c89 | 5424 384c | 8b54 2460 | 4c89 5424 | 404c 8b54 | 2458 4c89 
  0x00000199651c0e0c: 5424 504c | 8b54 2470 | 4c89 5424 | 604c 8954 | 2468 4889 | bc24 8000 | 0000 4c8b | 9424 9000 
  0x00000199651c0e2c: 0000 4c89 | 9424 8800 | 0000 6690 

  0x00000199651c0e38: ;   {runtime_call UncommonTrapBlob}
  0x00000199651c0e38: c5f8 77e8 

  0x00000199651c0e3c: ; ImmutableOopMap {rbp=Oop [64]=Oop [80]=Oop [96]=Oop [104]=Oop [128]=Oop [168]=Oop [296]=Oop [304]=Oop }
                      ;*getfield jar {reexecute=1 rethrow=0 return_oop=0}
                      ; - (reexecute) jdk.internal.loader.URLClassPath$JarLoader$2::getManifest@7 (line 885)
                      ; - java.net.URLClassLoader::defineClass@34 (line 491)
                      ; - java.net.URLClassLoader$1::run@43 (line 427)
                      ; - java.net.URLClassLoader$1::run@1 (line 421)
                      ; - java.security.AccessController::executePrivileged@29 (line 814)
                      ; - java.security.AccessController::doPrivileged@13 (line 712)
                      ; - java.net.URLClassLoader::findClass@13 (line 420)
                      ; - java.lang.ClassLoader::loadClass@69 (line 592)
  0x00000199651c0e3c: c05a 7eff | baf6 ffff | ff48 8bac | 2488 0000 | 0044 8b5c | 2428 4489 | 5c24 204c | 8b54 2438 
  0x00000199651c0e5c: 4c89 5424 | 304c 8b54 | 2440 4c89 | 5424 384c | 8b54 2460 | 4c89 5424 | 404c 8b54 | 2458 4c89 
  0x00000199651c0e7c: 5424 504c | 8b54 2470 | 4c89 5424 | 604c 8954 | 2468 4889 | bc24 8000 | 0000 4c8b | 9424 9000 
  0x00000199651c0e9c: 0000 4c89 | 9424 8800 | 0000 6690 

  0x00000199651c0ea8: ;   {runtime_call UncommonTrapBlob}
  0x00000199651c0ea8: c5f8 77e8 

  0x00000199651c0eac: ; ImmutableOopMap {rbp=Oop [64]=Oop [80]=Oop [96]=Oop [104]=Oop [128]=Oop [168]=Oop [296]=Oop [304]=Oop }
                      ;*invokevirtual ensureInitialization {reexecute=0 rethrow=0 return_oop=0}
                      ; - java.util.jar.JavaUtilJarAccessImpl::ensureInitialization@1 (line 72)
                      ; - jdk.internal.loader.URLClassPath$JarLoader$2::getManifest@10 (line 885)
                      ; - java.net.URLClassLoader::defineClass@34 (line 491)
                      ; - java.net.URLClassLoader$1::run@43 (line 427)
                      ; - java.net.URLClassLoader$1::run@1 (line 421)
                      ; - java.security.AccessController::executePrivileged@29 (line 814)
                      ; - java.security.AccessController::doPrivileged@13 (line 712)
                      ; - java.net.URLClassLoader::findClass@13 (line 420)
                      ; - java.lang.ClassLoader::loadClass@69 (line 592)
  0x00000199651c0eac: 505a 7eff | baf6 ffff | ff48 8bac | 2488 0000 | 0044 8b54 | 2428 4489 | 5424 204c | 8b54 2438 
  0x00000199651c0ecc: 4c89 5424 | 304c 8b54 | 2440 4c89 | 5424 384c | 8b54 2460 | 4c89 5424 | 404c 8b54 | 2458 4c89 
  0x00000199651c0eec: 5424 504c | 8b54 2470 | 4c89 5424 | 604c 8954 | 2468 4889 | bc24 8000 | 0000 4c8b | 9424 9000 
  0x00000199651c0f0c: 0000 4c89 | 9424 8800 | 0000 6690 

  0x00000199651c0f18: ;   {runtime_call UncommonTrapBlob}
  0x00000199651c0f18: c5f8 77e8 

  0x00000199651c0f1c: ; ImmutableOopMap {rbp=Oop [64]=Oop [80]=Oop [96]=Oop [104]=Oop [128]=Oop [168]=Oop [296]=Oop [304]=Oop }
                      ;*getfield jar {reexecute=1 rethrow=0 return_oop=0}
                      ; - (reexecute) jdk.internal.loader.URLClassPath$JarLoader$2::getManifest@19 (line 886)
                      ; - java.net.URLClassLoader::defineClass@34 (line 491)
                      ; - java.net.URLClassLoader$1::run@43 (line 427)
                      ; - java.net.URLClassLoader$1::run@1 (line 421)
                      ; - java.security.AccessController::executePrivileged@29 (line 814)
                      ; - java.security.AccessController::doPrivileged@13 (line 712)
                      ; - java.net.URLClassLoader::findClass@13 (line 420)
                      ; - java.lang.ClassLoader::loadClass@69 (line 592)
  0x00000199651c0f1c: e059 7eff | baf6 ffff | ff48 8bac | 2488 0000 | 0044 8b5c | 2428 4489 | 5c24 204c | 8b54 2438 
  0x00000199651c0f3c: 4c89 5424 | 304c 8b54 | 2440 4c89 | 5424 384c | 8b54 2460 | 4c89 5424 | 404c 8b54 | 2458 4c89 
  0x00000199651c0f5c: 5424 504c | 8b54 2470 | 4c89 5424 | 604c 8954 | 2468 4889 | bc24 8000 | 0000 4c8b | 9424 9000 
  0x00000199651c0f7c: 0000 4c89 | 9424 8800 | 0000 6690 

  0x00000199651c0f88: ;   {runtime_call UncommonTrapBlob}
  0x00000199651c0f88: c5f8 77e8 

  0x00000199651c0f8c: ; ImmutableOopMap {rbp=Oop [64]=Oop [80]=Oop [96]=Oop [104]=Oop [128]=Oop [168]=Oop [296]=Oop [304]=Oop }
                      ;*invokevirtual getManifest {reexecute=0 rethrow=0 return_oop=0}
                      ; - jdk.internal.loader.URLClassPath$JarLoader$2::getManifest@22 (line 886)
                      ; - java.net.URLClassLoader::defineClass@34 (line 491)
                      ; - java.net.URLClassLoader$1::run@43 (line 427)
                      ; - java.net.URLClassLoader$1::run@1 (line 421)
                      ; - java.security.AccessController::executePrivileged@29 (line 814)
                      ; - java.security.AccessController::doPrivileged@13 (line 712)
                      ; - java.net.URLClassLoader::findClass@13 (line 420)
                      ; - java.lang.ClassLoader::loadClass@69 (line 592)
  0x00000199651c0f8c: 7059 7eff | ba45 ffff | ff48 8bac | 2488 0000 | 0044 8b54 | 2428 4489 | 5424 204c | 8b54 2438 
  0x00000199651c0fac: 4c89 5424 | 304c 8b54 | 2440 4c89 | 5424 384c | 8b54 2460 | 4c89 5424 | 404c 8b54 | 2458 4c89 
  0x00000199651c0fcc: 5424 504c | 8b54 2470 | 4c89 5424 | 604c 8954 | 2468 4c8b | 9424 a800 | 0000 4c89 | 5424 784c 
  0x00000199651c0fec: 8b94 2490 | 0000 004c | 8994 2488 | 0000 0048 | 89bc 24a0 | 0000 0044 | 8984 24a8 | 0000 0090 
  0x00000199651c100c: ;   {runtime_call UncommonTrapBlob}
  0x00000199651c100c: c5f8 77e8 

  0x00000199651c1010: ; ImmutableOopMap {rbp=Oop [64]=Oop [80]=Oop [96]=Oop [104]=Oop [120]=Oop [160]=Oop [168]=NarrowOop [296]=Oop [304]=Oop }
                      ;*ifnonnull {reexecute=1 rethrow=0 return_oop=0}
                      ; - (reexecute) jdk.internal.access.SharedSecrets::javaUtilJarAccess@5 (line 104)
                      ; - jdk.internal.loader.URLClassPath$JarLoader$2::getManifest@0 (line 885)
                      ; - java.net.URLClassLoader::defineClass@34 (line 491)
                      ; - java.net.URLClassLoader$1::run@43 (line 427)
                      ; - java.net.URLClassLoader$1::run@1 (line 421)
                      ; - java.security.AccessController::executePrivileged@29 (line 814)
                      ; - java.security.AccessController::doPrivileged@13 (line 712)
                      ; - java.net.URLClassLoader::findClass@13 (line 420)
                      ; - java.lang.ClassLoader::loadClass@69 (line 592)
  0x00000199651c1010: ec58 7eff | ba45 ffff | ff4c 8b94 | 2488 0000 | 004c 8954 | 2420 4c8b | 5424 604c | 8954 2448 
  0x00000199651c1030: 4c8b 9424 | a800 0000 | 4c89 9424 | 8000 0000 | 4889 bc24 | 8800 0000 | 4889 9c24 | a800 0000 
  0x00000199651c1050: 8974 242c 

  0x00000199651c1054: ;   {runtime_call UncommonTrapBlob}
  0x00000199651c1054: c5f8 77e8 

  0x00000199651c1058: ; ImmutableOopMap {rbp=NarrowOop [32]=Oop [44]=NarrowOop [72]=Oop [88]=Oop [112]=Oop [128]=Oop [136]=Oop [168]=Oop [296]=Oop [304]=Oop }
                      ;*ifnull {reexecute=1 rethrow=0 return_oop=0}
                      ; - (reexecute) java.lang.ref.SoftReference::get@6 (line 113)
                      ; - java.util.jar.JarFile::getManifestFromReference@11 (line 410)
                      ; - java.util.jar.JarFile::getManifest@1 (line 406)
                      ; - jdk.internal.loader.URLClassPath$JarLoader$2::getManifest@22 (line 886)
                      ; - java.net.URLClassLoader::defineClass@34 (line 491)
                      ; - java.net.URLClassLoader$1::run@43 (line 427)
                      ; - java.net.URLClassLoader$1::run@1 (line 421)
                      ; - java.security.AccessController::executePrivileged@29 (line 814)
                      ; - java.security.AccessController::doPrivileged@13 (line 712)
                      ; - java.net.URLClassLoader::findClass@13 (line 420)
                      ; - java.lang.ClassLoader::loadClass@69 (line 592)
  0x00000199651c1058: a458 7eff | baf6 ffff | ff44 8b54 | 2428 4489 | 5424 204c | 8b54 2438 | 4c89 5424 | 304c 8b54 
  0x00000199651c1078: 2440 4c89 | 5424 384c | 8b54 2460 | 4c89 5424 | 404c 8b54 | 2458 4c89 | 5424 504c | 8b54 2470 
  0x00000199651c1098: 4c89 5424 | 604c 8954 | 2468 4c8b | 9424 9800 | 0000 4c89 | 9424 8800 | 0000 6690 

  0x00000199651c10b4: ;   {runtime_call UncommonTrapBlob}
  0x00000199651c10b4: c5f8 77e8 

  0x00000199651c10b8: ; ImmutableOopMap {rbp=Oop [64]=Oop [80]=Oop [96]=Oop [104]=Oop [128]=Oop [136]=Oop [160]=Oop [168]=Oop [176]=NarrowOop [296]=Oop [304]=Oop }
                      ;*arraylength {reexecute=0 rethrow=0 return_oop=0}
                      ; - java.util.jar.JarFile::getBytes@125 (line 820)
                      ; - java.util.jar.JarFile::getManifestFromReference@44 (line 419)
                      ; - java.util.jar.JarFile::getManifest@1 (line 406)
                      ; - jdk.internal.loader.URLClassPath$JarLoader$2::getManifest@22 (line 886)
                      ; - java.net.URLClassLoader::defineClass@34 (line 491)
                      ; - java.net.URLClassLoader$1::run@43 (line 427)
                      ; - java.net.URLClassLoader$1::run@1 (line 421)
                      ; - java.security.AccessController::executePrivileged@29 (line 814)
                      ; - java.security.AccessController::doPrivileged@13 (line 712)
                      ; - java.net.URLClassLoader::findClass@13 (line 420)
                      ; - java.lang.ClassLoader::loadClass@69 (line 592)
  0x00000199651c10b8: 4458 7eff | ba45 ffff | ff48 8b6c | 2450 448b | 5c24 2844 | 895c 2420 | 4c8b 5c24 | 384c 895c 
  0x00000199651c10d8: 2430 4c8b | 5c24 404c | 895c 2438 | 4c8b 5c24 | 604c 895c | 2440 4c8b | 5c24 584c | 895c 2450 
  0x00000199651c10f8: 4c8b 5c24 | 704c 895c | 2460 4c89 | 5c24 684c | 8b9c 2498 | 0000 004c | 899c 2488 | 0000 004c 
  0x00000199651c1118: 8994 24b8 | 0000 0090 

  0x00000199651c1120: ;   {runtime_call UncommonTrapBlob}
  0x00000199651c1120: c5f8 77e8 

  0x00000199651c1124: ; ImmutableOopMap {rbp=Oop [64]=Oop [80]=Oop [96]=Oop [104]=Oop [120]=Oop [128]=Oop [136]=Oop [160]=Oop [184]=Oop [296]=Oop [304]=Oop }
                      ;*ifnull {reexecute=1 rethrow=0 return_oop=0}
                      ; - (reexecute) java.util.jar.JarFile::getManifestFromReference@148 (line 434)
                      ; - java.util.jar.JarFile::getManifest@1 (line 406)
                      ; - jdk.internal.loader.URLClassPath$JarLoader$2::getManifest@22 (line 886)
                      ; - java.net.URLClassLoader::defineClass@34 (line 491)
                      ; - java.net.URLClassLoader$1::run@43 (line 427)
                      ; - java.net.URLClassLoader$1::run@1 (line 421)
                      ; - java.security.AccessController::executePrivileged@29 (line 814)
                      ; - java.security.AccessController::doPrivileged@13 (line 712)
                      ; - java.net.URLClassLoader::findClass@13 (line 420)
                      ; - java.lang.ClassLoader::loadClass@69 (line 592)
  0x00000199651c1124: d857 7eff | baf4 ffff | ff48 8b6c | 2430 448b | 5424 2844 | 8954 2420 | 4c8b 5424 | 384c 8954 
  0x00000199651c1144: 2430 4c8b | 5424 404c | 8954 2438 | 4c8b 5424 | 604c 8954 | 2440 4c8b | 5424 584c | 8954 2450 
  0x00000199651c1164: 4c8b 5424 | 704c 8954 | 2460 4c89 | 5424 684c | 8b94 2490 | 0000 004c | 8994 2488 | 0000 0090 
  0x00000199651c1184: ;   {runtime_call UncommonTrapBlob}
  0x00000199651c1184: c5f8 77e8 

  0x00000199651c1188: ; ImmutableOopMap {rbp=Oop [64]=Oop [80]=Oop [96]=Oop [104]=Oop [120]=Oop [128]=Oop [152]=Oop [296]=Oop [304]=Oop }
                      ;*checkcast {reexecute=0 rethrow=0 return_oop=0}
                      ; - java.util.jar.JarFile::getManEntry@28 (line 944)
                      ; - java.util.jar.JarFile::getManifestFromReference@27 (line 414)
                      ; - java.util.jar.JarFile::getManifest@1 (line 406)
                      ; - jdk.internal.loader.URLClassPath$JarLoader$2::getManifest@22 (line 886)
                      ; - java.net.URLClassLoader::defineClass@34 (line 491)
                      ; - java.net.URLClassLoader$1::run@43 (line 427)
                      ; - java.net.URLClassLoader$1::run@1 (line 421)
                      ; - java.security.AccessController::executePrivileged@29 (line 814)
                      ; - java.security.AccessController::doPrivileged@13 (line 712)
                      ; - java.net.URLClassLoader::findClass@13 (line 420)
                      ; - java.lang.ClassLoader::loadClass@69 (line 592)
  0x00000199651c1188: 7457 7eff | eb00 488b | e8e9 6582 | ffff baf6 | ffff ff48 | 8bac 2488 | 0000 0044 | 8b5c 2428 
  0x00000199651c11a8: 4489 5c24 | 204c 8b54 | 2438 4c89 | 5424 304c | 8b54 2440 | 4c89 5424 | 384c 8b54 | 2460 4c89 
  0x00000199651c11c8: 5424 404c | 8b54 2458 | 4c89 5424 | 504c 8b54 | 2470 4c89 | 5424 604c | 8954 2468 | 4c8b 9424 
  0x00000199651c11e8: 8000 0000 | 4c89 5424 | 784c 8b94 | 2490 0000 | 004c 8994 | 2488 0000 | 0066 6690 

  0x00000199651c1204: ;   {runtime_call UncommonTrapBlob}
  0x00000199651c1204: c5f8 77e8 

  0x00000199651c1208: ; ImmutableOopMap {rbp=Oop [64]=Oop [80]=Oop [96]=Oop [104]=Oop [120]=Oop [152]=Oop [160]=NarrowOop [296]=Oop [304]=Oop }
                      ;*arraylength {reexecute=0 rethrow=0 return_oop=0}
                      ; - java.lang.ThreadLocal$ThreadLocalMap::set@6 (line 481)
                      ; - java.lang.ThreadLocal::set@17 (line 222)
                      ; - java.util.jar.JarFile::ensureInitialization@37 (line 1036)
                      ; - java.util.jar.JavaUtilJarAccessImpl::ensureInitialization@1 (line 72)
                      ; - jdk.internal.loader.URLClassPath$JarLoader$2::getManifest@10 (line 885)
                      ; - java.net.URLClassLoader::defineClass@34 (line 491)
                      ; - java.net.URLClassLoader$1::run@43 (line 427)
                      ; - java.net.URLClassLoader$1::run@1 (line 421)
                      ; - java.security.AccessController::executePrivileged@29 (line 814)
                      ; - java.security.AccessController::doPrivileged@13 (line 712)
                      ; - java.net.URLClassLoader::findClass@13 (line 420)
                      ; - java.lang.ClassLoader::loadClass@69 (line 592)
  0x00000199651c1208: f456 7eff | baf6 ffff | ff44 8b54 | 2428 4489 | 5424 204c | 8b54 2438 | 4c89 5424 | 304c 8b54 
  0x00000199651c1228: 2440 4c89 | 5424 384c | 8b54 2460 | 4c89 5424 | 404c 8b54 | 2458 4c89 | 5424 504c | 8b54 2470 
  0x00000199651c1248: 4c89 5424 | 604c 8954 | 2468 4c8b | 9424 9000 | 0000 4c89 | 9424 8800 | 0000 4489 | 4c24 2490 
  0x00000199651c1268: ;   {runtime_call UncommonTrapBlob}
  0x00000199651c1268: c5f8 77e8 

  0x00000199651c126c: ; ImmutableOopMap {rbp=Oop [36]=NarrowOop [64]=Oop [80]=Oop [96]=Oop [104]=Oop [152]=Oop [168]=Oop [296]=Oop [304]=Oop }
                      ;*arraylength {reexecute=0 rethrow=0 return_oop=0}
                      ; - java.lang.ThreadLocal$ThreadLocalMap::set@6 (line 481)
                      ; - java.lang.ThreadLocal::set@17 (line 222)
                      ; - java.util.jar.JarFile::ensureInitialization@55 (line 1041)
                      ; - java.util.jar.JavaUtilJarAccessImpl::ensureInitialization@1 (line 72)
                      ; - jdk.internal.loader.URLClassPath$JarLoader$2::getManifest@10 (line 885)
                      ; - java.net.URLClassLoader::defineClass@34 (line 491)
                      ; - java.net.URLClassLoader$1::run@43 (line 427)
                      ; - java.net.URLClassLoader$1::run@1 (line 421)
                      ; - java.security.AccessController::executePrivileged@29 (line 814)
                      ; - java.security.AccessController::doPrivileged@13 (line 712)
                      ; - java.net.URLClassLoader::findClass@13 (line 420)
                      ; - java.lang.ClassLoader::loadClass@69 (line 592)
  0x00000199651c126c: 9056 7eff | ba45 ffff | ff4c 8b54 | 2450 4c89 | 5424 204c | 8b54 2460 | 4c89 5424 | 484c 899c 
  0x00000199651c128c: 24b8 0000 | 0044 8984 | 24a4 0000 | 0066 6690 

  0x00000199651c129c: ;   {runtime_call UncommonTrapBlob}
  0x00000199651c129c: c5f8 77e8 

  0x00000199651c12a0: ; ImmutableOopMap {rbp=NarrowOop [32]=Oop [72]=Oop [88]=Oop [112]=Oop [128]=Oop [152]=Oop [160]=NarrowOop [164]=NarrowOop [184]=Oop [296]=Oop [304]=Oop }
                      ;*ifnull {reexecute=1 rethrow=0 return_oop=0}
                      ; - (reexecute) java.lang.ref.SoftReference::get@6 (line 113)
                      ; - java.util.jar.JarFile::getManifestFromReference@11 (line 410)
                      ; - java.util.jar.JarFile::getManifest@1 (line 406)
                      ; - java.util.jar.JarFile::maybeInstantiateVerifier@31 (line 725)
                      ; - java.util.jar.JarFile::ensureInitialization@1 (line 1031)
                      ; - java.util.jar.JavaUtilJarAccessImpl::ensureInitialization@1 (line 72)
                      ; - jdk.internal.loader.URLClassPath$JarLoader$2::getManifest@10 (line 885)
                      ; - java.net.URLClassLoader::defineClass@34 (line 491)
                      ; - java.net.URLClassLoader$1::run@43 (line 427)
                      ; - java.net.URLClassLoader$1::run@1 (line 421)
                      ; - java.security.AccessController::executePrivileged@29 (line 814)
                      ; - java.security.AccessController::doPrivileged@13 (line 712)
                      ; - java.net.URLClassLoader::findClass@13 (line 420)
                      ; - java.lang.ClassLoader::loadClass@69 (line 592)
  0x00000199651c12a0: 5c56 7eff | baf4 ffff | ff44 8b54 | 2428 4489 | 5424 204c | 8b54 2438 | 4c89 5424 | 304c 8b54 
  0x00000199651c12c0: 2440 4c89 | 5424 3890 

  0x00000199651c12c8: ;   {runtime_call UncommonTrapBlob}
  0x00000199651c12c8: c5f8 77e8 

  0x00000199651c12cc: ; ImmutableOopMap {rbp=Oop [96]=Oop }
                      ;*checkcast {reexecute=0 rethrow=0 return_oop=0}
                      ; - java.net.URLClassLoader::findClass@28 (line 442)
                      ; - java.lang.ClassLoader::loadClass@69 (line 592)
  0x00000199651c12cc: 3056 7eff | baf6 ffff | ff44 8b5c | 2428 4489 | 5c24 204c | 8b54 2438 | 4c89 5424 | 304c 8b54 
  0x00000199651c12ec: 2440 4c89 | 5424 384c | 8b54 2460 | 4c89 5424 | 404c 8b54 | 2458 4c89 | 5424 504c | 8b54 2470 
  0x00000199651c130c: 4c89 5424 | 604c 8954 | 2468 448b | 9c24 a000 | 0000 4489 | 5c24 7c90 

  0x00000199651c1324: ;   {runtime_call UncommonTrapBlob}
  0x00000199651c1324: c5f8 77e8 

  0x00000199651c1328: ; ImmutableOopMap {rbp=Oop [64]=Oop [80]=Oop [96]=Oop [104]=Oop [124]=NarrowOop [128]=Oop [152]=Oop [164]=NarrowOop [168]=Oop [176]=Oop [296]=Oop [304]=Oop }
                      ;*arraylength {reexecute=0 rethrow=0 return_oop=0}
                      ; - java.util.jar.JarFile::getBytes@125 (line 820)
                      ; - java.util.jar.JarFile::getManifestFromReference@44 (line 419)
                      ; - java.util.jar.JarFile::getManifest@1 (line 406)
                      ; - java.util.jar.JarFile::maybeInstantiateVerifier@31 (line 725)
                      ; - java.util.jar.JarFile::ensureInitialization@1 (line 1031)
                      ; - java.util.jar.JavaUtilJarAccessImpl::ensureInitialization@1 (line 72)
                      ; - jdk.internal.loader.URLClassPath$JarLoader$2::getManifest@10 (line 885)
                      ; - java.net.URLClassLoader::defineClass@34 (line 491)
                      ; - java.net.URLClassLoader$1::run@43 (line 427)
                      ; - java.net.URLClassLoader$1::run@1 (line 421)
                      ; - java.security.AccessController::executePrivileged@29 (line 814)
                      ; - java.security.AccessController::doPrivileged@13 (line 712)
                      ; - java.net.URLClassLoader::findClass@13 (line 420)
                      ; - java.lang.ClassLoader::loadClass@69 (line 592)
  0x00000199651c1328: d455 7eff | ba45 ffff | ff44 8b4c | 2428 4489 | 4c24 204c | 8b54 2438 | 4c89 5424 | 304c 8b54 
  0x00000199651c1348: 2440 4c89 | 5424 384c | 8b54 2460 | 4c89 5424 | 404c 8b54 | 2458 4c89 | 5424 504c | 8b54 2470 
  0x00000199651c1368: 4c89 5424 | 604c 8954 | 2468 4c8b | 9424 8000 | 0000 4c89 | 5424 784c | 8b94 2490 | 0000 004c 
  0x00000199651c1388: 8994 2488 | 0000 004c | 899c 24b8 | 0000 004c | 8984 24c8 | 0000 0090 

  0x00000199651c13a0: ;   {runtime_call UncommonTrapBlob}
  0x00000199651c13a0: c5f8 77e8 

  0x00000199651c13a4: ; ImmutableOopMap {rbp=Oop [64]=Oop [80]=Oop [96]=Oop [104]=Oop [120]=Oop [152]=Oop [160]=NarrowOop [168]=Oop [184]=Oop [200]=Oop [296]=Oop [304]=Oop }
                      ;*ifnull {reexecute=1 rethrow=0 return_oop=0}
                      ; - (reexecute) java.util.jar.JarFile::getManifestFromReference@148 (line 434)
                      ; - java.util.jar.JarFile::getManifest@1 (line 406)
                      ; - java.util.jar.JarFile::maybeInstantiateVerifier@31 (line 725)
                      ; - java.util.jar.JarFile::ensureInitialization@1 (line 1031)
                      ; - java.util.jar.JavaUtilJarAccessImpl::ensureInitialization@1 (line 72)
                      ; - jdk.internal.loader.URLClassPath$JarLoader$2::getManifest@10 (line 885)
                      ; - java.net.URLClassLoader::defineClass@34 (line 491)
                      ; - java.net.URLClassLoader$1::run@43 (line 427)
                      ; - java.net.URLClassLoader$1::run@1 (line 421)
                      ; - java.security.AccessController::executePrivileged@29 (line 814)
                      ; - java.security.AccessController::doPrivileged@13 (line 712)
                      ; - java.net.URLClassLoader::findClass@13 (line 420)
                      ; - java.lang.ClassLoader::loadClass@69 (line 592)
  0x00000199651c13a4: 5855 7eff | baf4 ffff | ff44 8b5c | 2428 4489 | 5c24 204c | 8b54 2438 | 4c89 5424 | 304c 8b54 
  0x00000199651c13c4: 2440 4c89 | 5424 384c | 8b54 2460 | 4c89 5424 | 404c 8b54 | 2458 4c89 | 5424 504c | 8b54 2470 
  0x00000199651c13e4: 4c89 5424 | 604c 8954 | 2468 6690 

  0x00000199651c13f0: ;   {runtime_call UncommonTrapBlob}
  0x00000199651c13f0: c5f8 77e8 

  0x00000199651c13f4: ; ImmutableOopMap {rbp=Oop [64]=Oop [80]=Oop [96]=Oop [104]=Oop [120]=Oop [128]=Oop [152]=Oop [160]=NarrowOop [296]=Oop [304]=Oop }
                      ;*checkcast {reexecute=0 rethrow=0 return_oop=0}
                      ; - java.util.jar.JarFile::getManEntry@28 (line 944)
                      ; - java.util.jar.JarFile::getManifestFromReference@27 (line 414)
                      ; - java.util.jar.JarFile::getManifest@1 (line 406)
                      ; - java.util.jar.JarFile::maybeInstantiateVerifier@31 (line 725)
                      ; - java.util.jar.JarFile::ensureInitialization@1 (line 1031)
                      ; - java.util.jar.JavaUtilJarAccessImpl::ensureInitialization@1 (line 72)
                      ; - jdk.internal.loader.URLClassPath$JarLoader$2::getManifest@10 (line 885)
                      ; - java.net.URLClassLoader::defineClass@34 (line 491)
                      ; - java.net.URLClassLoader$1::run@43 (line 427)
                      ; - java.net.URLClassLoader$1::run@1 (line 421)
                      ; - java.security.AccessController::executePrivileged@29 (line 814)
                      ; - java.security.AccessController::doPrivileged@13 (line 712)
                      ; - java.net.URLClassLoader::findClass@13 (line 420)
                      ; - java.lang.ClassLoader::loadClass@69 (line 592)
  0x00000199651c13f4: 0855 7eff | 4c8b d00f | 1f44 0000 | e9ab 0300 | 004c 8bd0 | e9a3 0300 | 004c 8bd0 | e95c 0700 
  0x00000199651c1414: 004c 8bd0 | e954 0700 | 0048 8b94 | 24d0 0000 | 004c 8bc0 

  0x00000199651c1428: ;   {optimized virtual_call}
  0x00000199651c1428: c5f8 77e8 

  0x00000199651c142c: ; ImmutableOopMap {rbp=Oop [48]=Oop [80]=Oop [88]=Oop [96]=Oop [112]=Oop [128]=Oop [136]=Oop [152]=Oop [160]=NarrowOop [168]=Oop [208]=Oop [296]=Oop [304]=Oop }
                      ;*invokevirtual addSuppressed {reexecute=0 rethrow=0 return_oop=0}
                      ; - java.util.jar.JarFile::getBytes@213 (line 801)
                      ; - java.util.jar.JarFile::getManifestFromReference@44 (line 419)
                      ; - java.util.jar.JarFile::getManifest@1 (line 406)
                      ; - java.util.jar.JarFile::maybeInstantiateVerifier@31 (line 725)
                      ; - java.util.jar.JarFile::ensureInitialization@1 (line 1031)
                      ; - java.util.jar.JavaUtilJarAccessImpl::ensureInitialization@1 (line 72)
                      ; - jdk.internal.loader.URLClassPath$JarLoader$2::getManifest@10 (line 885)
                      ; - java.net.URLClassLoader::defineClass@34 (line 491)
                      ; - java.net.URLClassLoader$1::run@43 (line 427)
                      ; - java.net.URLClassLoader$1::run@1 (line 421)
                      ; - java.security.AccessController::executePrivileged@29 (line 814)
                      ; - java.security.AccessController::doPrivileged@13 (line 712)
                      ; - java.net.URLClassLoader::findClass@13 (line 420)
                      ; - java.lang.ClassLoader::loadClass@69 (line 592)
  0x00000199651c142c: 50ff 7dff | e9df 0200 | 0048 8b94 | 24d0 0000 | 004c 8bc0 

  0x00000199651c1440: ;   {optimized virtual_call}
  0x00000199651c1440: c5f8 77e8 

  0x00000199651c1444: ; ImmutableOopMap {rbp=Oop [48]=Oop [88]=Oop [96]=Oop [112]=Oop [128]=Oop [136]=Oop [152]=Oop [160]=NarrowOop [208]=Oop [296]=Oop [304]=Oop }
                      ;*invokevirtual addSuppressed {reexecute=0 rethrow=0 return_oop=0}
                      ; - java.util.jar.JarFile::getManifestFromReference@177 (line 432)
                      ; - java.util.jar.JarFile::getManifest@1 (line 406)
                      ; - java.util.jar.JarFile::maybeInstantiateVerifier@31 (line 725)
                      ; - java.util.jar.JarFile::ensureInitialization@1 (line 1031)
                      ; - java.util.jar.JavaUtilJarAccessImpl::ensureInitialization@1 (line 72)
                      ; - jdk.internal.loader.URLClassPath$JarLoader$2::getManifest@10 (line 885)
                      ; - java.net.URLClassLoader::defineClass@34 (line 491)
                      ; - java.net.URLClassLoader$1::run@43 (line 427)
                      ; - java.net.URLClassLoader$1::run@1 (line 421)
                      ; - java.security.AccessController::executePrivileged@29 (line 814)
                      ; - java.security.AccessController::doPrivileged@13 (line 712)
                      ; - java.net.URLClassLoader::findClass@13 (line 420)
                      ; - java.lang.ClassLoader::loadClass@69 (line 592)
  0x00000199651c1444: 38ff 7dff | e95b 0300 | 0048 8984 | 24d0 0000 | 00e9 8d02 | 0000 e918 | 0300 0090 | e912 0300 
  0x00000199651c1464: 0048 8984 | 24d0 0000 | 00e9 0d03 | 0000 e900 | 0300 004c | 8bd0 e9d1 | 0100 004c | 8bd0 e929 
  0x00000199651c1484: 0300 004c | 8bd0 e921 | 0300 004c | 8bd0 e919 | 0300 004c | 8bd0 e911 | 0300 004c | 8bd0 e909 
  0x00000199651c14a4: 0300 004c | 8bd0 e901 | 0300 004c | 8bd0 e9f9 | 0200 004c | 8bd0 e9f1 | 0200 004c | 8bd0 e9e9 
  0x00000199651c14c4: 0200 004c | 8bd0 e9e1 | 0200 004c | 8bd0 e9d9 | 0200 004c | 8bd0 e9d1 | 0200 004c | 8bd0 e9c9 
  0x00000199651c14e4: 0200 004c | 8bd0 e9c1 | 0200 004c | 8bd0 e9b9 | 0200 004c | 8bd0 e9b1 | 0200 004c | 8bd0 e9a9 
  0x00000199651c1504: 0200 004c | 8bd0 e9a1 | 0200 004c | 8bd0 e999 | 0200 004c | 8bd0 e991 | 0200 004c | 8bd0 e989 
  0x00000199651c1524: 0200 004c | 8bd0 e981 | 0200 0048 | 8bd8 e972 | 0400 004c | 8bd0 e9ef | 0200 004c | 8bd0 e9f2 
  0x00000199651c1544: 0200 0048 | 8b94 24c8 | 0000 004c | 8bc0 6690 

  0x00000199651c1554: ;   {optimized virtual_call}
  0x00000199651c1554: c5f8 77e8 

  0x00000199651c1558: ; ImmutableOopMap {rbp=Oop [88]=Oop [96]=Oop [112]=Oop [128]=Oop [136]=Oop [152]=Oop [200]=Oop [296]=Oop [304]=Oop }
                      ;*invokevirtual addSuppressed {reexecute=0 rethrow=0 return_oop=0}
                      ; - java.util.jar.JarFile::getManifestFromReference@177 (line 432)
                      ; - java.util.jar.JarFile::getManifest@1 (line 406)
                      ; - jdk.internal.loader.URLClassPath$JarLoader$2::getManifest@22 (line 886)
                      ; - java.net.URLClassLoader::defineClass@34 (line 491)
                      ; - java.net.URLClassLoader$1::run@43 (line 427)
                      ; - java.net.URLClassLoader$1::run@1 (line 421)
                      ; - java.security.AccessController::executePrivileged@29 (line 814)
                      ; - java.security.AccessController::doPrivileged@13 (line 712)
                      ; - java.net.URLClassLoader::findClass@13 (line 420)
                      ; - java.lang.ClassLoader::loadClass@69 (line 592)
  0x00000199651c1558: 24fe 7dff | 0f1f 4000 | e94f 0500 | 0048 8b94 | 24c0 0000 | 004c 8bc0 

  0x00000199651c1570: ;   {optimized virtual_call}
  0x00000199651c1570: c5f8 77e8 

  0x00000199651c1574: ; ImmutableOopMap {rbp=Oop [80]=Oop [88]=Oop [96]=Oop [112]=Oop [128]=Oop [136]=Oop [152]=Oop [160]=Oop [192]=Oop [296]=Oop [304]=Oop }
                      ;*invokevirtual addSuppressed {reexecute=0 rethrow=0 return_oop=0}
                      ; - java.util.jar.JarFile::getBytes@213 (line 801)
                      ; - java.util.jar.JarFile::getManifestFromReference@44 (line 419)
                      ; - java.util.jar.JarFile::getManifest@1 (line 406)
                      ; - jdk.internal.loader.URLClassPath$JarLoader$2::getManifest@22 (line 886)
                      ; - java.net.URLClassLoader::defineClass@34 (line 491)
                      ; - java.net.URLClassLoader$1::run@43 (line 427)
                      ; - java.net.URLClassLoader$1::run@1 (line 421)
                      ; - java.security.AccessController::executePrivileged@29 (line 814)
                      ; - java.security.AccessController::doPrivileged@13 (line 712)
                      ; - java.net.URLClassLoader::findClass@13 (line 420)
                      ; - java.lang.ClassLoader::loadClass@69 (line 592)
  0x00000199651c1574: 08fe 7dff | e9e7 0500 | 0048 8bd8 | 448b 5008 | e981 0600 | 004c 8bd0 | e91f 0200 | 004c 8bd0 
  0x00000199651c1594: e917 0200 | 0048 8984 | 24c0 0000 | 00e9 9105 | 0000 4c8b | d0e9 8002 | 0000 4c8b | d0e9 8302 
  0x00000199651c15b4: 0000 4889 | 8424 c800 | 0000 6690 | e9c8 0400 | 004c 8bd0 | e9a4 0500 | 004c 8bd0 | e99c 0500 
  0x00000199651c15d4: 004c 8bd0 | e994 0500 | 004c 8bd0 | e98c 0500 | 004c 8bd0 | e984 0500 | 004c 8bd0 | e97c 0500 
  0x00000199651c15f4: 004c 8bd0 | e974 0500 | 004c 8bd0 | e96c 0500 | 004c 8bd0 | e964 0500 | 004c 8bd0 | e95c 0500 
  0x00000199651c1614: 004c 8bd0 | e954 0500 | 004c 8bd0 | e94c 0500 | 004c 8bd0 | e944 0500 | 004c 8bd0 | e93c 0500 
  0x00000199651c1634: 004c 8bd0 | e973 0100 | 004c 8bd0 | e96b 0100 | 004c 8bd0 | e924 0500 | 004c 8bd0 | 498b da45 
  0x00000199651c1654: 8b5a 0849 | ba00 0000 | 0099 0100 | 004d 03d3 | e945 0700 | 004c 8bd0 | e9bd 0100 | 004c 8bd0 
  0x00000199651c1674: e9c0 0100 | 004c 8bd0 | 0f1f 4000 | e92b 0100 | 004c 8bd0 | e923 0100 | 004c 8bd0 | e91b 0100 
  0x00000199651c1694: 004c 8bd0 | e913 0100 | 004c 8bd0 | e90b 0100 | 004c 8bd0 | e903 0100 | 004c 8bd0 | e9fb 0000 
  0x00000199651c16b4: 004c 8bd0 | e9f3 0000 | 004c 8bd0 | e9eb 0000 | 004c 8bd0 | e9e3 0000 | 004c 8bd0 | e9db 0000 
  0x00000199651c16d4: 0048 8984 | 24d0 0000 | 00eb 0848 | 8984 24d0 | 0000 004c | 8b94 24b0 | 0000 004d | 85d2 7420 
  0x00000199651c16f4: 498b d248 | 8bac 2488 | 0000 0066 | 6690 c5f8 | 7748 b8ff | ffff ffff 

  0x00000199651c170c: ;   {virtual_call}
  0x00000199651c170c: ffff ffe8 

  0x00000199651c1710: ; ImmutableOopMap {rbp=Oop [48]=Oop [80]=Oop [88]=Oop [96]=Oop [112]=Oop [128]=Oop [136]=Oop [152]=Oop [160]=NarrowOop [168]=Oop [208]=Oop [296]=Oop [304]=Oop }
                      ;*invokevirtual close {reexecute=0 rethrow=0 return_oop=0}
                      ; - java.util.jar.JarFile::getBytes@202 (line 801)
                      ; - java.util.jar.JarFile::getManifestFromReference@44 (line 419)
                      ; - java.util.jar.JarFile::getManifest@1 (line 406)
                      ; - java.util.jar.JarFile::maybeInstantiateVerifier@31 (line 725)
                      ; - java.util.jar.JarFile::ensureInitialization@1 (line 1031)
                      ; - java.util.jar.JavaUtilJarAccessImpl::ensureInitialization@1 (line 72)
                      ; - jdk.internal.loader.URLClassPath$JarLoader$2::getManifest@10 (line 885)
                      ; - java.net.URLClassLoader::defineClass@34 (line 491)
                      ; - java.net.URLClassLoader$1::run@43 (line 427)
                      ; - java.net.URLClassLoader$1::run@1 (line 421)
                      ; - java.security.AccessController::executePrivileged@29 (line 814)
                      ; - java.security.AccessController::doPrivileged@13 (line 712)
                      ; - java.net.URLClassLoader::findClass@13 (line 420)
                      ; - java.lang.ClassLoader::loadClass@69 (line 592)
  0x00000199651c1710: 6cff 7dff | 4c8b 9424 | d000 0000 | 0f1f 4000 | e98b 0000 | 0048 8bd8 | e99d 0600 | 004c 8bd0 
  0x00000199651c1730: e918 0100 | 0048 8bd8 | e96f 0500 | 0048 8bd8 | e967 0500 | 0048 8bd8 | e95f 0500 | 0048 8bd8 
  0x00000199651c1750: e975 0600 | 0048 8bd8 | 448b 5008 | 4c8b 9c24 | 8000 0000 | 4c89 9c24 | a800 0000 | e999 0400 
  0x00000199651c1770: 00eb 04eb | 02eb 0048 | 8984 24d0 | 0000 004c | 8b54 2450 | 4d85 d274 | 1f49 8bd2 | 488b ac24 
  0x00000199651c1790: 8800 0000 | 6690 c5f8 | 7748 b8ff | ffff ffff 

  0x00000199651c17a0: ;   {virtual_call}
  0x00000199651c17a0: ffff ffe8 

  0x00000199651c17a4: ; ImmutableOopMap {rbp=Oop [48]=Oop [88]=Oop [96]=Oop [112]=Oop [128]=Oop [136]=Oop [152]=Oop [160]=NarrowOop [208]=Oop [296]=Oop [304]=Oop }
                      ;*invokevirtual close {reexecute=0 rethrow=0 return_oop=0}
                      ; - java.util.jar.JarFile::getManifestFromReference@165 (line 432)
                      ; - java.util.jar.JarFile::getManifest@1 (line 406)
                      ; - java.util.jar.JarFile::maybeInstantiateVerifier@31 (line 725)
                      ; - java.util.jar.JarFile::ensureInitialization@1 (line 1031)
                      ; - java.util.jar.JavaUtilJarAccessImpl::ensureInitialization@1 (line 72)
                      ; - jdk.internal.loader.URLClassPath$JarLoader$2::getManifest@10 (line 885)
                      ; - java.net.URLClassLoader::defineClass@34 (line 491)
                      ; - java.net.URLClassLoader$1::run@43 (line 427)
                      ; - java.net.URLClassLoader$1::run@1 (line 421)
                      ; - java.security.AccessController::executePrivileged@29 (line 814)
                      ; - java.security.AccessController::doPrivileged@13 (line 712)
                      ; - java.net.URLClassLoader::findClass@13 (line 420)
                      ; - java.lang.ClassLoader::loadClass@69 (line 592)
  0x00000199651c17a4: d8fe 7dff | 4c8b 9424 | d000 0000 | 498b da45 | 8b5a 08e9 | c701 0000 | 4c8b d090 | eb03 4c8b 
  0x00000199651c17c4: d049 8bda | 458b 5208 | 4c8b 5c24 | 304c 895c | 2470 4c8b | 5c24 504c | 899c 24a8 | 0000 00e9 
  0x00000199651c17e4: 2204 0000 | 488b d844 | 8b50 0849 | bb00 0000 | 0099 0100 | 004d 03da | 4d8b 5b50 | 4c3b dd0f 
  0x00000199651c1804: 8501 0400 | 0045 33c9 | e9e2 0000 | 004c 8bd0 | eb03 4c8b | d04c 8b5c | 2430 4c89 | 5c24 7049 
  0x00000199651c1824: 8bda e981 | 0400 004c | 8bd0 498b | dae9 7301 | 0000 4c8b | d049 8bda | 0f1f 4000 | e964 0100 
  0x00000199651c1844: 004c 8bd0 | eb03 4c8b | d04c 8b5c | 2430 4c89 | 5c24 7049 | 8bda e94d | 0400 0048 

  0x00000199651c1860: ;   {oop(a 'java/lang/ThreadLocal'{0x00000000a1ecd590})}
  0x00000199651c1860: 8be8 48ba | 90d5 eca1 | 0000 0000 

  0x00000199651c186c: ;   {oop(a 'java/lang/Boolean'{0x00000000a1f12c78} = false)}
  0x00000199651c186c: 49b8 782c | f1a1 0000 | 0000 4c8b | 9424 8800 | 0000 4c89 | 5424 2090 

  0x00000199651c1884: ;   {optimized virtual_call}
  0x00000199651c1884: c5f8 77e8 

  0x00000199651c1888: ; ImmutableOopMap {rbp=Oop [32]=Oop [48]=Oop [88]=Oop [96]=Oop [112]=Oop [128]=Oop [136]=Oop [152]=Oop [296]=Oop [304]=Oop }
                      ;*invokevirtual set {reexecute=0 rethrow=0 return_oop=0}
                      ; - java.util.jar.JarFile::ensureInitialization@68 (line 1041)
                      ; - java.util.jar.JavaUtilJarAccessImpl::ensureInitialization@1 (line 72)
                      ; - jdk.internal.loader.URLClassPath$JarLoader$2::getManifest@10 (line 885)
                      ; - java.net.URLClassLoader::defineClass@34 (line 491)
                      ; - java.net.URLClassLoader$1::run@43 (line 427)
                      ; - java.net.URLClassLoader$1::run@1 (line 421)
                      ; - java.security.AccessController::executePrivileged@29 (line 814)
                      ; - java.security.AccessController::doPrivileged@13 (line 712)
                      ; - java.net.URLClassLoader::findClass@13 (line 420)
                      ; - java.lang.ClassLoader::loadClass@69 (line 592)
  0x00000199651c1888: f4fa 7dff | 488b dde9 | 1501 0000 | 4c8b d0e9 | 5e03 0000 | 488b d844 | 8b50 0848 | 896c 2470 
  0x00000199651c18a8: 4c8b 5c24 | 304c 899c | 24a8 0000 | 00e9 5003 | 0000 4c8b | d066 6690 | e9ac 0200 | 004c 8bd0 
  0x00000199651c18c8: e9a4 0200 | 0048 8bd8 | 448b 5008 | 49bb 0000 | 0000 9901 | 0000 4d03 | da4d 8b5b | 504c 3bdd 
  0x00000199651c18e8: 0f85 1c03 | 0000 4c8b | 4c24 5048 | 8b94 2488 | 0000 004c | 8b84 2430 | 0100 0048 | 8bbc 2428 
  0x00000199651c1908: 0100 004c | 8bd2 4c89 | 9424 8000 | 0000 6690 

  0x00000199651c1918: ;   {optimized virtual_call}
  0x00000199651c1918: c5f8 77e8 

  0x00000199651c191c: ; ImmutableOopMap {[48]=Oop [72]=Oop [88]=Oop [96]=Oop [112]=Oop [128]=Oop [136]=Oop [168]=Oop [296]=Oop [304]=Oop }
                      ;*invokevirtual getAndVerifyPackage {reexecute=0 rethrow=0 return_oop=1}
                      ; - java.net.URLClassLoader::defineClass@97 (line 502)
                      ; - java.net.URLClassLoader$1::run@43 (line 427)
                      ; - java.net.URLClassLoader$1::run@1 (line 421)
                      ; - java.security.AccessController::executePrivileged@29 (line 814)
                      ; - java.security.AccessController::doPrivileged@13 (line 712)
                      ; - java.net.URLClassLoader::findClass@13 (line 420)
                      ; - java.lang.ClassLoader::loadClass@69 (line 592)
  0x00000199651c191c: 60fa 7dff | 4885 c00f | 8560 78ff | ffba fd00 | 0000 488b | ac24 8000 | 0000 448b | 5424 2844 
  0x00000199651c193c: 8954 2420 | 4c8b 5424 | 384c 8954 | 2430 4c8b | 5424 404c | 8954 2438 | 4c8b 5424 | 604c 8954 
  0x00000199651c195c: 2440 4c8b | 5424 584c | 8954 2450 | 4c8b 5424 | 704c 8954 | 2458 6690 

  0x00000199651c1974: ;   {runtime_call UncommonTrapBlob}
  0x00000199651c1974: c5f8 77e8 

  0x00000199651c1978: ; ImmutableOopMap {rbp=Oop [64]=Oop [80]=Oop [88]=Oop [168]=Oop [304]=Oop }
                      ;*new {reexecute=0 rethrow=0 return_oop=0}
                      ; - java.net.URLClassLoader::defineClass@103 (line 504)
                      ; - java.net.URLClassLoader$1::run@43 (line 427)
                      ; - java.net.URLClassLoader$1::run@1 (line 421)
                      ; - java.security.AccessController::executePrivileged@29 (line 814)
                      ; - java.security.AccessController::doPrivileged@13 (line 712)
                      ; - java.net.URLClassLoader::findClass@13 (line 420)
                      ; - java.lang.ClassLoader::loadClass@69 (line 592)
  0x00000199651c1978: 844f 7eff | 488b d844 | 8b58 0849 | ba00 0000 | 0099 0100 | 004d 03d3 | 4d8b 5248 

  0x00000199651c1994: ;   {metadata('java/io/IOException')}
  0x00000199651c1994: 49bb d845 | 0401 9901 | 0000 6690 | 4d3b d30f | 849f 0400 | 004c 8b5c | 2430 488d | 8424 4801 
  0x00000199651c19b4: 0000 4881 | 3800 0000 | 000f 8483 | 0000 004d | 8b13 49f7 | c202 0000 | 0074 6f49 | 81ba 8600 
  0x00000199651c19d4: 0000 0000 | 0000 7409 | 49ff 8a86 | 0000 00eb | 5149 8b82 | 9600 0000 | 490b 828e | 0000 0075 
  0x00000199651c19f4: 0a49 c742 | 3e00 0000 | 00eb 4749 | 81ba 9e00 | 0000 0000 | 0000 7425 | 4833 c049 | c742 3e00 
  0x00000199651c1a14: 0000 00f0 | 8304 2400 | 4981 ba9e | 0000 0000 | 0000 0075 | 0df0 4d0f | b17a 3e75 | 0583 c801 
  0x00000199651c1a34: eb10 f7c0 | 0000 0000 | eb08 4c8b | 10f0 4d0f | b113 0f84 | 2801 0000 | 488b 4c24 | 3048 8d94 
  0x00000199651c1a54: 2448 0100 | 004d 8bc7 | 0f1f 4000 | c5f8 7749 | bac0 4454 | 30fc 7f00 | 0041 ffd2 | e9ff 0000 
  0x00000199651c1a74: 004c 8bd0 | e9f4 0000 | 004c 8bd0 | e9ec 0000 | 0048 8984 | 24c8 0000 | 004c 8bd5 | 4d85 d274 
  0x00000199651c1a94: 1f49 8bd2 | 488b ac24 | 8800 0000 | 6690 c5f8 | 7748 b8ff | ffff ffff 

  0x00000199651c1aac: ;   {virtual_call}
  0x00000199651c1aac: ffff ffe8 

  0x00000199651c1ab0: ; ImmutableOopMap {rbp=Oop [88]=Oop [96]=Oop [112]=Oop [128]=Oop [136]=Oop [152]=Oop [200]=Oop [296]=Oop [304]=Oop }
                      ;*invokevirtual close {reexecute=0 rethrow=0 return_oop=0}
                      ; - java.util.jar.JarFile::getManifestFromReference@165 (line 432)
                      ; - java.util.jar.JarFile::getManifest@1 (line 406)
                      ; - jdk.internal.loader.URLClassPath$JarLoader$2::getManifest@22 (line 886)
                      ; - java.net.URLClassLoader::defineClass@34 (line 491)
                      ; - java.net.URLClassLoader$1::run@43 (line 427)
                      ; - java.net.URLClassLoader$1::run@1 (line 421)
                      ; - java.security.AccessController::executePrivileged@29 (line 814)
                      ; - java.security.AccessController::doPrivileged@13 (line 712)
                      ; - java.net.URLClassLoader::findClass@13 (line 420)
                      ; - java.lang.ClassLoader::loadClass@69 (line 592)
  0x00000199651c1ab0: ccfb 7dff | 4c8b 9424 | c800 0000 | 0f1f 4000 | e9ac 0000 | 004c 8bd0 | e9a4 0000 | 004c 8bd0 
  0x00000199651c1ad0: e99c 0000 | 004c 8bd0 | e994 0000 | 004c 8bd0 | e98c 0000 | 004c 8bd0 | e984 0000 | 004c 8bd0 
  0x00000199651c1af0: e97c 0000 | 004c 8bd0 | e974 0000 | 004c 8bd0 | e96c 0000 | 004c 8bd0 | e964 0000 | 004c 8bd0 
  0x00000199651c1b10: e95c 0000 | 004c 8bd0 | e954 0000 | 004c 8bd0 | e94c 0000 | 0048 8984 | 24c0 0000 | 00eb 0848 
  0x00000199651c1b30: 8984 24c0 | 0000 004c | 8b94 24a8 | 0000 0090 | 4d85 d274 | 1f49 8bd2 | 488b ac24 | 8800 0000 
  0x00000199651c1b50: 6690 c5f8 | 7748 b8ff | ffff ffff 

  0x00000199651c1b5c: ;   {virtual_call}
  0x00000199651c1b5c: ffff ffe8 

  0x00000199651c1b60: ; ImmutableOopMap {rbp=Oop [80]=Oop [88]=Oop [96]=Oop [112]=Oop [128]=Oop [136]=Oop [152]=Oop [160]=Oop [192]=Oop [296]=Oop [304]=Oop }
                      ;*invokevirtual close {reexecute=0 rethrow=0 return_oop=0}
                      ; - java.util.jar.JarFile::getBytes@202 (line 801)
                      ; - java.util.jar.JarFile::getManifestFromReference@44 (line 419)
                      ; - java.util.jar.JarFile::getManifest@1 (line 406)
                      ; - jdk.internal.loader.URLClassPath$JarLoader$2::getManifest@22 (line 886)
                      ; - java.net.URLClassLoader::defineClass@34 (line 491)
                      ; - java.net.URLClassLoader$1::run@43 (line 427)
                      ; - java.net.URLClassLoader$1::run@1 (line 421)
                      ; - java.security.AccessController::executePrivileged@29 (line 814)
                      ; - java.security.AccessController::doPrivileged@13 (line 712)
                      ; - java.net.URLClassLoader::findClass@13 (line 420)
                      ; - java.lang.ClassLoader::loadClass@69 (line 592)
  0x00000199651c1b60: 1cfb 7dff | 4c8b 9424 | c000 0000 | eb03 4c8b | d049 8bda | 448b 5308 | 4c8b 9c24 | 8000 0000 
  0x00000199651c1b80: 4c89 9c24 | a800 0000 | e97d 0000 | 0048 8bd8 | 448b 5008 | e971 0000 | 0048 8bd8 | 448b 5008 
  0x00000199651c1ba0: e965 0000 | 0048 8bd8 | 448b 5008 | 4c8b 9c24 | 8000 0000 | 4c89 9c24 | a800 0000 | 0f1f 4000 
  0x00000199651c1bc0: e945 0000 | 0048 8bd8 | 448b 5008 | 4c8b 9c24 | 8000 0000 | 4c89 9c24 | a800 0000 | eb2c 488b 
  0x00000199651c1be0: d844 8b50 | 084c 8b9c | 2480 0000 | 004c 899c | 24a8 0000 | 00eb 134c | 8bd0 498b | da45 8b52 
  0x00000199651c1c00: 08eb 0748 | 8bd8 448b | 5008 49bb | 0000 0000 | 9901 0000 | 4d03 da4d 

  0x00000199651c1c18: ;   {metadata('java/io/IOException')}
  0x00000199651c1c18: 8b53 4849 | b8d8 4504 | 0199 0100 | 004d 3bd0 | 0f84 c301 | 0000 4d8b 

  0x00000199651c1c30: ;   {metadata('java/lang/ClassFormatError')}
  0x00000199651c1c30: 5350 49bb | 2033 1601 | 9901 0000 | 0f1f 4000 | 4d3b d30f | 8563 0000 | 0048 8beb | 488b 9424 
  0x00000199651c1c50: a800 0000 | 6690 c5f8 | 7748 b8ff | ffff ffff 

  0x00000199651c1c60: ;   {virtual_call}
  0x00000199651c1c60: ffff ffe8 

  0x00000199651c1c64: ; ImmutableOopMap {rbp=Oop [88]=Oop [96]=Oop [112]=Oop [136]=Oop [168]=Oop }
                      ;*invokevirtual getDataError {reexecute=0 rethrow=0 return_oop=1}
                      ; - java.net.URLClassLoader$1::run@63 (line 431)
                      ; - java.net.URLClassLoader$1::run@1 (line 421)
                      ; - java.security.AccessController::executePrivileged@29 (line 814)
                      ; - java.security.AccessController::doPrivileged@13 (line 712)
                      ; - java.net.URLClassLoader::findClass@13 (line 420)
                      ; - java.lang.ClassLoader::loadClass@69 (line 592)
  0x00000199651c1c64: 18fa 7dff | 4885 c00f | 84e7 76ff | ff48 8b94 | 24a8 0000 | 0090 c5f8 | 7748 b8ff | ffff ffff 
  0x00000199651c1c84: ;   {virtual_call}
  0x00000199651c1c84: ffff ffe8 

  0x00000199651c1c88: ; ImmutableOopMap {rbp=Oop [88]=Oop [96]=Oop [112]=Oop [136]=Oop }
                      ;*invokevirtual getDataError {reexecute=0 rethrow=0 return_oop=1}
                      ; - java.net.URLClassLoader$1::run@71 (line 432)
                      ; - java.net.URLClassLoader$1::run@1 (line 421)
                      ; - java.security.AccessController::executePrivileged@29 (line 814)
                      ; - java.security.AccessController::doPrivileged@13 (line 712)
                      ; - java.net.URLClassLoader::findClass@13 (line 420)
                      ; - java.lang.ClassLoader::loadClass@69 (line 592)
  0x00000199651c1c88: f4f9 7dff | 4c8b 5c24 | 584c 895c | 2420 488b | d54c 8bc0 

  0x00000199651c1c9c: ;   {optimized virtual_call}
  0x00000199651c1c9c: c5f8 77e8 

  0x00000199651c1ca0: ; ImmutableOopMap {rbp=Oop [32]=Oop [96]=Oop [112]=Oop [136]=Oop }
                      ;*invokevirtual addSuppressed {reexecute=0 rethrow=0 return_oop=0}
                      ; - java.net.URLClassLoader$1::run@74 (line 432)
                      ; - java.net.URLClassLoader$1::run@1 (line 421)
                      ; - java.security.AccessController::executePrivileged@29 (line 814)
                      ; - java.security.AccessController::doPrivileged@13 (line 712)
                      ; - java.net.URLClassLoader::findClass@13 (line 420)
                      ; - java.lang.ClassLoader::loadClass@69 (line 592)
  0x00000199651c1ca0: dcf6 7dff | e9af 76ff | ff48 8bd8 | 448b 5b08 | eb1a 488b | d844 8b58 | 08eb 1148 | 8bd8 448b 
  0x00000199651c1cc0: 5808 4c8b | 5424 304c | 8954 2470 

  0x00000199651c1ccc: ;   {metadata('java/lang/RuntimeException')}
  0x00000199651c1ccc: 49ba 1013 | 0600 9901 | 0000 49b8 | 0000 0000 | 9901 0000 | 4d03 c34d | 8b58 484d | 3bda 7508 
  0x00000199651c1cec: 488b ebe9 | 6476 ffff | 4d8b 5040 

  0x00000199651c1cf8: ;   {metadata('java/lang/Exception')}
  0x00000199651c1cf8: 49bb c804 | 0200 9901 | 0000 4d3b | d30f 8592 | 0000 004c | 8bd3 4c89 | 5424 5849 | 8b87 0801 
  0x00000199651c1d18: 0000 4c8b | d049 83c2 | 284d 3b97 | 1801 0000 | 0f83 a400 | 0000 4d89 | 9708 0100 | 0041 0f0d 
  0x00000199651c1d38: 8ac0 0000 | 0048 c700 | 0100 0000 

  0x00000199651c1d44: ;   {metadata('java/security/PrivilegedActionException')}
  0x00000199651c1d44: c740 0868 | a604 0144 | 8960 0c4c | 8960 104c | 8960 184c | 8960 2048 | 8be8 488b | d54c 8b44 
  0x00000199651c1d64: 2458 6690 

  0x00000199651c1d68: ;   {optimized virtual_call}
  0x00000199651c1d68: c5f8 77e8 

  0x00000199651c1d6c: ; ImmutableOopMap {rbp=Oop [96]=Oop [112]=Oop [136]=Oop }
                      ;*invokespecial <init> {reexecute=0 rethrow=0 return_oop=0}
                      ; - java.security.AccessController::wrapException@5 (line 842)
                      ; - java.security.AccessController::doPrivileged@22 (line 716)
                      ; - java.net.URLClassLoader::findClass@13 (line 420)
                      ; - java.lang.ClassLoader::loadClass@69 (line 592)
  0x00000199651c1d6c: 10f6 7dff | 488b d548 | 8bac 2488 | 0000 0090 

  0x00000199651c1d7c: ;   {optimized virtual_call}
  0x00000199651c1d7c: c5f8 77e8 

  0x00000199651c1d80: ; ImmutableOopMap {rbp=Oop [96]=Oop }
                      ;*invokevirtual getException {reexecute=0 rethrow=0 return_oop=1}
                      ; - java.net.URLClassLoader::findClass@25 (line 442)
                      ; - java.lang.ClassLoader::loadClass@69 (line 592)
  0x00000199651c1d80: fcf5 7dff 

  0x00000199651c1d84: ; implicit exception: dispatches to 0x00000199651c12a4
  0x00000199651c1d84: 448b 5008 

  0x00000199651c1d88: ;   {metadata('java/lang/ClassNotFoundException')}
  0x00000199651c1d88: 4181 fa00 | 2802 000f | 8583 0000 | 0048 8be8 | e9bb 75ff | ff44 8b43 | 0849 ba00 | 0000 0099 
  0x00000199651c1da8: 0100 004d 

  0x00000199651c1dac: ;   {metadata('java/security/PrivilegedActionException')}
  0x00000199651c1dac: 03d0 49bb | 68a6 0401 | 9901 0000 | 4d3b d375 | 0d48 8bd3 | ebb1 488b | d8eb 0348 | 8bd8 488b 
  0x00000199651c1dcc: ebe9 8675 

  0x00000199651c1dd0: ;   {metadata('java/security/PrivilegedActionException')}
  0x00000199651c1dd0: ffff 48ba | 68a6 0401 | 9901 0000 | 488b ac24 | 8800 0000 

  0x00000199651c1de4: ;   {runtime_call _new_instance_Java}
  0x00000199651c1de4: c5f8 77e8 

  0x00000199651c1de8: ; ImmutableOopMap {rbp=Oop [88]=Oop [96]=Oop [112]=Oop [136]=Oop }
                      ;*new {reexecute=0 rethrow=0 return_oop=1}
                      ; - java.security.AccessController::wrapException@0 (line 842)
                      ; - java.security.AccessController::doPrivileged@22 (line 716)
                      ; - java.net.URLClassLoader::findClass@13 (line 420)
                      ; - java.lang.ClassLoader::loadClass@69 (line 592)
  0x00000199651c1de8: 143d 7fff | e96a ffff | ff48 8beb | ba2f 0000 | 004c 8b94 | 2488 0000 | 004c 8954 | 2420 4c8b 
  0x00000199651c1e08: 5424 604c | 8954 2448 

  0x00000199651c1e10: ;   {runtime_call UncommonTrapBlob}
  0x00000199651c1e10: c5f8 77e8 

  0x00000199651c1e14: ; ImmutableOopMap {rbp=Oop [32]=Oop [72]=Oop [88]=Oop [112]=Oop }
                      ;*new {reexecute=0 rethrow=0 return_oop=0}
                      ; - java.net.URLClassLoader$1::run@48 (line 429)
                      ; - java.net.URLClassLoader$1::run@1 (line 421)
                      ; - java.security.AccessController::executePrivileged@29 (line 814)
                      ; - java.security.AccessController::doPrivileged@13 (line 712)
                      ; - java.net.URLClassLoader::findClass@13 (line 420)
                      ; - java.lang.ClassLoader::loadClass@69 (line 592)
  0x00000199651c1e14: e84a 7eff | bade ffff | ff44 8b54 | 2428 4489 | 5424 204c | 8b54 2438 | 4c89 5424 | 304c 8b54 
  0x00000199651c1e34: 2440 4c89 | 5424 3848 | 8944 2448 

  0x00000199651c1e40: ;   {runtime_call UncommonTrapBlob}
  0x00000199651c1e40: c5f8 77e8 

  0x00000199651c1e44: ; ImmutableOopMap {rbp=Oop [72]=Oop [96]=Oop }
                      ;*checkcast {reexecute=0 rethrow=0 return_oop=0}
                      ; - java.net.URLClassLoader::findClass@28 (line 442)
                      ; - java.lang.ClassLoader::loadClass@69 (line 592)
  0x00000199651c1e44: b84a 7eff | 488b ebba | df01 0000 | 4c8b 9424 | 8800 0000 | 4c89 5424 | 204c 8b54 | 2460 4c89 
  0x00000199651c1e64: 5424 4890 

  0x00000199651c1e68: ;   {runtime_call UncommonTrapBlob}
  0x00000199651c1e68: c5f8 77e8 

  0x00000199651c1e6c: ; ImmutableOopMap {rbp=Oop [32]=Oop [72]=Oop [88]=Oop [112]=Oop [128]=Oop [152]=Oop [160]=NarrowOop [296]=Oop [304]=Oop }
                      ;*new {reexecute=0 rethrow=0 return_oop=0}
                      ; - java.util.jar.JarFile::ensureInitialization@8 (line 1033)
                      ; - java.util.jar.JavaUtilJarAccessImpl::ensureInitialization@1 (line 72)
                      ; - jdk.internal.loader.URLClassPath$JarLoader$2::getManifest@10 (line 885)
                      ; - java.net.URLClassLoader::defineClass@34 (line 491)
                      ; - java.net.URLClassLoader$1::run@43 (line 427)
                      ; - java.net.URLClassLoader$1::run@1 (line 421)
                      ; - java.security.AccessController::executePrivileged@29 (line 814)
                      ; - java.security.AccessController::doPrivileged@13 (line 712)
                      ; - java.net.URLClassLoader::findClass@13 (line 420)
                      ; - java.lang.ClassLoader::loadClass@69 (line 592)
  0x00000199651c1e6c: 904a 7eff 

  0x00000199651c1e70: ;   {internal_word}
  0x00000199651c1e70: 49ba 2495 | 1b65 9901 | 0000 4d89 | 9768 0300 

  0x00000199651c1e80: ;   {runtime_call SafepointBlob}
  0x00000199651c1e80: 00e9 7a5b | 7eff f4f4 | f4f4 f4f4 | f4f4 f4f4 | f4f4 f4f4 | f4f4 f4f4 | f4f4 f4f4 | f4f4 f4f4 
[Stub Code]
  0x00000199651c1ea0: ;   {no_reloc}
  0x00000199651c1ea0: 48bb 38da | 4200 9901 

  0x00000199651c1ea8: ;   {runtime_call I2C/C2I adapters}
  0x00000199651c1ea8: 0000 e935 

  0x00000199651c1eac: ;   {static_stub}
  0x00000199651c1eac: 847b ff48 | bb00 0000 | 0000 0000 

  0x00000199651c1eb8: ;   {runtime_call}
  0x00000199651c1eb8: 00e9 fbff 

  0x00000199651c1ebc: ;   {static_stub}
  0x00000199651c1ebc: ffff 48bb | 0000 0000 | 0000 0000 

  0x00000199651c1ec8: ;   {runtime_call}
  0x00000199651c1ec8: e9fb ffff 

  0x00000199651c1ecc: ;   {static_stub}
  0x00000199651c1ecc: ff48 bb00 | 0000 0000 

  0x00000199651c1ed4: ;   {runtime_call}
  0x00000199651c1ed4: 0000 00e9 | fbff ffff 

  0x00000199651c1edc: ;   {static_stub}
  0x00000199651c1edc: 48bb 3864 | 0573 9901 

  0x00000199651c1ee4: ;   {runtime_call I2C/C2I adapters}
  0x00000199651c1ee4: 0000 e9fa 

  0x00000199651c1ee8: ;   {static_stub}
  0x00000199651c1ee8: 5d7d ff48 | bb00 0000 | 0000 0000 

  0x00000199651c1ef4: ;   {runtime_call}
  0x00000199651c1ef4: 00e9 fbff 

  0x00000199651c1ef8: ;   {static_stub}
  0x00000199651c1ef8: ffff 48bb | 0000 0000 | 0000 0000 

  0x00000199651c1f04: ;   {runtime_call}
  0x00000199651c1f04: e9fb ffff 

  0x00000199651c1f08: ;   {static_stub}
  0x00000199651c1f08: ff48 bb00 | 0000 0000 

  0x00000199651c1f10: ;   {runtime_call}
  0x00000199651c1f10: 0000 00e9 | fbff ffff 

  0x00000199651c1f18: ;   {static_stub}
  0x00000199651c1f18: 48bb 0000 | 0000 0000 

  0x00000199651c1f20: ;   {runtime_call}
  0x00000199651c1f20: 0000 e9fb 

  0x00000199651c1f24: ;   {static_stub}
  0x00000199651c1f24: ffff ff48 | bb00 0000 | 0000 0000 

  0x00000199651c1f30: ;   {runtime_call}
  0x00000199651c1f30: 00e9 fbff 

  0x00000199651c1f34: ;   {static_stub}
  0x00000199651c1f34: ffff 48bb | 0050 4300 | 9901 0000 

  0x00000199651c1f40: ;   {runtime_call I2C/C2I adapters}
  0x00000199651c1f40: e9a6 577d 

  0x00000199651c1f44: ;   {static_stub}
  0x00000199651c1f44: ff48 bb00 | 0000 0000 

  0x00000199651c1f4c: ;   {runtime_call}
  0x00000199651c1f4c: 0000 00e9 | fbff ffff 

  0x00000199651c1f54: ;   {static_stub}
  0x00000199651c1f54: 48bb 0000 | 0000 0000 

  0x00000199651c1f5c: ;   {runtime_call}
  0x00000199651c1f5c: 0000 e9fb 

  0x00000199651c1f60: ;   {static_stub}
  0x00000199651c1f60: ffff ff48 | bb00 0000 | 0000 0000 

  0x00000199651c1f6c: ;   {runtime_call}
  0x00000199651c1f6c: 00e9 fbff 

  0x00000199651c1f70: ;   {static_stub}
  0x00000199651c1f70: ffff 48bb | 0000 0000 | 0000 0000 

  0x00000199651c1f7c: ;   {runtime_call}
  0x00000199651c1f7c: e9fb ffff 

  0x00000199651c1f80: ;   {static_stub}
  0x00000199651c1f80: ff48 bb00 | 0000 0000 

  0x00000199651c1f88: ;   {runtime_call}
  0x00000199651c1f88: 0000 00e9 | fbff ffff 

  0x00000199651c1f90: ;   {static_stub}
  0x00000199651c1f90: 48bb 0000 | 0000 0000 

  0x00000199651c1f98: ;   {runtime_call}
  0x00000199651c1f98: 0000 e9fb 

  0x00000199651c1f9c: ;   {static_stub}
  0x00000199651c1f9c: ffff ff48 | bb00 0000 | 0000 0000 

  0x00000199651c1fa8: ;   {runtime_call}
  0x00000199651c1fa8: 00e9 fbff 

  0x00000199651c1fac: ;   {static_stub}
  0x00000199651c1fac: ffff 48bb | a0ac 0600 | 9901 0000 

  0x00000199651c1fb8: ;   {runtime_call I2C/C2I adapters}
  0x00000199651c1fb8: e924 ba7d 

  0x00000199651c1fbc: ;   {static_stub}
  0x00000199651c1fbc: ff48 bb00 | 0000 0000 

  0x00000199651c1fc4: ;   {runtime_call}
  0x00000199651c1fc4: 0000 00e9 | fbff ffff 

  0x00000199651c1fcc: ;   {static_stub}
  0x00000199651c1fcc: 48bb 0000 | 0000 0000 

  0x00000199651c1fd4: ;   {runtime_call}
  0x00000199651c1fd4: 0000 e9fb 

  0x00000199651c1fd8: ;   {static_stub}
  0x00000199651c1fd8: ffff ff48 | bb00 0000 | 0000 0000 

  0x00000199651c1fe4: ;   {runtime_call}
  0x00000199651c1fe4: 00e9 fbff 

  0x00000199651c1fe8: ;   {static_stub}
  0x00000199651c1fe8: ffff 48bb | 0000 0000 | 0000 0000 

  0x00000199651c1ff4: ;   {runtime_call}
  0x00000199651c1ff4: e9fb ffff 

  0x00000199651c1ff8: ;   {static_stub}
  0x00000199651c1ff8: ff48 bb00 | 0000 0000 

  0x00000199651c2000: ;   {runtime_call}
  0x00000199651c2000: 0000 00e9 | fbff ffff 

  0x00000199651c2008: ;   {static_stub}
  0x00000199651c2008: 48bb 0000 | 0000 0000 

  0x00000199651c2010: ;   {runtime_call}
  0x00000199651c2010: 0000 e9fb 

  0x00000199651c2014: ;   {static_stub}
  0x00000199651c2014: ffff ff48 | bb00 0000 | 0000 0000 

  0x00000199651c2020: ;   {runtime_call}
  0x00000199651c2020: 00e9 fbff 

  0x00000199651c2024: ;   {static_stub}
  0x00000199651c2024: ffff 48bb | 0000 0000 | 0000 0000 

  0x00000199651c2030: ;   {runtime_call}
  0x00000199651c2030: e9fb ffff 

  0x00000199651c2034: ;   {static_stub}
  0x00000199651c2034: ff48 bb00 | 0000 0000 

  0x00000199651c203c: ;   {runtime_call}
  0x00000199651c203c: 0000 00e9 | fbff ffff 

  0x00000199651c2044: ;   {static_stub}
  0x00000199651c2044: 48bb 0000 | 0000 0000 

  0x00000199651c204c: ;   {runtime_call}
  0x00000199651c204c: 0000 e9fb 

  0x00000199651c2050: ;   {static_stub}
  0x00000199651c2050: ffff ff48 | bb00 0000 | 0000 0000 

  0x00000199651c205c: ;   {runtime_call}
  0x00000199651c205c: 00e9 fbff 

  0x00000199651c2060: ;   {static_stub}
  0x00000199651c2060: ffff 48bb | 0000 0000 | 0000 0000 

  0x00000199651c206c: ;   {runtime_call}
  0x00000199651c206c: e9fb ffff 

  0x00000199651c2070: ;   {static_stub}
  0x00000199651c2070: ff48 bb00 | 0000 0000 

  0x00000199651c2078: ;   {runtime_call}
  0x00000199651c2078: 0000 00e9 | fbff ffff 

  0x00000199651c2080: ;   {static_stub}
  0x00000199651c2080: 48bb 0000 | 0000 0000 

  0x00000199651c2088: ;   {runtime_call}
  0x00000199651c2088: 0000 e9fb 

  0x00000199651c208c: ;   {static_stub}
  0x00000199651c208c: ffff ff48 | bb00 0000 | 0000 0000 

  0x00000199651c2098: ;   {runtime_call}
  0x00000199651c2098: 00e9 fbff 

  0x00000199651c209c: ;   {static_stub}
  0x00000199651c209c: ffff 48bb | 0000 0000 | 0000 0000 

  0x00000199651c20a8: ;   {runtime_call}
  0x00000199651c20a8: e9fb ffff 

  0x00000199651c20ac: ;   {static_stub}
  0x00000199651c20ac: ff48 bb00 | 0000 0000 

  0x00000199651c20b4: ;   {runtime_call}
  0x00000199651c20b4: 0000 00e9 | fbff ffff 

  0x00000199651c20bc: ;   {static_stub}
  0x00000199651c20bc: 48bb 0000 | 0000 0000 

  0x00000199651c20c4: ;   {runtime_call}
  0x00000199651c20c4: 0000 e9fb 

  0x00000199651c20c8: ;   {static_stub}
  0x00000199651c20c8: ffff ff48 | bb00 0000 | 0000 0000 

  0x00000199651c20d4: ;   {runtime_call}
  0x00000199651c20d4: 00e9 fbff 

  0x00000199651c20d8: ;   {static_stub}
  0x00000199651c20d8: ffff 48bb | 0000 0000 | 0000 0000 

  0x00000199651c20e4: ;   {runtime_call}
  0x00000199651c20e4: e9fb ffff 

  0x00000199651c20e8: ;   {static_stub}
  0x00000199651c20e8: ff48 bb00 | 0000 0000 

  0x00000199651c20f0: ;   {runtime_call}
  0x00000199651c20f0: 0000 00e9 | fbff ffff 

  0x00000199651c20f8: ;   {static_stub}
  0x00000199651c20f8: 48bb 0000 | 0000 0000 

  0x00000199651c2100: ;   {runtime_call}
  0x00000199651c2100: 0000 e9fb 

  0x00000199651c2104: ;   {static_stub}
  0x00000199651c2104: ffff ff48 | bb00 0000 | 0000 0000 

  0x00000199651c2110: ;   {runtime_call}
  0x00000199651c2110: 00e9 fbff 

  0x00000199651c2114: ;   {static_stub}
  0x00000199651c2114: ffff 48bb | 0000 0000 | 0000 0000 

  0x00000199651c2120: ;   {runtime_call}
  0x00000199651c2120: e9fb ffff 

  0x00000199651c2124: ;   {static_stub}
  0x00000199651c2124: ff48 bb00 | 0000 0000 

  0x00000199651c212c: ;   {runtime_call}
  0x00000199651c212c: 0000 00e9 | fbff ffff 

  0x00000199651c2134: ;   {static_stub}
  0x00000199651c2134: 48bb 0000 | 0000 0000 

  0x00000199651c213c: ;   {runtime_call}
  0x00000199651c213c: 0000 e9fb 

  0x00000199651c2140: ;   {static_stub}
  0x00000199651c2140: ffff ff48 | bb00 0000 | 0000 0000 

  0x00000199651c214c: ;   {runtime_call}
  0x00000199651c214c: 00e9 fbff 

  0x00000199651c2150: ;   {static_stub}
  0x00000199651c2150: ffff 48bb | 0000 0000 | 0000 0000 

  0x00000199651c215c: ;   {runtime_call}
  0x00000199651c215c: e9fb ffff 

  0x00000199651c2160: ;   {static_stub}
  0x00000199651c2160: ff48 bb00 | 0000 0000 

  0x00000199651c2168: ;   {runtime_call}
  0x00000199651c2168: 0000 00e9 | fbff ffff 

  0x00000199651c2170: ;   {static_stub}
  0x00000199651c2170: 48bb 0000 | 0000 0000 

  0x00000199651c2178: ;   {runtime_call}
  0x00000199651c2178: 0000 e9fb 

  0x00000199651c217c: ;   {static_stub}
  0x00000199651c217c: ffff ff48 | bb00 0000 | 0000 0000 

  0x00000199651c2188: ;   {runtime_call}
  0x00000199651c2188: 00e9 fbff 

  0x00000199651c218c: ;   {static_stub}
  0x00000199651c218c: ffff 48bb | 0000 0000 | 0000 0000 

  0x00000199651c2198: ;   {runtime_call}
  0x00000199651c2198: e9fb ffff 

  0x00000199651c219c: ;   {static_stub}
  0x00000199651c219c: ff48 bb00 | 0000 0000 

  0x00000199651c21a4: ;   {runtime_call}
  0x00000199651c21a4: 0000 00e9 | fbff ffff 

  0x00000199651c21ac: ;   {static_stub}
  0x00000199651c21ac: 48bb 0000 | 0000 0000 

  0x00000199651c21b4: ;   {runtime_call}
  0x00000199651c21b4: 0000 e9fb 

  0x00000199651c21b8: ;   {static_stub}
  0x00000199651c21b8: ffff ff48 | bb00 0000 | 0000 0000 

  0x00000199651c21c4: ;   {runtime_call}
  0x00000199651c21c4: 00e9 fbff 

  0x00000199651c21c8: ;   {static_stub}
  0x00000199651c21c8: ffff 48bb | 0000 0000 | 0000 0000 

  0x00000199651c21d4: ;   {runtime_call}
  0x00000199651c21d4: e9fb ffff 

  0x00000199651c21d8: ;   {static_stub}
  0x00000199651c21d8: ff48 bb00 | 0000 0000 

  0x00000199651c21e0: ;   {runtime_call}
  0x00000199651c21e0: 0000 00e9 | fbff ffff 

  0x00000199651c21e8: ;   {static_stub}
  0x00000199651c21e8: 48bb 0000 | 0000 0000 

  0x00000199651c21f0: ;   {runtime_call}
  0x00000199651c21f0: 0000 e9fb 

  0x00000199651c21f4: ;   {static_stub}
  0x00000199651c21f4: ffff ff48 | bb00 0000 | 0000 0000 

  0x00000199651c2200: ;   {runtime_call}
  0x00000199651c2200: 00e9 fbff 

  0x00000199651c2204: ;   {static_stub}
  0x00000199651c2204: ffff 48bb | 0000 0000 | 0000 0000 

  0x00000199651c2210: ;   {runtime_call}
  0x00000199651c2210: e9fb ffff 

  0x00000199651c2214: ;   {static_stub}
  0x00000199651c2214: ff48 bb00 | 0000 0000 

  0x00000199651c221c: ;   {runtime_call}
  0x00000199651c221c: 0000 00e9 | fbff ffff 

  0x00000199651c2224: ;   {static_stub}
  0x00000199651c2224: 48bb 0000 | 0000 0000 

  0x00000199651c222c: ;   {runtime_call}
  0x00000199651c222c: 0000 e9fb 

  0x00000199651c2230: ;   {static_stub}
  0x00000199651c2230: ffff ff48 | bb00 0000 | 0000 0000 

  0x00000199651c223c: ;   {runtime_call}
  0x00000199651c223c: 00e9 fbff 

  0x00000199651c2240: ;   {static_stub}
  0x00000199651c2240: ffff 48bb | 0000 0000 | 0000 0000 

  0x00000199651c224c: ;   {runtime_call}
  0x00000199651c224c: e9fb ffff 

  0x00000199651c2250: ;   {static_stub}
  0x00000199651c2250: ff48 bb00 | 0000 0000 

  0x00000199651c2258: ;   {runtime_call}
  0x00000199651c2258: 0000 00e9 | fbff ffff 

  0x00000199651c2260: ;   {static_stub}
  0x00000199651c2260: 48bb 0000 | 0000 0000 

  0x00000199651c2268: ;   {runtime_call}
  0x00000199651c2268: 0000 e9fb 

  0x00000199651c226c: ;   {static_stub}
  0x00000199651c226c: ffff ff48 | bb00 0000 | 0000 0000 

  0x00000199651c2278: ;   {runtime_call}
  0x00000199651c2278: 00e9 fbff 

  0x00000199651c227c: ;   {static_stub}
  0x00000199651c227c: ffff 48bb | 0000 0000 | 0000 0000 

  0x00000199651c2288: ;   {runtime_call}
  0x00000199651c2288: e9fb ffff 

  0x00000199651c228c: ;   {static_stub}
  0x00000199651c228c: ff48 bb00 | 0000 0000 

  0x00000199651c2294: ;   {runtime_call}
  0x00000199651c2294: 0000 00e9 | fbff ffff 

  0x00000199651c229c: ;   {static_stub}
  0x00000199651c229c: 48bb 0000 | 0000 0000 

  0x00000199651c22a4: ;   {runtime_call}
  0x00000199651c22a4: 0000 e9fb 

  0x00000199651c22a8: ;   {static_stub}
  0x00000199651c22a8: ffff ff48 | bb00 0000 | 0000 0000 

  0x00000199651c22b4: ;   {runtime_call}
  0x00000199651c22b4: 00e9 fbff 

  0x00000199651c22b8: ;   {runtime_call ExceptionBlob}
  0x00000199651c22b8: ffff e941 | 3b7f ffe8 | 0000 0000 | 4883 2c24 

  0x00000199651c22c8: ;   {runtime_call DeoptimizationBlob}
  0x00000199651c22c8: 05e9 d249 | 7eff f4f4 
[/MachCode]


---------------  P R O C E S S  ---------------

Threads class SMR info:
_java_thread_list=0x000001997d1652d0, length=78, elements={
0x00000199550b2d20, 0x00000199728d6f00, 0x00000199728d8ce0, 0x00000199728ecc50,
0x00000199728f00a0, 0x00000199728f1110, 0x00000199728f19e0, 0x00000199728f3cc0,
0x0000019972907820, 0x0000019972966c90, 0x00000199728bfb00, 0x0000019972b28f10,
0x00000199779439c0, 0x00000199778388d0, 0x0000019972965d20, 0x0000019977ac1100,
0x0000019977c8a090, 0x0000019977c8afc0, 0x0000019977c8b9e0, 0x0000019977c8bef0,
0x0000019977c89670, 0x000001997952dc20, 0x000001997952f570, 0x000001997952fa80,
0x000001997952e130, 0x000001997952e640, 0x000001997952d710, 0x0000019977c88c50,
0x000001997b2fa250, 0x000001997b2f7ee0, 0x000001997b2f79d0, 0x000001997b2f6aa0,
0x000001997b2fa760, 0x000001997b2f6fb0, 0x000001997b2fac70, 0x000001997b2f74c0,
0x000001997b2fe420, 0x000001997b2fb180, 0x000001997b2fb690, 0x000001997b2fcad0,
0x000001997b2fda00, 0x000001997b2fdf10, 0x000001997b2fbba0, 0x000001997b2fd4f0,
0x000001997b2fc5c0, 0x000001997952c7e0, 0x00000199795313d0, 0x0000019979533c50,
0x0000019979533230, 0x0000019979533740, 0x0000019979532d20, 0x0000019979531df0,
0x0000019979532810, 0x0000019979530ec0, 0x0000019977c89160, 0x0000019977c8c400,
0x0000019977c89b80, 0x0000019977c8a5a0, 0x0000019977c8aab0, 0x0000019977c8b4d0,
0x00000199793403c0, 0x00000199793408d0, 0x000001997933f490, 0x0000019979340de0,
0x000001997933feb0, 0x00000199793412f0, 0x0000019979341d10, 0x0000019979342730,
0x0000019979342220, 0x000001997933ef80, 0x0000019979342c40, 0x0000019979343150,
0x0000019979343660, 0x0000019979344aa0, 0x0000019979344fb0, 0x000001997b2fcfe0,
0x000001997a6fe2f0, 0x000001997a6fbf80
}

Java Threads: ( => current thread )
  0x00000199550b2d20 JavaThread "main" [_thread_blocked, id=21164, stack(0x0000008b34e00000,0x0000008b34f00000)]
  0x00000199728d6f00 JavaThread "Reference Handler" daemon [_thread_blocked, id=3056, stack(0x0000008b35500000,0x0000008b35600000)]
  0x00000199728d8ce0 JavaThread "Finalizer" daemon [_thread_blocked, id=20656, stack(0x0000008b35600000,0x0000008b35700000)]
  0x00000199728ecc50 JavaThread "Signal Dispatcher" daemon [_thread_blocked, id=19484, stack(0x0000008b35700000,0x0000008b35800000)]
  0x00000199728f00a0 JavaThread "Attach Listener" daemon [_thread_blocked, id=20676, stack(0x0000008b35800000,0x0000008b35900000)]
  0x00000199728f1110 JavaThread "Service Thread" daemon [_thread_blocked, id=1564, stack(0x0000008b35900000,0x0000008b35a00000)]
  0x00000199728f19e0 JavaThread "Monitor Deflation Thread" daemon [_thread_blocked, id=13724, stack(0x0000008b35a00000,0x0000008b35b00000)]
  0x00000199728f3cc0 JavaThread "C2 CompilerThread0" daemon [_thread_blocked, id=4952, stack(0x0000008b35b00000,0x0000008b35c00000)]
  0x0000019972907820 JavaThread "C1 CompilerThread0" daemon [_thread_blocked, id=9428, stack(0x0000008b35c00000,0x0000008b35d00000)]
  0x0000019972966c90 JavaThread "Sweeper thread" daemon [_thread_blocked, id=7152, stack(0x0000008b35d00000,0x0000008b35e00000)]
  0x00000199728bfb00 JavaThread "Common-Cleaner" daemon [_thread_blocked, id=5148, stack(0x0000008b35e00000,0x0000008b35f00000)]
  0x0000019972b28f10 JavaThread "Notification Thread" daemon [_thread_blocked, id=9760, stack(0x0000008b35f00000,0x0000008b36000000)]
  0x00000199779439c0 JavaThread "Daemon health stats" [_thread_blocked, id=12580, stack(0x0000008b36400000,0x0000008b36500000)]
  0x00000199778388d0 JavaThread "Incoming local TCP Connector on port 63467" [_thread_in_native, id=18152, stack(0x0000008b34c00000,0x0000008b34d00000)]
  0x0000019972965d20 JavaThread "Daemon periodic checks" [_thread_blocked, id=10880, stack(0x0000008b36500000,0x0000008b36600000)]
  0x0000019977ac1100 JavaThread "Daemon" [_thread_blocked, id=8472, stack(0x0000008b36600000,0x0000008b36700000)]
=>0x0000019977c8a090 JavaThread "Daemon worker" [_thread_in_vm, id=10644, stack(0x0000008b36900000,0x0000008b36a00000)]
  0x0000019977c8afc0 JavaThread "Cache worker for journal cache (C:\Users\triK\.gradle\caches\journal-1)" [_thread_blocked, id=8568, stack(0x0000008b36d00000,0x0000008b36e00000)]
  0x0000019977c8b9e0 JavaThread "File lock request listener" [_thread_in_native, id=15084, stack(0x0000008b36e00000,0x0000008b36f00000)]
  0x0000019977c8bef0 JavaThread "Cache worker for file hash cache (C:\Users\triK\.gradle\caches\9.3.1\fileHashes)" [_thread_blocked, id=12560, stack(0x0000008b36f00000,0x0000008b37000000)]
  0x0000019977c89670 JavaThread "File watcher server" daemon [_thread_in_native, id=21104, stack(0x0000008b37400000,0x0000008b37500000)]
  0x000001997952dc20 JavaThread "File watcher consumer" daemon [_thread_blocked, id=13216, stack(0x0000008b37500000,0x0000008b37600000)]
  0x000001997952f570 JavaThread "jar transforms" [_thread_blocked, id=21268, stack(0x0000008b37600000,0x0000008b37700000)]
  0x000001997952fa80 JavaThread "jar transforms Thread 2" [_thread_blocked, id=10728, stack(0x0000008b37700000,0x0000008b37800000)]
  0x000001997952e130 JavaThread "jar transforms Thread 3" [_thread_blocked, id=5188, stack(0x0000008b37800000,0x0000008b37900000)]
  0x000001997952e640 JavaThread "Cache worker for file content cache (C:\Users\triK\.gradle\caches\9.3.1\fileContent)" [_thread_blocked, id=16240, stack(0x0000008b37c00000,0x0000008b37d00000)]
  0x000001997952d710 JavaThread "jar transforms Thread 4" [_thread_blocked, id=5892, stack(0x0000008b37f00000,0x0000008b38000000)]
  0x0000019977c88c50 JavaThread "Memory manager" [_thread_blocked, id=11164, stack(0x0000008b38800000,0x0000008b38900000)]
  0x000001997b2fa250 JavaThread "Handler for socket connection from /127.0.0.1:63467 to /127.0.0.1:56186" [_thread_in_native, id=2684, stack(0x0000008b34d00000,0x0000008b34e00000)]
  0x000001997b2f7ee0 JavaThread "Cancel handler" [_thread_blocked, id=9664, stack(0x0000008b36700000,0x0000008b36800000)]
  0x000001997b2f79d0 JavaThread "Asynchronous log dispatcher for DefaultDaemonConnection: socket connection from /127.0.0.1:63467 to /127.0.0.1:56186" [_thread_blocked, id=18672, stack(0x0000008b36800000,0x0000008b36900000)]
  0x000001997b2f6aa0 JavaThread "Stdin handler" [_thread_blocked, id=8836, stack(0x0000008b36a00000,0x0000008b36b00000)]
  0x000001997b2fa760 JavaThread "Daemon client event forwarder" [_thread_blocked, id=12604, stack(0x0000008b36b00000,0x0000008b36c00000)]
  0x000001997b2f6fb0 JavaThread "Cache worker for file hash cache (C:\Users\triK\Documents\GitHub\as-one-apk\frontend\android\.gradle\9.3.1\fileHashes)" [_thread_blocked, id=18960, stack(0x0000008b36c00000,0x0000008b36d00000)]
  0x000001997b2fac70 JavaThread "Cache worker for Build Output Cleanup Cache (C:\Users\triK\Documents\GitHub\as-one-apk\frontend\android\.gradle\buildOutputCleanup)" [_thread_blocked, id=11116, stack(0x0000008b37000000,0x0000008b37100000)]
  0x000001997b2f74c0 JavaThread "Cache worker for checksums cache (C:\Users\triK\Documents\GitHub\as-one-apk\frontend\android\.gradle\9.3.1\checksums)" [_thread_blocked, id=21452, stack(0x0000008b37100000,0x0000008b37200000)]
  0x000001997b2fe420 JavaThread "Cache worker for cache directory md-supplier (C:\Users\triK\.gradle\caches\9.3.1\md-supplier)" [_thread_blocked, id=10940, stack(0x0000008b37200000,0x0000008b37300000)]
  0x000001997b2fb180 JavaThread "Cache worker for cache directory md-rule (C:\Users\triK\.gradle\caches\9.3.1\md-rule)" [_thread_blocked, id=16348, stack(0x0000008b37900000,0x0000008b37a00000)]
  0x000001997b2fb690 JavaThread "Cache worker for Build Output Cleanup Cache (C:\flutter\packages\flutter_tools\gradle\.gradle\buildOutputCleanup)" [_thread_blocked, id=17240, stack(0x0000008b37b00000,0x0000008b37c00000)]
  0x000001997b2fcad0 JavaThread "Unconstrained build operations" [_thread_blocked, id=8404, stack(0x0000008b37e00000,0x0000008b37f00000)]
  0x000001997b2fda00 JavaThread "Unconstrained build operations Thread 2" [_thread_blocked, id=12212, stack(0x0000008b38000000,0x0000008b38100000)]
  0x000001997b2fdf10 JavaThread "Unconstrained build operations Thread 3" [_thread_blocked, id=11464, stack(0x0000008b38100000,0x0000008b38200000)]
  0x000001997b2fbba0 JavaThread "Unconstrained build operations Thread 4" [_thread_blocked, id=12112, stack(0x0000008b38200000,0x0000008b38300000)]
  0x000001997b2fd4f0 JavaThread "Unconstrained build operations Thread 5" [_thread_blocked, id=5712, stack(0x0000008b38300000,0x0000008b38400000)]
  0x000001997b2fc5c0 JavaThread "Unconstrained build operations Thread 6" [_thread_blocked, id=13456, stack(0x0000008b38400000,0x0000008b38500000)]
  0x000001997952c7e0 JavaThread "build event listener" [_thread_blocked, id=17972, stack(0x0000008b38600000,0x0000008b38700000)]
  0x00000199795313d0 JavaThread "Execution worker" [_thread_blocked, id=12008, stack(0x0000008b38700000,0x0000008b38800000)]
  0x0000019979533c50 JavaThread "Execution worker Thread 2" [_thread_blocked, id=7400, stack(0x0000008b38900000,0x0000008b38a00000)]
  0x0000019979533230 JavaThread "Execution worker Thread 3" [_thread_blocked, id=20148, stack(0x0000008b38a00000,0x0000008b38b00000)]
  0x0000019979533740 JavaThread "Cache worker for execution history cache (C:\flutter\packages\flutter_tools\gradle\.gradle\9.3.1\executionHistory)" [_thread_blocked, id=9804, stack(0x0000008b38b00000,0x0000008b38c00000)]
  0x0000019979532d20 JavaThread "Unconstrained build operations Thread 7" [_thread_blocked, id=19412, stack(0x0000008b38c00000,0x0000008b38d00000)]
  0x0000019979531df0 JavaThread "Unconstrained build operations Thread 8" [_thread_blocked, id=4144, stack(0x0000008b38d00000,0x0000008b38e00000)]
  0x0000019979532810 JavaThread "Unconstrained build operations Thread 9" [_thread_blocked, id=17052, stack(0x0000008b38e00000,0x0000008b38f00000)]
  0x0000019979530ec0 JavaThread "Unconstrained build operations Thread 10" [_thread_blocked, id=14424, stack(0x0000008b38f00000,0x0000008b39000000)]
  0x0000019977c89160 JavaThread "Unconstrained build operations Thread 11" [_thread_blocked, id=18408, stack(0x0000008b39000000,0x0000008b39100000)]
  0x0000019977c8c400 JavaThread "Unconstrained build operations Thread 12" [_thread_blocked, id=19108, stack(0x0000008b39100000,0x0000008b39200000)]
  0x0000019977c89b80 JavaThread "Unconstrained build operations Thread 13" [_thread_blocked, id=12116, stack(0x0000008b39200000,0x0000008b39300000)]
  0x0000019977c8a5a0 JavaThread "Unconstrained build operations Thread 14" [_thread_blocked, id=8388, stack(0x0000008b39300000,0x0000008b39400000)]
  0x0000019977c8aab0 JavaThread "Unconstrained build operations Thread 15" [_thread_blocked, id=17404, stack(0x0000008b39400000,0x0000008b39500000)]
  0x0000019977c8b4d0 JavaThread "Unconstrained build operations Thread 16" [_thread_blocked, id=20648, stack(0x0000008b39500000,0x0000008b39600000)]
  0x00000199793403c0 JavaThread "Unconstrained build operations Thread 17" [_thread_blocked, id=5852, stack(0x0000008b39600000,0x0000008b39700000)]
  0x00000199793408d0 JavaThread "WorkerExecutor Queue" [_thread_blocked, id=1316, stack(0x0000008b39700000,0x0000008b39800000)]
  0x000001997933f490 JavaThread "RMI Scheduler(0)" daemon [_thread_blocked, id=20228, stack(0x0000008b39800000,0x0000008b39900000)]
  0x0000019979340de0 JavaThread "RMI GC Daemon" daemon [_thread_blocked, id=16572, stack(0x0000008b39a00000,0x0000008b39b00000)]
  0x000001997933feb0 JavaThread "RMI TCP Accept-0" daemon [_thread_in_native, id=676, stack(0x0000008b39b00000,0x0000008b39c00000)]
  0x00000199793412f0 JavaThread "RMI Reaper" [_thread_blocked, id=8180, stack(0x0000008b39c00000,0x0000008b39d00000)]
  0x0000019979341d10 JavaThread "Unconstrained build operations Thread 18" [_thread_blocked, id=14844, stack(0x0000008b37d00000,0x0000008b37e00000)]
  0x0000019979342730 JavaThread "Unconstrained build operations Thread 19" [_thread_blocked, id=9972, stack(0x0000008b39e00000,0x0000008b39f00000)]
  0x0000019979342220 JavaThread "Unconstrained build operations Thread 20" [_thread_blocked, id=20876, stack(0x0000008b39f00000,0x0000008b3a000000)]
  0x000001997933ef80 JavaThread "Unconstrained build operations Thread 21" [_thread_blocked, id=17016, stack(0x0000008b3a000000,0x0000008b3a100000)]
  0x0000019979342c40 JavaThread "Unconstrained build operations Thread 22" [_thread_blocked, id=1324, stack(0x0000008b3a100000,0x0000008b3a200000)]
  0x0000019979343150 JavaThread "Unconstrained build operations Thread 23" [_thread_blocked, id=10192, stack(0x0000008b3a200000,0x0000008b3a300000)]
  0x0000019979343660 JavaThread "Unconstrained build operations Thread 24" [_thread_blocked, id=1760, stack(0x0000008b3a300000,0x0000008b3a400000)]
  0x0000019979344aa0 JavaThread "Unconstrained build operations Thread 25" [_thread_blocked, id=13124, stack(0x0000008b3a400000,0x0000008b3a500000)]
  0x0000019979344fb0 JavaThread "Unconstrained build operations Thread 26" [_thread_blocked, id=19096, stack(0x0000008b3a500000,0x0000008b3a600000)]
  0x000001997b2fcfe0 JavaThread "build event listener" [_thread_blocked, id=2028, stack(0x0000008b3a600000,0x0000008b3a700000)]
  0x000001997a6fe2f0 JavaThread "build event listener" [_thread_blocked, id=12312, stack(0x0000008b3a700000,0x0000008b3a800000)]
  0x000001997a6fbf80 JavaThread "Problems report writer" [_thread_blocked, id=21496, stack(0x0000008b34b00000,0x0000008b34c00000)]

Other Threads:
  0x00000199728cc7d0 VMThread "VM Thread" [stack: 0x0000008b35400000,0x0000008b35500000] [id=16132] _threads_hazard_ptr=0x000001997d1652d0
  0x00000199550b3ab0 WatcherThread [stack: 0x0000008b36000000,0x0000008b36100000] [id=8544]
  0x00000199550fb2f0 GCTaskThread "GC Thread#0" [stack: 0x0000008b34f00000,0x0000008b35000000] [id=7600]
  0x0000019972b81800 GCTaskThread "GC Thread#1" [stack: 0x0000008b36100000,0x0000008b36200000] [id=6820]
  0x0000019972b9fc10 GCTaskThread "GC Thread#2" [stack: 0x0000008b36200000,0x0000008b36300000] [id=21328]
  0x00000199771b4a50 GCTaskThread "GC Thread#3" [stack: 0x0000008b36300000,0x0000008b36400000] [id=21480]
  0x0000019955107e70 ConcurrentGCThread "G1 Main Marker" [stack: 0x0000008b35000000,0x0000008b35100000] [id=12852]
  0x00000199551097b0 ConcurrentGCThread "G1 Conc#0" [stack: 0x0000008b35100000,0x0000008b35200000] [id=18364]
  0x0000019955157bd0 ConcurrentGCThread "G1 Refine#0" [stack: 0x0000008b35200000,0x0000008b35300000] [id=21352]
  0x000001997952bdc0 ConcurrentGCThread "G1 Refine#1" [stack: 0x0000008b37300000,0x0000008b37400000] [id=13332]
  0x000001997ccf0f90 ConcurrentGCThread "G1 Refine#2" [stack: 0x0000008b37a00000,0x0000008b37b00000] [id=3768]
  0x000001997ccedf90 ConcurrentGCThread "G1 Refine#3" [stack: 0x0000008b38500000,0x0000008b38600000] [id=12880]
  0x0000019955158520 ConcurrentGCThread "G1 Service" [stack: 0x0000008b35300000,0x0000008b35400000] [id=12504]

Threads with active compile tasks:

VM state: synchronizing (normal execution)

VM Mutex/Monitor currently owned by a thread:  ([mutex/lock_event])
[0x0000019952d80380] Metaspace_lock - owner thread: 0x0000019977c8a090
[0x0000019952d7fe70] Threads_lock - owner thread: 0x00000199728cc7d0

Heap address: 0x00000000a1800000, size: 1512 MB, Compressed Oops mode: 32-bit

CDS archive(s) mapped at: [0x0000019900000000-0x0000019900bb0000-0x0000019900bb0000), size 12255232, SharedBaseAddress: 0x0000019900000000, ArchiveRelocationMode: 1.
Compressed class space mapped at: 0x0000019901000000-0x000001991b000000, reserved size: 436207616
Narrow klass base: 0x0000019900000000, Narrow klass shift: 0, Narrow klass range: 0x100000000

GC Precious Log:
 CPUs: 4 total, 4 available
 Memory: 3971M
 Large Page Support: Disabled
 NUMA Support: Disabled
 Compressed Oops: Enabled (32-bit)
 Heap Region Size: 1M
 Heap Min Capacity: 8M
 Heap Initial Capacity: 64M
 Heap Max Capacity: 1512M
 Pre-touch: Disabled
 Parallel Workers: 4
 Concurrent Workers: 1
 Concurrent Refinement Workers: 4
 Periodic GC: Disabled

Heap:
 garbage-first heap   total 364544K, used 230912K [0x00000000a1800000, 0x0000000100000000)
  region size 1024K, 55 young (56320K), 7 survivors (7168K)
 Metaspace       used 146250K, committed 147648K, reserved 557056K
  class space    used 19830K, committed 20480K, reserved 425984K

Heap Regions: E=young(eden), S=young(survivor), O=old, HS=humongous(starts), HC=humongous(continues), CS=collection set, F=free, OA=open archive, CA=closed archive, TAMS=top-at-mark-start (previous, next)
|   0|0x00000000a1800000, 0x00000000a1900000, 0x00000000a1900000|100%|HS|  |TAMS 0x00000000a1900000, 0x00000000a1800000| Complete 
|   1|0x00000000a1900000, 0x00000000a1a00000, 0x00000000a1a00000|100%|HC|  |TAMS 0x00000000a1a00000, 0x00000000a1900000| Complete 
|   2|0x00000000a1a00000, 0x00000000a1b00000, 0x00000000a1b00000|100%|HC|  |TAMS 0x00000000a1b00000, 0x00000000a1a00000| Complete 
|   3|0x00000000a1b00000, 0x00000000a1c00000, 0x00000000a1c00000|100%|HC|  |TAMS 0x00000000a1c00000, 0x00000000a1b00000| Complete 
|   4|0x00000000a1c00000, 0x00000000a1d00000, 0x00000000a1d00000|100%| O|  |TAMS 0x00000000a1d00000, 0x00000000a1c00000| Untracked 
|   5|0x00000000a1d00000, 0x00000000a1e00000, 0x00000000a1e00000|100%| O|  |TAMS 0x00000000a1e00000, 0x00000000a1d00000| Untracked 
|   6|0x00000000a1e00000, 0x00000000a1f00000, 0x00000000a1f00000|100%| O|  |TAMS 0x00000000a1f00000, 0x00000000a1e00000| Untracked 
|   7|0x00000000a1f00000, 0x00000000a2000000, 0x00000000a2000000|100%| O|  |TAMS 0x00000000a2000000, 0x00000000a1f00000| Untracked 
|   8|0x00000000a2000000, 0x00000000a2100000, 0x00000000a2100000|100%|HS|  |TAMS 0x00000000a2100000, 0x00000000a2000000| Complete 
|   9|0x00000000a2100000, 0x00000000a2200000, 0x00000000a2200000|100%| O|  |TAMS 0x00000000a2200000, 0x00000000a2100000| Untracked 
|  10|0x00000000a2200000, 0x00000000a2300000, 0x00000000a2300000|100%| O|  |TAMS 0x00000000a2300000, 0x00000000a2200000| Untracked 
|  11|0x00000000a2300000, 0x00000000a2400000, 0x00000000a2400000|100%| O|  |TAMS 0x00000000a2400000, 0x00000000a2300000| Untracked 
|  12|0x00000000a2400000, 0x00000000a2500000, 0x00000000a2500000|100%| O|  |TAMS 0x00000000a2500000, 0x00000000a2400000| Untracked 
|  13|0x00000000a2500000, 0x00000000a2600000, 0x00000000a2600000|100%| O|  |TAMS 0x00000000a2600000, 0x00000000a2500000| Untracked 
|  14|0x00000000a2600000, 0x00000000a2700000, 0x00000000a2700000|100%| O|  |TAMS 0x00000000a2700000, 0x00000000a2600000| Untracked 
|  15|0x00000000a2700000, 0x00000000a2800000, 0x00000000a2800000|100%| O|  |TAMS 0x00000000a2800000, 0x00000000a2700000| Untracked 
|  16|0x00000000a2800000, 0x00000000a2900000, 0x00000000a2900000|100%| O|  |TAMS 0x00000000a2900000, 0x00000000a2800000| Untracked 
|  17|0x00000000a2900000, 0x00000000a2a00000, 0x00000000a2a00000|100%| O|  |TAMS 0x00000000a2a00000, 0x00000000a2900000| Untracked 
|  18|0x00000000a2a00000, 0x00000000a2b00000, 0x00000000a2b00000|100%| O|  |TAMS 0x00000000a2b00000, 0x00000000a2a00000| Untracked 
|  19|0x00000000a2b00000, 0x00000000a2c00000, 0x00000000a2c00000|100%| O|  |TAMS 0x00000000a2c00000, 0x00000000a2b00000| Untracked 
|  20|0x00000000a2c00000, 0x00000000a2d00000, 0x00000000a2d00000|100%| O|  |TAMS 0x00000000a2d00000, 0x00000000a2c00000| Untracked 
|  21|0x00000000a2d00000, 0x00000000a2e00000, 0x00000000a2e00000|100%| O|  |TAMS 0x00000000a2e00000, 0x00000000a2d00000| Untracked 
|  22|0x00000000a2e00000, 0x00000000a2f00000, 0x00000000a2f00000|100%| O|  |TAMS 0x00000000a2f00000, 0x00000000a2e00000| Untracked 
|  23|0x00000000a2f00000, 0x00000000a3000000, 0x00000000a3000000|100%| O|  |TAMS 0x00000000a3000000, 0x00000000a2f00000| Untracked 
|  24|0x00000000a3000000, 0x00000000a3100000, 0x00000000a3100000|100%| O|  |TAMS 0x00000000a3100000, 0x00000000a3000000| Untracked 
|  25|0x00000000a3100000, 0x00000000a3200000, 0x00000000a3200000|100%| O|  |TAMS 0x00000000a3200000, 0x00000000a3100000| Untracked 
|  26|0x00000000a3200000, 0x00000000a3300000, 0x00000000a3300000|100%| O|  |TAMS 0x00000000a3300000, 0x00000000a3200000| Untracked 
|  27|0x00000000a3300000, 0x00000000a3400000, 0x00000000a3400000|100%| O|  |TAMS 0x00000000a3400000, 0x00000000a3300000| Untracked 
|  28|0x00000000a3400000, 0x00000000a3500000, 0x00000000a3500000|100%| O|  |TAMS 0x00000000a3500000, 0x00000000a3400000| Untracked 
|  29|0x00000000a3500000, 0x00000000a3600000, 0x00000000a3600000|100%| O|  |TAMS 0x00000000a3600000, 0x00000000a3500000| Untracked 
|  30|0x00000000a3600000, 0x00000000a3600000, 0x00000000a3700000|  0%| F|  |TAMS 0x00000000a3600000, 0x00000000a3600000| Untracked 
|  31|0x00000000a3700000, 0x00000000a3800000, 0x00000000a3800000|100%| O|  |TAMS 0x00000000a3800000, 0x00000000a3700000| Untracked 
|  32|0x00000000a3800000, 0x00000000a3900000, 0x00000000a3900000|100%| O|  |TAMS 0x00000000a3900000, 0x00000000a3800000| Untracked 
|  33|0x00000000a3900000, 0x00000000a3900000, 0x00000000a3a00000|  0%| F|  |TAMS 0x00000000a3900000, 0x00000000a3900000| Untracked 
|  34|0x00000000a3a00000, 0x00000000a3a00000, 0x00000000a3b00000|  0%| F|  |TAMS 0x00000000a3a00000, 0x00000000a3a00000| Untracked 
|  35|0x00000000a3b00000, 0x00000000a3c00000, 0x00000000a3c00000|100%| O|  |TAMS 0x00000000a3c00000, 0x00000000a3b00000| Untracked 
|  36|0x00000000a3c00000, 0x00000000a3d00000, 0x00000000a3d00000|100%| O|  |TAMS 0x00000000a3d00000, 0x00000000a3c00000| Untracked 
|  37|0x00000000a3d00000, 0x00000000a3e00000, 0x00000000a3e00000|100%| O|  |TAMS 0x00000000a3e00000, 0x00000000a3d00000| Untracked 
|  38|0x00000000a3e00000, 0x00000000a3f00000, 0x00000000a3f00000|100%| O|  |TAMS 0x00000000a3f00000, 0x00000000a3e00000| Untracked 
|  39|0x00000000a3f00000, 0x00000000a4000000, 0x00000000a4000000|100%| O|  |TAMS 0x00000000a4000000, 0x00000000a3f00000| Untracked 
|  40|0x00000000a4000000, 0x00000000a4100000, 0x00000000a4100000|100%| O|  |TAMS 0x00000000a4100000, 0x00000000a4000000| Untracked 
|  41|0x00000000a4100000, 0x00000000a4200000, 0x00000000a4200000|100%| O|  |TAMS 0x00000000a4100000, 0x00000000a4100000| Untracked 
|  42|0x00000000a4200000, 0x00000000a4300000, 0x00000000a4300000|100%| O|  |TAMS 0x00000000a4200000, 0x00000000a4200000| Untracked 
|  43|0x00000000a4300000, 0x00000000a4400000, 0x00000000a4400000|100%| O|  |TAMS 0x00000000a4400000, 0x00000000a4300000| Untracked 
|  44|0x00000000a4400000, 0x00000000a4500000, 0x00000000a4500000|100%|HS|  |TAMS 0x00000000a4500000, 0x00000000a4400000| Complete 
|  45|0x00000000a4500000, 0x00000000a4600000, 0x00000000a4600000|100%|HC|  |TAMS 0x00000000a4600000, 0x00000000a4500000| Complete 
|  46|0x00000000a4600000, 0x00000000a4700000, 0x00000000a4700000|100%|HS|  |TAMS 0x00000000a4700000, 0x00000000a4600000| Complete 
|  47|0x00000000a4700000, 0x00000000a4800000, 0x00000000a4800000|100%|HC|  |TAMS 0x00000000a4800000, 0x00000000a4700000| Complete 
|  48|0x00000000a4800000, 0x00000000a4900000, 0x00000000a4900000|100%| O|  |TAMS 0x00000000a4900000, 0x00000000a4800000| Untracked 
|  49|0x00000000a4900000, 0x00000000a4a00000, 0x00000000a4a00000|100%| O|  |TAMS 0x00000000a4a00000, 0x00000000a4900000| Untracked 
|  50|0x00000000a4a00000, 0x00000000a4b00000, 0x00000000a4b00000|100%| O|  |TAMS 0x00000000a4b00000, 0x00000000a4a00000| Untracked 
|  51|0x00000000a4b00000, 0x00000000a4c00000, 0x00000000a4c00000|100%| O|  |TAMS 0x00000000a4c00000, 0x00000000a4b00000| Untracked 
|  52|0x00000000a4c00000, 0x00000000a4d00000, 0x00000000a4d00000|100%| O|  |TAMS 0x00000000a4d00000, 0x00000000a4c00000| Untracked 
|  53|0x00000000a4d00000, 0x00000000a4e00000, 0x00000000a4e00000|100%| O|  |TAMS 0x00000000a4e00000, 0x00000000a4d00000| Untracked 
|  54|0x00000000a4e00000, 0x00000000a4f00000, 0x00000000a4f00000|100%| O|  |TAMS 0x00000000a4f00000, 0x00000000a4e00000| Untracked 
|  55|0x00000000a4f00000, 0x00000000a5000000, 0x00000000a5000000|100%| O|  |TAMS 0x00000000a5000000, 0x00000000a4f00000| Untracked 
|  56|0x00000000a5000000, 0x00000000a5100000, 0x00000000a5100000|100%| O|  |TAMS 0x00000000a5100000, 0x00000000a5000000| Untracked 
|  57|0x00000000a5100000, 0x00000000a5200000, 0x00000000a5200000|100%| O|  |TAMS 0x00000000a5200000, 0x00000000a5100000| Untracked 
|  58|0x00000000a5200000, 0x00000000a5300000, 0x00000000a5300000|100%| O|  |TAMS 0x00000000a5300000, 0x00000000a5200000| Untracked 
|  59|0x00000000a5300000, 0x00000000a5400000, 0x00000000a5400000|100%| O|  |TAMS 0x00000000a5400000, 0x00000000a5300000| Untracked 
|  60|0x00000000a5400000, 0x00000000a5500000, 0x00000000a5500000|100%| O|  |TAMS 0x00000000a5500000, 0x00000000a5400000| Untracked 
|  61|0x00000000a5500000, 0x00000000a5600000, 0x00000000a5600000|100%| O|  |TAMS 0x00000000a5600000, 0x00000000a5500000| Untracked 
|  62|0x00000000a5600000, 0x00000000a5700000, 0x00000000a5700000|100%| O|  |TAMS 0x00000000a5700000, 0x00000000a5600000| Untracked 
|  63|0x00000000a5700000, 0x00000000a5800000, 0x00000000a5800000|100%| O|  |TAMS 0x00000000a5800000, 0x00000000a5700000| Untracked 
|  64|0x00000000a5800000, 0x00000000a5900000, 0x00000000a5900000|100%| O|  |TAMS 0x00000000a5900000, 0x00000000a5800000| Untracked 
|  65|0x00000000a5900000, 0x00000000a5a00000, 0x00000000a5a00000|100%| O|  |TAMS 0x00000000a5a00000, 0x00000000a5900000| Untracked 
|  66|0x00000000a5a00000, 0x00000000a5b00000, 0x00000000a5b00000|100%| O|  |TAMS 0x00000000a5a00000, 0x00000000a5a00000| Untracked 
|  67|0x00000000a5b00000, 0x00000000a5c00000, 0x00000000a5c00000|100%| O|  |TAMS 0x00000000a5c00000, 0x00000000a5b00000| Untracked 
|  68|0x00000000a5c00000, 0x00000000a5d00000, 0x00000000a5d00000|100%| O|  |TAMS 0x00000000a5d00000, 0x00000000a5c00000| Untracked 
|  69|0x00000000a5d00000, 0x00000000a5e00000, 0x00000000a5e00000|100%| O|  |TAMS 0x00000000a5e00000, 0x00000000a5d00000| Untracked 
|  70|0x00000000a5e00000, 0x00000000a5f00000, 0x00000000a5f00000|100%| O|  |TAMS 0x00000000a5f00000, 0x00000000a5e00000| Untracked 
|  71|0x00000000a5f00000, 0x00000000a6000000, 0x00000000a6000000|100%| O|  |TAMS 0x00000000a6000000, 0x00000000a5f00000| Untracked 
|  72|0x00000000a6000000, 0x00000000a6100000, 0x00000000a6100000|100%| O|  |TAMS 0x00000000a6100000, 0x00000000a6000000| Untracked 
|  73|0x00000000a6100000, 0x00000000a6200000, 0x00000000a6200000|100%| O|  |TAMS 0x00000000a6200000, 0x00000000a6100000| Untracked 
|  74|0x00000000a6200000, 0x00000000a6300000, 0x00000000a6300000|100%| O|  |TAMS 0x00000000a6300000, 0x00000000a6200000| Untracked 
|  75|0x00000000a6300000, 0x00000000a6400000, 0x00000000a6400000|100%| O|  |TAMS 0x00000000a6400000, 0x00000000a6300000| Untracked 
|  76|0x00000000a6400000, 0x00000000a6500000, 0x00000000a6500000|100%|HS|  |TAMS 0x00000000a6500000, 0x00000000a6400000| Complete 
|  77|0x00000000a6500000, 0x00000000a6600000, 0x00000000a6600000|100%|HS|  |TAMS 0x00000000a6600000, 0x00000000a6500000| Complete 
|  78|0x00000000a6600000, 0x00000000a6700000, 0x00000000a6700000|100%|HS|  |TAMS 0x00000000a6700000, 0x00000000a6600000| Complete 
|  79|0x00000000a6700000, 0x00000000a6800000, 0x00000000a6800000|100%|HC|  |TAMS 0x00000000a6800000, 0x00000000a6700000| Complete 
|  80|0x00000000a6800000, 0x00000000a6900000, 0x00000000a6900000|100%|HS|  |TAMS 0x00000000a6900000, 0x00000000a6800000| Complete 
|  81|0x00000000a6900000, 0x00000000a6a00000, 0x00000000a6a00000|100%|HS|  |TAMS 0x00000000a6a00000, 0x00000000a6900000| Complete 
|  82|0x00000000a6a00000, 0x00000000a6b00000, 0x00000000a6b00000|100%| O|  |TAMS 0x00000000a6b00000, 0x00000000a6a00000| Untracked 
|  83|0x00000000a6b00000, 0x00000000a6c00000, 0x00000000a6c00000|100%| O|  |TAMS 0x00000000a6c00000, 0x00000000a6b00000| Untracked 
|  84|0x00000000a6c00000, 0x00000000a6d00000, 0x00000000a6d00000|100%| O|  |TAMS 0x00000000a6d00000, 0x00000000a6c00000| Untracked 
|  85|0x00000000a6d00000, 0x00000000a6e00000, 0x00000000a6e00000|100%|HS|  |TAMS 0x00000000a6e00000, 0x00000000a6d00000| Complete 
|  86|0x00000000a6e00000, 0x00000000a6f00000, 0x00000000a6f00000|100%|HS|  |TAMS 0x00000000a6f00000, 0x00000000a6e00000| Complete 
|  87|0x00000000a6f00000, 0x00000000a7000000, 0x00000000a7000000|100%| O|  |TAMS 0x00000000a7000000, 0x00000000a6f00000| Untracked 
|  88|0x00000000a7000000, 0x00000000a7100000, 0x00000000a7100000|100%| O|  |TAMS 0x00000000a7100000, 0x00000000a7000000| Untracked 
|  89|0x00000000a7100000, 0x00000000a7200000, 0x00000000a7200000|100%| O|  |TAMS 0x00000000a7200000, 0x00000000a7100000| Untracked 
|  90|0x00000000a7200000, 0x00000000a7300000, 0x00000000a7300000|100%| O|  |TAMS 0x00000000a7300000, 0x00000000a7200000| Untracked 
|  91|0x00000000a7300000, 0x00000000a7400000, 0x00000000a7400000|100%| O|  |TAMS 0x00000000a7400000, 0x00000000a7300000| Untracked 
|  92|0x00000000a7400000, 0x00000000a7500000, 0x00000000a7500000|100%| O|  |TAMS 0x00000000a7500000, 0x00000000a7400000| Untracked 
|  93|0x00000000a7500000, 0x00000000a7600000, 0x00000000a7600000|100%| O|  |TAMS 0x00000000a7600000, 0x00000000a7500000| Untracked 
|  94|0x00000000a7600000, 0x00000000a7700000, 0x00000000a7700000|100%| O|  |TAMS 0x00000000a7600000, 0x00000000a7600000| Untracked 
|  95|0x00000000a7700000, 0x00000000a7800000, 0x00000000a7800000|100%| O|  |TAMS 0x00000000a7800000, 0x00000000a7700000| Untracked 
|  96|0x00000000a7800000, 0x00000000a7900000, 0x00000000a7900000|100%| O|  |TAMS 0x00000000a7900000, 0x00000000a7800000| Untracked 
|  97|0x00000000a7900000, 0x00000000a7a00000, 0x00000000a7a00000|100%| O|  |TAMS 0x00000000a7a00000, 0x00000000a7900000| Untracked 
|  98|0x00000000a7a00000, 0x00000000a7a00000, 0x00000000a7b00000|  0%| F|  |TAMS 0x00000000a7a00000, 0x00000000a7a00000| Untracked 
|  99|0x00000000a7b00000, 0x00000000a7c00000, 0x00000000a7c00000|100%|HS|  |TAMS 0x00000000a7c00000, 0x00000000a7b00000| Complete 
| 100|0x00000000a7c00000, 0x00000000a7d00000, 0x00000000a7d00000|100%|HC|  |TAMS 0x00000000a7d00000, 0x00000000a7c00000| Complete 
| 101|0x00000000a7d00000, 0x00000000a7e00000, 0x00000000a7e00000|100%| O|  |TAMS 0x00000000a7e00000, 0x00000000a7d00000| Untracked 
| 102|0x00000000a7e00000, 0x00000000a7f00000, 0x00000000a7f00000|100%| O|  |TAMS 0x00000000a7f00000, 0x00000000a7e00000| Untracked 
| 103|0x00000000a7f00000, 0x00000000a8000000, 0x00000000a8000000|100%|HS|  |TAMS 0x00000000a8000000, 0x00000000a7f00000| Complete 
| 104|0x00000000a8000000, 0x00000000a8100000, 0x00000000a8100000|100%| O|  |TAMS 0x00000000a8100000, 0x00000000a8000000| Untracked 
| 105|0x00000000a8100000, 0x00000000a8200000, 0x00000000a8200000|100%| O|  |TAMS 0x00000000a8200000, 0x00000000a8100000| Untracked 
| 106|0x00000000a8200000, 0x00000000a8300000, 0x00000000a8300000|100%| O|  |TAMS 0x00000000a8300000, 0x00000000a8200000| Untracked 
| 107|0x00000000a8300000, 0x00000000a8400000, 0x00000000a8400000|100%| O|  |TAMS 0x00000000a8400000, 0x00000000a8300000| Untracked 
| 108|0x00000000a8400000, 0x00000000a8500000, 0x00000000a8500000|100%| O|  |TAMS 0x00000000a8500000, 0x00000000a8400000| Untracked 
| 109|0x00000000a8500000, 0x00000000a8600000, 0x00000000a8600000|100%| O|  |TAMS 0x00000000a8600000, 0x00000000a8500000| Untracked 
| 110|0x00000000a8600000, 0x00000000a8700000, 0x00000000a8700000|100%| O|  |TAMS 0x00000000a8700000, 0x00000000a8600000| Untracked 
| 111|0x00000000a8700000, 0x00000000a8800000, 0x00000000a8800000|100%| O|  |TAMS 0x00000000a8800000, 0x00000000a8700000| Untracked 
| 112|0x00000000a8800000, 0x00000000a8900000, 0x00000000a8900000|100%| O|  |TAMS 0x00000000a8900000, 0x00000000a8800000| Untracked 
| 113|0x00000000a8900000, 0x00000000a8a00000, 0x00000000a8a00000|100%| O|  |TAMS 0x00000000a8a00000, 0x00000000a8900000| Untracked 
| 114|0x00000000a8a00000, 0x00000000a8b00000, 0x00000000a8b00000|100%| O|  |TAMS 0x00000000a8b00000, 0x00000000a8a00000| Untracked 
| 115|0x00000000a8b00000, 0x00000000a8c00000, 0x00000000a8c00000|100%| O|  |TAMS 0x00000000a8c00000, 0x00000000a8b00000| Untracked 
| 116|0x00000000a8c00000, 0x00000000a8d00000, 0x00000000a8d00000|100%| O|  |TAMS 0x00000000a8d00000, 0x00000000a8c00000| Untracked 
| 117|0x00000000a8d00000, 0x00000000a8e00000, 0x00000000a8e00000|100%| O|  |TAMS 0x00000000a8e00000, 0x00000000a8d00000| Untracked 
| 118|0x00000000a8e00000, 0x00000000a8f00000, 0x00000000a8f00000|100%| O|  |TAMS 0x00000000a8f00000, 0x00000000a8e00000| Untracked 
| 119|0x00000000a8f00000, 0x00000000a9000000, 0x00000000a9000000|100%| O|  |TAMS 0x00000000a9000000, 0x00000000a8f00000| Untracked 
| 120|0x00000000a9000000, 0x00000000a9100000, 0x00000000a9100000|100%| O|  |TAMS 0x00000000a9100000, 0x00000000a9000000| Untracked 
| 121|0x00000000a9100000, 0x00000000a9200000, 0x00000000a9200000|100%| O|  |TAMS 0x00000000a9200000, 0x00000000a9100000| Untracked 
| 122|0x00000000a9200000, 0x00000000a9300000, 0x00000000a9300000|100%| O|  |TAMS 0x00000000a9300000, 0x00000000a9200000| Untracked 
| 123|0x00000000a9300000, 0x00000000a9400000, 0x00000000a9400000|100%| O|  |TAMS 0x00000000a9400000, 0x00000000a9300000| Untracked 
| 124|0x00000000a9400000, 0x00000000a9500000, 0x00000000a9500000|100%| O|  |TAMS 0x00000000a9500000, 0x00000000a9400000| Untracked 
| 125|0x00000000a9500000, 0x00000000a9600000, 0x00000000a9600000|100%| O|  |TAMS 0x00000000a9600000, 0x00000000a9500000| Untracked 
| 126|0x00000000a9600000, 0x00000000a9700000, 0x00000000a9700000|100%| O|  |TAMS 0x00000000a9700000, 0x00000000a9600000| Untracked 
| 127|0x00000000a9700000, 0x00000000a9800000, 0x00000000a9800000|100%| O|  |TAMS 0x00000000a9800000, 0x00000000a9700000| Untracked 
| 128|0x00000000a9800000, 0x00000000a9900000, 0x00000000a9900000|100%| O|  |TAMS 0x00000000a9900000, 0x00000000a9800000| Untracked 
| 129|0x00000000a9900000, 0x00000000a9a00000, 0x00000000a9a00000|100%| O|  |TAMS 0x00000000a9a00000, 0x00000000a9900000| Untracked 
| 130|0x00000000a9a00000, 0x00000000a9b00000, 0x00000000a9b00000|100%| O|  |TAMS 0x00000000a9b00000, 0x00000000a9a00000| Untracked 
| 131|0x00000000a9b00000, 0x00000000a9c00000, 0x00000000a9c00000|100%| O|  |TAMS 0x00000000a9c00000, 0x00000000a9b00000| Untracked 
| 132|0x00000000a9c00000, 0x00000000a9d00000, 0x00000000a9d00000|100%| O|  |TAMS 0x00000000a9d00000, 0x00000000a9c00000| Untracked 
| 133|0x00000000a9d00000, 0x00000000a9e00000, 0x00000000a9e00000|100%| O|  |TAMS 0x00000000a9e00000, 0x00000000a9d00000| Untracked 
| 134|0x00000000a9e00000, 0x00000000a9f00000, 0x00000000a9f00000|100%| O|  |TAMS 0x00000000a9f00000, 0x00000000a9e00000| Untracked 
| 135|0x00000000a9f00000, 0x00000000aa000000, 0x00000000aa000000|100%| O|  |TAMS 0x00000000aa000000, 0x00000000a9f00000| Untracked 
| 136|0x00000000aa000000, 0x00000000aa100000, 0x00000000aa100000|100%| O|  |TAMS 0x00000000aa0ab400, 0x00000000aa000000| Untracked 
| 137|0x00000000aa100000, 0x00000000aa200000, 0x00000000aa200000|100%| O|  |TAMS 0x00000000aa100000, 0x00000000aa100000| Untracked 
| 138|0x00000000aa200000, 0x00000000aa300000, 0x00000000aa300000|100%| O|  |TAMS 0x00000000aa200000, 0x00000000aa200000| Untracked 
| 139|0x00000000aa300000, 0x00000000aa400000, 0x00000000aa400000|100%| O|  |TAMS 0x00000000aa300000, 0x00000000aa300000| Untracked 
| 140|0x00000000aa400000, 0x00000000aa500000, 0x00000000aa500000|100%| O|  |TAMS 0x00000000aa400000, 0x00000000aa400000| Untracked 
| 141|0x00000000aa500000, 0x00000000aa600000, 0x00000000aa600000|100%| O|  |TAMS 0x00000000aa500000, 0x00000000aa500000| Untracked 
| 142|0x00000000aa600000, 0x00000000aa700000, 0x00000000aa700000|100%| O|  |TAMS 0x00000000aa600000, 0x00000000aa600000| Untracked 
| 143|0x00000000aa700000, 0x00000000aa800000, 0x00000000aa800000|100%| O|  |TAMS 0x00000000aa700000, 0x00000000aa700000| Untracked 
| 144|0x00000000aa800000, 0x00000000aa900000, 0x00000000aa900000|100%| O|  |TAMS 0x00000000aa800000, 0x00000000aa800000| Untracked 
| 145|0x00000000aa900000, 0x00000000aaa00000, 0x00000000aaa00000|100%| O|  |TAMS 0x00000000aa900000, 0x00000000aa900000| Untracked 
| 146|0x00000000aaa00000, 0x00000000aab00000, 0x00000000aab00000|100%| O|  |TAMS 0x00000000aaa00000, 0x00000000aaa00000| Untracked 
| 147|0x00000000aab00000, 0x00000000aac00000, 0x00000000aac00000|100%|HS|  |TAMS 0x00000000aab00000, 0x00000000aab00000| Complete 
| 148|0x00000000aac00000, 0x00000000aad00000, 0x00000000aad00000|100%| O|  |TAMS 0x00000000aac00000, 0x00000000aac00000| Untracked 
| 149|0x00000000aad00000, 0x00000000aae00000, 0x00000000aae00000|100%| O|  |TAMS 0x00000000aad00000, 0x00000000aad00000| Untracked 
| 150|0x00000000aae00000, 0x00000000aaf00000, 0x00000000aaf00000|100%| O|  |TAMS 0x00000000aae00000, 0x00000000aae00000| Untracked 
| 151|0x00000000aaf00000, 0x00000000ab000000, 0x00000000ab000000|100%| O|  |TAMS 0x00000000aaf00000, 0x00000000aaf00000| Untracked 
| 152|0x00000000ab000000, 0x00000000ab100000, 0x00000000ab100000|100%| O|  |TAMS 0x00000000ab000000, 0x00000000ab000000| Untracked 
| 153|0x00000000ab100000, 0x00000000ab200000, 0x00000000ab200000|100%| O|  |TAMS 0x00000000ab100000, 0x00000000ab100000| Untracked 
| 154|0x00000000ab200000, 0x00000000ab300000, 0x00000000ab300000|100%| O|  |TAMS 0x00000000ab200000, 0x00000000ab200000| Untracked 
| 155|0x00000000ab300000, 0x00000000ab400000, 0x00000000ab400000|100%| O|  |TAMS 0x00000000ab300000, 0x00000000ab300000| Untracked 
| 156|0x00000000ab400000, 0x00000000ab500000, 0x00000000ab500000|100%| O|  |TAMS 0x00000000ab400000, 0x00000000ab400000| Untracked 
| 157|0x00000000ab500000, 0x00000000ab600000, 0x00000000ab600000|100%| O|  |TAMS 0x00000000ab500000, 0x00000000ab500000| Untracked 
| 158|0x00000000ab600000, 0x00000000ab700000, 0x00000000ab700000|100%| O|  |TAMS 0x00000000ab600000, 0x00000000ab600000| Untracked 
| 159|0x00000000ab700000, 0x00000000ab800000, 0x00000000ab800000|100%| O|  |TAMS 0x00000000ab700000, 0x00000000ab700000| Untracked 
| 160|0x00000000ab800000, 0x00000000ab900000, 0x00000000ab900000|100%| O|  |TAMS 0x00000000ab800000, 0x00000000ab800000| Untracked 
| 161|0x00000000ab900000, 0x00000000aba00000, 0x00000000aba00000|100%| O|  |TAMS 0x00000000ab900000, 0x00000000ab900000| Untracked 
| 162|0x00000000aba00000, 0x00000000abb00000, 0x00000000abb00000|100%| O|  |TAMS 0x00000000aba00000, 0x00000000aba00000| Untracked 
| 163|0x00000000abb00000, 0x00000000abc00000, 0x00000000abc00000|100%| O|  |TAMS 0x00000000abb00000, 0x00000000abb00000| Untracked 
| 164|0x00000000abc00000, 0x00000000abd00000, 0x00000000abd00000|100%| O|  |TAMS 0x00000000abc00000, 0x00000000abc00000| Untracked 
| 165|0x00000000abd00000, 0x00000000abe00000, 0x00000000abe00000|100%| O|  |TAMS 0x00000000abd00000, 0x00000000abd00000| Untracked 
| 166|0x00000000abe00000, 0x00000000abf00000, 0x00000000abf00000|100%| O|  |TAMS 0x00000000abe00000, 0x00000000abe00000| Untracked 
| 167|0x00000000abf00000, 0x00000000ac000000, 0x00000000ac000000|100%| O|  |TAMS 0x00000000abf00000, 0x00000000abf00000| Untracked 
| 168|0x00000000ac000000, 0x00000000ac100000, 0x00000000ac100000|100%| O|  |TAMS 0x00000000ac000000, 0x00000000ac000000| Untracked 
| 169|0x00000000ac100000, 0x00000000ac200000, 0x00000000ac200000|100%| O|  |TAMS 0x00000000ac100000, 0x00000000ac100000| Untracked 
| 170|0x00000000ac200000, 0x00000000ac300000, 0x00000000ac300000|100%| O|  |TAMS 0x00000000ac200000, 0x00000000ac200000| Untracked 
| 171|0x00000000ac300000, 0x00000000ac400000, 0x00000000ac400000|100%| O|  |TAMS 0x00000000ac300000, 0x00000000ac300000| Untracked 
| 172|0x00000000ac400000, 0x00000000ac500000, 0x00000000ac500000|100%| O|  |TAMS 0x00000000ac400000, 0x00000000ac400000| Untracked 
| 173|0x00000000ac500000, 0x00000000ac600000, 0x00000000ac600000|100%| O|  |TAMS 0x00000000ac500000, 0x00000000ac500000| Untracked 
| 174|0x00000000ac600000, 0x00000000ac700000, 0x00000000ac700000|100%| O|  |TAMS 0x00000000ac600000, 0x00000000ac600000| Untracked 
| 175|0x00000000ac700000, 0x00000000ac780000, 0x00000000ac800000| 50%| O|  |TAMS 0x00000000ac700000, 0x00000000ac700000| Untracked 
| 176|0x00000000ac800000, 0x00000000ac800000, 0x00000000ac900000|  0%| F|  |TAMS 0x00000000ac800000, 0x00000000ac800000| Untracked 
| 177|0x00000000ac900000, 0x00000000ac900000, 0x00000000aca00000|  0%| F|  |TAMS 0x00000000ac900000, 0x00000000ac900000| Untracked 
| 178|0x00000000aca00000, 0x00000000aca00000, 0x00000000acb00000|  0%| F|  |TAMS 0x00000000aca00000, 0x00000000aca00000| Untracked 
| 179|0x00000000acb00000, 0x00000000acb00000, 0x00000000acc00000|  0%| F|  |TAMS 0x00000000acb00000, 0x00000000acb00000| Untracked 
| 180|0x00000000acc00000, 0x00000000acc00000, 0x00000000acd00000|  0%| F|  |TAMS 0x00000000acc00000, 0x00000000acc00000| Untracked 
| 181|0x00000000acd00000, 0x00000000acd00000, 0x00000000ace00000|  0%| F|  |TAMS 0x00000000acd00000, 0x00000000acd00000| Untracked 
| 182|0x00000000ace00000, 0x00000000ace00000, 0x00000000acf00000|  0%| F|  |TAMS 0x00000000ace00000, 0x00000000ace00000| Untracked 
| 183|0x00000000acf00000, 0x00000000acf00000, 0x00000000ad000000|  0%| F|  |TAMS 0x00000000acf00000, 0x00000000acf00000| Untracked 
| 184|0x00000000ad000000, 0x00000000ad000000, 0x00000000ad100000|  0%| F|  |TAMS 0x00000000ad000000, 0x00000000ad000000| Untracked 
| 185|0x00000000ad100000, 0x00000000ad100000, 0x00000000ad200000|  0%| F|  |TAMS 0x00000000ad100000, 0x00000000ad100000| Untracked 
| 186|0x00000000ad200000, 0x00000000ad200000, 0x00000000ad300000|  0%| F|  |TAMS 0x00000000ad200000, 0x00000000ad200000| Untracked 
| 187|0x00000000ad300000, 0x00000000ad300000, 0x00000000ad400000|  0%| F|  |TAMS 0x00000000ad300000, 0x00000000ad300000| Untracked 
| 188|0x00000000ad400000, 0x00000000ad400000, 0x00000000ad500000|  0%| F|  |TAMS 0x00000000ad400000, 0x00000000ad400000| Untracked 
| 189|0x00000000ad500000, 0x00000000ad500000, 0x00000000ad600000|  0%| F|  |TAMS 0x00000000ad500000, 0x00000000ad500000| Untracked 
| 190|0x00000000ad600000, 0x00000000ad600000, 0x00000000ad700000|  0%| F|  |TAMS 0x00000000ad600000, 0x00000000ad600000| Untracked 
| 191|0x00000000ad700000, 0x00000000ad700000, 0x00000000ad800000|  0%| F|  |TAMS 0x00000000ad700000, 0x00000000ad700000| Untracked 
| 192|0x00000000ad800000, 0x00000000ad800000, 0x00000000ad900000|  0%| F|  |TAMS 0x00000000ad800000, 0x00000000ad800000| Untracked 
| 193|0x00000000ad900000, 0x00000000ad900000, 0x00000000ada00000|  0%| F|  |TAMS 0x00000000ad900000, 0x00000000ad900000| Untracked 
| 194|0x00000000ada00000, 0x00000000ada00000, 0x00000000adb00000|  0%| F|  |TAMS 0x00000000ada00000, 0x00000000ada00000| Untracked 
| 195|0x00000000adb00000, 0x00000000adb00000, 0x00000000adc00000|  0%| F|  |TAMS 0x00000000adb00000, 0x00000000adb00000| Untracked 
| 196|0x00000000adc00000, 0x00000000adc00000, 0x00000000add00000|  0%| F|  |TAMS 0x00000000adc00000, 0x00000000adc00000| Untracked 
| 197|0x00000000add00000, 0x00000000add00000, 0x00000000ade00000|  0%| F|  |TAMS 0x00000000add00000, 0x00000000add00000| Untracked 
| 198|0x00000000ade00000, 0x00000000ade00000, 0x00000000adf00000|  0%| F|  |TAMS 0x00000000ade00000, 0x00000000ade00000| Untracked 
| 199|0x00000000adf00000, 0x00000000adf00000, 0x00000000ae000000|  0%| F|  |TAMS 0x00000000adf00000, 0x00000000adf00000| Untracked 
| 200|0x00000000ae000000, 0x00000000ae000000, 0x00000000ae100000|  0%| F|  |TAMS 0x00000000ae000000, 0x00000000ae000000| Untracked 
| 201|0x00000000ae100000, 0x00000000ae100000, 0x00000000ae200000|  0%| F|  |TAMS 0x00000000ae100000, 0x00000000ae100000| Untracked 
| 202|0x00000000ae200000, 0x00000000ae200000, 0x00000000ae300000|  0%| F|  |TAMS 0x00000000ae200000, 0x00000000ae200000| Untracked 
| 203|0x00000000ae300000, 0x00000000ae300000, 0x00000000ae400000|  0%| F|  |TAMS 0x00000000ae300000, 0x00000000ae300000| Untracked 
| 204|0x00000000ae400000, 0x00000000ae400000, 0x00000000ae500000|  0%| F|  |TAMS 0x00000000ae400000, 0x00000000ae400000| Untracked 
| 205|0x00000000ae500000, 0x00000000ae500000, 0x00000000ae600000|  0%| F|  |TAMS 0x00000000ae500000, 0x00000000ae500000| Untracked 
| 206|0x00000000ae600000, 0x00000000ae600000, 0x00000000ae700000|  0%| F|  |TAMS 0x00000000ae600000, 0x00000000ae600000| Untracked 
| 207|0x00000000ae700000, 0x00000000ae700000, 0x00000000ae800000|  0%| F|  |TAMS 0x00000000ae700000, 0x00000000ae700000| Untracked 
| 208|0x00000000ae800000, 0x00000000ae800000, 0x00000000ae900000|  0%| F|  |TAMS 0x00000000ae800000, 0x00000000ae800000| Untracked 
| 209|0x00000000ae900000, 0x00000000ae900000, 0x00000000aea00000|  0%| F|  |TAMS 0x00000000ae900000, 0x00000000ae900000| Untracked 
| 210|0x00000000aea00000, 0x00000000aea00000, 0x00000000aeb00000|  0%| F|  |TAMS 0x00000000aea00000, 0x00000000aea00000| Untracked 
| 211|0x00000000aeb00000, 0x00000000aeb00000, 0x00000000aec00000|  0%| F|  |TAMS 0x00000000aeb00000, 0x00000000aeb00000| Untracked 
| 212|0x00000000aec00000, 0x00000000aec00000, 0x00000000aed00000|  0%| F|  |TAMS 0x00000000aec00000, 0x00000000aec00000| Untracked 
| 213|0x00000000aed00000, 0x00000000aed00000, 0x00000000aee00000|  0%| F|  |TAMS 0x00000000aed00000, 0x00000000aed00000| Untracked 
| 214|0x00000000aee00000, 0x00000000aee00000, 0x00000000aef00000|  0%| F|  |TAMS 0x00000000aee00000, 0x00000000aee00000| Untracked 
| 215|0x00000000aef00000, 0x00000000aef00000, 0x00000000af000000|  0%| F|  |TAMS 0x00000000aef00000, 0x00000000aef00000| Untracked 
| 216|0x00000000af000000, 0x00000000af000000, 0x00000000af100000|  0%| F|  |TAMS 0x00000000af000000, 0x00000000af000000| Untracked 
| 217|0x00000000af100000, 0x00000000af100000, 0x00000000af200000|  0%| F|  |TAMS 0x00000000af100000, 0x00000000af100000| Untracked 
| 218|0x00000000af200000, 0x00000000af200000, 0x00000000af300000|  0%| F|  |TAMS 0x00000000af200000, 0x00000000af200000| Untracked 
| 219|0x00000000af300000, 0x00000000af300000, 0x00000000af400000|  0%| F|  |TAMS 0x00000000af300000, 0x00000000af300000| Untracked 
| 220|0x00000000af400000, 0x00000000af400000, 0x00000000af500000|  0%| F|  |TAMS 0x00000000af400000, 0x00000000af400000| Untracked 
| 221|0x00000000af500000, 0x00000000af500000, 0x00000000af600000|  0%| F|  |TAMS 0x00000000af500000, 0x00000000af500000| Untracked 
| 222|0x00000000af600000, 0x00000000af600000, 0x00000000af700000|  0%| F|  |TAMS 0x00000000af600000, 0x00000000af600000| Untracked 
| 223|0x00000000af700000, 0x00000000af700000, 0x00000000af800000|  0%| F|  |TAMS 0x00000000af700000, 0x00000000af700000| Untracked 
| 224|0x00000000af800000, 0x00000000af800000, 0x00000000af900000|  0%| F|  |TAMS 0x00000000af800000, 0x00000000af800000| Untracked 
| 225|0x00000000af900000, 0x00000000af900000, 0x00000000afa00000|  0%| F|  |TAMS 0x00000000af900000, 0x00000000af900000| Untracked 
| 226|0x00000000afa00000, 0x00000000afa00000, 0x00000000afb00000|  0%| F|  |TAMS 0x00000000afa00000, 0x00000000afa00000| Untracked 
| 227|0x00000000afb00000, 0x00000000afb00000, 0x00000000afc00000|  0%| F|  |TAMS 0x00000000afb00000, 0x00000000afb00000| Untracked 
| 228|0x00000000afc00000, 0x00000000afc00000, 0x00000000afd00000|  0%| F|  |TAMS 0x00000000afc00000, 0x00000000afc00000| Untracked 
| 229|0x00000000afd00000, 0x00000000afd00000, 0x00000000afe00000|  0%| F|  |TAMS 0x00000000afd00000, 0x00000000afd00000| Untracked 
| 230|0x00000000afe00000, 0x00000000afe00000, 0x00000000aff00000|  0%| F|  |TAMS 0x00000000afe00000, 0x00000000afe00000| Untracked 
| 231|0x00000000aff00000, 0x00000000aff00000, 0x00000000b0000000|  0%| F|  |TAMS 0x00000000aff00000, 0x00000000aff00000| Untracked 
| 232|0x00000000b0000000, 0x00000000b0000000, 0x00000000b0100000|  0%| F|  |TAMS 0x00000000b0000000, 0x00000000b0000000| Untracked 
| 233|0x00000000b0100000, 0x00000000b0100000, 0x00000000b0200000|  0%| F|  |TAMS 0x00000000b0100000, 0x00000000b0100000| Untracked 
| 234|0x00000000b0200000, 0x00000000b0200000, 0x00000000b0300000|  0%| F|  |TAMS 0x00000000b0200000, 0x00000000b0200000| Untracked 
| 235|0x00000000b0300000, 0x00000000b0300000, 0x00000000b0400000|  0%| F|  |TAMS 0x00000000b0300000, 0x00000000b0300000| Untracked 
| 236|0x00000000b0400000, 0x00000000b0400000, 0x00000000b0500000|  0%| F|  |TAMS 0x00000000b0400000, 0x00000000b0400000| Untracked 
| 237|0x00000000b0500000, 0x00000000b0500000, 0x00000000b0600000|  0%| F|  |TAMS 0x00000000b0500000, 0x00000000b0500000| Untracked 
| 238|0x00000000b0600000, 0x00000000b0600000, 0x00000000b0700000|  0%| F|  |TAMS 0x00000000b0600000, 0x00000000b0600000| Untracked 
| 239|0x00000000b0700000, 0x00000000b0700000, 0x00000000b0800000|  0%| F|  |TAMS 0x00000000b0700000, 0x00000000b0700000| Untracked 
| 240|0x00000000b0800000, 0x00000000b0800000, 0x00000000b0900000|  0%| F|  |TAMS 0x00000000b0800000, 0x00000000b0800000| Untracked 
| 241|0x00000000b0900000, 0x00000000b0900000, 0x00000000b0a00000|  0%| F|  |TAMS 0x00000000b0900000, 0x00000000b0900000| Untracked 
| 242|0x00000000b0a00000, 0x00000000b0a00000, 0x00000000b0b00000|  0%| F|  |TAMS 0x00000000b0a00000, 0x00000000b0a00000| Untracked 
| 243|0x00000000b0b00000, 0x00000000b0b00000, 0x00000000b0c00000|  0%| F|  |TAMS 0x00000000b0b00000, 0x00000000b0b00000| Untracked 
| 244|0x00000000b0c00000, 0x00000000b0c00000, 0x00000000b0d00000|  0%| F|  |TAMS 0x00000000b0c00000, 0x00000000b0c00000| Untracked 
| 245|0x00000000b0d00000, 0x00000000b0d00000, 0x00000000b0e00000|  0%| F|  |TAMS 0x00000000b0d00000, 0x00000000b0d00000| Untracked 
| 246|0x00000000b0e00000, 0x00000000b0e00000, 0x00000000b0f00000|  0%| F|  |TAMS 0x00000000b0e00000, 0x00000000b0e00000| Untracked 
| 247|0x00000000b0f00000, 0x00000000b0f00000, 0x00000000b1000000|  0%| F|  |TAMS 0x00000000b0f00000, 0x00000000b0f00000| Untracked 
| 248|0x00000000b1000000, 0x00000000b1000000, 0x00000000b1100000|  0%| F|  |TAMS 0x00000000b1000000, 0x00000000b1000000| Untracked 
| 249|0x00000000b1100000, 0x00000000b1100000, 0x00000000b1200000|  0%| F|  |TAMS 0x00000000b1100000, 0x00000000b1100000| Untracked 
| 250|0x00000000b1200000, 0x00000000b1200000, 0x00000000b1300000|  0%| F|  |TAMS 0x00000000b1200000, 0x00000000b1200000| Untracked 
| 251|0x00000000b1300000, 0x00000000b1300000, 0x00000000b1400000|  0%| F|  |TAMS 0x00000000b1300000, 0x00000000b1300000| Untracked 
| 252|0x00000000b1400000, 0x00000000b1400000, 0x00000000b1500000|  0%| F|  |TAMS 0x00000000b1400000, 0x00000000b1400000| Untracked 
| 253|0x00000000b1500000, 0x00000000b1500000, 0x00000000b1600000|  0%| F|  |TAMS 0x00000000b1500000, 0x00000000b1500000| Untracked 
| 254|0x00000000b1600000, 0x00000000b1600000, 0x00000000b1700000|  0%| F|  |TAMS 0x00000000b1600000, 0x00000000b1600000| Untracked 
| 255|0x00000000b1700000, 0x00000000b1700000, 0x00000000b1800000|  0%| F|  |TAMS 0x00000000b1700000, 0x00000000b1700000| Untracked 
| 256|0x00000000b1800000, 0x00000000b1800000, 0x00000000b1900000|  0%| F|  |TAMS 0x00000000b1800000, 0x00000000b1800000| Untracked 
| 257|0x00000000b1900000, 0x00000000b1900000, 0x00000000b1a00000|  0%| F|  |TAMS 0x00000000b1900000, 0x00000000b1900000| Untracked 
| 258|0x00000000b1a00000, 0x00000000b1a00000, 0x00000000b1b00000|  0%| F|  |TAMS 0x00000000b1a00000, 0x00000000b1a00000| Untracked 
| 259|0x00000000b1b00000, 0x00000000b1b00000, 0x00000000b1c00000|  0%| F|  |TAMS 0x00000000b1b00000, 0x00000000b1b00000| Untracked 
| 260|0x00000000b1c00000, 0x00000000b1c00000, 0x00000000b1d00000|  0%| F|  |TAMS 0x00000000b1c00000, 0x00000000b1c00000| Untracked 
| 261|0x00000000b1d00000, 0x00000000b1d00000, 0x00000000b1e00000|  0%| F|  |TAMS 0x00000000b1d00000, 0x00000000b1d00000| Untracked 
| 262|0x00000000b1e00000, 0x00000000b1e00000, 0x00000000b1f00000|  0%| F|  |TAMS 0x00000000b1e00000, 0x00000000b1e00000| Untracked 
| 263|0x00000000b1f00000, 0x00000000b1f00000, 0x00000000b2000000|  0%| F|  |TAMS 0x00000000b1f00000, 0x00000000b1f00000| Untracked 
| 264|0x00000000b2000000, 0x00000000b2000000, 0x00000000b2100000|  0%| F|  |TAMS 0x00000000b2000000, 0x00000000b2000000| Untracked 
| 265|0x00000000b2100000, 0x00000000b2100000, 0x00000000b2200000|  0%| F|  |TAMS 0x00000000b2100000, 0x00000000b2100000| Untracked 
| 266|0x00000000b2200000, 0x00000000b2200000, 0x00000000b2300000|  0%| F|  |TAMS 0x00000000b2200000, 0x00000000b2200000| Untracked 
| 267|0x00000000b2300000, 0x00000000b2300000, 0x00000000b2400000|  0%| F|  |TAMS 0x00000000b2300000, 0x00000000b2300000| Untracked 
| 268|0x00000000b2400000, 0x00000000b2400000, 0x00000000b2500000|  0%| F|  |TAMS 0x00000000b2400000, 0x00000000b2400000| Untracked 
| 269|0x00000000b2500000, 0x00000000b2500000, 0x00000000b2600000|  0%| F|  |TAMS 0x00000000b2500000, 0x00000000b2500000| Untracked 
| 270|0x00000000b2600000, 0x00000000b2600000, 0x00000000b2700000|  0%| F|  |TAMS 0x00000000b2600000, 0x00000000b2600000| Untracked 
| 271|0x00000000b2700000, 0x00000000b2800000, 0x00000000b2800000|100%| S|CS|TAMS 0x00000000b2700000, 0x00000000b2700000| Complete 
| 272|0x00000000b2800000, 0x00000000b2900000, 0x00000000b2900000|100%| S|CS|TAMS 0x00000000b2800000, 0x00000000b2800000| Complete 
| 273|0x00000000b2900000, 0x00000000b2a00000, 0x00000000b2a00000|100%| S|CS|TAMS 0x00000000b2900000, 0x00000000b2900000| Complete 
| 274|0x00000000b2a00000, 0x00000000b2b00000, 0x00000000b2b00000|100%| S|CS|TAMS 0x00000000b2a00000, 0x00000000b2a00000| Complete 
| 275|0x00000000b2b00000, 0x00000000b2c00000, 0x00000000b2c00000|100%| S|CS|TAMS 0x00000000b2b00000, 0x00000000b2b00000| Complete 
| 276|0x00000000b2c00000, 0x00000000b2d00000, 0x00000000b2d00000|100%| S|CS|TAMS 0x00000000b2c00000, 0x00000000b2c00000| Complete 
| 277|0x00000000b2d00000, 0x00000000b2e00000, 0x00000000b2e00000|100%| S|CS|TAMS 0x00000000b2d00000, 0x00000000b2d00000| Complete 
| 278|0x00000000b2e00000, 0x00000000b2e00000, 0x00000000b2f00000|  0%| F|  |TAMS 0x00000000b2e00000, 0x00000000b2e00000| Untracked 
| 279|0x00000000b2f00000, 0x00000000b2f00000, 0x00000000b3000000|  0%| F|  |TAMS 0x00000000b2f00000, 0x00000000b2f00000| Untracked 
| 280|0x00000000b3000000, 0x00000000b3000000, 0x00000000b3100000|  0%| F|  |TAMS 0x00000000b3000000, 0x00000000b3000000| Untracked 
| 281|0x00000000b3100000, 0x00000000b3100000, 0x00000000b3200000|  0%| F|  |TAMS 0x00000000b3100000, 0x00000000b3100000| Untracked 
| 282|0x00000000b3200000, 0x00000000b3200000, 0x00000000b3300000|  0%| F|  |TAMS 0x00000000b3200000, 0x00000000b3200000| Untracked 
| 283|0x00000000b3300000, 0x00000000b3300000, 0x00000000b3400000|  0%| F|  |TAMS 0x00000000b3300000, 0x00000000b3300000| Untracked 
| 284|0x00000000b3400000, 0x00000000b3400000, 0x00000000b3500000|  0%| F|  |TAMS 0x00000000b3400000, 0x00000000b3400000| Untracked 
| 285|0x00000000b3500000, 0x00000000b3500000, 0x00000000b3600000|  0%| F|  |TAMS 0x00000000b3500000, 0x00000000b3500000| Untracked 
| 286|0x00000000b3600000, 0x00000000b3600000, 0x00000000b3700000|  0%| F|  |TAMS 0x00000000b3600000, 0x00000000b3600000| Untracked 
| 287|0x00000000b3700000, 0x00000000b3700000, 0x00000000b3800000|  0%| F|  |TAMS 0x00000000b3700000, 0x00000000b3700000| Untracked 
| 288|0x00000000b3800000, 0x00000000b3800000, 0x00000000b3900000|  0%| F|  |TAMS 0x00000000b3800000, 0x00000000b3800000| Untracked 
| 289|0x00000000b3900000, 0x00000000b3900000, 0x00000000b3a00000|  0%| F|  |TAMS 0x00000000b3900000, 0x00000000b3900000| Untracked 
| 290|0x00000000b3a00000, 0x00000000b3a00000, 0x00000000b3b00000|  0%| F|  |TAMS 0x00000000b3a00000, 0x00000000b3a00000| Untracked 
| 291|0x00000000b3b00000, 0x00000000b3b00000, 0x00000000b3c00000|  0%| F|  |TAMS 0x00000000b3b00000, 0x00000000b3b00000| Untracked 
| 292|0x00000000b3c00000, 0x00000000b3c00000, 0x00000000b3d00000|  0%| F|  |TAMS 0x00000000b3c00000, 0x00000000b3c00000| Untracked 
| 293|0x00000000b3d00000, 0x00000000b3d00000, 0x00000000b3e00000|  0%| F|  |TAMS 0x00000000b3d00000, 0x00000000b3d00000| Untracked 
| 294|0x00000000b3e00000, 0x00000000b3e00000, 0x00000000b3f00000|  0%| F|  |TAMS 0x00000000b3e00000, 0x00000000b3e00000| Untracked 
| 295|0x00000000b3f00000, 0x00000000b3f00000, 0x00000000b4000000|  0%| F|  |TAMS 0x00000000b3f00000, 0x00000000b3f00000| Untracked 
| 296|0x00000000b4000000, 0x00000000b4000000, 0x00000000b4100000|  0%| F|  |TAMS 0x00000000b4000000, 0x00000000b4000000| Untracked 
| 297|0x00000000b4100000, 0x00000000b4100000, 0x00000000b4200000|  0%| F|  |TAMS 0x00000000b4100000, 0x00000000b4100000| Untracked 
| 298|0x00000000b4200000, 0x00000000b4200000, 0x00000000b4300000|  0%| F|  |TAMS 0x00000000b4200000, 0x00000000b4200000| Untracked 
| 299|0x00000000b4300000, 0x00000000b4300000, 0x00000000b4400000|  0%| F|  |TAMS 0x00000000b4300000, 0x00000000b4300000| Untracked 
| 300|0x00000000b4400000, 0x00000000b4400000, 0x00000000b4500000|  0%| F|  |TAMS 0x00000000b4400000, 0x00000000b4400000| Untracked 
| 301|0x00000000b4500000, 0x00000000b4500000, 0x00000000b4600000|  0%| F|  |TAMS 0x00000000b4500000, 0x00000000b4500000| Untracked 
| 302|0x00000000b4600000, 0x00000000b4600000, 0x00000000b4700000|  0%| F|  |TAMS 0x00000000b4600000, 0x00000000b4600000| Untracked 
| 303|0x00000000b4700000, 0x00000000b4700000, 0x00000000b4800000|  0%| F|  |TAMS 0x00000000b4700000, 0x00000000b4700000| Untracked 
| 304|0x00000000b4800000, 0x00000000b4800000, 0x00000000b4900000|  0%| F|  |TAMS 0x00000000b4800000, 0x00000000b4800000| Untracked 
| 305|0x00000000b4900000, 0x00000000b4900000, 0x00000000b4a00000|  0%| F|  |TAMS 0x00000000b4900000, 0x00000000b4900000| Untracked 
| 306|0x00000000b4a00000, 0x00000000b4a00000, 0x00000000b4b00000|  0%| F|  |TAMS 0x00000000b4a00000, 0x00000000b4a00000| Untracked 
| 307|0x00000000b4b00000, 0x00000000b4b00000, 0x00000000b4c00000|  0%| F|  |TAMS 0x00000000b4b00000, 0x00000000b4b00000| Untracked 
| 308|0x00000000b4c00000, 0x00000000b4c80000, 0x00000000b4d00000| 50%| E|  |TAMS 0x00000000b4c00000, 0x00000000b4c00000| Complete 
| 309|0x00000000b4d00000, 0x00000000b4e00000, 0x00000000b4e00000|100%| E|CS|TAMS 0x00000000b4d00000, 0x00000000b4d00000| Complete 
| 310|0x00000000b4e00000, 0x00000000b4f00000, 0x00000000b4f00000|100%| E|CS|TAMS 0x00000000b4e00000, 0x00000000b4e00000| Complete 
| 311|0x00000000b4f00000, 0x00000000b5000000, 0x00000000b5000000|100%| E|CS|TAMS 0x00000000b4f00000, 0x00000000b4f00000| Complete 
| 312|0x00000000b5000000, 0x00000000b5100000, 0x00000000b5100000|100%| E|CS|TAMS 0x00000000b5000000, 0x00000000b5000000| Complete 
| 313|0x00000000b5100000, 0x00000000b5200000, 0x00000000b5200000|100%| E|CS|TAMS 0x00000000b5100000, 0x00000000b5100000| Complete 
| 314|0x00000000b5200000, 0x00000000b5300000, 0x00000000b5300000|100%| E|CS|TAMS 0x00000000b5200000, 0x00000000b5200000| Complete 
| 315|0x00000000b5300000, 0x00000000b5400000, 0x00000000b5400000|100%| E|CS|TAMS 0x00000000b5300000, 0x00000000b5300000| Complete 
| 316|0x00000000b5400000, 0x00000000b5500000, 0x00000000b5500000|100%| E|CS|TAMS 0x00000000b5400000, 0x00000000b5400000| Complete 
| 317|0x00000000b5500000, 0x00000000b5600000, 0x00000000b5600000|100%| E|CS|TAMS 0x00000000b5500000, 0x00000000b5500000| Complete 
| 318|0x00000000b5600000, 0x00000000b5700000, 0x00000000b5700000|100%| E|CS|TAMS 0x00000000b5600000, 0x00000000b5600000| Complete 
| 319|0x00000000b5700000, 0x00000000b5800000, 0x00000000b5800000|100%| E|CS|TAMS 0x00000000b5700000, 0x00000000b5700000| Complete 
| 320|0x00000000b5800000, 0x00000000b5900000, 0x00000000b5900000|100%| E|CS|TAMS 0x00000000b5800000, 0x00000000b5800000| Complete 
| 321|0x00000000b5900000, 0x00000000b5a00000, 0x00000000b5a00000|100%| E|CS|TAMS 0x00000000b5900000, 0x00000000b5900000| Complete 
| 322|0x00000000b5a00000, 0x00000000b5b00000, 0x00000000b5b00000|100%| E|CS|TAMS 0x00000000b5a00000, 0x00000000b5a00000| Complete 
| 323|0x00000000b5b00000, 0x00000000b5c00000, 0x00000000b5c00000|100%| E|CS|TAMS 0x00000000b5b00000, 0x00000000b5b00000| Complete 
| 324|0x00000000b5c00000, 0x00000000b5d00000, 0x00000000b5d00000|100%| E|CS|TAMS 0x00000000b5c00000, 0x00000000b5c00000| Complete 
| 325|0x00000000b5d00000, 0x00000000b5e00000, 0x00000000b5e00000|100%| E|CS|TAMS 0x00000000b5d00000, 0x00000000b5d00000| Complete 
| 326|0x00000000b5e00000, 0x00000000b5f00000, 0x00000000b5f00000|100%| E|CS|TAMS 0x00000000b5e00000, 0x00000000b5e00000| Complete 
| 327|0x00000000b5f00000, 0x00000000b6000000, 0x00000000b6000000|100%| E|CS|TAMS 0x00000000b5f00000, 0x00000000b5f00000| Complete 
| 328|0x00000000b6000000, 0x00000000b6100000, 0x00000000b6100000|100%| E|CS|TAMS 0x00000000b6000000, 0x00000000b6000000| Complete 
| 329|0x00000000b6100000, 0x00000000b6200000, 0x00000000b6200000|100%| E|CS|TAMS 0x00000000b6100000, 0x00000000b6100000| Complete 
| 330|0x00000000b6200000, 0x00000000b6300000, 0x00000000b6300000|100%| E|CS|TAMS 0x00000000b6200000, 0x00000000b6200000| Complete 
| 331|0x00000000b6300000, 0x00000000b6400000, 0x00000000b6400000|100%| E|CS|TAMS 0x00000000b6300000, 0x00000000b6300000| Complete 
| 332|0x00000000b6400000, 0x00000000b6500000, 0x00000000b6500000|100%| E|CS|TAMS 0x00000000b6400000, 0x00000000b6400000| Complete 
| 333|0x00000000b6500000, 0x00000000b6600000, 0x00000000b6600000|100%| E|CS|TAMS 0x00000000b6500000, 0x00000000b6500000| Complete 
| 334|0x00000000b6600000, 0x00000000b6700000, 0x00000000b6700000|100%| E|CS|TAMS 0x00000000b6600000, 0x00000000b6600000| Complete 
| 335|0x00000000b6700000, 0x00000000b6800000, 0x00000000b6800000|100%| E|CS|TAMS 0x00000000b6700000, 0x00000000b6700000| Complete 
| 336|0x00000000b6800000, 0x00000000b6900000, 0x00000000b6900000|100%| E|CS|TAMS 0x00000000b6800000, 0x00000000b6800000| Complete 
| 337|0x00000000b6900000, 0x00000000b6a00000, 0x00000000b6a00000|100%| E|CS|TAMS 0x00000000b6900000, 0x00000000b6900000| Complete 
| 338|0x00000000b6a00000, 0x00000000b6b00000, 0x00000000b6b00000|100%| E|CS|TAMS 0x00000000b6a00000, 0x00000000b6a00000| Complete 
| 339|0x00000000b6b00000, 0x00000000b6c00000, 0x00000000b6c00000|100%| E|CS|TAMS 0x00000000b6b00000, 0x00000000b6b00000| Complete 
| 340|0x00000000b6c00000, 0x00000000b6d00000, 0x00000000b6d00000|100%| E|CS|TAMS 0x00000000b6c00000, 0x00000000b6c00000| Complete 
| 341|0x00000000b6d00000, 0x00000000b6e00000, 0x00000000b6e00000|100%| E|CS|TAMS 0x00000000b6d00000, 0x00000000b6d00000| Complete 
| 342|0x00000000b6e00000, 0x00000000b6f00000, 0x00000000b6f00000|100%| E|CS|TAMS 0x00000000b6e00000, 0x00000000b6e00000| Complete 
| 343|0x00000000b6f00000, 0x00000000b7000000, 0x00000000b7000000|100%| E|CS|TAMS 0x00000000b6f00000, 0x00000000b6f00000| Complete 
| 344|0x00000000b7000000, 0x00000000b7100000, 0x00000000b7100000|100%| E|CS|TAMS 0x00000000b7000000, 0x00000000b7000000| Complete 
| 345|0x00000000b7100000, 0x00000000b7200000, 0x00000000b7200000|100%| E|CS|TAMS 0x00000000b7100000, 0x00000000b7100000| Complete 
| 346|0x00000000b7200000, 0x00000000b7300000, 0x00000000b7300000|100%| E|CS|TAMS 0x00000000b7200000, 0x00000000b7200000| Complete 
| 347|0x00000000b7300000, 0x00000000b7400000, 0x00000000b7400000|100%| E|CS|TAMS 0x00000000b7300000, 0x00000000b7300000| Complete 
| 348|0x00000000b7400000, 0x00000000b7500000, 0x00000000b7500000|100%| E|CS|TAMS 0x00000000b7400000, 0x00000000b7400000| Complete 
| 349|0x00000000b7500000, 0x00000000b7600000, 0x00000000b7600000|100%| E|CS|TAMS 0x00000000b7500000, 0x00000000b7500000| Complete 
| 350|0x00000000b7600000, 0x00000000b7700000, 0x00000000b7700000|100%| E|CS|TAMS 0x00000000b7600000, 0x00000000b7600000| Complete 
| 351|0x00000000b7700000, 0x00000000b7800000, 0x00000000b7800000|100%| E|CS|TAMS 0x00000000b7700000, 0x00000000b7700000| Complete 
| 352|0x00000000b7800000, 0x00000000b7900000, 0x00000000b7900000|100%| E|CS|TAMS 0x00000000b7800000, 0x00000000b7800000| Complete 
| 353|0x00000000b7900000, 0x00000000b7a00000, 0x00000000b7a00000|100%| E|CS|TAMS 0x00000000b7900000, 0x00000000b7900000| Complete 
| 354|0x00000000b7a00000, 0x00000000b7b00000, 0x00000000b7b00000|100%| E|CS|TAMS 0x00000000b7a00000, 0x00000000b7a00000| Complete 
| 355|0x00000000b7b00000, 0x00000000b7c00000, 0x00000000b7c00000|100%| E|CS|TAMS 0x00000000b7b00000, 0x00000000b7b00000| Complete 

Card table byte_map: [0x000001996cf20000,0x000001996d220000] _byte_map_base: 0x000001996ca14000

Marking Bits (Prev, Next): (CMBitMap*) 0x00000199550fb830, (CMBitMap*) 0x00000199550fb870
 Prev Bits: [0x000001996d520000, 0x000001996ecc0000)
 Next Bits: [0x000001996ecc0000, 0x0000019970460000)

Polling page: 0x0000019952ce0000

Metaspace:

Usage:
  Non-class:    123.46 MB used.
      Class:     19.37 MB used.
       Both:    142.82 MB used.

Virtual space:
  Non-class space:      128.00 MB reserved,     124.19 MB ( 97%) committed,  2 nodes.
      Class space:      416.00 MB reserved,      20.00 MB (  5%) committed,  1 nodes.
             Both:      544.00 MB reserved,     144.19 MB ( 27%) committed. 

Chunk freelists:
   Non-Class:  3.80 MB
       Class:  11.88 MB
        Both:  15.67 MB

MaxMetaspaceSize: 512.00 MB
CompressedClassSpaceSize: 416.00 MB
Initial GC threshold: 21.00 MB
Current GC threshold: 204.69 MB
CDS: on
MetaspaceReclaimPolicy: balanced
 - commit_granule_bytes: 65536.
 - commit_granule_words: 8192.
 - virtual_space_node_default_size: 8388608.
 - enlarge_chunks_in_place: 1.
 - new_chunks_are_fully_committed: 0.
 - uncommit_free_chunks: 1.
 - use_allocation_guard: 0.
 - handle_deallocations: 1.


Internal statistics:

num_allocs_failed_limit: 30.
num_arena_births: 2220.
num_arena_deaths: 0.
num_vsnodes_births: 3.
num_vsnodes_deaths: 0.
num_space_committed: 2307.
num_space_uncommitted: 0.
num_chunks_returned_to_freelist: 30.
num_chunks_taken_from_freelist: 8523.
num_chunk_merges: 27.
num_chunk_splits: 5824.
num_chunks_enlarged: 4008.
num_inconsistent_stats: 0.

CodeHeap 'non-profiled nmethods': size=128192Kb used=9791Kb max_used=9791Kb free=118400Kb
 bounds [0x0000019964ef0000, 0x0000019965880000, 0x000001996cc20000]
CodeHeap 'profiled nmethods': size=128192Kb used=29615Kb max_used=29619Kb free=98576Kb
 bounds [0x000001995cc20000, 0x000001995e910000, 0x0000019964950000]
CodeHeap 'non-nmethods': size=5760Kb used=1855Kb max_used=1894Kb free=3904Kb
 bounds [0x0000019964950000, 0x0000019964bc0000, 0x0000019964ef0000]
 total_blobs=15327 nmethods=14350 adapters=888
 compilation: enabled
              stopped_count=0, restarted_count=0
 full_count=0

Compilation events (20 events):
Event: 517.190 Thread 0x0000019972907820 16674       3       org.jetbrains.kotlin.com.intellij.util.text.CharArrayUtil::shiftForward (102 bytes)
Event: 517.191 Thread 0x0000019972907820 nmethod 16674 0x000001995e909b90 code [0x000001995e909e20, 0x000001995e90aad8]
Event: 517.191 Thread 0x0000019972907820 16675       3       org.jetbrains.kotlin.com.intellij.openapi.vfs.VirtualFile::findFileByRelativePath (145 bytes)
Event: 517.194 Thread 0x0000019972907820 nmethod 16675 0x000001995e90b010 code [0x000001995e90b320, 0x000001995e90c1f8]
Event: 517.382 Thread 0x00000199728f3cc0 16676  s!   4       jdk.internal.loader.URLClassPath::getLoader (194 bytes)
Event: 517.580 Thread 0x00000199728f3cc0 nmethod 16676 0x0000019965872a10 code [0x0000019965872dc0, 0x0000019965876190]
Event: 517.587 Thread 0x00000199728f3cc0 16678       4       java.security.CodeSource::getCertificates (98 bytes)
Event: 517.603 Thread 0x00000199728f3cc0 nmethod 16678 0x0000019965877b10 code [0x0000019965877ce0, 0x0000019965878318]
Event: 517.612 Thread 0x00000199728f3cc0 16679       4       java.lang.ClassLoader::preDefineClass (118 bytes)
Event: 517.637 Thread 0x0000019972907820 16681       3       org.jetbrains.kotlin.com.intellij.diagnostic.LoadingState::checkOccurred (38 bytes)
Event: 517.637 Thread 0x0000019972907820 nmethod 16681 0x000001995e90c810 code [0x000001995e90ca00, 0x000001995e90cde8]
Event: 517.834 Thread 0x00000199728f3cc0 nmethod 16679 0x0000019965878690 code [0x00000199658788c0, 0x000001996587a008]
Event: 517.834 Thread 0x00000199728f3cc0 16680       4       java.lang.ClassLoader::checkCerts (121 bytes)
Event: 517.891 Thread 0x00000199728f3cc0 nmethod 16680 0x000001996587ae90 code [0x000001996587b0c0, 0x000001996587c428]
Event: 517.928 Thread 0x00000199728f3cc0 16682       4       java.lang.ClassLoader::postDefineClass (39 bytes)
Event: 517.971 Thread 0x00000199728f3cc0 nmethod 16682 0x000001996587d090 code [0x000001996587d2c0, 0x000001996587e1d0]
Event: 517.971 Thread 0x00000199728f3cc0 16683   !   4       java.lang.ClassLoader::addClass (27 bytes)
Event: 517.987 Thread 0x00000199728f3cc0 nmethod 16683 0x000001996587ea90 code [0x000001996587ec40, 0x000001996587f738]
Event: 517.987 Thread 0x00000199728f3cc0 16684   !   4       java.lang.invoke.MethodHandle::setVarargs (25 bytes)
Event: 517.991 Thread 0x00000199728f3cc0 nmethod 16684 0x000001996587fb10 code [0x000001996587fcc0, 0x000001996587fe38]

GC Heap History (20 events):
Event: 459.961 GC heap before
{Heap before GC invocations=79 (full 0):
 garbage-first heap   total 210944K, used 178367K [0x00000000a1800000, 0x0000000100000000)
  region size 1024K, 58 young (59392K), 8 survivors (8192K)
 Metaspace       used 108915K, committed 110208K, reserved 557056K
  class space    used 15257K, committed 15872K, reserved 425984K
}
Event: 460.016 GC heap after
{Heap after GC invocations=80 (full 0):
 garbage-first heap   total 210944K, used 131629K [0x00000000a1800000, 0x0000000100000000)
  region size 1024K, 8 young (8192K), 8 survivors (8192K)
 Metaspace       used 108915K, committed 110208K, reserved 557056K
  class space    used 15257K, committed 15872K, reserved 425984K
}
Event: 463.557 GC heap before
{Heap before GC invocations=80 (full 0):
 garbage-first heap   total 210944K, used 178733K [0x00000000a1800000, 0x0000000100000000)
  region size 1024K, 54 young (55296K), 8 survivors (8192K)
 Metaspace       used 109579K, committed 110912K, reserved 557056K
  class space    used 15319K, committed 15936K, reserved 425984K
}
Event: 463.638 GC heap after
{Heap after GC invocations=81 (full 0):
 garbage-first heap   total 210944K, used 136692K [0x00000000a1800000, 0x0000000100000000)
  region size 1024K, 5 young (5120K), 5 survivors (5120K)
 Metaspace       used 109579K, committed 110912K, reserved 557056K
  class space    used 15319K, committed 15936K, reserved 425984K
}
Event: 468.371 GC heap before
{Heap before GC invocations=81 (full 0):
 garbage-first heap   total 210944K, used 173556K [0x00000000a1800000, 0x0000000100000000)
  region size 1024K, 42 young (43008K), 5 survivors (5120K)
 Metaspace       used 115092K, committed 116416K, reserved 557056K
  class space    used 16440K, committed 17088K, reserved 425984K
}
Event: 468.446 GC heap after
{Heap after GC invocations=82 (full 0):
 garbage-first heap   total 210944K, used 138748K [0x00000000a1800000, 0x0000000100000000)
  region size 1024K, 3 young (3072K), 3 survivors (3072K)
 Metaspace       used 115092K, committed 116416K, reserved 557056K
  class space    used 16440K, committed 17088K, reserved 425984K
}
Event: 472.489 GC heap before
{Heap before GC invocations=83 (full 0):
 garbage-first heap   total 260096K, used 174588K [0x00000000a1800000, 0x0000000100000000)
  region size 1024K, 38 young (38912K), 3 survivors (3072K)
 Metaspace       used 119855K, committed 121216K, reserved 557056K
  class space    used 17036K, committed 17664K, reserved 425984K
}
Event: 472.535 GC heap after
{Heap after GC invocations=84 (full 0):
 garbage-first heap   total 260096K, used 138882K [0x00000000a1800000, 0x0000000100000000)
  region size 1024K, 3 young (3072K), 3 survivors (3072K)
 Metaspace       used 119855K, committed 121216K, reserved 557056K
  class space    used 17036K, committed 17664K, reserved 425984K
}
Event: 473.279 GC heap before
{Heap before GC invocations=84 (full 0):
 garbage-first heap   total 260096K, used 148098K [0x00000000a1800000, 0x0000000100000000)
  region size 1024K, 12 young (12288K), 3 survivors (3072K)
 Metaspace       used 120910K, committed 122304K, reserved 557056K
  class space    used 17201K, committed 17856K, reserved 425984K
}
Event: 473.322 GC heap after
{Heap after GC invocations=85 (full 0):
 garbage-first heap   total 260096K, used 136989K [0x00000000a1800000, 0x0000000100000000)
  region size 1024K, 2 young (2048K), 2 survivors (2048K)
 Metaspace       used 120910K, committed 122304K, reserved 557056K
  class space    used 17201K, committed 17856K, reserved 425984K
}
Event: 477.451 GC heap before
{Heap before GC invocations=85 (full 0):
 garbage-first heap   total 260096K, used 215837K [0x00000000a1800000, 0x0000000100000000)
  region size 1024K, 79 young (80896K), 2 survivors (2048K)
 Metaspace       used 124286K, committed 125760K, reserved 557056K
  class space    used 17584K, committed 18240K, reserved 425984K
}
Event: 477.718 GC heap after
{Heap after GC invocations=86 (full 0):
 garbage-first heap   total 260096K, used 160273K [0x00000000a1800000, 0x0000000100000000)
  region size 1024K, 10 young (10240K), 10 survivors (10240K)
 Metaspace       used 124286K, committed 125760K, reserved 557056K
  class space    used 17584K, committed 18240K, reserved 425984K
}
Event: 484.569 GC heap before
{Heap before GC invocations=87 (full 0):
 garbage-first heap   total 314368K, used 207377K [0x00000000a1800000, 0x0000000100000000)
  region size 1024K, 55 young (56320K), 10 survivors (10240K)
 Metaspace       used 125954K, committed 127360K, reserved 557056K
  class space    used 17771K, committed 18432K, reserved 425984K
}
Event: 484.764 GC heap after
{Heap after GC invocations=88 (full 0):
 garbage-first heap   total 314368K, used 176128K [0x00000000a1800000, 0x0000000100000000)
  region size 1024K, 7 young (7168K), 7 survivors (7168K)
 Metaspace       used 125954K, committed 127360K, reserved 557056K
  class space    used 17771K, committed 18432K, reserved 425984K
}
Event: 488.033 GC heap before
{Heap before GC invocations=88 (full 0):
 garbage-first heap   total 314368K, used 184320K [0x00000000a1800000, 0x0000000100000000)
  region size 1024K, 15 young (15360K), 7 survivors (7168K)
 Metaspace       used 126785K, committed 128192K, reserved 557056K
  class space    used 17842K, committed 18496K, reserved 425984K
}
Event: 488.161 GC heap after
{Heap after GC invocations=89 (full 0):
 garbage-first heap   total 364544K, used 177376K [0x00000000a1800000, 0x0000000100000000)
  region size 1024K, 2 young (2048K), 2 survivors (2048K)
 Metaspace       used 126785K, committed 128192K, reserved 557056K
  class space    used 17842K, committed 18496K, reserved 425984K
}
Event: 490.880 GC heap before
{Heap before GC invocations=89 (full 0):
 garbage-first heap   total 364544K, used 236768K [0x00000000a1800000, 0x0000000100000000)
  region size 1024K, 61 young (62464K), 2 survivors (2048K)
 Metaspace       used 132877K, committed 134336K, reserved 557056K
  class space    used 18501K, committed 19200K, reserved 425984K
}
Event: 490.913 GC heap after
{Heap after GC invocations=90 (full 0):
 garbage-first heap   total 364544K, used 180856K [0x00000000a1800000, 0x0000000100000000)
  region size 1024K, 6 young (6144K), 6 survivors (6144K)
 Metaspace       used 132877K, committed 134336K, reserved 557056K
  class space    used 18501K, committed 19200K, reserved 425984K
}
Event: 499.751 GC heap before
{Heap before GC invocations=90 (full 0):
 garbage-first heap   total 364544K, used 253560K [0x00000000a1800000, 0x0000000100000000)
  region size 1024K, 78 young (79872K), 6 survivors (6144K)
 Metaspace       used 142078K, committed 143552K, reserved 557056K
  class space    used 19396K, committed 20096K, reserved 425984K
}
Event: 499.773 GC heap after
{Heap after GC invocations=91 (full 0):
 garbage-first heap   total 364544K, used 182784K [0x00000000a1800000, 0x0000000100000000)
  region size 1024K, 7 young (7168K), 7 survivors (7168K)
 Metaspace       used 142078K, committed 143552K, reserved 557056K
  class space    used 19396K, committed 20096K, reserved 425984K
}

Dll operation events (16 events):
Event: 0.038 Loaded shared library C:\Program Files\Microsoft\jdk-17.0.18.8-hotspot\bin\java.dll
Event: 0.096 Loaded shared library C:\Program Files\Microsoft\jdk-17.0.18.8-hotspot\bin\jsvml.dll
Event: 0.471 Loaded shared library C:\Program Files\Microsoft\jdk-17.0.18.8-hotspot\bin\zip.dll
Event: 0.484 Loaded shared library C:\Program Files\Microsoft\jdk-17.0.18.8-hotspot\bin\instrument.dll
Event: 0.501 Loaded shared library C:\Program Files\Microsoft\jdk-17.0.18.8-hotspot\bin\net.dll
Event: 0.512 Loaded shared library C:\Program Files\Microsoft\jdk-17.0.18.8-hotspot\bin\nio.dll
Event: 0.521 Loaded shared library C:\Program Files\Microsoft\jdk-17.0.18.8-hotspot\bin\zip.dll
Event: 2.838 Loaded shared library C:\Program Files\Microsoft\jdk-17.0.18.8-hotspot\bin\jimage.dll
Event: 5.511 Loaded shared library C:\Program Files\Microsoft\jdk-17.0.18.8-hotspot\bin\verify.dll
Event: 5.848 Loaded shared library C:\Users\triK\.gradle\native\660c5614fbf4a5f2a75b1949f50a0caf5cd603558e7d8a26e50b933a0cfb79d1\windows-amd64\native-platform.dll
Event: 5.932 Loaded shared library C:\Users\triK\.gradle\native\0.2.8\x86_64-windows-gnu\gradle-fileevents.dll
Event: 26.180 Loaded shared library C:\Program Files\Microsoft\jdk-17.0.18.8-hotspot\bin\management.dll
Event: 26.235 Loaded shared library C:\Program Files\Microsoft\jdk-17.0.18.8-hotspot\bin\management_ext.dll
Event: 29.246 Loaded shared library C:\Program Files\Microsoft\jdk-17.0.18.8-hotspot\bin\extnet.dll
Event: 33.837 Loaded shared library C:\Program Files\Microsoft\jdk-17.0.18.8-hotspot\bin\sunmscapi.dll
Event: 246.956 Loaded shared library C:\Program Files\Microsoft\jdk-17.0.18.8-hotspot\bin\rmi.dll

Deoptimization events (20 events):
Event: 500.517 Thread 0x0000019977c8a090 Uncommon trap: trap_request=0xffffffbe fr.pc=0x0000019965831684 relative=0x0000000000000b04
Event: 500.517 Thread 0x0000019977c8a090 Uncommon trap: reason=profile_predicate action=maybe_recompile pc=0x0000019965831684 method=org.jetbrains.kotlin.com.intellij.openapi.util.text.StringUtilRt.equal(Ljava/lang/CharSequence;Ljava/lang/CharSequence;Z)Z @ 47 c2
Event: 500.517 Thread 0x0000019977c8a090 DEOPT PACKING pc=0x0000019965831684 sp=0x0000008b369f31b0
Event: 500.517 Thread 0x0000019977c8a090 DEOPT UNPACKING pc=0x00000199649a69a3 sp=0x0000008b369f3148 mode 2
Event: 500.517 Thread 0x0000019977c8a090 Uncommon trap: trap_request=0xffffffbe fr.pc=0x0000019965831684 relative=0x0000000000000b04
Event: 500.517 Thread 0x0000019977c8a090 Uncommon trap: reason=profile_predicate action=maybe_recompile pc=0x0000019965831684 method=org.jetbrains.kotlin.com.intellij.openapi.util.text.StringUtilRt.equal(Ljava/lang/CharSequence;Ljava/lang/CharSequence;Z)Z @ 47 c2
Event: 500.517 Thread 0x0000019977c8a090 DEOPT PACKING pc=0x0000019965831684 sp=0x0000008b369f31b0
Event: 500.517 Thread 0x0000019977c8a090 DEOPT UNPACKING pc=0x00000199649a69a3 sp=0x0000008b369f3148 mode 2
Event: 500.517 Thread 0x0000019977c8a090 Uncommon trap: trap_request=0xffffffbe fr.pc=0x0000019965831684 relative=0x0000000000000b04
Event: 500.517 Thread 0x0000019977c8a090 Uncommon trap: reason=profile_predicate action=maybe_recompile pc=0x0000019965831684 method=org.jetbrains.kotlin.com.intellij.openapi.util.text.StringUtilRt.equal(Ljava/lang/CharSequence;Ljava/lang/CharSequence;Z)Z @ 47 c2
Event: 500.517 Thread 0x0000019977c8a090 DEOPT PACKING pc=0x0000019965831684 sp=0x0000008b369f31b0
Event: 500.517 Thread 0x0000019977c8a090 DEOPT UNPACKING pc=0x00000199649a69a3 sp=0x0000008b369f3148 mode 2
Event: 509.997 Thread 0x0000019977c8a090 Uncommon trap: trap_request=0xffffffc6 fr.pc=0x000001996580b320 relative=0x0000000000000160
Event: 509.997 Thread 0x0000019977c8a090 Uncommon trap: reason=bimorphic_or_optimized_type_check action=maybe_recompile pc=0x000001996580b320 method=org.jetbrains.kotlin.com.intellij.openapi.vfs.VfsUtilCore.isAncestor(Lorg/jetbrains/kotlin/com/intellij/openapi/vfs/VirtualFile;Lorg/jetbrains/kotl
Event: 509.997 Thread 0x0000019977c8a090 DEOPT PACKING pc=0x000001996580b320 sp=0x0000008b369f0070
Event: 509.997 Thread 0x0000019977c8a090 DEOPT UNPACKING pc=0x00000199649a69a3 sp=0x0000008b369f0000 mode 2
Event: 511.061 Thread 0x0000019977c8a090 DEOPT PACKING pc=0x000001995e8c56c4 sp=0x0000008b369ef190
Event: 511.061 Thread 0x0000019977c8a090 DEOPT UNPACKING pc=0x00000199649a7143 sp=0x0000008b369ee5f8 mode 0
Event: 511.888 Thread 0x0000019977c8a090 DEOPT PACKING pc=0x000001995e5fd450 sp=0x0000008b369ef850
Event: 511.888 Thread 0x0000019977c8a090 DEOPT UNPACKING pc=0x00000199649a7143 sp=0x0000008b369eed60 mode 0

Classes loaded (20 events):
Event: 474.329 Loading class sun/nio/cs/UTF_32LE
Event: 474.331 Loading class sun/nio/cs/UTF_32LE done
Event: 474.346 Loading class sun/nio/cs/MS1251
Event: 474.346 Loading class sun/nio/cs/MS1251 done
Event: 475.190 Loading class java/beans/PropertyChangeSupport
Event: 475.192 Loading class java/beans/PropertyChangeSupport done
Event: 475.193 Loading class java/beans/PropertyChangeSupport$PropertyChangeListenerMap
Event: 475.194 Loading class java/beans/ChangeListenerMap
Event: 475.195 Loading class java/beans/ChangeListenerMap done
Event: 475.195 Loading class java/beans/PropertyChangeSupport$PropertyChangeListenerMap done
Event: 479.798 Loading class java/util/regex/Pattern$Bound
Event: 479.800 Loading class java/util/regex/Pattern$Bound done
Event: 482.749 Loading class sun/nio/fs/WindowsLinkSupport
Event: 482.750 Loading class sun/nio/fs/WindowsLinkSupport done
Event: 494.876 Loading class java/text/StringCharacterIterator
Event: 494.879 Loading class java/text/CharacterIterator
Event: 494.880 Loading class java/text/CharacterIterator done
Event: 494.880 Loading class java/text/StringCharacterIterator done
Event: 499.474 Loading class java/util/PriorityQueue
Event: 499.477 Loading class java/util/PriorityQueue done

Classes unloaded (0 events):
No events

Classes redefined (0 events):
No events

Internal exceptions (20 events):
Event: 468.813 Thread 0x0000019977c8a090 Exception <a 'java/lang/NoSuchMethodError'{0x00000000ae0a3ff8}: 'int java.lang.invoke.DelegatingMethodHandle$Holder.reinvoke_L(java.lang.Object, java.lang.Object, java.lang.Object, long, java.lang.Object, java.lang.Object)'> (0x00000000ae0a3ff8) 
thrown [s\src\hotspot\share\interpreter\linkResolver.cpp, line 759]
Event: 468.816 Thread 0x0000019977c8a090 Exception <a 'java/lang/NoSuchMethodError'{0x00000000ae0b41e8}: 'int java.lang.invoke.DelegatingMethodHandle$Holder.reinvoke_L(java.lang.Object, java.lang.Object, java.lang.Object, long, int, int)'> (0x00000000ae0b41e8) 
thrown [s\src\hotspot\share\interpreter\linkResolver.cpp, line 759]
Event: 468.818 Thread 0x0000019977c8a090 Exception <a 'java/lang/NoSuchMethodError'{0x00000000ae0c4180}: 'int java.lang.invoke.DelegatingMethodHandle$Holder.reinvoke_L(java.lang.Object, java.lang.Object, java.lang.Object, long, long, long)'> (0x00000000ae0c4180) 
thrown [s\src\hotspot\share\interpreter\linkResolver.cpp, line 759]
Event: 468.820 Thread 0x0000019977c8a090 Exception <a 'java/lang/NoSuchMethodError'{0x00000000ae0d3e08}: 'int java.lang.invoke.DelegatingMethodHandle$Holder.reinvoke_L(java.lang.Object, java.lang.Object, java.lang.Object, long, int)'> (0x00000000ae0d3e08) 
thrown [s\src\hotspot\share\interpreter\linkResolver.cpp, line 759]
Event: 468.824 Thread 0x0000019977c8a090 Exception <a 'java/lang/NoSuchMethodError'{0x00000000ae0eb828}: 'void java.lang.invoke.DelegatingMethodHandle$Holder.reinvoke_L(java.lang.Object, java.lang.Object, java.lang.Object, long, java.lang.Object, long, long)'> (0x00000000ae0eb828) 
thrown [s\src\hotspot\share\interpreter\linkResolver.cpp, line 759]
Event: 468.826 Thread 0x0000019977c8a090 Exception <a 'java/lang/NoSuchMethodError'{0x00000000ae0f3eb0}: 'long java.lang.invoke.Invokers$Holder.invokeExact_MT(java.lang.Object, java.lang.Object, java.lang.Object)'> (0x00000000ae0f3eb0) 
thrown [s\src\hotspot\share\interpreter\linkResolver.cpp, line 759]
Event: 468.828 Thread 0x0000019977c8a090 Exception <a 'java/lang/NoSuchMethodError'{0x00000000ae0f9058}: 'int java.lang.invoke.Invokers$Holder.invokeExact_MT(java.lang.Object, java.lang.Object, java.lang.Object)'> (0x00000000ae0f9058) 
thrown [s\src\hotspot\share\interpreter\linkResolver.cpp, line 759]
Event: 469.177 Thread 0x0000019977c8a090 Exception <a 'java/lang/NoSuchMethodError'{0x00000000adc85c10}: 'java.lang.Object java.lang.invoke.DirectMethodHandle$Holder.invokeStatic(java.lang.Object, java.lang.Object, int, java.lang.Object, int)'> (0x00000000adc85c10) 
thrown [s\src\hotspot\share\interpreter\linkResolver.cpp, line 759]
Event: 471.056 Thread 0x000001997933f9a0 Implicit null exception at 0x0000019964fb0a8f to 0x0000019964fb0bf0
Event: 471.061 Thread 0x000001997933f9a0 Implicit null exception at 0x000001996543c351 to 0x000001996543cac8
Event: 473.275 Thread 0x0000019977c8a090 Exception <a 'java/lang/NoSuchMethodError'{0x00000000b0df3090}: 'java.lang.Object java.lang.invoke.DirectMethodHandle$Holder.invokeStatic(java.lang.Object, java.lang.Object, java.lang.Object, java.lang.Object, int, java.lang.Object)'> (0x00000000b0df3090) 
thrown [s\src\hotspot\share\interpreter\linkResolver.cpp, line 759]
Event: 473.533 Thread 0x0000019977c8a090 Exception <a 'java/lang/NoSuchMethodError'{0x00000000b1439560}: 'java.lang.Object java.lang.invoke.Invokers$Holder.invoke_MT(java.lang.Object, java.lang.Object, java.lang.Object)'> (0x00000000b1439560) 
thrown [s\src\hotspot\share\interpreter\linkResolver.cpp, line 759]
Event: 474.771 Thread 0x0000019977c8a090 Exception <a 'java/lang/NoSuchMethodError'{0x00000000b010c408}: 'java.lang.Object java.lang.invoke.Invokers$Holder.invokeExact_MT(java.lang.Object, java.lang.Object, long, java.lang.Object)'> (0x00000000b010c408) 
thrown [s\src\hotspot\share\interpreter\linkResolver.cpp, line 759]
Event: 475.248 Thread 0x0000019977c8a090 Exception <a 'java/lang/NoSuchMethodError'{0x00000000afb3c7c8}: 'java.lang.Object java.lang.invoke.DirectMethodHandle$Holder.invokeStatic(java.lang.Object, java.lang.Object, long, long)'> (0x00000000afb3c7c8) 
thrown [s\src\hotspot\share\interpreter\linkResolver.cpp, line 759]
Event: 475.282 Thread 0x0000019977c8a090 Exception <a 'java/lang/NoSuchMethodError'{0x00000000afb8e8a8}: 'java.lang.Object java.lang.invoke.DirectMethodHandle$Holder.invokeStatic(java.lang.Object, java.lang.Object, java.lang.Object, long, java.lang.Object)'> (0x00000000afb8e8a8) 
thrown [s\src\hotspot\share\interpreter\linkResolver.cpp, line 759]
Event: 475.285 Thread 0x0000019977c8a090 Exception <a 'java/lang/NoSuchMethodError'{0x00000000afb97b58}: 'java.lang.Object java.lang.invoke.DirectMethodHandle$Holder.newInvokeSpecial(java.lang.Object, java.lang.Object, java.lang.Object, long)'> (0x00000000afb97b58) 
thrown [s\src\hotspot\share\interpreter\linkResolver.cpp, line 759]
Event: 475.286 Thread 0x0000019977c8a090 Exception <a 'java/lang/NoSuchMethodError'{0x00000000afb9d0b8}: 'java.lang.Object java.lang.invoke.Invokers$Holder.linkToTargetMethod(java.lang.Object, java.lang.Object, long, java.lang.Object)'> (0x00000000afb9d0b8) 
thrown [s\src\hotspot\share\interpreter\linkResolver.cpp, line 759]
Event: 476.344 Thread 0x0000019977c8a090 Implicit null exception at 0x00000199657bd4c0 to 0x00000199657bd870
Event: 488.248 Thread 0x0000019977c8a090 Exception <a 'java/lang/NoSuchMethodError'{0x00000000b7a60f80}: 'java.lang.Object java.lang.invoke.DirectMethodHandle$Holder.newInvokeSpecial(java.lang.Object, java.lang.Object, java.lang.Object, java.lang.Object, java.lang.Object, java.lang.Object, java.lang.Object, java.lang.Object, java.lang.Object)'> (0x00000000b7a60f80) 
thrown [s\src\hotspot\share\interpreter\linkResolver.cpp, line 759]
Event: 488.249 Thread 0x0000019977c8a090 Exception <a 'java/lang/NoSuchMethodError'{0x00000000b7a67000}: 'java.lang.Object java.lang.invoke.Invokers$Holder.linkToTargetMethod(java.lang.Object, java.lang.Object, java.lang.Object, java.lang.Object, java.lang.Object, java.lang.Object, java.lang.Object, java.lang.Object, java.lang.Object)'> (0x00000000b7a67000) 
thrown [s\src\hotspot\share\interpreter\linkResolver.cpp, line 759]

VM Operations (20 events):
Event: 505.872 Executing VM operation: Cleanup
Event: 505.897 Executing VM operation: Cleanup done
Event: 506.936 Executing VM operation: Cleanup
Event: 507.552 Executing VM operation: Cleanup done
Event: 508.560 Executing VM operation: Cleanup
Event: 508.629 Executing VM operation: Cleanup done
Event: 509.630 Executing VM operation: Cleanup
Event: 509.645 Executing VM operation: Cleanup done
Event: 510.654 Executing VM operation: Cleanup
Event: 510.671 Executing VM operation: Cleanup done
Event: 511.679 Executing VM operation: Cleanup
Event: 511.711 Executing VM operation: Cleanup done
Event: 512.717 Executing VM operation: Cleanup
Event: 512.717 Executing VM operation: Cleanup done
Event: 517.366 Executing VM operation: HandshakeAllThreads
Event: 517.378 Executing VM operation: HandshakeAllThreads done
Event: 517.378 Executing VM operation: Cleanup
Event: 517.378 Executing VM operation: Cleanup done
Event: 517.378 Executing VM operation: HandshakeAllThreads
Event: 517.381 Executing VM operation: HandshakeAllThreads done

Memory protections (0 events):
No events

Nmethod flushes (20 events):
Event: 435.105 Thread 0x0000019972966c90 flushing  nmethod 0x000001995e28a290
Event: 435.106 Thread 0x0000019972966c90 flushing  nmethod 0x000001995e31f410
Event: 435.106 Thread 0x0000019972966c90 flushing  nmethod 0x000001995e31f810
Event: 435.106 Thread 0x0000019972966c90 flushing  nmethod 0x000001995e31fc10
Event: 435.106 Thread 0x0000019972966c90 flushing  nmethod 0x000001995e389690
Event: 435.106 Thread 0x0000019972966c90 flushing  nmethod 0x000001995e406310
Event: 435.106 Thread 0x0000019972966c90 flushing  nmethod 0x000001995e406c10
Event: 435.107 Thread 0x0000019972966c90 flushing  nmethod 0x000001995e48be10
Event: 435.107 Thread 0x0000019972966c90 flushing  nmethod 0x000001995e490c10
Event: 435.107 Thread 0x0000019972966c90 flushing  nmethod 0x000001995e490f90
Event: 435.107 Thread 0x0000019972966c90 flushing  nmethod 0x000001995e491890
Event: 435.107 Thread 0x0000019972966c90 flushing  nmethod 0x000001995e491e90
Event: 435.107 Thread 0x0000019972966c90 flushing  nmethod 0x000001995e49ae10
Event: 435.107 Thread 0x0000019972966c90 flushing  nmethod 0x000001995e4a7290
Event: 435.108 Thread 0x0000019972966c90 flushing  nmethod 0x000001995e566c90
Event: 435.108 Thread 0x0000019972966c90 flushing  nmethod 0x000001995e567a10
Event: 464.175 Thread 0x0000019972966c90 flushing  nmethod 0x000001995d6c1290
Event: 464.282 Thread 0x0000019972966c90 flushing  nmethod 0x000001995e0a9590
Event: 518.122 Thread 0x0000019972966c90 flushing  nmethod 0x000001995d5db110
Event: 518.157 Thread 0x0000019972966c90 flushing  nmethod 0x000001995d767710

Events (20 events):
Event: 370.740 Thread 0x0000019977c8a090 Thread added: 0x0000019979342730
Event: 370.740 Thread 0x0000019977c8a090 Thread added: 0x0000019979342220
Event: 371.079 Thread 0x0000019977c8a090 Thread added: 0x000001997933ef80
Event: 371.083 Thread 0x0000019977c8a090 Thread added: 0x0000019979342c40
Event: 371.088 Thread 0x0000019977c8a090 Thread added: 0x0000019979343150
Event: 372.298 Thread 0x0000019977c8a090 Thread added: 0x0000019979343660
Event: 372.299 Thread 0x0000019977c8a090 Thread added: 0x0000019979344aa0
Event: 372.300 Thread 0x0000019977c8a090 Thread added: 0x0000019979344fb0
Event: 375.189 Thread 0x00000199728f3cc0 Thread added: 0x000001997bedee90
Event: 376.268 Thread 0x000001997bedee90 Thread exited: 0x000001997bedee90
Event: 388.349 Thread 0x0000019977c8a090 Thread added: 0x000001997b2fcfe0
Event: 389.644 Thread 0x0000019977c8a090 Thread added: 0x000001997a6fe2f0
Event: 401.644 Thread 0x0000019972907820 Thread added: 0x000001997b9b2b10
Event: 402.078 Thread 0x000001997b9b2b10 Thread exited: 0x000001997b9b2b10
Event: 403.406 Thread 0x0000019972907820 Thread added: 0x000001997b9b2b10
Event: 403.623 Thread 0x000001997b9b2b10 Thread exited: 0x000001997b9b2b10
Event: 427.707 Thread 0x000001997933ea70 Thread exited: 0x000001997933ea70
Event: 429.028 Thread 0x000001997952eb50 Thread exited: 0x000001997952eb50
Event: 435.860 Thread 0x0000019977c8a090 Thread added: 0x000001997a6fbf80
Event: 471.483 Thread 0x000001997933f9a0 Thread exited: 0x000001997933f9a0


Dynamic libraries:
0x00007ff623370000 - 0x00007ff62337e000 	C:\Program Files\Microsoft\jdk-17.0.18.8-hotspot\bin\java.exe
0x00007ffcfe4c0000 - 0x00007ffcfe726000 	C:\WINDOWS\SYSTEM32\ntdll.dll
0x00007ffcfde90000 - 0x00007ffcfdf59000 	C:\WINDOWS\System32\KERNEL32.DLL
0x00007ffcfb700000 - 0x00007ffcfbaff000 	C:\WINDOWS\System32\KERNELBASE.dll
0x00007ffcfbc40000 - 0x00007ffcfbd8c000 	C:\WINDOWS\System32\ucrtbase.dll
0x00007ffc99b60000 - 0x00007ffc99b78000 	C:\Program Files\Microsoft\jdk-17.0.18.8-hotspot\bin\jli.dll
0x00007ffc99b40000 - 0x00007ffc99b5e000 	C:\Program Files\Microsoft\jdk-17.0.18.8-hotspot\bin\VCRUNTIME140.dll
0x00007ffcfc430000 - 0x00007ffcfc5f6000 	C:\WINDOWS\System32\USER32.dll
0x00007ffcfb6d0000 - 0x00007ffcfb6f7000 	C:\WINDOWS\System32\win32u.dll
0x00007ffcfcd60000 - 0x00007ffcfcd8b000 	C:\WINDOWS\System32\GDI32.dll
0x00007ffcfbb10000 - 0x00007ffcfbc39000 	C:\WINDOWS\System32\gdi32full.dll
0x00007ffcfbf20000 - 0x00007ffcfbfc3000 	C:\WINDOWS\System32\msvcp_win.dll
0x00007ffce6480000 - 0x00007ffce6711000 	C:\WINDOWS\WinSxS\amd64_microsoft.windows.common-controls_6595b64144ccf1df_6.0.26100.8972_none_3e0da176e32f9d4b\COMCTL32.dll
0x00007ffcfc380000 - 0x00007ffcfc429000 	C:\WINDOWS\System32\msvcrt.dll
0x00007ffcfcc40000 - 0x00007ffcfcc72000 	C:\WINDOWS\System32\IMM32.DLL
0x00007ffccdec0000 - 0x00007ffccdecc000 	C:\Program Files\Microsoft\jdk-17.0.18.8-hotspot\bin\vcruntime140_1.dll
0x00007ffc77fb0000 - 0x00007ffc78039000 	C:\Program Files\Microsoft\jdk-17.0.18.8-hotspot\bin\msvcp140.dll
0x00007ffc2fe50000 - 0x00007ffc30aca000 	C:\Program Files\Microsoft\jdk-17.0.18.8-hotspot\bin\server\jvm.dll
0x00007ffcfcc90000 - 0x00007ffcfcd4c000 	C:\WINDOWS\System32\ADVAPI32.dll
0x00007ffcfd8c0000 - 0x00007ffcfd96a000 	C:\WINDOWS\System32\sechost.dll
0x00007ffcfe1c0000 - 0x00007ffcfe2d8000 	C:\WINDOWS\System32\RPCRT4.dll
0x00007ffcfd970000 - 0x00007ffcfd9f2000 	C:\WINDOWS\System32\WS2_32.dll
0x00007ffcfb550000 - 0x00007ffcfb5ae000 	C:\WINDOWS\SYSTEM32\POWRPROF.dll
0x00007ffcf58b0000 - 0x00007ffcf58e6000 	C:\WINDOWS\SYSTEM32\WINMM.dll
0x00007ffcf4580000 - 0x00007ffcf458b000 	C:\WINDOWS\SYSTEM32\VERSION.dll
0x00007ffcfb530000 - 0x00007ffcfb545000 	C:\WINDOWS\SYSTEM32\UMPDC.dll
0x00007ffcfa3c0000 - 0x00007ffcfa3db000 	C:\WINDOWS\SYSTEM32\kernel.appcore.dll
0x00007ffc99b30000 - 0x00007ffc99b3a000 	C:\Program Files\Microsoft\jdk-17.0.18.8-hotspot\bin\jimage.dll
0x00007ffce6730000 - 0x00007ffce6972000 	C:\WINDOWS\SYSTEM32\DBGHELP.DLL
0x00007ffcfc8b0000 - 0x00007ffcfcc35000 	C:\WINDOWS\System32\combase.dll
0x00007ffcfc7b0000 - 0x00007ffcfc889000 	C:\WINDOWS\System32\OLEAUT32.dll
0x00007ffce47e0000 - 0x00007ffce481b000 	C:\WINDOWS\SYSTEM32\dbgcore.DLL
0x00007ffcfbe60000 - 0x00007ffcfbf0c000 	C:\WINDOWS\System32\bcryptPrimitives.dll
0x00007ffc99b20000 - 0x00007ffc99b2f000 	C:\Program Files\Microsoft\jdk-17.0.18.8-hotspot\bin\instrument.dll
0x00007ffc99010000 - 0x00007ffc99036000 	C:\Program Files\Microsoft\jdk-17.0.18.8-hotspot\bin\java.dll
0x00007ffc77ed0000 - 0x00007ffc77fa6000 	C:\Program Files\Microsoft\jdk-17.0.18.8-hotspot\bin\jsvml.dll
0x00007ffcfcf30000 - 0x00007ffcfd6b8000 	C:\WINDOWS\System32\SHELL32.dll
0x00007ffcf91c0000 - 0x00007ffcf9a5b000 	C:\WINDOWS\SYSTEM32\windows.storage.dll
0x00007ffcfe310000 - 0x00007ffcfe409000 	C:\WINDOWS\System32\SHCORE.dll
0x00007ffcfe410000 - 0x00007ffcfe476000 	C:\WINDOWS\System32\shlwapi.dll
0x00007ffcfb5f0000 - 0x00007ffcfb619000 	C:\WINDOWS\SYSTEM32\profapi.dll
0x00007ffc98f30000 - 0x00007ffc98f48000 	C:\Program Files\Microsoft\jdk-17.0.18.8-hotspot\bin\zip.dll
0x00007ffc8a0e0000 - 0x00007ffc8a0fb000 	C:\Program Files\Microsoft\jdk-17.0.18.8-hotspot\bin\net.dll
0x00007ffcf4290000 - 0x00007ffcf43b8000 	C:\WINDOWS\SYSTEM32\WINHTTP.dll
0x00007ffcfa970000 - 0x00007ffcfa9dc000 	C:\WINDOWS\system32\mswsock.dll
0x00007ffc86180000 - 0x00007ffc86196000 	C:\Program Files\Microsoft\jdk-17.0.18.8-hotspot\bin\nio.dll
0x00007ffc99b10000 - 0x00007ffc99b20000 	C:\Program Files\Microsoft\jdk-17.0.18.8-hotspot\bin\verify.dll
0x00007ffc98d80000 - 0x00007ffc98da7000 	C:\Users\triK\.gradle\native\660c5614fbf4a5f2a75b1949f50a0caf5cd603558e7d8a26e50b933a0cfb79d1\windows-amd64\native-platform.dll
0x00007ffc850a0000 - 0x00007ffc85117000 	C:\Users\triK\.gradle\native\0.2.8\x86_64-windows-gnu\gradle-fileevents.dll
0x00007ffc99a00000 - 0x00007ffc99a0a000 	C:\Program Files\Microsoft\jdk-17.0.18.8-hotspot\bin\management.dll
0x00007ffc99640000 - 0x00007ffc9964c000 	C:\Program Files\Microsoft\jdk-17.0.18.8-hotspot\bin\management_ext.dll
0x00007ffcfdfd0000 - 0x00007ffcfdfd8000 	C:\WINDOWS\System32\PSAPI.DLL
0x00007ffcf9de0000 - 0x00007ffcf9e13000 	C:\WINDOWS\SYSTEM32\IPHLPAPI.DLL
0x00007ffcfd8b0000 - 0x00007ffcfd8ba000 	C:\WINDOWS\System32\NSI.dll
0x00007ffcf4590000 - 0x00007ffcf45ad000 	C:\WINDOWS\SYSTEM32\dhcpcsvc6.DLL
0x00007ffcf3ca0000 - 0x00007ffcf3cc5000 	C:\WINDOWS\SYSTEM32\dhcpcsvc.DLL
0x00007ffcf9e20000 - 0x00007ffcf9f78000 	C:\WINDOWS\SYSTEM32\DNSAPI.dll
0x00007ffcfa770000 - 0x00007ffcfa77d000 	C:\WINDOWS\SYSTEM32\DSPARSE.dll
0x00007ffc994c0000 - 0x00007ffc994c9000 	C:\Program Files\Microsoft\jdk-17.0.18.8-hotspot\bin\extnet.dll
0x00007ffcfac60000 - 0x00007ffcfac7b000 	C:\WINDOWS\SYSTEM32\CRYPTSP.dll
0x00007ffcfa320000 - 0x00007ffcfa359000 	C:\WINDOWS\system32\rsaenh.dll
0x00007ffcfaa20000 - 0x00007ffcfaa52000 	C:\WINDOWS\SYSTEM32\USERENV.dll
0x00007ffcfb5c0000 - 0x00007ffcfb5ea000 	C:\WINDOWS\SYSTEM32\bcrypt.dll
0x00007ffcfac80000 - 0x00007ffcfac8c000 	C:\WINDOWS\SYSTEM32\CRYPTBASE.dll
0x00007ffc99380000 - 0x00007ffc9938e000 	C:\Program Files\Microsoft\jdk-17.0.18.8-hotspot\bin\sunmscapi.dll
0x00007ffcfbfd0000 - 0x00007ffcfc14e000 	C:\WINDOWS\System32\CRYPT32.dll
0x00007ffcfaea0000 - 0x00007ffcfaed0000 	C:\WINDOWS\SYSTEM32\ncrypt.dll
0x00007ffcfae50000 - 0x00007ffcfae8f000 	C:\WINDOWS\SYSTEM32\NTASN1.dll
0x00007ffce19a0000 - 0x00007ffce19a8000 	C:\WINDOWS\system32\wshunix.dll
0x00007ffc961f0000 - 0x00007ffc961f7000 	C:\Program Files\Microsoft\jdk-17.0.18.8-hotspot\bin\rmi.dll

dbghelp: loaded successfully - version: 4.0.5 - missing functions: none
symbol engine: initialized successfully - sym options: 0x614 - pdb path: .;C:\Program Files\Microsoft\jdk-17.0.18.8-hotspot\bin;C:\WINDOWS\SYSTEM32;C:\WINDOWS\WinSxS\amd64_microsoft.windows.common-controls_6595b64144ccf1df_6.0.26100.8972_none_3e0da176e32f9d4b;C:\Program Files\Microsoft\jdk-17.0.18.8-hotspot\bin\server;C:\Users\triK\.gradle\native\660c5614fbf4a5f2a75b1949f50a0caf5cd603558e7d8a26e50b933a0cfb79d1\windows-amd64;C:\Users\triK\.gradle\native\0.2.8\x86_64-windows-gnu

VM Arguments:
jvm_args: --add-opens=java.base/java.lang=ALL-UNNAMED --add-opens=java.base/java.lang.invoke=ALL-UNNAMED --add-opens=java.base/java.util=ALL-UNNAMED --add-opens=java.prefs/java.util.prefs=ALL-UNNAMED --add-exports=jdk.compiler/com.sun.tools.javac.api=ALL-UNNAMED --add-exports=jdk.compiler/com.sun.tools.javac.util=ALL-UNNAMED --add-opens=java.base/java.util=ALL-UNNAMED --add-opens=java.prefs/java.util.prefs=ALL-UNNAMED --add-opens=java.base/java.nio.charset=ALL-UNNAMED --add-opens=java.base/java.net=ALL-UNNAMED --add-opens=java.base/java.util.concurrent=ALL-UNNAMED --add-opens=java.base/java.util.concurrent.atomic=ALL-UNNAMED --add-opens=java.xml/javax.xml.namespace=ALL-UNNAMED --add-opens=java.base/java.time=ALL-UNNAMED -XX:MaxMetaspaceSize=512m -XX:ReservedCodeCacheSize=256m -XX:+HeapDumpOnOutOfMemoryError -Xmx1512m -Dfile.encoding=UTF-8 -Duser.country=FR -Duser.language=fr -Duser.variant -javaagent:C:\Users\triK\.gradle\wrapper\dists\gradle-9.3.1-all\9ot9r568e8zfvvd4mn8rbu1j0\gradle-9.3.1\lib\agents\gradle-instrumentation-agent-9.3.1.jar 
java_command: org.gradle.launcher.daemon.bootstrap.GradleDaemon 9.3.1
java_class_path (initial): C:\Users\triK\.gradle\wrapper\dists\gradle-9.3.1-all\9ot9r568e8zfvvd4mn8rbu1j0\gradle-9.3.1\lib\gradle-daemon-main-9.3.1.jar
Launcher Type: SUN_STANDARD

[Global flags]
     intx CICompilerCount                          = 3                                         {product} {ergonomic}
   size_t CompressedClassSpaceSize                 = 436207616                                 {product} {ergonomic}
     uint ConcGCThreads                            = 1                                         {product} {ergonomic}
     uint G1ConcRefinementThreads                  = 4                                         {product} {ergonomic}
   size_t G1HeapRegionSize                         = 1048576                                   {product} {ergonomic}
    uintx GCDrainStackTargetSize                   = 64                                        {product} {ergonomic}
     bool HeapDumpOnOutOfMemoryError               = true                                   {manageable} {command line}
   size_t InitialHeapSize                          = 67108864                                  {product} {ergonomic}
   size_t MarkStackSize                            = 4194304                                   {product} {ergonomic}
   size_t MaxHeapSize                              = 1585446912                                {product} {command line}
   size_t MaxMetaspaceSize                         = 536870912                                 {product} {command line}
   size_t MaxNewSize                               = 951058432                                 {product} {ergonomic}
   size_t MinHeapDeltaBytes                        = 1048576                                   {product} {ergonomic}
   size_t MinHeapSize                              = 8388608                                   {product} {ergonomic}
    uintx NonNMethodCodeHeapSize                   = 5832780                                {pd product} {ergonomic}
    uintx NonProfiledCodeHeapSize                  = 131301338                              {pd product} {ergonomic}
    uintx ProfiledCodeHeapSize                     = 131301338                              {pd product} {ergonomic}
    uintx ReservedCodeCacheSize                    = 268435456                              {pd product} {command line}
     bool SegmentedCodeCache                       = true                                      {product} {ergonomic}
   size_t SoftMaxHeapSize                          = 1585446912                             {manageable} {ergonomic}
   double SweeperThreshold                         = 0.468750                                  {product} {ergonomic}
     bool UseCompressedClassPointers               = true                           {product lp64_product} {ergonomic}
     bool UseCompressedOops                        = true                           {product lp64_product} {ergonomic}
     bool UseG1GC                                  = true                                      {product} {ergonomic}
     bool UseLargePagesIndividualAllocation        = false                                  {pd product} {ergonomic}

Logging:
Log output configuration:
 #0: stdout all=warning uptime,level,tags
 #1: stderr all=off uptime,level,tags

Environment Variables:
JAVA_HOME=C:\Program Files\Microsoft\jdk-17.0.18.8-hotspot
PATH=C:\Program Files\Microsoft\jdk-17.0.18.8-hotspot\bin;C:\Program Files (x86)\Borland\Delphi7\Bin;C:\Program Files (x86)\Borland\Delphi7\Projects\Bpl\;C:\Program Files\ImageMagick-7.1.2-Q16-HDRI;C:\Program Files\Common Files\Oracle\Java\javapath;C:\Program Files (x86)\Common Files\Oracle\Java\java8path;C:\Program Files (x86)\Common Files\Oracle\Java\javapath;C:\Windows\system32;C:\Windows;C:\Windows\System32\Wbem;C:\Windows\System32\WindowsPowerShell\v1.0\;C:\Windows\System32\OpenSSH\;C:\Users\triK\.config\herd\bin\nvm;C:\ProgramData\ComposerSetup\bin;C:\WINDOWS\system32;C:\WINDOWS;C:\WINDOWS\System32\Wbem;C:\WINDOWS\System32\WindowsPowerShell\v1.0\;C:\WINDOWS\System32\OpenSSH\;c:\Users\triK\AppData\Local\Programs\cursor\resources\app\bin;C:\Users\triK\AppData\Local\nvm;C:\nvm4w\nodejs;C:\Program Files\cursor\resources\app\bin;C:\Program Files\dotnet\;C:\laragon\bin\php\php8.4;C:\Users\triK\Downloads\platform-tools-latest-windows\platform-tools;C:\Program Files\Git\cmd;C:\Program Files\Go\bin;C:\flutter\bin;C:\Users\triK\.config\herd\bin;C:\laragon\bin\composer;C:\laragon\bin\git\bin;C:\laragon\bin\git\cmd;C:\laragon\bin\git\mingw64\bin;C:\laragon\bin\git\usr\bin;C:\laragon\bin\mysql\mysql-8.4.3-winx64\bin;C:\laragon\bin\ngrok;C:\laragon\bin\nodejs\node-v22;C:\laragon\bin\php\php8.4;C:\laragon\bin\python\python-3.13;C:\laragon\bin\python\python-3.13\Scripts;C:\laragon\usr\bin;C:\Users\triK\AppData\Local\Yarn\config\global\node_modules\.bin;C:\Users\triK\AppData\Roaming\Composer\vendor\bin;C:\Users\triK\AppData\Roaming\npm;C:\Users\triK\AppData\Local\Microsoft\WindowsApps;C:\Users\triK\AppData\Local\GitHubDesktop\bin;C:\Users\triK\AppData\Local\nvm;C:\nvm4w\nodejs;C:\Users\triK\AppData\Local\Programs\Microsoft VS Code\bin;C:\Users\triK\.dotnet\tools;C:\Users\triK\AppData\Local\Programs\Antigravity\bin;C:\Users\triK\AppData\Local\Android\Sdk\platform-tools;C:\Users\triK\AppData\Local\Microsoft\WinGet\Links;C:\Users\triK\AppData\Local\Microsoft\WinGet\Packages\yt-dlp.FFmpeg_Microsoft.Winget.Source_8wekyb3d8bbwe\ffmpeg-N-123074-g4e32fb4c2a-win64-gpl/bin;C:\Users\triK\AppData\Local\Google\Cloud SDK\google-cloud-sdk\bin;C:\Users\triK\go\bin;C:\Users\triK\AppData\Local\Programs\Antigravity IDE\bin
USERNAME=triK
OS=Windows_NT
PROCESSOR_IDENTIFIER=Intel64 Family 6 Model 142 Stepping 10, GenuineIntel
TMP=C:\Users\triK\AppData\Local\Temp
TEMP=C:\Users\triK\AppData\Local\Temp



Periodic native trim disabled


---------------  S Y S T E M  ---------------

OS:
 Windows 11 , 64 bit Build 26100 (10.0.26100.9168)
OS uptime: 2 days 9:09 hours

CPU: total 4 (initial active 4) (2 cores per cpu, 2 threads per core) family 6 model 142 stepping 10 microcode 0xe0, cx8, cmov, fxsr, ht, mmx, 3dnowpref, sse, sse2, sse3, ssse3, sse4.1, sse4.2, popcnt, lzcnt, tsc, tscinvbit, avx, avx2, aes, erms, clmul, bmi1, bmi2, adx, fma, vzeroupper, clflush, clflushopt
Processor Information for the first 4 processors :
  Max Mhz: 2304, Current Mhz: 2304, Mhz Limit: 2304

Memory: 4k page, system-wide physical 3971M (285M free)
TotalPageFile size 16259M (AvailPageFile size 11M)
current process WorkingSet (physical memory assigned to process): 234M, peak: 390M
current process commit charge ("private bytes"): 723M, peak: 724M

vm_info: OpenJDK 64-Bit Server VM (17.0.18+8-LTS) for windows-amd64 JRE (17.0.18+8-LTS), built on Jan 15 2026 18:50:45 by "MicrosoftCorporation" with MS VC++ 17.14 (VS2022)

END.
