version 2
JvmtiExport can_access_local_variables 0
JvmtiExport can_hotswap_or_post_breakpoint 0
JvmtiExport can_post_on_exceptions 0
# 754 ciObject found
instanceKlass org/gradle/internal/instantiation/generator/AbstractClassGenerator
ciInstanceKlass java/lang/Cloneable 1 0 7 100 1 100 1 1 1
instanceKlass com/android/build/gradle/internal/publishing/VariantPublishingSpecImpl
instanceKlass com/android/build/gradle/internal/publishing/PublishingSpecs$VariantSpec
instanceKlass com/android/build/gradle/internal/publishing/PublishingSpecsKt
instanceKlass com/android/build/gradle/internal/publishing/OutputSpecImpl
instanceKlass com/android/build/gradle/internal/publishing/PublishingSpecs$OutputSpec
instanceKlass com/android/build/gradle/internal/publishing/VariantSpecBuilderImpl
instanceKlass com/android/build/gradle/internal/publishing/PublishingSpecs$VariantSpecBuilder
instanceKlass com/android/build/gradle/internal/publishing/PublishingSpecs$Companion
instanceKlass com/android/build/gradle/internal/publishing/PublishingSpecs
instanceKlass com/android/build/gradle/internal/scope/ArtifactPublishingUtil
instanceKlass com/android/build/gradle/internal/VariantTaskManager$createAnchorAssembleTasks$4
instanceKlass com/android/build/gradle/internal/VariantTaskManager$createAnchorAssembleTasks$3
instanceKlass com/android/build/gradle/internal/utils/KgpUtils$configureKotlinCompileTasks$1
instanceKlass com/android/build/gradle/internal/VariantTaskManager$addBindingDependenciesIfNecessary$dataBindingEnabled$1
instanceKlass com/android/build/gradle/internal/VariantTaskManager$addBindingDependenciesIfNecessary$viewBindingEnabled$1
# instanceKlass java/lang/invoke/LambdaForm$MH+0x000001ae81f74000
instanceKlass org/jetbrains/kotlin/gradle/tooling/IncludeKotlinToolingMetadataInApkKt$includeKotlinToolingMetadataInApk$1$1$1
instanceKlass org/gradle/api/internal/AbstractTask$14
instanceKlass com/flutter/gradle/FlutterPlugin$addFlutterTasks$2$1$1
instanceKlass com/flutter/gradle/FlutterPlugin$Companion$addFlutterDeps$2$1
instanceKlass com/android/build/gradle/internal/tasks/factory/GlobalTaskCreationConfigImpl$platformAttrs$2$1
instanceKlass com/android/build/gradle/internal/tasks/factory/BootClasspathConfigImpl$androidJar$2$1
instanceKlass com/android/build/gradle/internal/tasks/factory/GlobalTaskCreationConfigImpl$platformAttrs$2$attributes$1
instanceKlass  @bci com/android/build/gradle/internal/res/GenerateLibraryRFileTask_Decorated $gradleInit ()V 1 <appendix> member <vmtarget> ; # com/android/build/gradle/internal/res/GenerateLibraryRFileTask_Decorated$$Lambda+0x000001ae81f71080
instanceKlass org/gradle/api/internal/AbstractTask$18
instanceKlass com/android/build/gradle/internal/scope/ArtifactTypeUtil
instanceKlass com/android/build/api/variant/impl/LayeredSourceDirectoriesImpl$getAscendingOrderAssetSets$1
# instanceKlass java/lang/invoke/LambdaForm$MH+0x000001ae81f68c00
instanceKlass com/android/build/gradle/internal/tasks/VariantTask$ConfigureAction
instanceKlass com/android/build/gradle/internal/tasks/UsesAnalytics$ConfigureAction
instanceKlass com/android/build/gradle/internal/tasks/BaseTask$ConfigureAction
instanceKlass  @bci com/android/build/gradle/tasks/MergeSourceSetFolders_Decorated $gradleInit ()V 1 <appendix> member <vmtarget> ; # com/android/build/gradle/tasks/MergeSourceSetFolders_Decorated$$Lambda+0x000001ae81f69000
instanceKlass com/android/ide/common/resources/DataSet
instanceKlass com/android/ide/common/resources/DataMap
instanceKlass com/android/ide/common/resources/SourceSet
instanceKlass com/android/ide/common/resources/FileValidity
instanceKlass com/flutter/gradle/FlutterPlugin$Companion$addFlutterDeps$copyFlutterAssetsTaskProvider$1$1$1
instanceKlass com/flutter/gradle/FlutterPlugin$Companion$addFlutterDeps$copyFlutterAssetsTaskProvider$1$1
instanceKlass com/flutter/gradle/tasks/FlutterTaskHelper$getAssets$1
instanceKlass com/flutter/gradle/tasks/FlutterTaskHelper
instanceKlass  @bci org/gradle/api/tasks/Copy_Decorated $gradleInit ()V 1 <appendix> member <vmtarget> ; # org/gradle/api/tasks/Copy_Decorated$$Lambda+0x000001ae81eeed60
instanceKlass com/flutter/gradle/FlutterPlugin$Companion$addFlutterDeps$copyFlutterAssetsTaskProvider$1
instanceKlass  @bci org/gradle/internal/execution/model/annotations/AbstractInputFilePropertyAnnotationHandler validatePropertyMetadata (Lorg/gradle/internal/properties/annotations/PropertyMetadata;Lorg/gradle/internal/reflect/validation/TypeValidationContext;)V 24 <appendix> member <vmtarget> ; # org/gradle/internal/execution/model/annotations/AbstractInputFilePropertyAnnotationHandler$$Lambda+0x000001ae81eeeb38
# instanceKlass java/lang/invoke/LambdaForm$MH+0x000001ae81f68800
instanceKlass  @bci com/flutter/gradle/tasks/FlutterTask_Decorated $gradleInit ()V 1 <appendix> member <vmtarget> ; # com/flutter/gradle/tasks/FlutterTask_Decorated$$Lambda+0x000001ae81f67be0
instanceKlass com/flutter/gradle/FlutterPlugin$Companion$addFlutterDeps$compileTaskProvider$1
instanceKlass  @bci com/android/build/gradle/internal/api/UnitTestVariantImpl_Decorated $gradleInit ()V 1 <appendix> member <vmtarget> ; # com/android/build/gradle/internal/api/UnitTestVariantImpl_Decorated$$Lambda+0x000001ae81f66e00
# instanceKlass java/lang/invoke/LambdaForm$MH+0x000001ae81f68400
# instanceKlass java/lang/invoke/LambdaForm$MH+0x000001ae81f68000
instanceKlass org/jetbrains/kotlin/gradle/plugin/mpp/KotlinCompilationsKt$moduleNameForCompilation$1
instanceKlass org/jetbrains/kotlin/gradle/internal/CompilerOptionsDslHelpersKt
instanceKlass org/jetbrains/kotlin/gradle/internal/KotlinTestDependencyManagementKt$maybeAddTestDependencyCapability$1
instanceKlass org/jetbrains/kotlin/gradle/internal/StdlibDependencyManagementKt$addStdlibDependency$1$1$1
instanceKlass org/jetbrains/kotlin/gradle/plugin/sources/KotlinDependencyScopeKt$WhenMappings
instanceKlass org/jetbrains/kotlin/gradle/plugin/sources/KotlinDependencyScopeKt
instanceKlass org/jetbrains/kotlin/gradle/plugin/sources/KotlinDependencyScope$Companion
instanceKlass org/jetbrains/kotlin/gradle/plugin/AndroidProjectHandler$preprocessVariant$2
instanceKlass org/jetbrains/kotlin/gradle/tasks/configuration/BaseKotlinCompileConfig$2$1
instanceKlass org/jetbrains/kotlin/gradle/tasks/configuration/BaseKotlinCompileConfig$1$1
instanceKlass org/jetbrains/kotlin/gradle/tasks/configuration/BaseKotlinCompileConfig$1$classpathConfiguration$1
instanceKlass org/jetbrains/kotlin/gradle/plugin/diagnostics/UsesKotlinToolingDiagnosticsKt
instanceKlass org/jetbrains/kotlin/gradle/tasks/configuration/BaseKotlinCompileConfig$configureCommonParameters$2
instanceKlass org/jetbrains/kotlin/gradle/tasks/configuration/BaseKotlinCompileConfig$configureCommonParameters$1
instanceKlass  @bci org/jetbrains/kotlin/gradle/internal/transforms/ClasspathEntrySnapshotTransform$Parameters_Decorated $gradleInit ()V 1 <appendix> member <vmtarget> ; # org/jetbrains/kotlin/gradle/internal/transforms/ClasspathEntrySnapshotTransform$Parameters_Decorated$$Lambda+0x000001ae81f629d0
instanceKlass org/jetbrains/kotlin/gradle/internal/transforms/ClasspathEntrySnapshotTransform$Parameters
instanceKlass org/jetbrains/kotlin/gradle/plugin/diagnostics/TransformActionUsingKotlinToolingDiagnostics$Parameters
instanceKlass org/jetbrains/kotlin/gradle/utils/RegisterTransformForArtifactTypeKt$registerTransformForArtifactType$2
instanceKlass org/jetbrains/kotlin/gradle/utils/RegisterTransformForArtifactTypeKt
instanceKlass org/jetbrains/kotlin/gradle/internal/transforms/ClasspathEntrySnapshotTransform
instanceKlass org/jetbrains/kotlin/gradle/plugin/diagnostics/TransformActionUsingKotlinToolingDiagnostics
instanceKlass org/jetbrains/kotlin/gradle/tasks/configuration/BaseKotlinCompileConfig$1$jvmToolchain$1
instanceKlass org/jetbrains/kotlin/gradle/tasks/configuration/AbstractKotlinCompileConfigKt$sam$org_gradle_api_Action$0
instanceKlass org/jetbrains/kotlin/gradle/dsl/KotlinJvmCompile
instanceKlass org/jetbrains/kotlin/gradle/tasks/KotlinJvmCompile
instanceKlass org/jetbrains/kotlin/gradle/tasks/KotlinCompilationTask
instanceKlass org/jetbrains/kotlin/gradle/dsl/KotlinCompile
instanceKlass org/jetbrains/kotlin/gradle/tasks/K2MultiplatformCompilationTask
instanceKlass org/jetbrains/kotlin/gradle/plugin/KotlinCompilationWithResources
instanceKlass org/jetbrains/kotlin/gradle/plugin/internal/BuildIdService$Companion$registerIfAbsent$1$1
instanceKlass org/jetbrains/kotlin/gradle/plugin/internal/BuildIdService$Companion
instanceKlass org/jetbrains/kotlin/gradle/plugin/internal/BuildIdService
instanceKlass org/jetbrains/kotlin/compilerRunner/CompilerSystemPropertiesService$Companion$registerIfAbsent$2$1$1
instanceKlass  @bci org/jetbrains/kotlin/compilerRunner/CompilerSystemPropertiesService$Parameters_Decorated $gradleInit ()V 1 <appendix> member <vmtarget> ; # org/jetbrains/kotlin/compilerRunner/CompilerSystemPropertiesService$Parameters_Decorated$$Lambda+0x000001ae81f5d538
instanceKlass org/jetbrains/kotlin/compilerRunner/CompilerSystemPropertiesService$Parameters_Decorated
instanceKlass org/jetbrains/kotlin/compilerRunner/CompilerSystemPropertiesService$Parameters
instanceKlass org/jetbrains/kotlin/compilerRunner/CompilerSystemPropertiesService$Companion$registerIfAbsent$1
instanceKlass org/jetbrains/kotlin/compilerRunner/CompilerSystemPropertiesService$Companion
instanceKlass org/jetbrains/kotlin/compilerRunner/CompilerSystemPropertiesService
instanceKlass org/jetbrains/kotlin/gradle/tasks/configuration/AbstractKotlinCompileConfigKt$explicitApiMode$1
instanceKlass org/jetbrains/kotlin/gradle/tasks/configuration/AbstractKotlinCompileConfigKt
instanceKlass org/jetbrains/kotlin/gradle/plugin/KotlinCompilationInfo
instanceKlass org/jetbrains/kotlin/gradle/plugin/KotlinCompilationInfoKt
instanceKlass org/jetbrains/kotlin/gradle/tasks/configuration/BaseKotlinCompileConfig$Companion
instanceKlass org/jetbrains/kotlin/gradle/tasks/configuration/TaskConfigAction
instanceKlass org/jetbrains/kotlin/tooling/core/ExtrasPropertyKt$extrasLazyProperty$1
instanceKlass org/jetbrains/kotlin/tooling/core/ExtrasLazyProperty
instanceKlass org/jetbrains/kotlin/tooling/core/ExtrasProperty
instanceKlass org/jetbrains/kotlin/tooling/core/ExtrasPropertyKt
instanceKlass org/jetbrains/kotlin/gradle/ExternalKotlinTargetApi
instanceKlass org/jetbrains/kotlin/gradle/plugin/hierarchy/KotlinSourceSetTreeClassifierKt
instanceKlass org/jetbrains/kotlin/gradle/plugin/hierarchy/KotlinSourceSetTreeClassifier$Property
instanceKlass org/jetbrains/kotlin/gradle/plugin/hierarchy/KotlinSourceSetTreeClassifier
instanceKlass org/jetbrains/kotlin/gradle/plugin/mpp/KotlinJvmAndroidCompilationFactory$WhenMappings
instanceKlass  @bci org/jetbrains/kotlin/gradle/plugin/mpp/KotlinJvmAndroidCompilation_Decorated $gradleInit ()V 1 <appendix> member <vmtarget> ; # org/jetbrains/kotlin/gradle/plugin/mpp/KotlinJvmAndroidCompilation_Decorated$$Lambda+0x000001ae81f59410
instanceKlass org/jetbrains/kotlin/gradle/plugin/KotlinCompilation$Companion
instanceKlass org/jetbrains/kotlin/gradle/plugin/mpp/KotlinJvmAndroidCompilationKt
instanceKlass org/jetbrains/kotlin/gradle/plugin/mpp/compilationImpl/factory/KotlinCompilationImplFactory$create$1
instanceKlass org/jetbrains/kotlin/gradle/plugin/KotlinCompilation$DefaultImpls
instanceKlass org/jetbrains/kotlin/gradle/plugin/mpp/InternalKotlinCompilation$DefaultImpls
instanceKlass org/jetbrains/kotlin/gradle/plugin/mpp/InternalKotlinCompilationKt
instanceKlass org/jetbrains/kotlin/gradle/plugin/mpp/KotlinCompilationsKt$addSourcesToKotlinCompileTask$1
instanceKlass org/jetbrains/kotlin/gradle/tasks/BaseKotlinCompile
instanceKlass org/jetbrains/kotlin/gradle/plugin/internal/UsesBuildIdProviderService
instanceKlass org/jetbrains/kotlin/compilerRunner/UsesCompilerSystemPropertiesService
instanceKlass org/jetbrains/kotlin/gradle/incremental/UsesIncrementalModuleInfoBuildService
instanceKlass org/jetbrains/kotlin/gradle/report/UsesBuildMetricsService
instanceKlass org/jetbrains/kotlin/gradle/tasks/CompileUsingKotlinDaemonWithNormalization
instanceKlass org/jetbrains/kotlin/gradle/tasks/CompileUsingKotlinDaemon
instanceKlass org/jetbrains/kotlin/gradle/plugin/sources/DefaultKotlinSourceSet$special$$inlined$Iterable$1
instanceKlass org/jetbrains/kotlin/tooling/core/Extras$Entry$Companion
instanceKlass org/jetbrains/kotlin/tooling/core/Extras$Entry
instanceKlass org/jetbrains/kotlin/gradle/plugin/mpp/DefaultKotlinCompilationOutput$allOutputs$1$1
instanceKlass org/jetbrains/kotlin/gradle/plugin/mpp/DefaultKotlinCompilationOutput
instanceKlass org/jetbrains/kotlin/gradle/plugin/KotlinCompilationOutput
instanceKlass org/jetbrains/kotlin/gradle/plugin/mpp/compilationImpl/KotlinCompilationTaskNamesContainer
instanceKlass org/jetbrains/kotlin/gradle/plugin/mpp/compilationImpl/DefaultKotlinCompilationConfigurationsContainer
instanceKlass org/jetbrains/kotlin/gradle/plugin/mpp/compilationImpl/KotlinCompilationConfigurationsContainer
instanceKlass org/jetbrains/kotlin/gradle/plugin/KotlinTargetConfiguratorKt$WhenMappings
instanceKlass org/jetbrains/kotlin/gradle/plugin/ProjectLocalConfigurationsKt
instanceKlass org/jetbrains/kotlin/gradle/plugin/mpp/compilationImpl/factory/ConfigurationNaming$Default
instanceKlass org/jetbrains/kotlin/gradle/plugin/mpp/compilationImpl/factory/ConfigurationNaming
instanceKlass org/jetbrains/kotlin/gradle/plugin/mpp/compilationImpl/factory/KotlinCompilationDependencyConfigurationsFactoriesKt
instanceKlass org/jetbrains/kotlin/gradle/plugin/sources/InternalKotlinSourceSetKt
instanceKlass org/jetbrains/kotlin/gradle/plugin/mpp/compilationImpl/DefaultKotlinCompilationSourceSetsContainer
instanceKlass org/jetbrains/kotlin/gradle/plugin/mpp/compilationImpl/KotlinCompilationSourceSetsContainer
instanceKlass org/jetbrains/kotlin/gradle/plugin/mpp/compilationImpl/KotlinCompilationSourceSetsContainerKt
instanceKlass org/jetbrains/kotlin/gradle/plugin/sources/android/KotlinAndroidSourceSetNaming$DefaultImpls
instanceKlass org/jetbrains/kotlin/gradle/plugin/mpp/compilationImpl/KotlinCompilationImpl$Params
instanceKlass org/jetbrains/kotlin/gradle/plugin/mpp/compilationImpl/KotlinCompilationImpl
instanceKlass org/jetbrains/kotlin/gradle/plugin/mpp/compilationImpl/factory/KotlinCompilationImplFactory$KotlinCompilerOptionsFactory$Options
instanceKlass org/jetbrains/kotlin/gradle/plugin/mpp/compilationImpl/factory/KotlinJvmCompilerOptionsFactory$create$kotlinOptions$1
instanceKlass org/jetbrains/kotlin/gradle/plugin/mpp/compilationImpl/factory/KotlinJvmCompilerOptionsFactory$create$compilerOptions$1
instanceKlass org/jetbrains/kotlin/gradle/plugin/HasCompilerOptions
instanceKlass org/jetbrains/kotlin/gradle/plugin/mpp/KotlinCompilationFactory$DefaultImpls
instanceKlass org/jetbrains/kotlin/gradle/plugin/AndroidProjectHandlerKt
instanceKlass org/jetbrains/kotlin/gradle/plugin/mpp/compilationImpl/factory/CompositePostConfigure
instanceKlass org/jetbrains/kotlin/gradle/plugin/mpp/compilationImpl/KotlinCompilationCompilerOptionsFromTargetConfigurator
instanceKlass org/jetbrains/kotlin/gradle/plugin/mpp/compilationImpl/KotlinCompilationRegisterInSourceSetsConfigurator
instanceKlass org/jetbrains/kotlin/gradle/plugin/mpp/compilationImpl/factory/KotlinCompilationImplFactory$PostConfigure$Companion
instanceKlass org/jetbrains/kotlin/gradle/plugin/mpp/compilationImpl/factory/KotlinCompilationImplFactory$PostConfigure
instanceKlass org/jetbrains/kotlin/gradle/plugin/mpp/compilationImpl/DefaultKotlinCompilationPostConfigureKt
instanceKlass org/jetbrains/kotlin/gradle/plugin/mpp/compilationImpl/factory/DefaultProcessResourcesTaskNameFactory
instanceKlass org/jetbrains/kotlin/gradle/plugin/mpp/compilationImpl/factory/KotlinCompilationImplFactory$ProcessResourcesTaskNameFactory
instanceKlass org/jetbrains/kotlin/gradle/plugin/mpp/compilationImpl/factory/DefaultKotlinCompilationTaskNamesContainerFactory
instanceKlass org/jetbrains/kotlin/gradle/plugin/mpp/compilationImpl/factory/KotlinCompilationImplFactory$KotlinCompilationTaskNamesContainerFactory
instanceKlass org/jetbrains/kotlin/gradle/plugin/mpp/compilationImpl/factory/DefaultKotlinCompilationOutputFactory
instanceKlass org/jetbrains/kotlin/gradle/plugin/mpp/compilationImpl/factory/KotlinCompilationImplFactory$KotlinCompilationOutputFactory
instanceKlass org/jetbrains/kotlin/gradle/plugin/mpp/compilationImpl/KotlinCompilationSourceSetInclusion$DefaultAddSourcesToCompileTask
instanceKlass org/jetbrains/kotlin/gradle/plugin/mpp/compilationImpl/KotlinCompilationSourceSetInclusion$AddSourcesToCompileTask
instanceKlass org/jetbrains/kotlin/gradle/plugin/mpp/compilationImpl/KotlinCompilationSourceSetInclusion$Companion
instanceKlass org/jetbrains/kotlin/gradle/plugin/mpp/compilationImpl/KotlinCompilationSourceSetInclusion
instanceKlass org/jetbrains/kotlin/gradle/plugin/mpp/compilationImpl/factory/KotlinCompilationImplFactory
instanceKlass org/jetbrains/kotlin/gradle/plugin/mpp/compilationImpl/KotlinCompilationLanguageSettingsConfigurator
instanceKlass org/jetbrains/kotlin/gradle/plugin/mpp/compilationImpl/factory/KotlinCompilationImplFactory$PreConfigure
instanceKlass org/jetbrains/kotlin/gradle/plugin/mpp/compilationImpl/factory/AndroidCompilationSourceSetsContainerFactory
instanceKlass org/jetbrains/kotlin/gradle/plugin/mpp/compilationImpl/factory/KotlinCompilationImplFactory$KotlinCompilationSourceSetsContainerFactory
instanceKlass org/jetbrains/kotlin/gradle/plugin/mpp/compilationImpl/KotlinAndroidCompilationAssociator
instanceKlass org/jetbrains/kotlin/gradle/plugin/mpp/compilationImpl/KotlinCompilationAssociator
instanceKlass org/jetbrains/kotlin/gradle/plugin/mpp/compilationImpl/DefaultKotlinCompilationFriendPathsResolver$CompositeFriendArtifactResolver
instanceKlass org/jetbrains/kotlin/gradle/plugin/mpp/compilationImpl/DefaultKotlinCompilationFriendPathsResolver$AdditionalAndroidFriendArtifactResolver
instanceKlass org/jetbrains/kotlin/gradle/plugin/mpp/compilationImpl/DefaultKotlinCompilationFriendPathsResolver$DefaultFriendArtifactResolver
instanceKlass org/jetbrains/kotlin/gradle/plugin/mpp/compilationImpl/DefaultKotlinCompilationFriendPathsResolver$FriendArtifactResolver$Companion
instanceKlass org/jetbrains/kotlin/gradle/plugin/mpp/compilationImpl/DefaultKotlinCompilationFriendPathsResolver$FriendArtifactResolver
instanceKlass org/jetbrains/kotlin/gradle/plugin/mpp/compilationImpl/DefaultKotlinCompilationFriendPathsResolver
instanceKlass org/jetbrains/kotlin/gradle/plugin/mpp/compilationImpl/KotlinCompilationFriendPathsResolver
instanceKlass org/jetbrains/kotlin/gradle/plugin/mpp/compilationImpl/factory/AndroidCompilationDependencyConfigurationsFactory
instanceKlass org/jetbrains/kotlin/gradle/plugin/mpp/compilationImpl/factory/KotlinCompilationImplFactory$KotlinCompilationDependencyConfigurationsFactory
instanceKlass org/jetbrains/kotlin/gradle/plugin/mpp/compilationImpl/factory/KotlinJvmCompilerOptionsFactory
instanceKlass org/jetbrains/kotlin/gradle/plugin/mpp/compilationImpl/factory/KotlinCompilationImplFactory$KotlinCompilerOptionsFactory
instanceKlass org/jetbrains/kotlin/gradle/plugin/mpp/KotlinJvmAndroidCompilationFactory
instanceKlass org/jetbrains/kotlin/gradle/plugin/mpp/KotlinCompilationFactory
instanceKlass  @bci com/android/build/gradle/internal/api/ApkVariantOutputImpl_Decorated $gradleInit ()V 1 <appendix> member <vmtarget> ; # com/android/build/gradle/internal/api/ApkVariantOutputImpl_Decorated$$Lambda+0x000001ae81f4c9a8
# instanceKlass java/lang/invoke/LambdaForm$MH+0x000001ae81f4ac00
# instanceKlass java/lang/invoke/LambdaForm$MH+0x000001ae81f4a800
# instanceKlass java/lang/invoke/LambdaForm$MH+0x000001ae81f4a400
instanceKlass org/gradle/model/Managed
instanceKlass com/android/build/gradle/internal/ide/FilterDataImpl
instanceKlass com/android/build/gradle/internal/scope/GradleAwareFilterData
instanceKlass com/android/build/FilterData
instanceKlass com/android/build/api/variant/FilterConfiguration
instanceKlass  @bci com/android/build/gradle/internal/ApiObjectFactory createVariantOutput (Lcom/android/build/gradle/internal/component/ComponentCreationConfig;Lcom/android/build/gradle/internal/api/BaseVariantImpl;)V 67 <appendix> member <vmtarget> ; # com/android/build/gradle/internal/ApiObjectFactory$$Lambda+0x000001ae81f47828
instanceKlass com/android/build/api/component/impl/OldVariantApiLegacySupportImpl$getVariantOutputs$1
instanceKlass com/android/build/gradle/internal/api/BaseVariantOutputImpl
instanceKlass com/android/build/gradle/api/ApkVariantOutput
instanceKlass com/android/build/gradle/internal/dsl/VariantOutputFactory
instanceKlass  @bci com/android/build/gradle/internal/api/TestVariantImpl_Decorated $gradleInit ()V 1 <appendix> member <vmtarget> ; # com/android/build/gradle/internal/api/TestVariantImpl_Decorated$$Lambda+0x000001ae81f46890
# instanceKlass java/lang/invoke/LambdaForm$MH+0x000001ae81f4a000
# instanceKlass java/lang/invoke/LambdaForm$MH+0x000001ae81f49c00
# instanceKlass java/lang/invoke/LambdaForm$MH+0x000001ae81f49800
# instanceKlass java/lang/invoke/LambdaForm$MH+0x000001ae81f49400
# instanceKlass java/lang/invoke/LambdaForm$MH+0x000001ae81f49000
instanceKlass  @bci com/android/build/gradle/internal/api/ApplicationVariantImpl_Decorated $gradleInit ()V 1 <appendix> member <vmtarget> ; # com/android/build/gradle/internal/api/ApplicationVariantImpl_Decorated$$Lambda+0x000001ae81f3fce8
# instanceKlass java/lang/invoke/LambdaForm$MH+0x000001ae81f48c00
# instanceKlass java/lang/invoke/LambdaForm$MH+0x000001ae81f48800
# instanceKlass java/lang/invoke/LambdaForm$MH+0x000001ae81f48400
# instanceKlass java/lang/invoke/LambdaForm$MH+0x000001ae81f48000
instanceKlass com/android/build/gradle/internal/api/BaseVariantImpl
instanceKlass com/android/build/gradle/internal/ApiObjectFactory
instanceKlass com/android/build/gradle/internal/dependency/RecalculateStackFramesTransform$Companion$registerRecalculateStackFramesTransform$1$2
instanceKlass com/android/build/gradle/internal/dependency/RecalculateStackFramesTransform$Companion$registerRecalculateStackFramesTransform$1$1
instanceKlass  @bci com/android/build/gradle/internal/dependency/RecalculateStackFramesTransform$Parameters_Decorated $gradleInit ()V 1 <appendix> member <vmtarget> ; # com/android/build/gradle/internal/dependency/RecalculateStackFramesTransform$Parameters_Decorated$$Lambda+0x000001ae81f3eec0
instanceKlass com/android/build/gradle/internal/dependency/RecalculateStackFramesTransform$Parameters_Decorated
instanceKlass com/android/build/gradle/internal/dependency/RecalculateStackFramesTransform$Parameters
instanceKlass com/android/build/gradle/internal/dependency/RecalculateStackFramesTransform$Companion$registerRecalculateStackFramesTransform$1
instanceKlass com/android/build/gradle/internal/dependency/AgpVersionCompatibilityRule
instanceKlass com/android/build/gradle/internal/dependency/ModelArtifactCompatibilityRule$Companion
instanceKlass com/android/build/gradle/internal/dependency/ModelArtifactCompatibilityRule
instanceKlass com/android/build/gradle/internal/DependencyConfigurator$setBuildTypeStrategy$2
instanceKlass com/android/build/gradle/internal/dependency/VariantConsumptionDisambiguationRule
instanceKlass com/android/build/gradle/internal/DependencyConfigurator$setBuildTypeStrategy$1
instanceKlass com/android/build/gradle/internal/dependency/AlternateCompatibilityRule
instanceKlass com/android/build/gradle/internal/dependency/DexingOutputSplitTransformKt$registerTransformWithOutputType$1$WhenMappings
instanceKlass com/android/build/gradle/internal/dependency/DexingOutputSplitTransformKt$registerTransformWithOutputType$1$1
instanceKlass  @bci com/android/build/gradle/internal/dependency/DexingOutputSplitTransform$Parameters_Decorated $gradleInit ()V 1 <appendix> member <vmtarget> ; # com/android/build/gradle/internal/dependency/DexingOutputSplitTransform$Parameters_Decorated$$Lambda+0x000001ae81f3b628
instanceKlass com/android/build/gradle/internal/dependency/DexingOutputSplitTransform$Parameters_Decorated
instanceKlass com/android/build/gradle/internal/dependency/DexingOutputSplitTransform$Parameters
instanceKlass com/android/build/gradle/internal/dependency/DexingOutputSplitTransformKt$registerTransformWithOutputType$1
instanceKlass com/android/build/gradle/internal/dependency/DexingOutputSplitTransform
instanceKlass com/android/build/gradle/internal/dependency/DexingOutputSplitTransformKt
instanceKlass com/android/build/gradle/internal/dependency/EnumerateClassesTransform
instanceKlass com/android/build/gradle/internal/DependencyConfigurator$configureVariantTransforms$5$1
instanceKlass  @bci com/android/build/gradle/internal/dependency/FilterShrinkerRulesTransform$Parameters_Decorated $gradleInit ()V 1 <appendix> member <vmtarget> ; # com/android/build/gradle/internal/dependency/FilterShrinkerRulesTransform$Parameters_Decorated$$Lambda+0x000001ae81f39870
instanceKlass com/android/build/gradle/internal/dependency/FilterShrinkerRulesTransform$Parameters_Decorated
instanceKlass com/android/build/gradle/internal/dependency/FilterShrinkerRulesTransform$Parameters
instanceKlass com/android/build/gradle/internal/DependencyConfigurator$configureVariantTransforms$5
instanceKlass com/android/build/gradle/internal/dependency/FilterShrinkerRulesTransform
instanceKlass com/android/build/gradle/internal/DependencyConfigurator$configureVariantTransforms$3$2$1
instanceKlass com/android/build/gradle/internal/DependencyConfigurator$configureVariantTransforms$3$2
instanceKlass com/android/build/gradle/internal/DependencyConfigurator$configureVariantTransforms$3$1$1
instanceKlass  @bci com/android/build/gradle/internal/utils/D8BackportedMethodsGenerator$Parameters_Decorated $gradleInit ()V 1 <appendix> member <vmtarget> ; # com/android/build/gradle/internal/utils/D8BackportedMethodsGenerator$Parameters_Decorated$$Lambda+0x000001ae81f37c28
instanceKlass com/android/build/gradle/internal/utils/D8BackportedMethodsGenerator$Parameters_Decorated
instanceKlass com/android/build/gradle/internal/utils/D8BackportedMethodsGenerator$Parameters
instanceKlass com/android/build/gradle/internal/DependencyConfigurator$configureVariantTransforms$3$1
instanceKlass com/android/build/gradle/internal/utils/D8BackportedMethodsGenerator
instanceKlass com/android/builder/files/SerializableFileChanges
instanceKlass com/android/build/gradle/internal/dependency/DesugarGraph
instanceKlass com/android/builder/dexing/DependencyGraphUpdater
instanceKlass  @bci com/android/build/gradle/internal/dependency/DexingRegistration$ComponentSpecificParameters toString ()Ljava/lang/String; 48 <adapter> ; # java/lang/invoke/LambdaForm$MH+0x000001ae81f37400
# instanceKlass java/lang/invoke/LambdaForm$DMH+0x000001ae81f37000
instanceKlass  @bci com/android/build/gradle/internal/dependency/DexingRegistration$ComponentSpecificParameters toString ()Ljava/lang/String; 48 <appendix> form vmentry <vmtarget> ; # java/lang/invoke/LambdaForm$MH+0x000001ae81f36c00
# instanceKlass java/lang/invoke/LambdaForm$MH+0x000001ae81f36800
instanceKlass  @bci com/android/build/gradle/internal/dependency/DexingRegistration$ComponentSpecificParameters toString ()Ljava/lang/String; 48 <appendix> form names 17 function resolvedHandle form vmentry <vmtarget> ; # java/lang/invoke/LambdaForm$DMH+0x000001ae81f36400
instanceKlass  @bci com/android/build/gradle/internal/dependency/DexingRegistration$ComponentSpecificParameters toString ()Ljava/lang/String; 48 <appendix> argL7 form vmentry <vmtarget> ; # java/lang/invoke/LambdaForm$MH+0x000001ae81f36000
# instanceKlass java/lang/invoke/LambdaForm$MH+0x000001ae81f35c00
instanceKlass  @bci com/android/build/gradle/internal/dependency/DexingRegistration$ComponentSpecificParameters toString ()Ljava/lang/String; 48 <appendix> argL7 form names 7 function resolvedHandle form vmentry <vmtarget> ; # java/lang/invoke/LambdaForm$DMH+0x000001ae81f35800
instanceKlass  @bci com/android/build/gradle/internal/dependency/DexingRegistration$ComponentSpecificParameters toString ()Ljava/lang/String; 48 <appendix> argL7 argL2 form vmentry <vmtarget> ; # java/lang/invoke/LambdaForm$MH+0x000001ae81f35400
# instanceKlass java/lang/invoke/LambdaForm$MH+0x000001ae81f35000
# instanceKlass java/lang/invoke/LambdaForm$MH+0x000001ae81f34c00
# instanceKlass java/lang/invoke/LambdaForm$MH+0x000001ae81f34800
instanceKlass  @bci com/android/build/gradle/internal/dependency/DexingRegistration$ComponentSpecificParameters toString ()Ljava/lang/String; 48 <appendix> form names 19 function resolvedHandle form vmentry <vmtarget> ; # java/lang/invoke/LambdaForm$DMH+0x000001ae81f34400
instanceKlass  @bci com/android/build/gradle/internal/dependency/DexingRegistration$ComponentSpecificParameters toString ()Ljava/lang/String; 48 <appendix> argL6 form vmentry <vmtarget> ; # java/lang/invoke/LambdaForm$MH+0x000001ae81f34000
instanceKlass  @bci com/android/build/gradle/internal/dependency/DexingRegistration$ComponentSpecificParameters toString ()Ljava/lang/String; 48 <appendix> argL6 argL2 form vmentry <vmtarget> ; # java/lang/invoke/LambdaForm$MH+0x000001ae81f33c00
# instanceKlass java/lang/invoke/LambdaForm$MH+0x000001ae81f33800
# instanceKlass java/lang/invoke/LambdaForm$MH+0x000001ae81f33400
# instanceKlass java/lang/invoke/LambdaForm$MH+0x000001ae81f33000
instanceKlass  @bci com/android/build/gradle/internal/dependency/DexingRegistration$ComponentSpecificParameters toString ()Ljava/lang/String; 48 <appendix> form names 21 function resolvedHandle form vmentry <vmtarget> ; # java/lang/invoke/LambdaForm$DMH+0x000001ae81f32c00
instanceKlass  @bci com/android/build/gradle/internal/dependency/DexingRegistration$ComponentSpecificParameters toString ()Ljava/lang/String; 48 <appendix> argL5 form vmentry <vmtarget> ; # java/lang/invoke/LambdaForm$MH+0x000001ae81f32800
instanceKlass  @bci com/android/build/gradle/internal/dependency/DexingRegistration$ComponentSpecificParameters toString ()Ljava/lang/String; 48 <appendix> argL5 form names 7 function resolvedHandle form vmentry <vmtarget> ; # java/lang/invoke/LambdaForm$DMH+0x000001ae81f32400
# instanceKlass java/lang/invoke/LambdaForm$MH+0x000001ae81f32000
# instanceKlass java/lang/invoke/LambdaForm$MH+0x000001ae81f31c00
# instanceKlass java/lang/invoke/LambdaForm$MH+0x000001ae81f31800
instanceKlass  @bci com/android/build/gradle/internal/dependency/DexingRegistration$ComponentSpecificParameters toString ()Ljava/lang/String; 48 <appendix> form names 25 function resolvedHandle form vmentry <vmtarget> ; # java/lang/invoke/LambdaForm$DMH+0x000001ae81f31400
instanceKlass  @bci com/android/build/gradle/internal/dependency/DexingRegistration$ComponentSpecificParameters toString ()Ljava/lang/String; 48 <appendix> argL3 form vmentry <vmtarget> ; # java/lang/invoke/LambdaForm$MH+0x000001ae81f31000
instanceKlass  @bci com/android/build/gradle/internal/dependency/DexingRegistration$ComponentSpecificParameters toString ()Ljava/lang/String; 48 <appendix> argL3 argL1 form vmentry <vmtarget> ; # java/lang/invoke/LambdaForm$MH+0x000001ae81f30c00
# instanceKlass java/lang/invoke/LambdaForm$MH+0x000001ae81f30800
# instanceKlass java/lang/invoke/LambdaForm$MH+0x000001ae81f30400
# instanceKlass java/lang/invoke/LambdaForm$MH+0x000001ae81f30000
# instanceKlass java/lang/invoke/LambdaForm$MH+0x000001ae81f2bc00
# instanceKlass java/lang/invoke/LambdaForm$MH+0x000001ae81f2b800
instanceKlass  @bci com/android/build/gradle/internal/dependency/DexingRegistration$ComponentSpecificParameters toString ()Ljava/lang/String; 48 <appendix> form names 27 function resolvedHandle form vmentry <vmtarget> ; # java/lang/invoke/LambdaForm$DMH+0x000001ae81f2b400
instanceKlass  @bci com/android/build/gradle/internal/dependency/DexingRegistration$ComponentSpecificParameters toString ()Ljava/lang/String; 48 <appendix> argL2 form vmentry <vmtarget> ; # java/lang/invoke/LambdaForm$MH+0x000001ae81f2b000
instanceKlass  @bci com/android/build/gradle/internal/dependency/DexingRegistration$ComponentSpecificParameters toString ()Ljava/lang/String; 48 <appendix> argL2 argL1 form vmentry <vmtarget> ; # java/lang/invoke/LambdaForm$MH+0x000001ae81f2ac00
# instanceKlass java/lang/invoke/LambdaForm$MH+0x000001ae81f2a800
# instanceKlass java/lang/invoke/LambdaForm$MH+0x000001ae81f2a400
# instanceKlass java/lang/invoke/LambdaForm$MH+0x000001ae81f2a000
# instanceKlass java/lang/invoke/LambdaForm$MH+0x000001ae81f29c00
# instanceKlass java/lang/invoke/LambdaForm$MH+0x000001ae81f29800
instanceKlass  @bci com/android/build/gradle/internal/dependency/DexingRegistration$ComponentSpecificParameters toString ()Ljava/lang/String; 48 <appendix> form names 29 function resolvedHandle form vmentry <vmtarget> ; # java/lang/invoke/LambdaForm$DMH+0x000001ae81f29400
instanceKlass  @bci com/android/build/gradle/internal/dependency/DexingRegistration$ComponentSpecificParameters toString ()Ljava/lang/String; 48 <appendix> argL1 form vmentry <vmtarget> ; # java/lang/invoke/LambdaForm$MH+0x000001ae81f29000
# instanceKlass java/lang/invoke/LambdaForm$MH+0x000001ae81f28c00
# instanceKlass java/lang/invoke/LambdaForm$MH+0x000001ae81f28800
# instanceKlass java/lang/invoke/LambdaForm$MH+0x000001ae81f28400
instanceKlass  @bci com/android/build/gradle/internal/dependency/BaseDexingTransform$Parameters_Decorated $gradleInit ()V 1 <appendix> member <vmtarget> ; # com/android/build/gradle/internal/dependency/BaseDexingTransform$Parameters_Decorated$$Lambda+0x000001ae81f2f110
instanceKlass com/android/build/gradle/internal/dependency/BaseDexingTransform$Parameters_Decorated
instanceKlass com/android/build/gradle/internal/dependency/BaseDexingTransform$Parameters
instanceKlass com/android/build/gradle/internal/dependency/DexingRegistration$registerTransform$1
instanceKlass com/android/build/gradle/internal/dependency/BaseDexingTransform
instanceKlass com/android/build/gradle/internal/dependency/DexingRegistration$ComponentSpecificParameters$Companion
instanceKlass com/android/build/gradle/internal/dependency/DexingRegistration$ComponentSpecificParameters
instanceKlass com/android/build/gradle/internal/dependency/DexingRegistration$ComponentAgnosticParameters
instanceKlass com/android/build/gradle/internal/utils/DesugarLibUtils$getDesugarLibConfigFromTransform$1$1
instanceKlass com/android/build/gradle/internal/utils/DesugarLibUtils$getDesugarLibConfigFromTransform$1
instanceKlass com/android/build/gradle/internal/utils/DesugarLibUtils$registerDesugarLibConfigExtractorTransformIfAbsent$1
instanceKlass com/android/build/gradle/internal/utils/DesugarLibConfigExtractor
instanceKlass com/android/build/gradle/internal/utils/DesugarLibUtils
instanceKlass com/android/build/gradle/internal/dependency/DexingRegistration
instanceKlass com/android/build/gradle/internal/scope/BootClasspathBuilder$computeClasspath$1
instanceKlass com/android/build/gradle/internal/tasks/factory/BootClasspathConfigImpl$sam$org_gradle_api_Transformer$0
instanceKlass com/android/build/gradle/internal/scope/BootClasspathBuilder
instanceKlass com/android/build/gradle/internal/dependency/RecalculateStackFramesTransform$Companion
instanceKlass com/android/build/gradle/internal/dependency/RecalculateStackFramesTransform
instanceKlass com/android/build/gradle/internal/dependency/AsmClassesTransform$Companion
instanceKlass com/android/build/gradle/internal/dependency/AsmClassesTransform
instanceKlass com/android/build/gradle/internal/dependency/ExtractNavigationXmlTransform
instanceKlass com/android/build/gradle/internal/dependency/CollectClassesTransform
instanceKlass com/android/build/gradle/internal/dependency/CollectResourceSymbolsTransform
instanceKlass com/android/build/gradle/internal/dependency/ClassesDirToClassesTransform
instanceKlass com/android/build/gradle/internal/DependencyConfigurator$configureGeneralTransforms$10
# instanceKlass java/lang/invoke/LambdaForm$MH+0x000001ae81f28000
instanceKlass com/android/build/gradle/internal/dependency/ExtractJniTransform
instanceKlass  @bci com/android/build/gradle/internal/dependency/IdentityTransform$Parameters_Decorated $gradleInit ()V 1 <appendix> member <vmtarget> ; # com/android/build/gradle/internal/dependency/IdentityTransform$Parameters_Decorated$$Lambda+0x000001ae81f241f0
instanceKlass com/android/build/gradle/internal/dependency/IdentityTransform$Parameters_Decorated
instanceKlass com/android/build/gradle/internal/dependency/IdentityTransform$Parameters
instanceKlass com/android/build/gradle/internal/dependency/IdentityTransform
instanceKlass com/android/build/gradle/internal/dependency/LibrarySymbolTableTransform
instanceKlass com/android/build/gradle/internal/dependency/ExtractProGuardRulesTransform$Companion
instanceKlass  @bci com/android/build/gradle/internal/dependency/ExtractProGuardRulesTransform$Parameters_Decorated $gradleInit ()V 1 <appendix> member <vmtarget> ; # com/android/build/gradle/internal/dependency/ExtractProGuardRulesTransform$Parameters_Decorated$$Lambda+0x000001ae81f22cc8
instanceKlass com/android/build/gradle/internal/dependency/ExtractProGuardRulesTransform$Parameters_Decorated
instanceKlass com/android/build/gradle/internal/dependency/ExtractProGuardRulesTransform$Parameters
instanceKlass com/android/build/gradle/internal/dependency/ExtractProGuardRulesTransform
instanceKlass com/android/build/gradle/internal/DependencyConfigurator$configureGeneralTransforms$8$1
instanceKlass com/android/build/gradle/internal/DependencyConfigurator$configureGeneralTransforms$8
instanceKlass com/android/build/gradle/internal/dependency/AarToClassTransform$Companion
instanceKlass com/android/build/gradle/internal/DependencyConfigurator$configureGeneralTransforms$7$1
instanceKlass  @bci com/android/build/gradle/internal/dependency/AarToClassTransform$Params_Decorated $gradleInit ()V 1 <appendix> member <vmtarget> ; # com/android/build/gradle/internal/dependency/AarToClassTransform$Params_Decorated$$Lambda+0x000001ae81f21468
instanceKlass com/android/build/gradle/internal/dependency/AarToClassTransform$Params_Decorated
instanceKlass com/android/build/gradle/internal/dependency/AarToClassTransform$Params
instanceKlass com/android/build/gradle/internal/DependencyConfigurator$configureGeneralTransforms$7
instanceKlass com/android/build/gradle/internal/dependency/AarToClassTransform
instanceKlass  @bci com/android/build/gradle/internal/services/Aapt2Input_Decorated $gradleInit ()V 1 <appendix> member <vmtarget> ; # com/android/build/gradle/internal/services/Aapt2Input_Decorated$$Lambda+0x000001ae81f204a8
instanceKlass com/android/build/gradle/internal/services/Aapt2Input_Decorated
instanceKlass  @bci com/android/build/gradle/internal/dependency/AarResourcesCompilerTransform$Parameters_Decorated $gradleInit ()V 1 <appendix> member <vmtarget> ; # com/android/build/gradle/internal/dependency/AarResourcesCompilerTransform$Parameters_Decorated$$Lambda+0x000001ae81f1fc40
instanceKlass com/android/build/gradle/internal/dependency/AarResourcesCompilerTransform$Parameters_Decorated
instanceKlass com/android/build/gradle/internal/services/Aapt2Input
instanceKlass com/android/build/gradle/internal/services/UsesAapt2ThreadPoolBuildService
instanceKlass com/android/build/gradle/internal/services/UsesAapt2DaemonBuildService
instanceKlass com/android/build/gradle/internal/dependency/AarResourcesCompilerTransform$Parameters
instanceKlass com/android/build/gradle/internal/dependency/AarResourcesCompilerTransform
instanceKlass  @bci com/android/build/gradle/internal/dependency/AarTransform$Parameters_Decorated $gradleInit ()V 1 <appendix> member <vmtarget> ; # com/android/build/gradle/internal/dependency/AarTransform$Parameters_Decorated$$Lambda+0x000001ae81f1e658
instanceKlass com/android/build/gradle/internal/dependency/AarTransform$Parameters_Decorated
instanceKlass com/android/build/gradle/internal/dependency/AarTransform$Parameters
instanceKlass com/android/build/gradle/internal/DependencyConfigurator$configureGeneralTransforms$5
instanceKlass com/android/build/gradle/internal/dependency/AarTransform$Companion
instanceKlass com/android/build/gradle/internal/dependency/AarTransform
instanceKlass com/android/build/gradle/internal/dependency/PlatformAttrTransform
instanceKlass com/android/build/gradle/internal/DependencyConfigurator$configureGeneralTransforms$4
instanceKlass  @bci com/android/build/gradle/internal/dependency/MockableJarTransform$Parameters_Decorated $gradleInit ()V 1 <appendix> member <vmtarget> ; # com/android/build/gradle/internal/dependency/MockableJarTransform$Parameters_Decorated$$Lambda+0x000001ae81f1ccb0
instanceKlass com/android/build/gradle/internal/dependency/MockableJarTransform$Parameters_Decorated
instanceKlass com/android/build/gradle/internal/dependency/MockableJarTransform$Parameters
instanceKlass com/android/build/gradle/internal/DependencyConfigurator$configureGeneralTransforms$3
instanceKlass com/android/build/gradle/internal/dependency/MockableJarTransform
instanceKlass com/android/build/gradle/internal/utils/HasConfigurableValuesKt
instanceKlass com/android/build/gradle/internal/DependencyConfigurator$registerTransform$1
instanceKlass com/android/build/gradle/internal/dependency/ExtractAarTransform
instanceKlass com/android/build/gradle/internal/publishing/AarOrJarTypeToConsume
instanceKlass com/android/build/gradle/internal/publishing/ProcessedArtifactUtils
instanceKlass com/android/build/gradle/internal/DependencyConfigurator$Companion
instanceKlass com/android/build/gradle/internal/DependencyConfigurator
instanceKlass com/android/build/gradle/tasks/ExternalNativeCleanTaskKt
instanceKlass com/android/build/gradle/internal/cxx/gradle/generator/CxxConfigurationModel
instanceKlass com/android/build/gradle/tasks/ExternalNativeBuildTaskKt$createWorkingCxxBuildTask$1$handleProvider$1
instanceKlass com/android/build/gradle/tasks/ExternalNativeBuildTaskKt
instanceKlass com/android/build/gradle/internal/tasks/factory/TaskFactoryUtils$dependsOn$3$1
instanceKlass com/android/build/gradle/tasks/ExternalNativeBuildJsonTaskKt
instanceKlass com/android/build/gradle/internal/cxx/configure/CxxTaskDependencyModel
instanceKlass com/android/build/gradle/internal/cxx/configure/CxxGradleTaskModel
instanceKlass com/android/build/gradle/internal/cxx/configure/CxxConfigurationFolding$createBuildTask$2
instanceKlass com/android/build/gradle/internal/cxx/configure/CxxConfigurationFolding$createBuildTask$1
instanceKlass com/android/build/gradle/internal/cxx/configure/CxxConfigurationFolding$buildTaskNameOf$1
instanceKlass com/android/build/gradle/internal/cxx/configure/CxxConfigurationFolding$createConfigurationTask$2
instanceKlass com/android/build/gradle/internal/cxx/configure/CxxConfigurationFolding$createConfigurationTask$1
instanceKlass com/android/build/gradle/internal/cxx/configure/CxxConfigurationFolding$configureTaskNameOf$1
instanceKlass com/android/build/gradle/internal/cxx/configure/CxxConfigurationFoldingKt$WhenMappings
instanceKlass com/android/build/gradle/internal/cxx/configure/CxxConfigurationFoldingKt
instanceKlass com/android/build/gradle/internal/cxx/configure/CxxConfigurationFolding
instanceKlass com/google/gson/internal/Streams
instanceKlass com/google/gson/internal/bind/TypeAdapters$30
instanceKlass com/google/gson/InstanceCreator
instanceKlass com/google/gson/JsonDeserializer
instanceKlass com/google/gson/JsonSerializer
instanceKlass com/google/gson/GsonBuilder
instanceKlass com/android/build/gradle/internal/cxx/json/JsonHelpersKt
instanceKlass com/android/build/gradle/internal/cxx/hashing/HashHelpersKt
instanceKlass com/android/build/gradle/internal/cxx/cmake/CmakeLanguageKt
instanceKlass com/android/build/gradle/internal/cxx/settings/SettingsEnvironmentNameResolver$Match
instanceKlass com/android/build/gradle/internal/cxx/settings/SettingsEnvironmentNameResolver$resolve$1
instanceKlass com/android/build/gradle/internal/cxx/settings/Token
instanceKlass com/android/build/gradle/internal/cxx/settings/ParseMacroStringKt$WhenMappings
instanceKlass com/android/build/gradle/internal/cxx/settings/ParseMacroStringKt
instanceKlass com/android/build/gradle/internal/cxx/settings/RewriteConfiguration
instanceKlass com/android/build/gradle/internal/cxx/settings/SettingsEnvironmentNameResolver
instanceKlass com/android/build/gradle/internal/cxx/configure/CommandLineArgument$CmakeGeneratorName$Companion
instanceKlass com/android/build/gradle/internal/cxx/configure/CommandLineArgument$CmakeBinaryOutputPath$Companion
instanceKlass com/android/build/gradle/internal/cxx/configure/CommandLineArgument$CmakeListsPath$Companion
instanceKlass com/android/build/gradle/internal/cxx/settings/CxxAbiModelSettingsRewriterKt$WhenMappings
instanceKlass com/android/build/gradle/internal/cxx/settings/SettingsConfigurationKt
instanceKlass com/android/build/gradle/internal/cxx/settings/SettingsKt
instanceKlass com/android/build/gradle/internal/cxx/settings/SettingsFactoryKt
instanceKlass com/android/build/gradle/internal/cxx/settings/MergeSettingsKt
instanceKlass com/android/build/gradle/internal/cxx/settings/SettingsEnvironment
instanceKlass  @bci com/android/utils/FileUtils removeEmpty (Ljava/lang/Iterable;)Ljava/lang/Iterable; 7 <appendix> argL0 ; # com/android/utils/FileUtils$$Lambda+0x000001ae81f0ef48
instanceKlass com/android/build/gradle/internal/cxx/model/CxxVariantModelKt
instanceKlass com/android/build/gradle/internal/cxx/configure/CmakeVersionRequirements
instanceKlass com/android/build/gradle/internal/cxx/model/CxxCmakeModuleModelKt
instanceKlass com/android/build/gradle/internal/cxx/model/MetaModelKt$WhenMappings
instanceKlass com/android/build/gradle/internal/cxx/model/MetaModelKt
instanceKlass com/android/build/gradle/internal/cxx/settings/LookupSettingFromModelKt
instanceKlass com/android/build/gradle/internal/cxx/settings/NameTable
instanceKlass com/android/build/gradle/internal/cxx/settings/Settings
instanceKlass com/android/build/gradle/internal/cxx/settings/SettingsConfigurationVariable
instanceKlass com/android/build/gradle/internal/cxx/model/CxxAbiModelKt
instanceKlass com/android/build/gradle/internal/cxx/settings/BuiltInSettingsJsonKt$WhenMappings
instanceKlass com/android/build/gradle/internal/cxx/settings/BuiltInSettingsJsonKt
instanceKlass com/android/build/gradle/internal/cxx/settings/CxxAbiModelSettingsRewriterKt
instanceKlass com/android/build/gradle/internal/cxx/settings/BuildSettingsConfiguration
instanceKlass com/android/build/gradle/internal/cxx/settings/BuildSettingsFactoryKt
instanceKlass com/android/build/gradle/internal/cxx/model/CxxCmakeAbiModel
instanceKlass com/android/build/gradle/internal/cxx/settings/SettingsConfiguration
instanceKlass com/android/build/gradle/internal/cxx/model/CreateCxxAbiModelKt$WhenMappings
instanceKlass com/android/build/gradle/internal/cxx/hashing/MessageDigestKt
instanceKlass com/android/build/gradle/internal/cxx/model/CreateCxxAbiModelKt
instanceKlass com/android/build/gradle/internal/cxx/model/CxxVariantModel
instanceKlass com/android/build/gradle/internal/cxx/configure/CommandLineArgument$DefineProperty$Companion
instanceKlass com/android/build/gradle/internal/cxx/configure/CommandLineArgument
instanceKlass com/android/build/gradle/internal/cxx/configure/BuildSystemCommandLineKt
instanceKlass com/android/build/gradle/internal/cxx/model/CxxModuleModelKt$WhenMappings
instanceKlass com/android/build/gradle/internal/cxx/model/CxxModuleModelKt
instanceKlass com/android/build/gradle/internal/cxx/configure/AbiConfiguration
instanceKlass com/android/build/gradle/internal/cxx/configure/AbiConfigurationKey
instanceKlass com/android/build/gradle/internal/cxx/configure/AbiConfigurator
instanceKlass com/android/build/gradle/internal/cxx/model/CreateCxxVariantModelKt
instanceKlass com/android/build/gradle/internal/cxx/model/CxxModuleModel
instanceKlass com/android/build/gradle/internal/cxx/model/CreateCxxModuleModelKt$WhenMappings
instanceKlass com/android/build/gradle/internal/ndk/NdkR25Info$WhenMappings
instanceKlass com/android/build/gradle/internal/cxx/model/CxxCmakeModuleModel
instanceKlass com/android/build/gradle/internal/cxx/settings/Macro$Companion
instanceKlass com/android/build/gradle/internal/cxx/configure/CMakeVersion$Companion
instanceKlass com/android/build/gradle/internal/cxx/configure/CmakeLocatorKt
instanceKlass com/android/build/gradle/internal/SdkComponentsKt
instanceKlass com/android/build/gradle/internal/cxx/model/CxxProjectModel
instanceKlass com/android/build/gradle/internal/cxx/model/CreateCxxProjectModelKt
instanceKlass  @bci jdk/internal/reflect/MethodHandleIntegerFieldAccessorImpl setInt (Ljava/lang/Object;I)V 41 <adapter> ; # java/lang/invoke/LambdaForm$MH+0x000001ae81f05000
# instanceKlass java/lang/invoke/LambdaForm$MH+0x000001ae81f04c00
# instanceKlass java/lang/invoke/LambdaForm$BMH+0x000001ae81f04800
instanceKlass com/google/gson/internal/ConstructorConstructor$9
instanceKlass com/android/build/gradle/internal/cxx/configure/NdkMetaPlatforms$Companion
instanceKlass com/android/build/gradle/internal/cxx/configure/NdkMetaPlatforms
instanceKlass com/android/build/gradle/internal/cxx/configure/NdkSymlinkerKt
instanceKlass com/android/build/gradle/internal/cxx/model/CreateCxxModuleModelKt
instanceKlass  @bci com/android/build/gradle/internal/cxx/configure/NativeLocationsBuildService$Inject_ $gradleInit ()V 1 <appendix> member <vmtarget> ; # com/android/build/gradle/internal/cxx/configure/NativeLocationsBuildService$Inject_$$Lambda+0x000001ae81f06c20
instanceKlass  @bci com/android/build/gradle/internal/cxx/configure/NativeLocationsBuildService$ServiceParameters$Inject_ $gradleInit ()V 1 <appendix> member <vmtarget> ; # com/android/build/gradle/internal/cxx/configure/NativeLocationsBuildService$ServiceParameters$Inject_$$Lambda+0x000001ae81f06728
instanceKlass com/android/build/gradle/internal/cxx/configure/NativeLocationsBuildService$ServiceParameters$Inject_
instanceKlass  @bci com/android/build/gradle/internal/cxx/configure/NativeLocationsBuildService$ServiceParameters_Decorated $gradleInit ()V 1 <appendix> member <vmtarget> ; # com/android/build/gradle/internal/cxx/configure/NativeLocationsBuildService$ServiceParameters_Decorated$$Lambda+0x000001ae81f03d40
instanceKlass com/android/build/gradle/internal/cxx/configure/NativeLocationsBuildService$ServiceParameters_Decorated
instanceKlass com/android/build/gradle/internal/cxx/configure/NativeLocationsBuildService$ServiceParameters
instanceKlass com/android/build/gradle/internal/cxx/configure/NativeLocationsBuildService$Companion
instanceKlass com/android/build/gradle/internal/cxx/configure/NativeLocationsBuildService
instanceKlass com/android/build/gradle/internal/cxx/configure/NativeBuildSystemVariantConfig
instanceKlass com/android/build/api/variant/impl/ExternalCmakeImpl
instanceKlass com/android/build/api/component/impl/features/NativeBuildCreationConfigImpl$externalNativeBuild$2$WhenMappings
instanceKlass com/android/build/gradle/internal/cxx/configure/NativeBuildSystemVariantConfigurationKt
instanceKlass com/android/build/api/variant/impl/VariantApiExtensionsKt
instanceKlass com/android/build/gradle/internal/cxx/gradle/generator/CxxConfigurationParameters
instanceKlass com/android/build/api/dsl/LibraryExtension
instanceKlass com/android/build/gradle/internal/ndk/NdkPlatform
instanceKlass com/android/build/gradle/internal/ndk/NdkInstallStatus
instanceKlass com/android/build/gradle/internal/ndk/Stl$Companion
instanceKlass com/android/build/gradle/internal/ndk/AbiInfo
instanceKlass com/google/gson/internal/LinkedTreeMap$LinkedTreeMapIterator
instanceKlass  @bci jdk/internal/reflect/MethodHandleObjectFieldAccessorImpl set (Ljava/lang/Object;Ljava/lang/Object;)V 41 <adapter> ; # java/lang/invoke/LambdaForm$MH+0x000001ae81f04000
instanceKlass jdk/internal/vm/annotation/ForceInline
instanceKlass com/google/gson/internal/UnsafeAllocator
instanceKlass com/google/gson/internal/LinkedTreeMap$Node
instanceKlass com/google/gson/internal/LinkedTreeMap$1
instanceKlass com/google/gson/internal/ConstructorConstructor$18
instanceKlass com/google/gson/internal/bind/ReflectiveTypeAdapterFactory$FieldsData
instanceKlass com/google/gson/internal/Primitives
instanceKlass com/google/gson/annotations/SerializedName
instanceKlass com/google/gson/internal/ConstructorConstructor$19
instanceKlass com/google/gson/internal/ReflectionAccessFilterHelper
instanceKlass com/google/gson/annotations/JsonAdapter
instanceKlass com/google/gson/internal/reflect/ReflectionHelper$RecordHelper
instanceKlass com/google/gson/internal/reflect/ReflectionHelper
instanceKlass com/google/gson/internal/bind/ReflectiveTypeAdapterFactory$BoundField
instanceKlass com/google/gson/internal/bind/ReflectiveTypeAdapterFactory
instanceKlass com/google/gson/internal/bind/JsonAdapterAnnotationTypeAdapterFactory$DummyTypeAdapterFactory
instanceKlass com/google/gson/internal/bind/JsonAdapterAnnotationTypeAdapterFactory
instanceKlass com/google/gson/internal/bind/MapTypeAdapterFactory
instanceKlass com/google/gson/internal/bind/CollectionTypeAdapterFactory
instanceKlass com/google/gson/internal/bind/ArrayTypeAdapter$1
instanceKlass com/google/gson/internal/sql/SqlTimestampTypeAdapter$1
instanceKlass com/google/gson/internal/sql/SqlTimeTypeAdapter$1
instanceKlass com/google/gson/internal/sql/SqlDateTypeAdapter$1
instanceKlass com/google/gson/internal/bind/DefaultDateTypeAdapter$DateType
instanceKlass com/google/gson/internal/sql/SqlTypesSupport
instanceKlass com/google/gson/internal/bind/DefaultDateTypeAdapter$1
instanceKlass com/google/gson/internal/bind/NumberTypeAdapter$1
instanceKlass com/google/gson/internal/bind/ObjectTypeAdapter$1
instanceKlass com/google/gson/internal/bind/TypeAdapters$29
instanceKlass com/google/gson/internal/bind/TypeAdapters$33
instanceKlass java/util/Currency
instanceKlass com/google/gson/internal/bind/TypeAdapters$34
instanceKlass com/google/gson/internal/bind/TypeAdapters$32
instanceKlass com/google/gson/internal/bind/TypeAdapters$31
instanceKlass com/google/gson/internal/bind/TypeAdapters
instanceKlass com/google/gson/internal/ObjectConstructor
instanceKlass com/google/gson/internal/ConstructorConstructor
instanceKlass com/google/gson/internal/Excluder
instanceKlass com/google/gson/FormattingStyle
instanceKlass com/google/gson/TypeAdapterFactory
instanceKlass com/google/gson/JsonElement
instanceKlass com/google/gson/ToNumberStrategy
instanceKlass com/google/gson/FieldNamingStrategy
instanceKlass com/google/gson/Gson
instanceKlass com/android/build/gradle/internal/ndk/NullableAbiInfo
instanceKlass com/google/gson/internal/$Gson$Types$WildcardTypeImpl
instanceKlass com/google/gson/internal/$Gson$Preconditions
instanceKlass com/google/gson/internal/$Gson$Types$ParameterizedTypeImpl
instanceKlass com/google/gson/internal/$Gson$Types
instanceKlass com/google/gson/reflect/TypeToken
instanceKlass com/android/build/gradle/internal/cxx/configure/NdkAbiFileKt
instanceKlass com/android/build/gradle/internal/cxx/configure/NdkAbiFile
instanceKlass com/android/build/gradle/internal/cxx/configure/PlatformConfigurator
instanceKlass com/android/build/gradle/internal/ndk/NdkR25Info
instanceKlass com/android/build/gradle/internal/ndk/NdkInfo
instanceKlass com/android/build/gradle/internal/cxx/configure/NdkLocatorRecord
instanceKlass kotlin/io/LinesSequence$iterator$1
instanceKlass kotlin/io/LinesSequence
instanceKlass  @bci kotlin/io/FilesKt__FileReadWriteKt readLines (Ljava/io/File;Ljava/nio/charset/Charset;)Ljava/util/List; 23 <appendix> member <vmtarget> ; # kotlin/io/FilesKt__FileReadWriteKt$$Lambda+0x000001ae81dcfa28
# instanceKlass java/lang/invoke/LambdaForm$MH+0x000001ae81eec800
# instanceKlass java/lang/invoke/LambdaForm$MH+0x000001ae81eec400
# instanceKlass java/lang/invoke/LambdaForm$MH+0x000001ae81eec000
instanceKlass org/gradle/internal/classpath/declarations/Handles
instanceKlass org/gradle/internal/classpath/declarations/KotlinStdlibFileInterceptors
instanceKlass com/android/build/gradle/internal/cxx/configure/SdkSourceProperties$Companion
instanceKlass com/android/build/gradle/internal/cxx/configure/SdkSourceProperties
instanceKlass com/android/build/gradle/internal/cxx/logging/IssueReporterLoggingEnvironment$WhenMappings
instanceKlass com/android/build/gradle/internal/cxx/logging/LoggingMessageOrBuilder
instanceKlass com/android/build/gradle/internal/cxx/logging/LoggingMessage$LoggingLevel$1
instanceKlass com/android/build/gradle/internal/cxx/logging/LoggingMessageKt
instanceKlass com/android/build/gradle/internal/cxx/logging/LoggingEnvironmentKt
instanceKlass com/android/build/gradle/internal/cxx/configure/NdkLocatorKt
instanceKlass com/android/build/gradle/internal/SdkLocation
instanceKlass com/android/build/gradle/internal/SdkLocator$ValidationResult
instanceKlass com/android/build/gradle/internal/SdkLocator
instanceKlass com/android/build/gradle/internal/SdkComponentsBuildService$VersionedNdkHandler$stripExecutableFinderProvider$1
instanceKlass com/android/build/gradle/internal/SdkComponentsBuildService$VersionedNdkHandler$objcopyExecutableMapProvider$1
instanceKlass com/android/build/gradle/internal/SdkComponentsBuildService$VersionedNdkHandler$ndkDirectoryProvider$1
instanceKlass com/android/sdklib/repository/legacy/remote/internal/DownloadCache
instanceKlass com/android/repository/io/FileOpUtils
instanceKlass com/android/sdklib/repository/legacy/FileOp
instanceKlass com/android/sdklib/repository/legacy/LegacyDownloader
instanceKlass com/android/repository/impl/downloader/LocalFileAwareDownloader
instanceKlass com/android/repository/api/Downloader
instanceKlass com/android/build/gradle/internal/SdkLibDataFactory$getSettingsController$1
instanceKlass com/android/repository/api/SettingsController
instanceKlass java/net/Proxy
instanceKlass com/android/build/gradle/internal/SdkLibDataFactory
instanceKlass com/android/builder/sdk/SdkLibData
instanceKlass com/android/build/gradle/internal/utils/ConsoleProgressIndicatorFactory
instanceKlass com/android/build/gradle/internal/SystemPropertiesFactory
instanceKlass com/android/build/gradle/internal/EnvironmentVariablesPropertiesFactory
instanceKlass com/android/build/gradle/internal/GradleLocalPropertiesFactory$get$propertiesContent$1
instanceKlass com/android/build/gradle/internal/GradleLocalPropertiesFactory
instanceKlass com/android/repository/api/ProgressIndicator
instanceKlass  @bci com/android/build/gradle/internal/errors/SyncIssueReporterImpl$GlobalSyncIssueService$Inject_ $gradleInit ()V 1 <appendix> member <vmtarget> ; # com/android/build/gradle/internal/errors/SyncIssueReporterImpl$GlobalSyncIssueService$Inject_$$Lambda+0x000001ae81ed9dd0
instanceKlass  @bci com/android/build/gradle/internal/errors/SyncIssueReporterImpl$GlobalSyncIssueService$Parameters$Inject_ $gradleInit ()V 1 <appendix> member <vmtarget> ; # com/android/build/gradle/internal/errors/SyncIssueReporterImpl$GlobalSyncIssueService$Parameters$Inject_$$Lambda+0x000001ae81ed9ba8
instanceKlass com/android/build/gradle/internal/errors/SyncIssueReporterImpl$GlobalSyncIssueService$Parameters$Inject_
instanceKlass com/android/build/gradle/internal/cxx/gradle/generator/CxxConfigurationModelKt$WhenMappings
instanceKlass com/android/build/gradle/internal/cxx/configure/Ninja
instanceKlass com/android/build/gradle/internal/cxx/configure/ExperimentalPropertyExtensionsKt
instanceKlass com/android/build/gradle/internal/cxx/gradle/generator/NativeProjectPath
instanceKlass com/android/build/gradle/internal/cxx/gradle/generator/CxxConfigurationModelKt
instanceKlass com/android/build/gradle/internal/cxx/logging/IssueReporterLoggingEnvironmentKt
instanceKlass com/android/build/gradle/internal/cxx/logging/ThreadLoggingEnvironment$Companion$LoggerStack
instanceKlass com/android/build/gradle/internal/cxx/logging/ThreadLoggingEnvironment$Companion$BottomLoggingEnvironment
instanceKlass com/android/build/gradle/internal/cxx/logging/ThreadLoggingEnvironment$Companion$loggerStack$1
instanceKlass com/android/build/gradle/internal/cxx/logging/ThreadLoggingEnvironment$Companion
instanceKlass com/android/build/gradle/internal/cxx/logging/ThreadLoggingEnvironment
instanceKlass com/android/build/gradle/internal/cxx/logging/LoggingEnvironment
instanceKlass com/android/build/gradle/internal/cxx/configure/CxxCreateGradleTasksKt
instanceKlass  @bci com/android/build/gradle/internal/SdkComponentsBuildService$Inject_ $gradleInit ()V 1 <appendix> member <vmtarget> ; # com/android/build/gradle/internal/SdkComponentsBuildService$Inject_$$Lambda+0x000001ae81edf9f0
instanceKlass com/android/build/gradle/internal/SdkComponentsBuildService$sdkDirectoryProvider$1
instanceKlass  @bci com/android/build/gradle/internal/PropertiesValueSource$Inject_ $gradleInit ()V 1 <appendix> member <vmtarget> ; # com/android/build/gradle/internal/PropertiesValueSource$Inject_$$Lambda+0x000001ae81edf5a0
instanceKlass  @bci com/android/build/gradle/internal/PropertiesValueSource$Params$Inject_ $gradleInit ()V 1 <appendix> member <vmtarget> ; # com/android/build/gradle/internal/PropertiesValueSource$Params$Inject_$$Lambda+0x000001ae81edf040
instanceKlass com/android/build/gradle/internal/PropertiesValueSource$Params$Inject_
instanceKlass  @bci com/android/build/gradle/internal/PropertiesValueSource$Params_Decorated $gradleInit ()V 1 <appendix> member <vmtarget> ; # com/android/build/gradle/internal/PropertiesValueSource$Params_Decorated$$Lambda+0x000001ae81edeaf8
instanceKlass com/android/build/gradle/internal/PropertiesValueSource$Params_Decorated
instanceKlass com/android/build/gradle/internal/PropertiesValueSource$Params
instanceKlass com/android/build/gradle/internal/cxx/configure/GradleLocalPropertiesKt$gradleLocalProperties$propertiesContent$1
instanceKlass com/android/build/gradle/internal/PropertiesValueSource
instanceKlass com/android/build/gradle/internal/cxx/configure/GradleLocalPropertiesKt
instanceKlass com/android/build/gradle/internal/SdkHandler
instanceKlass com/android/build/gradle/internal/ndk/NdkHandler
instanceKlass com/android/build/gradle/internal/NdkHandlerInput
instanceKlass com/android/build/gradle/internal/cxx/configure/NdkLocator
instanceKlass com/android/build/gradle/internal/SdkComponentsBuildService$VersionedSdkLoader
instanceKlass com/android/build/gradle/internal/SdkLocationSourceSet
instanceKlass com/android/build/gradle/internal/SdkLibDataFactory$Environment
instanceKlass  @bci com/android/build/gradle/internal/SdkComponentsBuildService$Parameters$Inject_ $gradleInit ()V 1 <appendix> member <vmtarget> ; # com/android/build/gradle/internal/SdkComponentsBuildService$Parameters$Inject_$$Lambda+0x000001ae81ed7d10
instanceKlass com/android/build/gradle/internal/SdkComponentsBuildService$Parameters$Inject_
instanceKlass  @bci com/android/build/gradle/internal/attribution/CheckJetifierBuildService$Parameters_Decorated $gradleInit ()V 1 <appendix> member <vmtarget> ; # com/android/build/gradle/internal/attribution/CheckJetifierBuildService$Parameters_Decorated$$Lambda+0x000001ae81ed6ad0
instanceKlass com/android/build/gradle/internal/attribution/CheckJetifierBuildService$Parameters_Decorated
instanceKlass com/android/build/gradle/internal/attribution/CheckJetifierBuildService$Parameters
instanceKlass com/android/build/gradle/internal/attribution/CheckJetifierBuildService
instanceKlass com/android/build/gradle/internal/VariantTaskManager$createReportTasks$1
instanceKlass com/android/build/gradle/internal/VariantTaskManager$createReportTasks$signingReportComponents$2
instanceKlass com/android/build/gradle/internal/VariantTaskManager$createReportTasks$signingReportComponents$1
instanceKlass com/android/build/gradle/internal/lint/LintTaskManager$createLintTasks$7
instanceKlass com/android/build/gradle/internal/lint/LintTaskManager$createLintTasks$6
instanceKlass com/android/build/gradle/internal/lint/LintTaskManager$createLintTasks$5
instanceKlass com/android/build/gradle/internal/lint/LintTaskManager$createLintTasks$4
instanceKlass com/android/build/gradle/internal/lint/LintTaskManager$createLintTasks$lintVitalTask$1$1
instanceKlass com/android/build/gradle/internal/lint/LintTaskManager$createLintTasks$3$1
instanceKlass com/android/build/gradle/internal/lint/LintTaskManager$createLintTasks$variantLintTask$2$1
instanceKlass com/android/build/gradle/internal/lint/AndroidLintTask$VariantCreationAction$Companion
instanceKlass com/android/build/gradle/internal/lint/VariantWithTests
instanceKlass com/android/build/gradle/internal/variant/DefaultFlavorComparator
instanceKlass com/android/build/gradle/internal/variant/DefaultBuildTypeComparator
instanceKlass com/android/build/gradle/internal/variant/BuildAuthorSpecifiedDefaultsFlavorComparator
instanceKlass com/android/build/gradle/internal/variant/BuildAuthorSpecifiedDefaultBuildTypeComparator
instanceKlass com/google/common/collect/AbstractMapBasedMultimap$KeySet$1
instanceKlass com/android/build/gradle/internal/HostTestTaskManager$createRunHostTestTask$1
instanceKlass org/gradle/testing/jacoco/plugins/JacocoPluginExtension
instanceKlass com/android/build/gradle/internal/HostTestTaskManager$setupJavaCompilationTasks$1
instanceKlass com/android/build/gradle/internal/HostTestTaskManager$setupAssembleTasks$2
instanceKlass com/android/build/gradle/internal/HostTestTaskManager$setupAssembleTasks$1
instanceKlass com/android/build/gradle/internal/AndroidTestTaskManager$createConnectedTestForVariant$1
instanceKlass com/android/build/gradle/internal/testing/utp/UtpTestUtilsKt$maybeCreateUtpConfigurations$1$1
instanceKlass com/android/tools/utp/gradle/api/UtpDependencies
instanceKlass com/android/build/gradle/internal/testing/utp/UtpTestUtilsKt
instanceKlass  @bci com/android/build/gradle/internal/tasks/DeviceProviderInstrumentTestTask$CreationAction handleProvider (Lorg/gradle/api/tasks/TaskProvider;)V 90 <appendix> argL0 ; # com/android/build/gradle/internal/tasks/DeviceProviderInstrumentTestTask$CreationAction$$Lambda+0x000001ae81ec3f90
instanceKlass  @bci com/android/build/gradle/internal/tasks/DeviceProviderInstrumentTestTask$CreationAction handleProvider (Lorg/gradle/api/tasks/TaskProvider;)V 56 <appendix> argL0 ; # com/android/build/gradle/internal/tasks/DeviceProviderInstrumentTestTask$CreationAction$$Lambda+0x000001ae81ec3d70
instanceKlass com/android/ide/common/workers/ExecutorServiceAdapter
instanceKlass com/android/ide/common/workers/WorkerExecutorFacade
instanceKlass com/android/build/gradle/internal/tasks/AndroidTestTask
instanceKlass com/android/build/gradle/internal/AndroidTestTaskManager$createConnectedTestForVariant$connectedCheckSerials$1
instanceKlass com/android/build/api/variant/impl/FlatSourceDirectoriesForJavaImpl$all$2$1
instanceKlass com/android/build/api/variant/impl/FlatSourceDirectoriesForJavaImpl$internalGenerators$2$1
instanceKlass com/android/build/gradle/internal/services/TaskCreationServicesImpl$sam$java_util_concurrent_Callable$0
instanceKlass com/android/build/gradle/internal/core/dsl/impl/DslInfoUtilsKt$computeInstrumentationTestRunner$1
instanceKlass com/android/build/gradle/internal/core/dsl/impl/DslInfoUtilsKt$getDefaultInstrumentationTestRunner$1
instanceKlass com/android/build/gradle/internal/testing/TestData$Companion
instanceKlass com/android/build/gradle/internal/test/AbstractTestDataImpl
instanceKlass com/android/build/gradle/internal/testing/TestData
instanceKlass com/android/build/gradle/internal/lint/LintModelWriterTask$Companion
instanceKlass com/android/build/gradle/internal/lint/AndroidLintAnalysisTask$Companion
instanceKlass com/android/build/gradle/internal/AndroidTestTaskManager$createTasks$1
instanceKlass com/google/common/base/CommonPattern
instanceKlass com/google/common/base/Platform$JdkPatternCompiler
instanceKlass com/google/common/base/PatternCompiler
instanceKlass com/google/common/base/Platform
instanceKlass com/google/common/base/Strings
instanceKlass com/android/build/gradle/internal/tasks/featuresplit/FeatureSplitUtils
instanceKlass com/android/build/gradle/internal/core/dsl/DynamicFeatureVariantDslInfo
instanceKlass com/android/build/gradle/internal/tasks/creationconfig/BaseProcessTestManifestCreationConfig
instanceKlass com/android/build/gradle/internal/tasks/creationconfig/ProcessTestManifestCreationConfig
instanceKlass com/android/build/gradle/internal/tasks/creationconfig/ProcessTestManifestCreationConfigKt
instanceKlass com/android/build/gradle/internal/dependency/SubtractingArtifactCollection$SubtractingArtifactResult$initFileCollection$1
instanceKlass com/android/build/gradle/internal/dependency/SubtractingArtifactCollection$SubtractingArtifactResult
instanceKlass com/android/build/gradle/internal/dependency/SubtractingArtifactCollection
instanceKlass com/android/build/gradle/internal/AndroidTestTaskManager$createVariantPreBuildTask$1
instanceKlass com/android/build/gradle/internal/tasks/PerModuleReportDependenciesTask$CreationAction$Companion
instanceKlass com/android/build/gradle/internal/tasks/factory/features/OptimizationTaskCreationActionImpl
instanceKlass com/android/build/gradle/internal/tasks/factory/features/OptimizationTaskCreationAction
instanceKlass com/android/build/gradle/internal/services/R8MaxParallelTasksBuildService
instanceKlass com/android/build/gradle/internal/TaskManager$basicCreateMergeResourcesTask$mergedNotCompiledDir$1
instanceKlass com/android/build/gradle/internal/coverage/tasks/CodeCoverageReportCreationConfigImpl
instanceKlass com/android/build/gradle/internal/coverage/tasks/CodeCoverageReportCreationConfig
instanceKlass com/android/build/gradle/internal/coverage/JacocoConfigurations
instanceKlass com/android/build/gradle/internal/tasks/ApplicationTaskManager$createDynamicBundleTask$2
instanceKlass com/android/build/gradle/internal/tasks/ApplicationTaskManager$createDynamicBundleTask$1
instanceKlass com/android/build/gradle/internal/tasks/AnchorTaskNames
instanceKlass com/android/build/gradle/internal/tasks/BundleToStandaloneApkTask$CreationAction$handleProvider$2
instanceKlass com/android/build/gradle/internal/tasks/FinalizeBundleTask$CreationAction$handleProvider$bundleNameProvider$1
instanceKlass com/android/build/gradle/internal/tasks/ApplicationTaskManager$doCreateTasksForVariant$d8DexStartupOptimizationEnabled$1
instanceKlass com/android/build/gradle/internal/tasks/ApplicationTaskManager$doCreateTasksForVariant$r8DexStartupOptimizationEnabled$1
instanceKlass com/android/build/gradle/internal/tasks/AppMetadataTaskKt
instanceKlass com/android/build/gradle/internal/tasks/ApplicationTaskManager$createBundleTask$2
instanceKlass com/android/build/gradle/internal/tasks/ApplicationTaskManager$createBundleTask$1
instanceKlass com/android/build/gradle/internal/TaskManager$createPackagingTask$3
instanceKlass com/android/build/gradle/internal/TaskManager$createPackagingTask$2
instanceKlass com/android/build/gradle/tasks/PackageApplication$Companion
instanceKlass com/android/build/gradle/tasks/PackageAndroidArtifact$Companion
instanceKlass com/android/build/gradle/internal/TaskManager$createPackagingTask$1
instanceKlass com/android/build/gradle/tasks/PackageAndroidArtifact$CreationAction$Companion
instanceKlass com/android/build/gradle/internal/TaskManager$createPackagingTask$configureResourcesAndAssetsDependencies$1
instanceKlass com/android/build/api/variant/impl/SigningConfigImpl$storeType$1
instanceKlass com/android/build/api/variant/impl/SigningConfigImpl$keyPassword$1
instanceKlass com/android/build/api/variant/impl/SigningConfigImpl$keyAlias$1
instanceKlass com/android/build/api/variant/impl/SigningConfigImpl$storePassword$1
instanceKlass com/android/build/api/variant/impl/SigningConfigImpl$storeFile$1
instanceKlass com/android/build/api/variant/impl/SigningConfigImpl$enableV1Signing$1
instanceKlass com/android/build/api/variant/impl/SigningConfigImpl$enableV2Signing$1
instanceKlass com/android/build/api/variant/impl/SigningConfigImpl$enableV3Signing$1
instanceKlass com/android/build/api/variant/impl/SigningConfigImpl$enableV4Signing$1
instanceKlass com/android/build/api/artifact/impl/OperationRequestsImplKt$toAppend$2
instanceKlass com/android/build/api/artifact/impl/OperationRequestsImplKt$toAppend$1
instanceKlass com/android/build/gradle/internal/tasks/DexMergingTask$CreationAction$WhenMappings
instanceKlass com/android/build/gradle/internal/tasks/creationconfig/BaseDexMergingCreationConfig
instanceKlass com/android/build/gradle/internal/tasks/creationconfig/DexMergingCreationConfig
instanceKlass com/android/build/gradle/internal/tasks/creationconfig/DexMergingCreationConfigKt
instanceKlass com/android/build/gradle/internal/tasks/factory/features/DexingTaskCreationActionImpl
instanceKlass com/android/build/gradle/internal/tasks/factory/features/DexingTaskCreationAction
instanceKlass com/android/build/gradle/internal/tasks/ClassesClasspathUtils
instanceKlass com/android/ide/common/gradle/Part
instanceKlass com/android/ide/common/gradle/Version$Companion$ParseState$NUMERIC
instanceKlass com/android/ide/common/gradle/Version$Companion$ParseState$EMPTY
instanceKlass com/android/ide/common/gradle/Version$Companion$ParseState
instanceKlass com/android/ide/common/gradle/Version$Companion
instanceKlass com/android/ide/common/gradle/Version
instanceKlass com/android/tools/r8/internal/rr4
instanceKlass com/android/tools/r8/Version
instanceKlass com/android/builder/dexing/R8Version
instanceKlass com/android/build/gradle/internal/dependency/ShrinkerVersion$Companion
instanceKlass com/android/build/gradle/internal/dependency/ShrinkerVersion
instanceKlass com/android/build/gradle/internal/tasks/R8VersionCheckKt
instanceKlass  @bci com/android/build/gradle/internal/services/R8D8ThreadPoolBuildService$Parameters_Decorated $gradleInit ()V 1 <appendix> member <vmtarget> ; # com/android/build/gradle/internal/services/R8D8ThreadPoolBuildService$Parameters_Decorated$$Lambda+0x000001ae81e6cb10
instanceKlass com/android/build/gradle/internal/services/R8D8ThreadPoolBuildService$Parameters
instanceKlass com/android/build/gradle/internal/tasks/MergeJavaResourcesInputsOutputs
instanceKlass com/android/build/gradle/internal/tasks/MergeGeneratedProguardFilesCreationAction$Companion
instanceKlass com/android/build/gradle/internal/tasks/factory/TaskFactoryUtils$dependsOn$7
instanceKlass com/android/build/api/artifact/impl/MultiplePropertyAdapter
instanceKlass com/android/build/gradle/internal/tasks/creationconfig/BaseJavaCompileCreationConfig
instanceKlass com/android/build/gradle/internal/tasks/creationconfig/JavaCompileCreationConfig
instanceKlass com/android/build/gradle/internal/tasks/creationconfig/JavaCompileCreationConfigKt
instanceKlass com/android/build/gradle/internal/tasks/creationconfig/BaseJavaPreCompileTaskCreationConfig
instanceKlass com/android/build/gradle/internal/tasks/creationconfig/JavaPreCompileTaskCreationConfig
instanceKlass com/android/build/gradle/internal/tasks/creationconfig/JavaPreCompileTaskCreationConfigKt
instanceKlass com/android/build/gradle/internal/component/KmpComponentCreationConfig
instanceKlass com/android/build/api/variant/impl/JniLibsTestedApkPackagingImpl$testOnly$1
instanceKlass com/android/build/api/variant/JniLibsTestedApkPackaging
instanceKlass com/android/build/api/variant/JniLibsTestedComponentPackaging
instanceKlass com/android/build/api/variant/impl/ResourcesApkPackagingImpl$excludes$1
instanceKlass com/android/build/api/variant/JniLibsApkPackaging
instanceKlass com/android/build/api/variant/impl/DexPackagingOptionsImpl
instanceKlass com/android/build/api/variant/DexPackagingOptions
instanceKlass com/android/build/api/variant/impl/ResourcesPackagingImpl$merges$1
instanceKlass com/android/build/api/variant/impl/ResourcesPackagingImpl$pickFirsts$1
instanceKlass com/android/build/api/variant/impl/ResourcesPackagingImpl$excludes$1
instanceKlass com/android/build/api/variant/impl/ResourcesPackagingImpl
instanceKlass com/android/build/api/variant/ResourcesPackaging
instanceKlass com/android/build/api/variant/impl/JniLibsPackagingImpl$keepDebugSymbols$1
instanceKlass com/android/build/api/variant/impl/JniLibsPackagingImpl$pickFirsts$1
instanceKlass com/android/build/api/variant/impl/JniLibsPackagingImpl$excludes$1
instanceKlass com/android/build/api/variant/impl/JniLibsPackagingImpl
instanceKlass com/android/build/api/variant/JniLibsPackaging
instanceKlass com/android/build/gradle/internal/tasks/MergeNativeLibsTaskKt
instanceKlass com/android/build/gradle/internal/TaskManager$createProcessJavaResTask$taskConfig$1
instanceKlass com/android/build/gradle/internal/tasks/creationconfig/ProcessJavaResCreationConfig
instanceKlass com/android/build/gradle/internal/tasks/R8ResourceShrinkingParametersKt
instanceKlass com/android/build/gradle/internal/TaskManager$WhenMappings
instanceKlass com/android/build/api/artifact/impl/OperationRequestsImplKt$toCreate$2
instanceKlass com/android/build/api/artifact/impl/OperationRequestsImplKt$toCreate$1
instanceKlass com/android/build/api/artifact/impl/OutOperationRequestImpl
instanceKlass com/android/build/gradle/internal/tasks/IncrementalTask
instanceKlass com/android/build/gradle/internal/tasks/factory/features/AndroidResourcesTaskCreationActionImpl
instanceKlass com/android/build/gradle/internal/tasks/factory/features/AndroidResourcesTaskCreationAction
instanceKlass com/android/build/api/component/impl/features/AndroidResourcesCreationConfigImpl
instanceKlass com/android/build/gradle/tasks/ProcessApplicationManifest$CreationAction$handleProvider$4
instanceKlass com/android/build/gradle/tasks/ManifestProcessor
instanceKlass com/android/build/api/artifact/impl/ArtifactTransformationRequestImpl
instanceKlass com/android/build/api/artifact/ArtifactTransformationRequest
instanceKlass com/android/build/api/artifact/impl/InAndOutDirectoryOperationRequestImpl$Companion$initializeInput$1
instanceKlass com/android/build/api/artifact/impl/InAndOutDirectoryOperationRequestImpl$Companion
instanceKlass com/android/build/api/artifact/impl/InAndOutDirectoryOperationRequestImpl
instanceKlass org/gradle/api/internal/resources/FileCollectionBackedTextResource
instanceKlass com/android/build/api/component/impl/OldVariantApiLegacySupportImpl$JavaCompileOptionsForOldVariantAPI$_annotationProcessorOptions$1
instanceKlass com/android/build/api/component/impl/OldVariantApiLegacySupportImpl$JavaCompileOptionsForOldVariantAPI
instanceKlass com/android/build/gradle/internal/core/dsl/impl/SigningConfigResolver$Companion
instanceKlass com/android/build/gradle/internal/core/dsl/impl/SigningConfigResolver
instanceKlass com/android/build/api/component/impl/OldVariantApiLegacySupportImpl
instanceKlass com/android/build/gradle/internal/dependency/ProvidedClasspathSubtractor$getFileCollection$1
instanceKlass com/android/build/gradle/internal/dependency/ProvidedClasspathSubtractor
instanceKlass com/android/build/gradle/internal/dependency/ProvidedClasspath
instanceKlass com/android/build/gradle/internal/dependency/VariantDependencies$Companion$getComponentFilter$4
instanceKlass com/android/build/gradle/internal/dependency/VariantDependencies$Companion$computeLocalFileDependencies$2
instanceKlass com/android/build/gradle/internal/dependency/VariantDependencies$Companion$computeLocalFileDependencies$dependencies$1
instanceKlass com/android/build/api/component/impl/ComponentImpl$computeLocalPackagedJars$1
instanceKlass com/android/build/api/artifact/impl/ScopedArtifactsImpl$ScopedArtifactsContainer
instanceKlass com/android/build/gradle/internal/dependency/AndroidAttributes
instanceKlass com/android/build/gradle/internal/publishing/AndroidArtifactsUtilKt
instanceKlass com/android/build/gradle/internal/publishing/AndroidArtifacts
instanceKlass com/android/build/gradle/internal/dependency/VariantDependencies$computeArtifactCollection$2
instanceKlass com/android/build/gradle/internal/dependency/VariantDependencies$Companion$getComponentFilter$3
instanceKlass com/android/build/gradle/internal/dependency/VariantDependencies$computeArtifactCollection$attributesAction$1
instanceKlass com/android/build/gradle/internal/dependency/VariantDependencies$WhenMappings
instanceKlass com/android/build/gradle/internal/dependency/VariantDependencies$Companion$WhenMappings
instanceKlass com/android/build/gradle/internal/instrumentation/AsmClassVisitorsFactoryRegistry
instanceKlass com/android/build/gradle/internal/component/LibraryCreationConfig
instanceKlass com/android/build/gradle/internal/dsl/InstrumentationImpl
instanceKlass com/android/build/api/component/impl/features/InstrumentationCreationConfigImpl
instanceKlass com/android/build/gradle/internal/TaskManager$createCompileAnchorTask$1
instanceKlass com/android/build/gradle/internal/TaskManager$createAnchorTasks$1
instanceKlass com/android/build/gradle/internal/tasks/VariantTask
instanceKlass com/android/build/gradle/internal/component/DynamicFeatureCreationConfig
instanceKlass com/android/build/gradle/internal/TaskManager$createAssembleTask$2
instanceKlass com/android/build/gradle/internal/TaskManager$createAssembleTask$1
instanceKlass com/android/build/api/artifact/Artifact$Appendable
instanceKlass com/android/build/gradle/internal/VariantTaskManager$checkMultidexDependency$$inlined$filterIsInstance$1
instanceKlass com/android/build/gradle/internal/AndroidTestTaskManager$createTopLevelTasks$4
instanceKlass com/android/build/gradle/internal/AndroidTestTaskManager$createTopLevelTasks$3
instanceKlass com/android/build/gradle/internal/AndroidTestTaskManager$createTopLevelTasks$2
instanceKlass com/android/build/gradle/internal/AndroidTestTaskManager$createTopLevelTasks$1
instanceKlass com/android/build/gradle/internal/AndroidTestTaskManager$createMockableJarTask$1
instanceKlass com/android/build/gradle/internal/HostTestTaskManager$createTopLevelTasksCore$2
instanceKlass com/android/build/gradle/internal/HostTestTaskManager$createTopLevelTasksCore$1
# instanceKlass java/lang/invoke/LambdaForm$MH+0x000001ae81e2c000
instanceKlass com/android/build/gradle/internal/VariantTaskManager$createTasks$1
instanceKlass com/android/build/gradle/internal/VariantTaskManager$Companion
instanceKlass android/databinding/tool/writer/JavaFileWriter
instanceKlass android/databinding/tool/DataBindingBuilder
instanceKlass com/android/build/gradle/internal/tasks/factory/TaskManagerConfigImpl
instanceKlass org/gradle/api/internal/provider/DefaultMapProperty$FixedSupplier
instanceKlass com/google/wireless/android/sdk/stats/GradleBuildVariant$CodeShrinkerTool$1
instanceKlass com/google/wireless/android/sdk/stats/GradleBuildVariant$Java8LangSupport$1
instanceKlass com/android/build/api/component/impl/features/DexingImpl
instanceKlass com/google/wireless/android/sdk/stats/TestRun$TestExecution$1
instanceKlass com/android/build/gradle/internal/profile/AnalyticsUtil$1
instanceKlass com/google/common/base/Verify
instanceKlass com/google/wireless/android/sdk/stats/GradleBuildVariant$DexMergerTool$1
instanceKlass com/google/wireless/android/sdk/stats/GradleBuildVariant$DexBuilderTool$1
instanceKlass com/android/build/api/component/impl/features/OptimizationCreationConfigImpl
instanceKlass com/flutter/gradle/DependencyVersionChecker$configureMinSdkCheck$1$1
instanceKlass com/flutter/gradle/DependencyVersionChecker$configureMinSdkCheck$1$minSdkCheckTask$1
instanceKlass com/android/build/api/variant/impl/TaskProviderBasedDirectoryEntryImpl
instanceKlass com/android/build/api/variant/impl/SourceDirectoriesImpl$addGeneratedSourceDirectory$1
instanceKlass com/android/build/api/variant/impl/SourceDirectoriesImpl$addGeneratedSourceDirectory$mappedValue$1
instanceKlass  @bci com/android/build/api/component/analytics/AnalyticsEnabledLayered_Decorated $gradleInit ()V 1 <appendix> member <vmtarget> ; # com/android/build/api/component/analytics/AnalyticsEnabledLayered_Decorated$$Lambda+0x000001ae81e1bb28
instanceKlass com/android/build/api/component/analytics/AnalyticsEnabledSourceDirectories
instanceKlass  @bci com/android/build/api/component/analytics/AnalyticsEnabledSources_Decorated $gradleInit ()V 1 <appendix> member <vmtarget> ; # com/android/build/api/component/analytics/AnalyticsEnabledSources_Decorated$$Lambda+0x000001ae81e1aff8
instanceKlass com/android/build/api/variant/impl/SourcesImpl$manifestOverlayFiles$1
instanceKlass com/android/build/api/variant/impl/LayeredSourceDirectoriesImpl$static$1
instanceKlass com/android/build/api/variant/impl/LayeredSourceDirectoriesImpl$all$1
instanceKlass com/android/build/api/variant/impl/DirectoryEntries
instanceKlass com/android/build/api/variant/SourceDirectories$Layered
instanceKlass com/android/build/api/variant/impl/FileBasedFileEntry$asFile$1
instanceKlass com/android/build/api/variant/impl/ManifestFilesImpl$addSource$1
instanceKlass com/android/build/api/variant/impl/FileBasedFileEntry
instanceKlass com/android/build/api/variant/impl/FileEntry
instanceKlass com/android/build/api/variant/impl/ManifestFilesImpl$allStatic$1
instanceKlass com/android/build/api/variant/impl/ManifestFilesImpl$all$1
instanceKlass com/android/build/api/variant/impl/ManifestFilesImpl
instanceKlass com/android/build/api/variant/ManifestFiles
instanceKlass com/android/build/gradle/internal/api/DefaultAndroidSourceDirectorySet$getSourceDirectoryTrees$1$1
instanceKlass  @bci com/google/common/collect/CollectCollectors <clinit> ()V 75 <appendix> argL0 ; # com/google/common/collect/CollectCollectors$$Lambda+0x000001ae81e16968
instanceKlass  @bci com/google/common/collect/CollectCollectors <clinit> ()V 70 <appendix> argL0 ; # com/google/common/collect/CollectCollectors$$Lambda+0x000001ae81e16720
instanceKlass  @bci com/google/common/collect/CollectCollectors <clinit> ()V 65 <appendix> argL0 ; # com/google/common/collect/CollectCollectors$$Lambda+0x000001ae81e164f0
instanceKlass com/google/common/collect/RangeGwtSerializationDependencies
instanceKlass  @bci com/google/common/collect/CollectCollectors <clinit> ()V 60 <appendix> argL0 ; # com/google/common/collect/CollectCollectors$$Lambda+0x000001ae81e15e40
instanceKlass com/google/common/collect/ImmutableRangeSet$Builder
instanceKlass com/google/common/collect/SortedIterable
instanceKlass com/google/common/collect/AbstractRangeSet
instanceKlass com/google/common/collect/RangeSet
instanceKlass  @bci com/google/common/collect/CollectCollectors <clinit> ()V 45 <appendix> argL0 ; # com/google/common/collect/CollectCollectors$$Lambda+0x000001ae81e126c8
instanceKlass  @bci com/google/common/collect/CollectCollectors <clinit> ()V 40 <appendix> argL0 ; # com/google/common/collect/CollectCollectors$$Lambda+0x000001ae81e12480
instanceKlass  @bci com/google/common/collect/CollectCollectors <clinit> ()V 35 <appendix> argL0 ; # com/google/common/collect/CollectCollectors$$Lambda+0x000001ae81e12250
instanceKlass  @bci com/google/common/collect/CollectCollectors <clinit> ()V 30 <appendix> argL0 ; # com/google/common/collect/CollectCollectors$$Lambda+0x000001ae81e12030
instanceKlass  @bci com/google/common/collect/CollectCollectors <clinit> ()V 15 <appendix> argL0 ; # com/google/common/collect/CollectCollectors$$Lambda+0x000001ae81e11df0
instanceKlass  @bci com/google/common/collect/CollectCollectors <clinit> ()V 10 <appendix> argL0 ; # com/google/common/collect/CollectCollectors$$Lambda+0x000001ae81e11ba8
instanceKlass  @bci com/google/common/collect/CollectCollectors <clinit> ()V 5 <appendix> argL0 ; # com/google/common/collect/CollectCollectors$$Lambda+0x000001ae81e11978
instanceKlass  @bci com/google/common/collect/CollectCollectors <clinit> ()V 0 <appendix> argL0 ; # com/google/common/collect/CollectCollectors$$Lambda+0x000001ae81e11758
instanceKlass com/google/common/collect/CollectCollectors
instanceKlass com/android/build/gradle/internal/api/DefaultAndroidSourceDirectorySet$getSourceDirectoryTrees$1
instanceKlass com/android/build/api/variant/impl/FlatSourceDirectoriesForJavaImpl$WhenMappings
instanceKlass com/android/build/api/variant/impl/FileBasedDirectoryEntryImpl
instanceKlass com/android/build/api/variant/impl/DirectoryEntry
instanceKlass com/android/build/api/variant/impl/SourceDirectoriesImpl
instanceKlass com/android/build/api/variant/SourceDirectories$Flat
instanceKlass com/android/build/api/variant/SourceDirectories
instanceKlass com/android/build/api/component/impl/DefaultSourcesProviderImpl
instanceKlass com/android/build/api/component/impl/DefaultSourcesProvider
instanceKlass com/android/build/api/component/analytics/AnalyticsEnabledSources
instanceKlass com/flutter/gradle/FlutterPlugin$addFlutterTasks$1$copyJniLibsTaskProvider$1
instanceKlass  @bci com/flutter/gradle/FlutterPluginUtils toCamelCase (Ljava/util/List;)Ljava/lang/String; 47 <appendix> argL0 ; # com/flutter/gradle/FlutterPluginUtils$$Lambda+0x000001ae81e0d268
instanceKlass com/android/build/api/artifact/impl/OperationRequestsImplKt$toTransform$1
instanceKlass com/android/build/api/artifact/impl/OperationRequestsImplKt$toTransform$currentProvider$1
instanceKlass com/android/build/api/artifact/Artifact$ContainsMany
instanceKlass com/android/build/api/artifact/impl/OperationRequestsImplKt
instanceKlass com/google/wireless/android/sdk/stats/ArtifactAccess$AccessType$1
instanceKlass com/android/tools/build/gradle/internal/profile/VariantApiArtifactType$1
instanceKlass com/android/build/api/artifact/Artifact$Transformable
instanceKlass  @bci com/android/build/api/component/analytics/AnalyticsEnabledInAndOutFileOperationRequest_Decorated $gradleInit ()V 1 <appendix> member <vmtarget> ; # com/android/build/api/component/analytics/AnalyticsEnabledInAndOutFileOperationRequest_Decorated$$Lambda+0x000001ae81e0a8b8
instanceKlass com/android/build/api/artifact/impl/InAndOutFileOperationRequestImpl
instanceKlass com/android/build/api/component/analytics/AnalyticsEnabledInAndOutFileOperationRequest
instanceKlass  @bci com/android/build/api/component/analytics/AnalyticsEnabledTaskBaseOperation_Decorated $gradleInit ()V 1 <appendix> member <vmtarget> ; # com/android/build/api/component/analytics/AnalyticsEnabledTaskBaseOperation_Decorated$$Lambda+0x000001ae81e096d0
instanceKlass com/android/build/api/artifact/MultipleArtifactTypeOutOperationRequest
instanceKlass com/android/build/api/artifact/InAndOutFileOperationRequest
instanceKlass com/android/build/api/artifact/OutOperationRequest
instanceKlass com/android/build/api/artifact/CombiningOperationRequest
instanceKlass com/android/build/api/artifact/InAndOutDirectoryOperationRequest
instanceKlass com/android/build/api/artifact/impl/TaskBasedOperationImpl
instanceKlass com/android/build/api/artifact/impl/ArtifactOperationRequest
instanceKlass com/android/build/api/component/analytics/AnalyticsEnabledTaskBaseOperation
instanceKlass  @bci com/android/build/api/component/analytics/AnalyticsEnabledArtifacts_Decorated $gradleInit ()V 1 <appendix> member <vmtarget> ; # com/android/build/api/component/analytics/AnalyticsEnabledArtifacts_Decorated$$Lambda+0x000001ae81e08000
instanceKlass com/android/build/api/variant/BuiltArtifactsLoader
instanceKlass com/android/build/api/artifact/TaskBasedOperation
instanceKlass com/android/build/api/component/analytics/AnalyticsEnabledArtifacts
instanceKlass com/google/protobuf/RepeatedFieldBuilderV3
instanceKlass com/google/wireless/android/sdk/stats/ArtifactAccessOrBuilder
instanceKlass com/google/wireless/android/sdk/stats/VariantPropertiesAccessOrBuilder
instanceKlass com/google/wireless/android/sdk/stats/VariantAccessOrBuilder
instanceKlass com/flutter/gradle/FlutterPluginUtils$addTasksForOutputsAppLinkSettings$1$manifestUpdater$1
instanceKlass com/android/build/gradle/internal/VariantManager$createVariantsFromCombination$variantExtensionConfig$1
instanceKlass com/android/build/api/variant/VariantExtensionConfig
instanceKlass  @bci com/android/build/api/component/analytics/AnalyticsEnabledApplicationVariant_Decorated $gradleInit ()V 1 <appendix> member <vmtarget> ; # com/android/build/api/component/analytics/AnalyticsEnabledApplicationVariant_Decorated$$Lambda+0x000001ae81e020f8
instanceKlass com/android/build/api/component/analytics/AnalyticsEnabledSigningConfig
instanceKlass com/android/build/api/component/analytics/AnalyticsEnabledComponent
instanceKlass  @bci com/android/build/api/component/impl/HostTestImpl_Decorated $gradleInit ()V 1 <appendix> member <vmtarget> ; # com/android/build/api/component/impl/HostTestImpl_Decorated$$Lambda+0x000001ae81dfab60
instanceKlass com/android/build/api/variant/impl/AndroidResourcesImplKt
instanceKlass com/android/build/gradle/internal/core/dsl/impl/features/AndroidResourcesDslInfoImpl
instanceKlass com/android/build/gradle/internal/core/dsl/features/AndroidResourcesDslInfo
# instanceKlass java/lang/invoke/LambdaForm$MH+0x000001ae81dfec00
# instanceKlass java/lang/invoke/LambdaForm$MH+0x000001ae81dfe800
# instanceKlass java/lang/invoke/LambdaForm$MH+0x000001ae81dfe400
# instanceKlass java/lang/invoke/LambdaForm$MH+0x000001ae81dfe000
# instanceKlass java/lang/invoke/LambdaForm$MH+0x000001ae81dfdc00
# instanceKlass java/lang/invoke/LambdaForm$MH+0x000001ae81dfd800
# instanceKlass java/lang/invoke/LambdaForm$MH+0x000001ae81dfd400
# instanceKlass java/lang/invoke/LambdaForm$MH+0x000001ae81dfd000
# instanceKlass java/lang/invoke/LambdaForm$MH+0x000001ae81dfcc00
# instanceKlass java/lang/invoke/LambdaForm$MH+0x000001ae81dfc800
# instanceKlass java/lang/invoke/LambdaForm$MH+0x000001ae81dfc400
# instanceKlass java/lang/invoke/LambdaForm$MH+0x000001ae81dfc000
# instanceKlass java/lang/invoke/LambdaForm$MH+0x000001ae81df3c00
# instanceKlass java/lang/invoke/LambdaForm$MH+0x000001ae81df3800
instanceKlass com/android/build/gradle/internal/scope/UnitTestBuildFeatureValuesImpl
instanceKlass com/android/build/gradle/internal/core/dsl/HostTestComponentDslInfo
instanceKlass  @bci com/android/build/api/component/impl/DeviceTestImpl_Decorated $gradleInit ()V 1 <appendix> member <vmtarget> ; # com/android/build/api/component/impl/DeviceTestImpl_Decorated$$Lambda+0x000001ae81df6d20
instanceKlass com/android/build/gradle/internal/core/dsl/impl/InstrumentedTestDslInfoImpl$testLabel$1
instanceKlass com/android/build/gradle/internal/core/dsl/impl/InstrumentedTestDslInfoImpl$functionalTest$2
instanceKlass com/android/build/gradle/internal/core/dsl/impl/InstrumentedTestDslInfoImpl$handleProfiling$2
instanceKlass com/android/build/gradle/internal/core/dsl/impl/InstrumentedTestDslInfoImpl
instanceKlass com/android/build/gradle/internal/core/dsl/impl/DslInfoCommonKt$getTestComponentNamespace$2$1
# instanceKlass java/lang/invoke/LambdaForm$MH+0x000001ae81df3400
# instanceKlass java/lang/invoke/LambdaForm$MH+0x000001ae81df3000
# instanceKlass java/lang/invoke/LambdaForm$MH+0x000001ae81df2c00
# instanceKlass java/lang/invoke/LambdaForm$MH+0x000001ae81df2800
# instanceKlass java/lang/invoke/LambdaForm$MH+0x000001ae81df2400
# instanceKlass java/lang/invoke/LambdaForm$MH+0x000001ae81df2000
# instanceKlass java/lang/invoke/LambdaForm$MH+0x000001ae81df1c00
# instanceKlass java/lang/invoke/LambdaForm$MH+0x000001ae81df1800
# instanceKlass java/lang/invoke/LambdaForm$MH+0x000001ae81df1400
# instanceKlass java/lang/invoke/LambdaForm$MH+0x000001ae81df1000
# instanceKlass java/lang/invoke/LambdaForm$MH+0x000001ae81df0c00
# instanceKlass java/lang/invoke/LambdaForm$MH+0x000001ae81df0800
# instanceKlass java/lang/invoke/LambdaForm$MH+0x000001ae81df0400
# instanceKlass java/lang/invoke/LambdaForm$MH+0x000001ae81df0000
instanceKlass com/android/build/gradle/internal/component/DeviceTestCreationConfig
instanceKlass com/android/build/gradle/internal/component/InstrumentedTestCreationConfig
instanceKlass com/android/build/gradle/internal/dependency/ConstraintHandler$checkConfigurationAlignments$1
instanceKlass com/android/build/gradle/internal/dependency/ConstraintHandler
instanceKlass com/android/build/gradle/internal/core/dsl/impl/DslInfoCommonKt$initTestApplicationId$2
instanceKlass com/android/build/gradle/internal/core/dsl/impl/DslInfoCommonKt
instanceKlass com/android/build/gradle/internal/core/dsl/AndroidTestComponentDslInfo
instanceKlass com/android/build/gradle/internal/core/dsl/InstrumentedTestComponentDslInfo
instanceKlass com/android/build/gradle/internal/core/dsl/TestComponentDslInfo
instanceKlass com/android/build/gradle/internal/variant/ComponentInfo
instanceKlass com/android/build/gradle/internal/utils/VariantPostCreationChecksKt
instanceKlass com/android/build/api/variant/impl/VariantOutputList$Companion
instanceKlass com/android/build/api/variant/impl/ApplicationVariantImpl$addVariantOutput$1
instanceKlass com/android/build/gradle/internal/core/dsl/NestedComponentDslInfo
instanceKlass com/android/build/api/variant/impl/VariantOutputConfigurationImplKt$WhenMappings
instanceKlass com/android/build/api/variant/impl/VariantOutputConfigurationImplKt
instanceKlass com/android/build/gradle/internal/core/dsl/impl/ApplicationVariantDslInfoImpl$versionName$2$2
instanceKlass com/android/build/gradle/internal/core/dsl/impl/ApplicationVariantDslInfoImpl$versionCode$2$2
instanceKlass com/android/build/api/variant/impl/VariantOutputImpl
instanceKlass com/android/build/api/variant/VariantOutput
instanceKlass com/android/build/api/variant/impl/VariantOutputConfigurationImpl
instanceKlass com/android/build/gradle/internal/core/MergedExternalNativeCmakeOptions
instanceKlass com/android/build/gradle/internal/core/MergedExternalNativeNdkBuildOptions
instanceKlass com/android/build/gradle/internal/core/MergedExternalNativeBuildOptions
instanceKlass com/android/build/gradle/internal/core/MergedNdkConfig
instanceKlass com/android/build/gradle/internal/core/dsl/impl/features/NativeBuildDslInfoImpl
instanceKlass com/android/build/gradle/internal/core/dsl/features/NativeBuildDslInfo
instanceKlass com/android/build/api/component/impl/features/NativeBuildCreationConfigImpl
instanceKlass com/android/build/gradle/internal/variant/BaseVariantData$WhenMappings
instanceKlass  @bci com/android/build/api/variant/impl/ApplicationVariantImpl_Decorated $gradleInit ()V 1 <appendix> member <vmtarget> ; # com/android/build/api/variant/impl/ApplicationVariantImpl_Decorated$$Lambda+0x000001ae81de4870
instanceKlass com/android/build/api/variant/impl/MetadataRecord
instanceKlass com/android/build/api/variant/impl/CodeTransparencyImpl
instanceKlass com/android/build/api/variant/CodeTransparency
instanceKlass com/android/build/api/component/impl/AnnotationProcessorImpl$finalListOfClassNames$1
instanceKlass com/android/build/api/component/impl/AnnotationProcessorImpl
instanceKlass com/android/build/api/variant/AnnotationProcessor
instanceKlass com/android/build/api/component/impl/JavaCompilationImpl
instanceKlass com/android/build/gradle/internal/core/dsl/impl/VariantDslInfoImpl$namespace$1
# instanceKlass java/lang/invoke/LambdaForm$MH+0x000001ae81ddf800
# instanceKlass java/lang/invoke/LambdaForm$MH+0x000001ae81ddf400
# instanceKlass java/lang/invoke/LambdaForm$MH+0x000001ae81ddf000
# instanceKlass java/lang/invoke/LambdaForm$MH+0x000001ae81ddec00
# instanceKlass java/lang/invoke/LambdaForm$MH+0x000001ae81dde800
# instanceKlass java/lang/invoke/LambdaForm$MH+0x000001ae81dde400
# instanceKlass java/lang/invoke/LambdaForm$MH+0x000001ae81dde000
# instanceKlass java/lang/invoke/LambdaForm$MH+0x000001ae81dddc00
# instanceKlass java/lang/invoke/LambdaForm$MH+0x000001ae81ddd800
# instanceKlass java/lang/invoke/LambdaForm$MH+0x000001ae81ddd400
# instanceKlass java/lang/invoke/LambdaForm$MH+0x000001ae81ddd000
# instanceKlass java/lang/invoke/LambdaForm$MH+0x000001ae81ddcc00
# instanceKlass java/lang/invoke/LambdaForm$MH+0x000001ae81ddc800
# instanceKlass java/lang/invoke/LambdaForm$MH+0x000001ae81ddc400
# instanceKlass java/lang/invoke/LambdaForm$DMH+0x000001ae81ddc000
instanceKlass com/android/build/api/variant/ResValue
instanceKlass com/android/build/gradle/internal/core/ProductFlavor
instanceKlass com/android/build/api/variant/BuildConfigField
instanceKlass com/android/build/gradle/internal/component/VariantCreationConfig$Companion
instanceKlass com/android/build/api/variant/impl/SourcesImpl
instanceKlass com/android/build/api/variant/InternalSources
instanceKlass com/android/build/api/variant/Sources
instanceKlass com/android/build/gradle/internal/services/BuiltInKotlinSupportMode
instanceKlass com/android/build/gradle/internal/component/features/InstrumentationCreationConfig
instanceKlass com/android/build/gradle/internal/component/features/AndroidResourcesCreationConfig
instanceKlass com/android/build/gradle/internal/component/legacy/OldVariantApiLegacySupport
instanceKlass com/android/build/gradle/internal/services/BuiltInKaptSupportMode
instanceKlass com/android/build/gradle/internal/component/features/ResValuesCreationConfig
instanceKlass com/android/build/api/component/impl/LifecycleTasksImpl
instanceKlass com/android/build/api/variant/LifecycleTasks
instanceKlass com/android/build/api/variant/Instrumentation
instanceKlass com/android/build/api/variant/JavaCompilation
instanceKlass com/android/build/gradle/internal/component/features/NativeBuildCreationConfig
instanceKlass com/android/build/gradle/internal/component/features/BuildConfigCreationConfig
instanceKlass com/android/build/gradle/internal/component/features/OptimizationCreationConfig
instanceKlass com/android/build/gradle/internal/component/features/RenderscriptCreationConfig
instanceKlass com/android/build/gradle/internal/component/features/ShadersCreationConfig
instanceKlass com/android/build/api/variant/ExternalNativeBuild
instanceKlass com/android/build/api/variant/ResValue$Key
instanceKlass com/android/build/api/component/UnitTest
instanceKlass com/android/build/gradle/internal/component/features/ManifestPlaceholdersCreationConfig
instanceKlass com/android/build/api/variant/impl/PackagingImpl
instanceKlass com/android/build/api/variant/TestedApkPackaging
instanceKlass com/android/build/api/variant/ApkPackaging
instanceKlass com/android/build/api/variant/TestedComponentPackaging
instanceKlass com/android/build/api/variant/Packaging
instanceKlass com/android/build/api/variant/impl/VariantOutputList
instanceKlass com/android/build/api/variant/Renderscript
instanceKlass com/android/build/api/variant/DependenciesInfo
instanceKlass com/android/build/api/variant/ApplicationAndroidResources
instanceKlass com/android/build/api/variant/impl/AndroidResourcesImpl
instanceKlass com/android/build/api/variant/AndroidResources
instanceKlass com/android/build/api/variant/ApkOutputProviders
instanceKlass com/android/build/api/variant/AndroidTest
instanceKlass com/android/build/api/variant/impl/BundleConfigImpl
instanceKlass com/android/build/api/variant/BundleConfig
instanceKlass com/android/build/gradle/internal/component/TestSuiteCreationConfig
instanceKlass com/android/build/api/variant/TestSuite
instanceKlass com/android/build/gradle/internal/component/HostTestCreationConfig
instanceKlass com/android/build/api/variant/HostTest
instanceKlass com/android/build/gradle/internal/component/TestComponentCreationConfig
instanceKlass com/android/build/gradle/internal/component/TestCreationConfig
instanceKlass com/android/build/gradle/internal/component/TestFixturesCreationConfig
instanceKlass com/android/build/gradle/internal/component/AarCreationConfig
instanceKlass com/android/build/gradle/internal/component/NestedComponentCreationConfig
instanceKlass com/android/build/api/variant/TestFixtures
instanceKlass com/android/build/api/variant/GeneratesAar
instanceKlass com/android/build/api/variant/VariantOutputConfiguration
instanceKlass com/android/build/api/variant/impl/SigningConfigImpl
instanceKlass com/android/build/api/variant/SigningConfig
instanceKlass com/android/build/gradle/internal/component/features/DexingCreationConfig
instanceKlass com/android/build/api/variant/Dexing
instanceKlass com/android/build/api/variant/UnitTest
instanceKlass com/android/build/api/variant/DeviceTest
instanceKlass com/android/build/api/variant/TestComponent
instanceKlass com/android/build/api/variant/GeneratesTestApk
instanceKlass  @bci com/android/build/api/variant/impl/DependenciesInfoBuilderImpl_Decorated $gradleInit ()V 1 <appendix> member <vmtarget> ; # com/android/build/api/variant/impl/DependenciesInfoBuilderImpl_Decorated$$Lambda+0x000001ae81dd0420
instanceKlass com/android/build/gradle/internal/services/VariantBuilderServicesImpl$ValueImpl
instanceKlass com/android/build/gradle/internal/services/VariantBuilderServices$Value
instanceKlass com/android/build/api/variant/impl/DependenciesInfoBuilderImpl
instanceKlass com/android/build/api/component/impl/ComponentImpl
instanceKlass com/android/build/api/variant/impl/HasTestFixtures
instanceKlass com/android/build/api/variant/impl/HasTestSuitesCreationConfig
instanceKlass com/android/build/api/variant/impl/HasHostTestsCreationConfig
instanceKlass com/android/build/api/variant/impl/HasDeviceTestsCreationConfig
instanceKlass org/gradle/api/internal/resources/StringBackedTextResource
instanceKlass org/gradle/api/resources/internal/TextResourceInternal
instanceKlass com/android/build/gradle/internal/variant/BaseVariantData$Companion
instanceKlass com/android/build/gradle/internal/variant/BaseVariantData
instanceKlass com/android/build/gradle/internal/variant/TestedVariantData
instanceKlass com/android/build/gradle/internal/scope/MutableTaskContainer
instanceKlass com/android/build/gradle/internal/scope/TaskContainer
instanceKlass com/android/build/gradle/internal/variant/VariantPathHelper$Companion
instanceKlass com/android/build/gradle/internal/variant/VariantPathHelper
instanceKlass com/android/build/gradle/internal/dependency/VariantDependencies$Companion
instanceKlass com/android/build/gradle/internal/dependency/VariantDependencies
instanceKlass com/android/build/gradle/internal/dependency/ResolutionResultProvider
instanceKlass com/android/build/gradle/internal/publishing/PublishedConfigSpec
instanceKlass com/android/build/gradle/internal/attributes/VariantAttr$Impl
instanceKlass com/android/build/gradle/internal/attributes/VariantAttr$Companion
instanceKlass com/android/build/gradle/internal/attributes/VariantAttr
instanceKlass  @bci com/android/build/gradle/internal/dependency/VariantDependenciesBuilder maybeAddDependencyConstraints (Lcom/android/builder/core/ComponentType;Lorg/gradle/api/artifacts/Configuration;Lorg/gradle/api/artifacts/Configuration;)Z 53 <appendix> member <vmtarget> ; # com/android/build/gradle/internal/dependency/VariantDependenciesBuilder$$Lambda+0x000001ae81dc4418
instanceKlass com/android/build/gradle/internal/dependency/SourceTypeCompatibilityRule
instanceKlass com/android/build/gradle/internal/dependency/SourceTypeAttributeKt
instanceKlass com/android/build/api/attributes/BuildTypeAttr$Impl
instanceKlass org/apache/commons/lang3/text/WordUtils
instanceKlass com/android/build/api/attributes/BuildTypeAttr$Companion
instanceKlass com/android/build/api/attributes/BuildTypeAttr
instanceKlass com/android/build/api/attributes/AgpVersionAttr$Impl
instanceKlass com/android/build/api/attributes/AgpVersionAttr$Companion
instanceKlass com/android/build/api/attributes/AgpVersionAttr
instanceKlass com/android/build/gradle/internal/VariantManager$getFlavorSelection$2
instanceKlass com/android/build/gradle/internal/VariantManager$getFlavorSelection$1
instanceKlass com/android/build/gradle/internal/dependency/VariantDependenciesBuilder
instanceKlass com/android/build/gradle/internal/core/VariantSources
instanceKlass com/google/common/collect/ObjectArrays
instanceKlass com/android/build/gradle/internal/utils/GuavaKtxKt
instanceKlass  @bci com/android/build/api/component/analytics/AnalyticsEnabledApplicationVariantBuilder_Decorated $gradleInit ()V 1 <appendix> member <vmtarget> ; # com/android/build/api/component/analytics/AnalyticsEnabledApplicationVariantBuilder_Decorated$$Lambda+0x000001ae81dc1f30
instanceKlass com/android/build/api/variant/impl/AndroidTestBuilderImpl
instanceKlass com/android/build/api/component/analytics/AnalyticsEnabledAndroidTestBuilder
instanceKlass com/android/build/api/component/analytics/AnalyticsEnabledAndroidResourcesBuilder
instanceKlass com/android/build/api/component/analytics/AnalyticsEnabledComponentBuilder
instanceKlass com/google/wireless/android/sdk/stats/AsmFramesComputationModeUpdateOrBuilder
instanceKlass com/google/wireless/android/sdk/stats/AsmClassesTransformRegistrationOrBuilder
instanceKlass com/google/wireless/android/sdk/stats/GradleBuildVariant$NativeBuildConfigInfoOrBuilder
instanceKlass com/google/wireless/android/sdk/stats/AnnotationProcessorInfoOrBuilder
instanceKlass com/google/wireless/android/sdk/stats/VariantApiUsageOrBuilder
instanceKlass com/google/wireless/android/sdk/stats/GradleBuildVariant$PrivacySandboxDependenciesInfoOrBuilder
instanceKlass com/google/wireless/android/sdk/stats/GradleBuildVariant$KotlinOptionsOrBuilder
instanceKlass com/google/wireless/android/sdk/stats/ApiVersionOrBuilder
instanceKlass com/android/build/gradle/internal/profile/AnalyticsResourceManager$getVariantBuilder$1
instanceKlass com/android/build/gradle/internal/profile/AnalyticsResourceManager$getVariantBuilder$projectData$1
instanceKlass  @bci com/android/build/api/variant/impl/ApplicationVariantBuilderImpl_Decorated $gradleInit ()V 1 <appendix> member <vmtarget> ; # com/android/build/api/variant/impl/ApplicationVariantBuilderImpl_Decorated$$Lambda+0x000001ae81dbb1a0
instanceKlass com/android/build/gradle/internal/dsl/TestOptions$suites$2$AgpTestSuiteFactory
instanceKlass com/android/build/gradle/internal/testsuites/impl/TestSuiteBuilderImpl$Companion
instanceKlass com/android/build/gradle/internal/testsuites/impl/TestSuiteBuilderImpl
instanceKlass com/android/build/gradle/internal/dsl/ModulePropertyKey$BooleanWithDefault$Companion
instanceKlass com/android/build/gradle/internal/dsl/ModulePropertyKey
instanceKlass com/android/build/gradle/internal/core/dsl/ComponentDslInfo$DslDefinedHostTest
instanceKlass com/android/build/api/variant/impl/HostTestBuilderImpl$Companion
instanceKlass com/android/build/api/variant/impl/HostTestBuilderImpl
instanceKlass com/android/build/api/variant/impl/ApplicationAndroidResourcesBuilderImpl
instanceKlass com/android/build/gradle/internal/core/dsl/ComponentDslInfo$DslDefinedDeviceTest
instanceKlass com/android/build/api/variant/impl/DeviceTestBuilderImpl$Companion
instanceKlass com/android/build/gradle/internal/core/dsl/impl/features/DexingDslInfoImpl
instanceKlass com/android/build/gradle/internal/core/dsl/features/DexingDslInfo
instanceKlass com/android/build/gradle/internal/core/dsl/impl/features/OptimizationDslInfoImpl$postProcessingOptions$2$1
instanceKlass com/android/build/gradle/internal/core/PostProcessingOptions
instanceKlass com/android/build/gradle/internal/ProguardFilesProvider
instanceKlass com/android/build/gradle/internal/core/MergedOptimization
instanceKlass com/android/build/api/component/impl/features/CommonOptimizationDslInfoImpl
instanceKlass com/android/build/gradle/internal/core/dsl/features/OptimizationDslInfo
instanceKlass com/android/build/gradle/internal/profile/ProfilingMode$Companion
instanceKlass com/android/build/gradle/internal/core/dsl/impl/features/RenderscriptDslInfoImpl
instanceKlass com/android/build/gradle/internal/core/dsl/features/RenderscriptDslInfo
instanceKlass com/google/common/collect/Lists$ReverseList$1
instanceKlass com/android/builder/core/DefaultApiVersion
instanceKlass com/android/build/gradle/internal/core/dsl/impl/VariantDslInfoImpl$initApplicationId$2
instanceKlass  @bci kotlin/sequences/SequencesKt___SequencesJvmKt filterIsInstance (Lkotlin/sequences/Sequence;Ljava/lang/Class;)Lkotlin/sequences/Sequence; 14 <appendix> member <vmtarget> ; # kotlin/sequences/SequencesKt___SequencesJvmKt$$Lambda+0x000001ae81d07b60
instanceKlass com/android/build/gradle/internal/core/MergedFlavor$Companion
instanceKlass com/android/build/gradle/internal/core/InternalBaseVariant$MergedFlavor
instanceKlass com/android/build/api/annotations/ReplacedByIncubating
instanceKlass com/android/build/api/variant/TestSuiteBuilder
instanceKlass com/android/build/api/variant/impl/DeviceTestBuilderImpl
instanceKlass com/android/build/api/variant/impl/MutableAndroidVersion
instanceKlass com/android/build/api/variant/AndroidVersion
instanceKlass com/android/build/api/variant/HostTestBuilder
instanceKlass com/android/build/api/variant/DependenciesInfoBuilder
instanceKlass com/android/build/api/variant/ApplicationAndroidResourcesBuilder
instanceKlass com/android/build/api/variant/AndroidResourcesBuilder
instanceKlass com/android/build/api/variant/AndroidTestBuilder
instanceKlass com/android/build/api/variant/DeviceTestBuilder
instanceKlass com/android/build/api/variant/GeneratesTestApkBuilder
instanceKlass com/android/build/api/component/impl/ComponentBuilderImpl
instanceKlass com/android/build/api/variant/impl/InternalVariantBuilder
instanceKlass com/android/build/gradle/internal/core/MergedJavaCompileOptions
instanceKlass com/android/build/gradle/internal/core/MergedOptions
instanceKlass com/android/build/gradle/internal/core/dsl/impl/ComponentDslInfoImpl
instanceKlass com/android/build/gradle/internal/publishing/VariantPublishingInfo
instanceKlass com/android/build/gradle/internal/utils/PublishingUtils
instanceKlass com/android/build/gradle/internal/core/dsl/impl/DslInfoUtilsKt
instanceKlass com/android/build/api/component/impl/ComponentIdentityImpl
instanceKlass com/android/build/gradle/internal/manifest/LazyManifestParser$manifestData$2
instanceKlass  @bci com/android/build/gradle/internal/manifest/ManifestValueSource$Params_Decorated $gradleInit ()V 1 <appendix> member <vmtarget> ; # com/android/build/gradle/internal/manifest/ManifestValueSource$Params_Decorated$$Lambda+0x000001ae81dab6b8
instanceKlass com/android/build/gradle/internal/manifest/ManifestValueSource$Params_Decorated
instanceKlass com/android/build/gradle/internal/manifest/ManifestValueSource$Params
instanceKlass com/android/build/gradle/internal/manifest/LazyManifestParser$manifestData$1
instanceKlass com/android/build/gradle/internal/manifest/ManifestValueSource
instanceKlass com/android/build/gradle/internal/manifest/LazyManifestParser
instanceKlass com/android/build/gradle/internal/manifest/ManifestDataProvider
instanceKlass com/android/build/gradle/internal/VariantManager$getLazyManifestParser$1
instanceKlass com/android/build/gradle/internal/core/dsl/impl/DslInfoBuilder$Companion
instanceKlass com/android/build/gradle/internal/core/dsl/impl/DslInfoBuilder
instanceKlass com/android/build/api/variant/impl/GlobalVariantBuilderConfigImpl
instanceKlass com/android/build/api/variant/impl/GlobalVariantBuilderConfig
instanceKlass com/android/build/gradle/internal/variant/DimensionCombinationImpl
instanceKlass com/android/build/gradle/internal/variant/DimensionCombinator$Companion
instanceKlass com/android/build/gradle/internal/variant/DimensionCombinator
instanceKlass com/android/build/api/dsl/LibraryBuildFeatures
instanceKlass com/android/build/gradle/internal/scope/BuildFeatureValuesImpl
instanceKlass com/android/build/gradle/internal/scope/BuildFeatureValues
instanceKlass com/google/wireless/android/sdk/stats/GradleBuildSplits$2
instanceKlass com/google/wireless/android/sdk/stats/GradleBuildSplits$1
instanceKlass com/android/build/gradle/internal/plugins/DslContainerProvider$lock$6
instanceKlass com/android/build/gradle/internal/plugins/DslContainerProvider$lock$5
instanceKlass com/android/build/gradle/internal/plugins/DslContainerProvider$lock$4
instanceKlass com/android/build/gradle/internal/plugins/DslContainerProvider$lock$3
instanceKlass com/android/build/gradle/internal/plugins/DslContainerProvider$lock$2
instanceKlass com/android/build/gradle/internal/plugins/DslContainerProvider$lock$1
instanceKlass com/android/build/gradle/internal/plugins/BasePlugin$createAndroidTasks$1
instanceKlass com/android/build/gradle/tasks/JavaCompileUtils
instanceKlass com/flutter/gradle/FlutterPluginUtils$detectLowCompileSdkVersionOrNdkVersion$1$1
instanceKlass com/android/build/gradle/internal/plugins/BasePlugin$createTasks$2$1
instanceKlass org/gradle/kotlin/dsl/Accessors2dzwyo3k9p4muw7j0lci6b6puKt
instanceKlass Build_gradle$3
instanceKlass org/gradle/kotlin/dsl/PropertyExtensionsKt
instanceKlass  @bci Build_gradle$2 execute (Lorg/jetbrains/kotlin/gradle/dsl/KotlinAndroidProjectExtension;)V 7 <appendix> argL0 ; # Build_gradle$2$$Lambda+0x000001ae81da14b0
instanceKlass org/gradle/kotlin/dsl/Accessors2sci8yewa96g0fyfhouaecr70Kt
instanceKlass Build_gradle$2
instanceKlass com/android/build/gradle/internal/dsl/ApplicationExtensionImpl$sam$org_gradle_api_Action$0
instanceKlass  @bci Build_gradle$1 execute$lambda$2 (Lcom/android/build/gradle/internal/dsl/BaseAppModuleExtension;Lorg/gradle/api/NamedDomainObjectContainer;)Lkotlin/Unit; 9 <appendix> member <vmtarget> ; # Build_gradle$1$$Lambda+0x000001ae81da0e60
instanceKlass  @bci Build_gradle$1 execute (Lcom/android/build/gradle/internal/dsl/BaseAppModuleExtension;)V 77 <appendix> member <vmtarget> ; # Build_gradle$1$$Lambda+0x000001ae81da0c38
instanceKlass com/android/build/gradle/internal/dsl/TargetSdkVersionImpl
instanceKlass  @bci com/android/build/gradle/internal/dsl/TargetSdkSpecImpl$AgpDecorated_Decorated $gradleInit ()V 1 <appendix> member <vmtarget> ; # com/android/build/gradle/internal/dsl/TargetSdkSpecImpl$AgpDecorated_Decorated$$Lambda+0x000001ae81da6978
instanceKlass com/android/build/gradle/internal/dsl/MinSdkVersionImpl
instanceKlass  @bci com/android/build/gradle/internal/dsl/MinSdkSpecImpl$AgpDecorated_Decorated $gradleInit ()V 1 <appendix> member <vmtarget> ; # com/android/build/gradle/internal/dsl/MinSdkSpecImpl$AgpDecorated_Decorated$$Lambda+0x000001ae81da5a40
instanceKlass  @bci Build_gradle$1 execute (Lcom/android/build/gradle/internal/dsl/BaseAppModuleExtension;)V 67 <appendix> member <vmtarget> ; # Build_gradle$1$$Lambda+0x000001ae81da0a10
instanceKlass  @bci Build_gradle$1 execute (Lcom/android/build/gradle/internal/dsl/BaseAppModuleExtension;)V 54 <appendix> argL0 ; # Build_gradle$1$$Lambda+0x000001ae81da07f0
instanceKlass com/android/build/gradle/internal/dsl/CompileSdkVersionImpl
instanceKlass  @bci com/android/build/gradle/internal/dsl/CompileSdkSpecImpl$AgpDecorated_Decorated $gradleInit ()V 1 <appendix> member <vmtarget> ; # com/android/build/gradle/internal/dsl/CompileSdkSpecImpl$AgpDecorated_Decorated$$Lambda+0x000001ae81da4af0
instanceKlass com/android/build/api/dsl/CompileSdkReleaseSpec
instanceKlass org/gradle/kotlin/dsl/accessors/runtime/RuntimeKt
instanceKlass com/android/build/gradle/internal/utils/SdkUtilsKt
instanceKlass org/gradle/kotlin/dsl/Accessors7un1k8mtklqdc1zhu0wdlzdjiKt
instanceKlass Build_gradle$1
instanceKlass com/android/build/gradle/internal/tasks/BuildAnalyzer
instanceKlass  @bci com/android/build/gradle/internal/cxx/configure/CxxConfigurationFolding$buildTaskNameOf$1 apply (Lkotlin/Pair;)Ljava/lang/String; 47 <appendix> form vmentry <vmtarget> ; # java/lang/invoke/LambdaForm$MH+0x000001ae81d9b800
# instanceKlass java/lang/invoke/LambdaForm$MH+0x000001ae81d9b400
instanceKlass  @bci com/android/build/gradle/internal/cxx/configure/CxxConfigurationFolding$buildTaskNameOf$1 apply (Lkotlin/Pair;)Ljava/lang/String; 47 <appendix> argL3 form vmentry <vmtarget> ; # java/lang/invoke/LambdaForm$MH+0x000001ae81d9b000
# instanceKlass java/lang/invoke/LambdaForm$MH+0x000001ae81d9ac00
# instanceKlass java/lang/invoke/LambdaForm$MH+0x000001ae81d9a800
# instanceKlass java/lang/invoke/LambdaForm$MH+0x000001ae81d9a400
# instanceKlass java/lang/invoke/LambdaForm$MH+0x000001ae81d9a000
instanceKlass  @bci com/android/build/gradle/internal/cxx/configure/CxxConfigurationFolding$buildTaskNameOf$1 apply (Lkotlin/Pair;)Ljava/lang/String; 47 <appendix> argL1 form vmentry <vmtarget> ; # java/lang/invoke/LambdaForm$MH+0x000001ae81d99c00
# instanceKlass java/lang/invoke/LambdaForm$MH+0x000001ae81d99800
# instanceKlass java/lang/invoke/LambdaForm$MH+0x000001ae81d99400
# instanceKlass java/lang/invoke/LambdaForm$MH+0x000001ae81d99000
instanceKlass com/flutter/gradle/FlutterPlugin$apply$6
instanceKlass com/google/common/base/Joiner
instanceKlass com/android/utils/FileUtils
instanceKlass com/google/common/collect/AbstractMapBasedMultimap$Itr
instanceKlass com/google/common/collect/SetMultimap
instanceKlass com/android/build/gradle/internal/dsl/ValidationUtilKt
instanceKlass com/android/build/api/dsl/HasInitWith
instanceKlass com/android/build/gradle/internal/dsl/InitWithUtilKt
instanceKlass com/flutter/gradle/FlutterPlugin$apply$5
instanceKlass com/flutter/gradle/BaseApplicationNameHandler
instanceKlass org/jetbrains/kotlin/gradle/plugin/KotlinJvmFactory
instanceKlass com/android/build/gradle/internal/utils/KgpUtils
instanceKlass  @bci com/flutter/gradle/DependencyVersionChecker configureMinSdkCheck (Lorg/gradle/api/Project;)V 35 <appendix> member <vmtarget> ; # com/flutter/gradle/DependencyVersionChecker$$Lambda+0x000001ae81d9c208
instanceKlass com/flutter/gradle/Version$Companion
instanceKlass com/flutter/gradle/Version
instanceKlass com/flutter/gradle/DependencyVersionChecker
instanceKlass com/flutter/gradle/AgpCommonExtensionWrapper
# instanceKlass java/lang/invoke/LambdaForm$MH+0x000001ae81d98c00
# instanceKlass java/lang/invoke/LambdaForm$MH+0x000001ae81d98800
# instanceKlass java/lang/invoke/LambdaForm$MH+0x000001ae81d98400
# instanceKlass java/lang/invoke/LambdaForm$MH+0x000001ae81d98000
# instanceKlass java/lang/invoke/LambdaForm$MH+0x000001ae81d90c00
# instanceKlass java/lang/invoke/LambdaForm$MH+0x000001ae81d90800
instanceKlass org/jetbrains/kotlin/gradle/utils/WhenEvaluatedKt$whenEvaluated$4
instanceKlass org/jetbrains/kotlin/gradle/utils/WhenEvaluatedKt$whenEvaluated$afterAndroidDispatchQueue$1$1$1
# instanceKlass java/lang/invoke/LambdaForm$MH+0x000001ae81d90400
instanceKlass org/jetbrains/kotlin/tooling/core/KotlinToolingVersion
instanceKlass org/jetbrains/kotlin/tooling/core/KotlinToolingVersionKt
instanceKlass org/jetbrains/kotlin/gradle/plugin/abi/internal/ConfigsKt
instanceKlass org/jetbrains/kotlin/gradle/plugin/statistics/KotlinSourceSetMetrics
instanceKlass org/jetbrains/kotlin/gradle/plugin/statistics/FusMetrics
instanceKlass org/jetbrains/kotlin/gradle/targets/native/internal/CommonizerTasksKt
instanceKlass org/jetbrains/kotlin/gradle/internal/StdlibDependencyManagementKt$configureStdlibVersionAlignment$1$1
instanceKlass org/jetbrains/kotlin/gradle/internal/StdlibDependencyManagementKt$configureStdlibVersionAlignment$1
instanceKlass org/jetbrains/kotlin/gradle/internal/KotlinDependenciesManagementKt$configureDefaultVersionsResolutionStrategy$1$1
instanceKlass org/jetbrains/kotlin/gradle/internal/KotlinDependenciesManagementKt$configureDefaultVersionsResolutionStrategy$1
instanceKlass org/jetbrains/kotlin/gradle/internal/KotlinDomApiDependencyManagementKt$addKotlinDomApiDependency$1
instanceKlass org/jetbrains/kotlin/gradle/internal/KotlinDomApiDependencyManagementKt
instanceKlass org/jetbrains/kotlin/gradle/internal/KotlinTestDependencyManagementKt$configureKotlinTestDependency$3
instanceKlass org/jetbrains/kotlin/gradle/internal/KotlinTestDependencyManagementKt
instanceKlass org/jetbrains/kotlin/gradle/internal/StdlibDependencyManagementKt$addStdlibDependency$1
instanceKlass org/jetbrains/kotlin/gradle/utils/KotlinExtensionUtilsKt
instanceKlass org/jetbrains/kotlin/gradle/targets/js/npm/SemVer$Companion
instanceKlass org/jetbrains/kotlin/gradle/targets/js/npm/SemVer
instanceKlass org/jetbrains/kotlin/gradle/internal/StdlibDependencyManagementKt
instanceKlass org/jetbrains/kotlin/gradle/utils/ProviderApiUtilsKt$providerWithLazyConvention$1
instanceKlass org/jetbrains/kotlin/gradle/plugin/diagnostics/KotlinToolingDiagnosticsSetupActionKt$KotlinToolingDiagnosticsSetupAction$1$3
instanceKlass org/jetbrains/kotlin/gradle/plugin/diagnostics/CheckKotlinGradlePluginConfigurationErrorsKt$addDependsOnFromTasksThatShouldFailWhenErrorsReported$1
instanceKlass org/jetbrains/kotlin/gradle/plugin/diagnostics/CheckKotlinGradlePluginConfigurationErrorsKt$locateOrRegisterCheckKotlinGradlePluginErrorsTask$taskProvider$1
instanceKlass org/jetbrains/kotlin/gradle/plugin/diagnostics/CheckKotlinGradlePluginConfigurationErrorsKt
instanceKlass org/jetbrains/kotlin/gradle/plugin/diagnostics/checkers/KmpPartiallyResolvedDependenciesCheckerKt
instanceKlass org/jetbrains/kotlin/gradle/internal/properties/NativePropertiesLoader$konanDataDirProperty$1$1
instanceKlass org/jetbrains/kotlin/gradle/utils/PluginManagerUtilsKt$isPluginApplied$2
instanceKlass org/jetbrains/kotlin/gradle/utils/PluginManagerUtilsKt
instanceKlass  @bci org/jetbrains/kotlin/gradle/plugin/diagnostics/checkers/OverriddenKotlinNativeHomeChecker$StdlibExistenceCheckerValueSource$Inject_ $gradleInit ()V 1 <appendix> member <vmtarget> ; # org/jetbrains/kotlin/gradle/plugin/diagnostics/checkers/OverriddenKotlinNativeHomeChecker$StdlibExistenceCheckerValueSource$Inject_$$Lambda+0x000001ae81d8e688
instanceKlass org/jetbrains/kotlin/gradle/plugin/diagnostics/checkers/OverriddenKotlinNativeHomeChecker$StdlibExistenceCheckerValueSource$Companion
instanceKlass  @bci org/jetbrains/kotlin/gradle/plugin/diagnostics/checkers/OverriddenKotlinNativeHomeChecker$StdlibExistenceCheckerValueSource$Params$Inject_ $gradleInit ()V 1 <appendix> member <vmtarget> ; # org/jetbrains/kotlin/gradle/plugin/diagnostics/checkers/OverriddenKotlinNativeHomeChecker$StdlibExistenceCheckerValueSource$Params$Inject_$$Lambda+0x000001ae81d8df20
instanceKlass org/jetbrains/kotlin/gradle/plugin/diagnostics/checkers/OverriddenKotlinNativeHomeChecker$StdlibExistenceCheckerValueSource$Params$Inject_
instanceKlass org/jetbrains/kotlin/gradle/internal/properties/PropertiesBuildServiceKt$propertyWithDeprecatedName$1
instanceKlass org/jetbrains/kotlin/gradle/internal/properties/NativeProperties$Companion
instanceKlass org/jetbrains/kotlin/gradle/plugin/diagnostics/checkers/OverriddenKotlinNativeHomeChecker$allKonanMainSubdirectoriesExist$1$1
instanceKlass  @bci org/jetbrains/kotlin/gradle/plugin/diagnostics/checkers/OverriddenKotlinNativeHomeChecker$StdlibExistenceCheckerValueSource$Params_Decorated $gradleInit ()V 1 <appendix> member <vmtarget> ; # org/jetbrains/kotlin/gradle/plugin/diagnostics/checkers/OverriddenKotlinNativeHomeChecker$StdlibExistenceCheckerValueSource$Params_Decorated$$Lambda+0x000001ae81d8d138
instanceKlass org/jetbrains/kotlin/gradle/plugin/diagnostics/checkers/OverriddenKotlinNativeHomeChecker$StdlibExistenceCheckerValueSource$Params_Decorated
instanceKlass org/jetbrains/kotlin/gradle/plugin/diagnostics/checkers/OverriddenKotlinNativeHomeChecker$StdlibExistenceCheckerValueSource$Params
instanceKlass org/jetbrains/kotlin/gradle/plugin/diagnostics/checkers/OverriddenKotlinNativeHomeChecker$allKonanMainSubdirectoriesExist$1
instanceKlass org/jetbrains/kotlin/gradle/plugin/diagnostics/checkers/OverriddenKotlinNativeHomeChecker$StdlibExistenceCheckerValueSource
instanceKlass org/jetbrains/kotlin/gradle/targets/js/dsl/KotlinWasmSubTargetContainerDsl
instanceKlass org/jetbrains/kotlin/gradle/targets/js/dsl/KotlinJsSubTargetContainerDsl
instanceKlass org/jetbrains/kotlin/gradle/targets/js/dsl/KotlinWasmWasiTargetDsl
instanceKlass org/jetbrains/kotlin/gradle/targets/js/dsl/KotlinWasmJsTargetDsl
instanceKlass org/jetbrains/kotlin/gradle/targets/js/dsl/KotlinWasmTargetDsl
instanceKlass org/jetbrains/kotlin/gradle/targets/js/dsl/KotlinJsTargetDsl
instanceKlass org/jetbrains/kotlin/gradle/plugin/mpp/HasBinaries
instanceKlass org/jetbrains/kotlin/gradle/targets/js/dsl/KotlinTargetWithNodeJsDsl
instanceKlass org/jetbrains/kotlin/gradle/plugin/KotlinTargetWithTests
instanceKlass org/jetbrains/kotlin/gradle/dsl/PlatformSourceSetConventionsChecker$CheckedPlatformInfo
instanceKlass org/jetbrains/kotlin/gradle/plugin/KotlinPluginLifecycleImplKt
instanceKlass org/jetbrains/kotlin/gradle/plugin/KotlinPluginLifecycleImpl$WhenMappings
instanceKlass org/jetbrains/kotlin/gradle/plugin/KotlinPluginLifecycleCoroutineContextElement$Key
instanceKlass org/jetbrains/kotlin/gradle/plugin/KotlinPluginLifecycleCoroutineContextElement
instanceKlass org/jetbrains/kotlin/gradle/plugin/KotlinPluginLifecycleImpl$launch$coroutine$1
instanceKlass org/jetbrains/kotlin/gradle/plugin/diagnostics/KotlinGradleProjectCheckerContext
instanceKlass org/jetbrains/kotlin/gradle/plugin/diagnostics/KotlinGradleProjectCheckersRunnerKt
instanceKlass org/jetbrains/kotlin/gradle/plugin/diagnostics/KotlinToolingDiagnosticsSetupActionKt$KotlinToolingDiagnosticsSetupAction$1$1
instanceKlass org/jetbrains/kotlin/gradle/plugin/diagnostics/UsesKotlinToolingDiagnostics
instanceKlass org/jetbrains/kotlin/gradle/plugin/diagnostics/KotlinToolingDiagnosticsSetupActionKt$KotlinToolingDiagnosticsSetupAction$1$reporterProvider$2
instanceKlass org/jetbrains/kotlin/gradle/plugin/diagnostics/KotlinToolingDiagnosticsSetupActionKt$KotlinToolingDiagnosticsSetupAction$1$reporterProvider$1
instanceKlass org/jetbrains/kotlin/gradle/targets/js/npm/PeerNpmDependencyExtension
instanceKlass org/jetbrains/kotlin/gradle/targets/js/npm/DevNpmDependencyExtension
instanceKlass org/jetbrains/kotlin/gradle/targets/js/npm/NpmDependency
instanceKlass org/jetbrains/kotlin/gradle/targets/js/npm/NpmDependencyExtension
instanceKlass org/jetbrains/kotlin/gradle/targets/js/npm/NpmDirectoryDependencyWithExternalsExtension
instanceKlass org/jetbrains/kotlin/gradle/targets/js/npm/NpmDirectoryDependencyExtension
instanceKlass org/jetbrains/kotlin/gradle/targets/js/npm/NpmDependencyWithExternalsExtension
instanceKlass org/jetbrains/kotlin/gradle/targets/js/npm/BaseNpmDependencyExtension
instanceKlass org/jetbrains/kotlin/gradle/targets/js/npm/NpmDependencyExtensionKt$AddNpmDependencyExtensionProjectSetupAction$1$WhenMappings
instanceKlass org/jetbrains/kotlin/gradle/utils/IsAllGradleProjectsEvaluatedKt$RegisterIsAllGradleProjectsEvaluatedListener$1$1
instanceKlass org/jetbrains/kotlin/gradle/plugin/KotlinAndroidPlugin$Companion$dynamicallyApplyWhenAndroidPluginIsApplied$3
instanceKlass org/jetbrains/kotlin/gradle/plugin/AndroidProjectHandler$addAndroidUnitTestTasksAsDependenciesToAllTest$2
instanceKlass org/jetbrains/kotlin/gradle/plugin/AndroidProjectHandler$addAndroidUnitTestTasksAsDependenciesToAllTest$1
instanceKlass org/jetbrains/kotlin/gradle/testing/internal/KotlinTestsRegistryKt
instanceKlass org/jetbrains/kotlin/gradle/tooling/IncludeKotlinToolingMetadataInApkKt$includeKotlinToolingMetadataInApk$1$1
instanceKlass org/jetbrains/kotlin/gradle/tasks/TasksProviderKt$sam$org_gradle_api_Action$0
instanceKlass org/jetbrains/kotlin/gradle/tasks/TasksProviderKt
instanceKlass org/jetbrains/kotlin/gradle/tooling/IncludeKotlinToolingMetadataInApkKt$includeKotlinToolingMetadataInApk$1
instanceKlass org/jetbrains/kotlin/gradle/tooling/IncludeKotlinToolingMetadataInApkKt
instanceKlass org/gradle/api/internal/plugins/DefaultPluginContainer$1
instanceKlass kotlin/sequences/FilteringSequence$iterator$1
instanceKlass kotlin/sequences/FilteringSequence
instanceKlass  @bci kotlin/sequences/SequencesKt___SequencesKt filterNotNull (Lkotlin/sequences/Sequence;)Lkotlin/sequences/Sequence; 7 <appendix> argL0 ; # kotlin/sequences/SequencesKt___SequencesKt$$Lambda+0x000001ae81d06e28
instanceKlass org/jetbrains/kotlin/gradle/utils/ForEachAndroidVariantKt$sam$org_gradle_api_Action$0
instanceKlass org/jetbrains/kotlin/gradle/utils/ForEachAndroidVariantKt
instanceKlass org/jetbrains/kotlin/gradle/plugin/sources/android/configurator/KotlinAndroidJavaSourceDirConfigurator$configure$1
instanceKlass org/jetbrains/kotlin/gradle/plugin/sources/android/configurator/Agp7AddKotlinSourcesToAndroidSourceSetConfigurator$configure$1
instanceKlass org/jetbrains/kotlin/gradle/plugin/internal/CompatibilityConventionRegistrarKt
instanceKlass org/jetbrains/kotlin/gradle/internal/Kapt3GradleSubplugin$Kapt3SubpluginContext
instanceKlass org/jetbrains/kotlin/gradle/internal/Kapt3GradleSubplugin$Companion
instanceKlass org/jetbrains/kotlin/gradle/internal/Kapt3GradleSubplugin
instanceKlass org/jetbrains/kotlin/gradle/plugin/KotlinCompilerPluginSupportPlugin
instanceKlass org/jetbrains/kotlin/gradle/plugin/sources/android/configurator/KotlinAndroidSourceSetConfigurator$DefaultImpls
instanceKlass org/jetbrains/kotlin/gradle/plugin/sources/android/KotlinAndroidSourceSetInfo
instanceKlass org/jetbrains/kotlin/gradle/plugin/sources/android/KotlinAndroidSourceSetInfoKt
instanceKlass  @bci org/jetbrains/kotlin/gradle/plugin/sources/DefaultKotlinSourceSet_Decorated $gradleInit ()V 1 <appendix> member <vmtarget> ; # org/jetbrains/kotlin/gradle/plugin/sources/DefaultKotlinSourceSet_Decorated$$Lambda+0x000001ae81d784e8
instanceKlass org/jetbrains/kotlin/gradle/plugin/sources/DefaultLanguageSettingsBuilder
instanceKlass org/jetbrains/kotlin/gradle/plugin/sources/ConsistencyCheck
instanceKlass org/jetbrains/kotlin/gradle/dsl/KotlinVersion$Companion
instanceKlass org/jetbrains/kotlin/gradle/plugin/sources/FragmentConsistencyChecks
instanceKlass org/jetbrains/kotlin/gradle/plugin/sources/FragmentConsistencyChecker
instanceKlass org/jetbrains/kotlin/gradle/plugin/sources/DefaultKotlinSourceSetKt
instanceKlass org/jetbrains/kotlin/gradle/plugin/KotlinSourceSet$Companion
instanceKlass org/jetbrains/kotlin/gradle/utils/MutableObservableSetImpl
instanceKlass org/jetbrains/kotlin/gradle/utils/MutableObservableSet
instanceKlass org/jetbrains/kotlin/gradle/utils/ObservableSet
instanceKlass org/jetbrains/kotlin/gradle/plugin/LanguageSettingsBuilder
instanceKlass org/jetbrains/kotlin/project/model/LanguageSettings
instanceKlass org/jetbrains/kotlin/gradle/plugin/sources/AbstractKotlinSourceSet
instanceKlass org/jetbrains/kotlin/gradle/plugin/sources/InternalKotlinSourceSet
instanceKlass org/jetbrains/kotlin/gradle/utils/ObjectCollectionExtKt$sam$org_gradle_api_Action$0
instanceKlass org/jetbrains/kotlin/gradle/utils/ObjectCollectionExtKt
instanceKlass java/lang/StackTraceElement$HashedModules
instanceKlass org/jetbrains/kotlin/gradle/plugin/diagnostics/IsCalledOutsideKotlinOrAndroidPluginsKt
instanceKlass org/jetbrains/kotlin/util/capitalizeDecapitalize/CapitalizeDecapitalizeKt
instanceKlass org/jetbrains/kotlin/gradle/utils/StringUtilsKt
instanceKlass org/jetbrains/kotlin/gradle/plugin/sources/android/AndroidVariantTypeKt
instanceKlass org/jetbrains/kotlin/gradle/plugin/sources/android/AndroidBaseSourceSetName$Companion
instanceKlass org/jetbrains/kotlin/gradle/plugin/sources/android/AndroidBaseSourceSetName
instanceKlass org/jetbrains/kotlin/gradle/plugin/sources/android/KotlinAndroidSourceSets$applyKotlinAndroidSourceSetLayout$2
instanceKlass org/jetbrains/kotlin/gradle/utils/FailuresKt$ideaSyncClasspathModeUtil$1
instanceKlass org/jetbrains/kotlin/gradle/utils/FailuresKt
instanceKlass org/jetbrains/kotlin/gradle/plugin/sources/android/KotlinAndroidSourceSetFactory$Companion
instanceKlass org/jetbrains/kotlin/gradle/plugin/sources/android/KotlinAndroidSourceSetFactory
instanceKlass org/jetbrains/kotlin/gradle/utils/AndroidExtensionUitlsKt
instanceKlass org/jetbrains/kotlin/gradle/plugin/sources/android/checker/MultiplatformLayoutV2AndroidStyleSourceDirUsageChecker
instanceKlass org/jetbrains/kotlin/gradle/plugin/sources/android/checker/MultiplatformLayoutV2AgpRequirementChecker
instanceKlass org/jetbrains/kotlin/gradle/plugin/sources/android/configurator/MultiplatformLayoutV2DefaultManifestLocationConfigurator
instanceKlass org/jetbrains/kotlin/gradle/plugin/sources/android/configurator/MultiplatformLayoutV2SourceDirConfigurator
instanceKlass org/jetbrains/kotlin/gradle/plugin/sources/android/configurator/MultiplatformLayoutV2DependsOnConfigurator
instanceKlass org/jetbrains/kotlin/gradle/plugin/sources/android/configurator/MultiplatformAndroidResourceDirConfigurator
instanceKlass org/jetbrains/kotlin/gradle/plugin/sources/android/MultiplatformLayoutV2KotlinAndroidSourceSetNaming
instanceKlass org/jetbrains/kotlin/gradle/plugin/sources/android/checker/CompositeKotlinAndroidSourceSetLayoutChecker
instanceKlass org/jetbrains/kotlin/gradle/plugin/sources/android/checker/KotlinAndroidSourceSetLayoutCheckerKt
instanceKlass org/jetbrains/kotlin/gradle/plugin/sources/android/checker/KotlinAndroidSourceSetLayoutChecker
instanceKlass org/jetbrains/kotlin/gradle/plugin/sources/android/configurator/CompositeKotlinAndroidSourceSetConfigurator
instanceKlass org/jetbrains/kotlin/gradle/plugin/sources/android/configurator/SingleTargetSourceDirConfigurator
instanceKlass org/jetbrains/kotlin/gradle/plugin/sources/android/configurator/KotlinAndroidJavaSourceDirConfigurator
instanceKlass org/jetbrains/kotlin/gradle/plugin/sources/android/configurator/KotlinAndroidSourceSetConfigurationWithCondition
instanceKlass org/jetbrains/kotlin/gradle/plugin/sources/android/configurator/KotlinAndroidSourceSetConfiguratorKt
instanceKlass org/jetbrains/kotlin/gradle/plugin/sources/android/configurator/Agp7AddKotlinSourcesToAndroidSourceSetConfigurator
instanceKlass org/jetbrains/kotlin/gradle/plugin/sources/android/configurator/GradleConventionAddKotlinSourcesToAndroidSourceSetConfigurator
instanceKlass org/jetbrains/kotlin/gradle/plugin/sources/android/configurator/AndroidKaptSourceSetConfigurator
instanceKlass org/jetbrains/kotlin/gradle/plugin/sources/android/configurator/KotlinAndroidSourceSetInfoConfigurator
instanceKlass org/jetbrains/kotlin/gradle/plugin/sources/android/configurator/KotlinAndroidSourceSetConfigurator
instanceKlass org/jetbrains/kotlin/gradle/plugin/sources/android/SingleTargetKotlinAndroidSourceSetNaming
instanceKlass org/jetbrains/kotlin/gradle/plugin/sources/android/KotlinAndroidSourceSetNaming
instanceKlass org/jetbrains/kotlin/gradle/plugin/sources/android/KotlinAndroidSourceSetLayout
instanceKlass org/jetbrains/kotlin/gradle/plugin/sources/android/KotlinAndroidSourceSetLayoutKt
instanceKlass org/jetbrains/kotlin/gradle/plugin/sources/android/KotlinAndroidSourceSetLayoutExtensionKt
instanceKlass org/jetbrains/kotlin/gradle/plugin/sources/android/KotlinAndroidSourceSets
instanceKlass org/jetbrains/kotlin/gradle/tasks/KotlinTasksProvider
instanceKlass org/jetbrains/kotlin/gradle/plugin/DeprecatedKotlinJvmOptions
instanceKlass org/jetbrains/kotlin/gradle/dsl/KotlinJvmOptions
instanceKlass org/jetbrains/kotlin/gradle/dsl/KotlinCommonOptions
instanceKlass org/jetbrains/kotlin/gradle/dsl/KotlinCommonToolOptions
instanceKlass org/jetbrains/kotlin/gradle/dsl/KotlinCommonCompilerToolOptionsHelper
instanceKlass org/jetbrains/kotlin/gradle/dsl/KotlinCommonCompilerOptionsHelper
instanceKlass org/jetbrains/kotlin/gradle/dsl/KotlinJvmCompilerOptionsHelper
instanceKlass org/jetbrains/kotlin/gradle/utils/KlibUtilsKt$jvmModuleName$1
instanceKlass org/jetbrains/kotlin/gradle/utils/KlibUtilsKt
instanceKlass org/jetbrains/kotlin/gradle/utils/ProjectExtensionsKt
instanceKlass org/jetbrains/kotlin/gradle/plugin/mpp/KotlinCompilationsKt
instanceKlass org/jetbrains/kotlin/gradle/plugin/KotlinJvmPlugin$Companion
instanceKlass org/jetbrains/kotlin/gradle/plugin/AbstractKotlinPlugin$Companion
instanceKlass org/jetbrains/kotlin/gradle/plugin/AbstractKotlinPlugin
instanceKlass  @bci org/jetbrains/kotlin/gradle/plugin/mpp/KotlinAndroidTarget_Decorated $gradleInit ()V 1 <appendix> member <vmtarget> ; # org/jetbrains/kotlin/gradle/plugin/mpp/KotlinAndroidTarget_Decorated$$Lambda+0x000001ae81d6a4c8
instanceKlass org/jetbrains/kotlin/gradle/tasks/DefaultKotlinJavaToolchain$Companion$wireJvmTargetToJvm$1
instanceKlass org/jetbrains/kotlin/gradle/tasks/DefaultKotlinJavaToolchain$Companion$wireJvmTargetToToolchain$1
instanceKlass org/jetbrains/kotlin/gradle/tasks/DefaultKotlinJavaToolchain$Companion$wireJvmTargetToToolchain$2
instanceKlass org/jetbrains/kotlin/gradle/tasks/DefaultKotlinJavaToolchain$Companion
instanceKlass org/jetbrains/kotlin/gradle/tasks/DefaultKotlinJavaToolchain
instanceKlass org/jetbrains/kotlin/gradle/tasks/KotlinJavaToolchain
instanceKlass org/jetbrains/kotlin/gradle/plugin/KotlinSourceSetTree$Companion
instanceKlass org/jetbrains/kotlin/gradle/plugin/KotlinSourceSetTree
instanceKlass org/jetbrains/kotlin/gradle/plugin/mpp/KotlinAndroidTargetVariantDslImpl
instanceKlass org/jetbrains/kotlin/gradle/plugin/mpp/DecoratedKotlinCompilation
instanceKlass org/jetbrains/kotlin/gradle/plugin/mpp/InternalKotlinCompilation
instanceKlass org/jetbrains/kotlin/gradle/plugin/KotlinCompilationToRunnableFiles
instanceKlass org/jetbrains/kotlin/gradle/InternalKotlinGradlePluginApi
instanceKlass org/jetbrains/kotlin/gradle/plugin/mpp/KotlinTargetSoftwareComponent
instanceKlass org/jetbrains/kotlin/gradle/plugin/mpp/HierarchyAttributeContainer
instanceKlass org/jetbrains/kotlin/gradle/plugin/mpp/InternalKotlinTargetComponent
instanceKlass org/jetbrains/kotlin/gradle/plugin/mpp/KotlinTargetComponentWithPublication
instanceKlass org/jetbrains/kotlin/gradle/plugin/KotlinTargetComponent
instanceKlass org/jetbrains/kotlin/gradle/plugin/KotlinTargetPreset
instanceKlass org/jetbrains/kotlin/gradle/plugin/mpp/DefaultKotlinUsageContext
instanceKlass org/jetbrains/kotlin/gradle/plugin/mpp/KotlinUsageContext
instanceKlass org/jetbrains/kotlin/gradle/targets/android/internal/InternalKotlinTargetPreset
instanceKlass org/jetbrains/kotlin/gradle/plugin/KotlinCompilation
instanceKlass org/jetbrains/kotlin/gradle/plugin/AndroidProjectHandler
instanceKlass org/jetbrains/kotlin/gradle/plugin/mpp/KotlinAndroidTargetVariantDsl
instanceKlass org/jetbrains/kotlin/gradle/plugin/mpp/KotlinAndroidTargetKt
instanceKlass org/jetbrains/kotlin/gradle/plugin/KotlinAndroidPlugin$Companion$dynamicallyApplyWhenAndroidPluginIsApplied$2$1
instanceKlass org/jetbrains/kotlin/gradle/utils/WhenEvaluatedKt$whenEvaluated$2
instanceKlass org/gradle/api/internal/plugins/DefaultAppliedPlugin
instanceKlass org/jetbrains/kotlin/gradle/utils/WhenEvaluatedKt
instanceKlass org/jetbrains/kotlin/gradle/plugin/KotlinPluginLifecycle$Stage$Companion
instanceKlass org/jetbrains/kotlin/gradle/plugin/KotlinPluginLifecycleImpl
instanceKlass org/jetbrains/kotlin/gradle/plugin/KotlinPluginLifecycle
instanceKlass org/jetbrains/kotlin/gradle/plugin/KotlinPluginLifecycleKt
instanceKlass org/jetbrains/kotlin/gradle/plugin/diagnostics/checkers/ConfigurationOnDemandSupportChecker
instanceKlass org/jetbrains/kotlin/gradle/plugin/diagnostics/checkers/TestApiDependenciesChecker
instanceKlass org/jetbrains/kotlin/gradle/plugin/diagnostics/checkers/KmpPartiallyResolvedDependenciesChecker
instanceKlass org/jetbrains/kotlin/gradle/plugin/diagnostics/checkers/KonanHomeConflictDeclarationChecker
instanceKlass org/jetbrains/kotlin/gradle/plugin/diagnostics/checkers/AndroidPublicationNotConfiguredChecker
instanceKlass org/jetbrains/kotlin/gradle/plugin/diagnostics/checkers/ComposePluginSuggestApplyChecker
instanceKlass org/jetbrains/kotlin/gradle/plugin/diagnostics/checkers/OverriddenKotlinNativeHomeChecker
instanceKlass  @bci kotlin/text/StringsKt__IndentKt getIndentFunction$StringsKt__IndentKt (Ljava/lang/String;)Lkotlin/jvm/functions/Function1; 21 <appendix> argL0 ; # kotlin/text/StringsKt__IndentKt$$Lambda+0x000001ae81d069b8
instanceKlass org/jetbrains/kotlin/konan/target/UtilsKt
instanceKlass org/jetbrains/kotlin/gradle/plugin/diagnostics/checkers/GradleDeprecatedPropertyChecker$DeprecatedProperty
instanceKlass org/jetbrains/kotlin/gradle/plugin/diagnostics/checkers/GradleDeprecatedPropertyChecker
instanceKlass org/jetbrains/kotlin/gradle/plugin/diagnostics/checkers/IncorrectCompileOnlyDependenciesChecker
instanceKlass org/jetbrains/kotlin/gradle/plugin/diagnostics/checkers/CInteropInputChecker
instanceKlass org/jetbrains/kotlin/gradle/plugin/diagnostics/checkers/DuplicateSourceSetChecker
instanceKlass org/jetbrains/kotlin/gradle/plugin/diagnostics/checkers/WasmSourceSetsNotFoundChecker
instanceKlass org/jetbrains/kotlin/gradle/plugin/diagnostics/checkers/InternalGradlePropertiesUsageChecker
instanceKlass org/jetbrains/kotlin/gradle/plugin/diagnostics/checkers/KotlinTargetAlreadyDeclaredChecker
instanceKlass org/jetbrains/kotlin/gradle/dsl/IosSourceSetConventionChecker
instanceKlass org/jetbrains/kotlin/gradle/dsl/AndroidMainSourceSetConventionsChecker
instanceKlass org/jetbrains/kotlin/gradle/dsl/PlatformSourceSetConventionsChecker
instanceKlass org/jetbrains/kotlin/gradle/plugin/diagnostics/checkers/KotlinSourceSetTreeDependsOnMismatchChecker
instanceKlass org/jetbrains/kotlin/gradle/plugin/diagnostics/checkers/ExperimentalTryNextUsageChecker
instanceKlass org/jetbrains/kotlin/gradle/plugin/diagnostics/checkers/PreHmppDependenciesUsageChecker
instanceKlass org/jetbrains/kotlin/gradle/plugin/diagnostics/checkers/JsLikeEnvironmentChecker
instanceKlass org/jetbrains/kotlin/gradle/plugin/diagnostics/checkers/DisabledNativeTargetsChecker
instanceKlass org/jetbrains/kotlin/gradle/plugin/diagnostics/checkers/DisabledCinteropCommonizationInHmppProjectChecker
instanceKlass org/jetbrains/kotlin/gradle/plugin/diagnostics/checkers/NoKotlinTargetsDeclaredChecker
instanceKlass org/jetbrains/kotlin/gradle/plugin/diagnostics/checkers/AndroidPluginWithoutAndroidTargetChecker
instanceKlass org/jetbrains/kotlin/gradle/plugin/diagnostics/checkers/UnusedSourceSetsChecker
instanceKlass org/jetbrains/kotlin/gradle/plugin/diagnostics/checkers/MissingNativeStdlibChecker
instanceKlass org/jetbrains/kotlin/gradle/plugin/diagnostics/checkers/DeprecatedKotlinNativeTargetsChecker
instanceKlass org/jetbrains/kotlin/gradle/plugin/diagnostics/checkers/CommonMainOrTestWithDependsOnChecker
instanceKlass org/jetbrains/kotlin/gradle/plugin/diagnostics/KotlinGradleProjectChecker$Companion
instanceKlass org/jetbrains/kotlin/gradle/plugin/diagnostics/KotlinGradleProjectChecker
instanceKlass org/jetbrains/kotlin/gradle/artifacts/KotlinNativeHostSpecificMetadataArtifactKt$KotlinNativeHostSpecificMetadataArtifact$1
instanceKlass org/jetbrains/kotlin/gradle/artifacts/KotlinNativeHostSpecificMetadataArtifactKt
instanceKlass org/jetbrains/kotlin/gradle/artifacts/KotlinNativeKlibArtifactKt$KotlinNativeKlibArtifact$1
instanceKlass org/jetbrains/kotlin/gradle/artifacts/KotlinNativeKlibArtifactKt
instanceKlass org/jetbrains/kotlin/gradle/artifacts/KotlinJsKlibArtifactKt$KotlinJsKlibArtifact$1
instanceKlass org/jetbrains/kotlin/gradle/artifacts/KotlinJsKlibArtifactKt
instanceKlass org/jetbrains/kotlin/gradle/artifacts/KotlinJvmJarArtifactKt$KotlinJvmJarArtifact$1
instanceKlass org/jetbrains/kotlin/gradle/artifacts/KotlinJvmJarArtifactKt
instanceKlass org/jetbrains/kotlin/gradle/artifacts/KotlinMetadataArtifactKt$KotlinMetadataArtifact$1
instanceKlass org/jetbrains/kotlin/gradle/artifacts/KotlinMetadataArtifactKt
instanceKlass org/jetbrains/kotlin/gradle/artifacts/KotlinTargetArtifact$Companion
instanceKlass org/jetbrains/kotlin/gradle/artifacts/KotlinTargetArtifact
instanceKlass org/jetbrains/kotlin/gradle/targets/wasm/WasmBinaryTransformRegisteringSetupActionKt$WasmBinaryTransformRegisteringSetupAction$1
instanceKlass org/jetbrains/kotlin/gradle/targets/wasm/WasmBinaryTransformRegisteringSetupActionKt
instanceKlass org/jetbrains/kotlin/gradle/targets/jvm/KotlinJvmCompilationWireJavaSourcesSideEffectKt$KotlinJvmCompilationWireJavaSourcesSideEffect$1
instanceKlass org/jetbrains/kotlin/gradle/targets/jvm/KotlinJvmCompilationWireJavaSourcesSideEffectKt
instanceKlass org/jetbrains/kotlin/gradle/plugin/mpp/compilationImpl/KotlinCreateCompilationArchiveTaskKt$KotlinCreateCompilationArchivesTask$1
instanceKlass org/jetbrains/kotlin/gradle/plugin/mpp/compilationImpl/KotlinCreateCompilationArchiveTaskKt$KotlinRegisterCompilationArchiveTasksExtension$1
instanceKlass org/jetbrains/kotlin/gradle/plugin/mpp/compilationImpl/KotlinCreateCompilationArchiveTaskKt
instanceKlass org/jetbrains/kotlin/gradle/plugin/mpp/compilationImpl/CreateCInteropTasksSideEffectKt$special$$inlined$KotlinCompilationSideEffect$1
instanceKlass org/jetbrains/kotlin/gradle/plugin/mpp/compilationImpl/CreateCInteropTasksSideEffectKt
instanceKlass org/jetbrains/kotlin/gradle/plugin/mpp/compilationImpl/KotlinCompilationProcessorSideEffectKt$KotlinCompilationProcessorSideEffect$1
instanceKlass org/jetbrains/kotlin/gradle/plugin/mpp/compilationImpl/KotlinCompilationProcessorSideEffectKt
instanceKlass org/jetbrains/kotlin/gradle/plugin/mpp/compilationImpl/KotlinCreateNativeCompileTasksSideEffectKt$special$$inlined$KotlinCompilationSideEffect$1
instanceKlass org/jetbrains/kotlin/gradle/plugin/mpp/compilationImpl/KotlinCreateNativeCompileTasksSideEffectKt
instanceKlass org/jetbrains/kotlin/gradle/plugin/mpp/compilationImpl/KotlinCreateLifecycleTasksSideEffectKt$KotlinCreateLifecycleTasksSideEffect$1
instanceKlass org/jetbrains/kotlin/gradle/plugin/mpp/compilationImpl/KotlinCreateLifecycleTasksSideEffectKt
instanceKlass org/jetbrains/kotlin/gradle/plugin/mpp/compilationImpl/KotlinCreateResourcesTaskSideEffectKt$KotlinCreateResourcesTaskSideEffect$1
instanceKlass org/jetbrains/kotlin/gradle/plugin/mpp/compilationImpl/KotlinCreateResourcesTaskSideEffectKt
instanceKlass org/jetbrains/kotlin/gradle/plugin/mpp/compilationImpl/KotlinCreateSourcesJarTaskSideEffectKt$KotlinCreateSourcesJarTaskSideEffect$1
instanceKlass org/jetbrains/kotlin/gradle/plugin/mpp/compilationImpl/KotlinCreateSourcesJarTaskSideEffectKt
instanceKlass org/jetbrains/kotlin/gradle/plugin/mpp/compilationImpl/KotlinCompilationSideEffect$Companion
instanceKlass org/jetbrains/kotlin/gradle/plugin/mpp/compilationImpl/KotlinCompilationSideEffect
instanceKlass org/jetbrains/kotlin/gradle/targets/wasm/WasmBinaryPreparationSetupActionKt$WasmBinaryPreparationSetupAction$1
instanceKlass org/jetbrains/kotlin/gradle/targets/wasm/WasmBinaryPreparationSetupActionKt
instanceKlass org/jetbrains/kotlin/gradle/targets/ConfigureNonPackedKlibConsumingSideEffectKt$ConfigureNonPackedKlibConsumingSideEffect$1
instanceKlass org/jetbrains/kotlin/gradle/targets/ConfigureNonPackedKlibConsumingSideEffectKt
instanceKlass org/jetbrains/kotlin/gradle/targets/CreateNonPackedKlibVariantsSideEffectKt$CreateNonPackedKlibVariantsSideEffect$1
instanceKlass org/jetbrains/kotlin/gradle/targets/CreateNonPackedKlibVariantsSideEffectKt
instanceKlass org/jetbrains/kotlin/gradle/targets/jvm/KotlinJvmTargetTestFixturesSideEffectKt$ConfigureJavaTestFixturesSideEffect$1
instanceKlass org/jetbrains/kotlin/gradle/targets/jvm/KotlinJvmTargetTestFixturesSideEffectKt
instanceKlass org/jetbrains/kotlin/gradle/targets/native/SetupEmbedAndSignAppleFrameworkTaskSideEffectKt$special$$inlined$KotlinTargetSideEffect$1
instanceKlass org/jetbrains/kotlin/gradle/targets/native/SetupEmbedAndSignAppleFrameworkTaskSideEffectKt
instanceKlass org/jetbrains/kotlin/gradle/targets/native/internal/CInteropConfigurationsKt$special$$inlined$KotlinTargetSideEffect$2
instanceKlass org/jetbrains/kotlin/gradle/targets/native/internal/CInteropConfigurationsKt$special$$inlined$KotlinTargetSideEffect$1
instanceKlass org/jetbrains/kotlin/gradle/targets/native/internal/CInteropConfigurationsKt
instanceKlass org/jetbrains/kotlin/gradle/targets/native/ConfigureFrameworkExportSideEffectKt$special$$inlined$KotlinTargetSideEffect$1
instanceKlass org/jetbrains/kotlin/gradle/targets/native/ConfigureFrameworkExportSideEffectKt
instanceKlass org/jetbrains/kotlin/gradle/targets/CreateDefaultTestRunSideEffectKt$special$$inlined$KotlinTargetSideEffect$1
instanceKlass org/jetbrains/kotlin/gradle/targets/CreateDefaultTestRunSideEffectKt
instanceKlass org/jetbrains/kotlin/gradle/targets/native/KotlinNativeConfigureBinariesSideEffectKt$special$$inlined$KotlinTargetSideEffect$1
instanceKlass org/jetbrains/kotlin/gradle/targets/native/KotlinNativeConfigureBinariesSideEffectKt
instanceKlass org/jetbrains/kotlin/gradle/targets/ConfigureBuildSideEffectKt$ConfigureBuildSideEffect$1
instanceKlass org/jetbrains/kotlin/gradle/targets/ConfigureBuildSideEffectKt
instanceKlass org/jetbrains/kotlin/gradle/targets/CreateArtifactsSideEffectKt$CreateArtifactsSideEffect$1
instanceKlass org/jetbrains/kotlin/gradle/targets/CreateArtifactsSideEffectKt
instanceKlass org/jetbrains/kotlin/gradle/targets/NativeForwardImplementationToApiElementsSideEffectKt$special$$inlined$KotlinTargetSideEffect$1
instanceKlass org/jetbrains/kotlin/gradle/targets/NativeForwardImplementationToApiElementsSideEffectKt
instanceKlass org/jetbrains/kotlin/gradle/targets/CreateTargetConfigurationsSideEffectKt$CreateTargetConfigurationsSideEffect$1
instanceKlass org/jetbrains/kotlin/gradle/targets/CreateTargetConfigurationsSideEffectKt
instanceKlass org/jetbrains/kotlin/gradle/targets/CreateDefaultCompilationsSideEffectKt$CreateDefaultCompilationsSideEffect$1
instanceKlass org/jetbrains/kotlin/gradle/targets/CreateDefaultCompilationsSideEffectKt
instanceKlass org/jetbrains/kotlin/gradle/targets/KotlinTargetSideEffect$Companion
instanceKlass org/jetbrains/kotlin/gradle/targets/KotlinTargetSideEffect
instanceKlass org/jetbrains/kotlin/gradle/dsl/KotlinJvmExtension
instanceKlass org/jetbrains/kotlin/gradle/plugin/abi/internal/AbiValidationActionKt
instanceKlass org/jetbrains/kotlin/gradle/plugin/statistics/FinalizeConfigurationFusMetricActionKt
instanceKlass org/jetbrains/kotlin/gradle/plugin/statistics/ConfigurationTimeFusMetricsCollectorActionKt
instanceKlass org/jetbrains/kotlin/gradle/targets/native/internal/AddKotlinPlatformIntegersSupportLibraryKt
instanceKlass org/jetbrains/kotlin/gradle/internal/KotlinDependenciesManagementKt$CustomizeKotlinDependenciesSetupAction$1
instanceKlass org/jetbrains/kotlin/gradle/internal/KotlinDependenciesManagementKt
instanceKlass org/jetbrains/kotlin/gradle/plugin/mpp/ApplyUserDefinedAttributesKt
instanceKlass org/jetbrains/kotlin/gradle/plugin/KotlinProjectSetupActionKt$KotlinProjectSetupCoroutine$1
instanceKlass org/jetbrains/kotlin/gradle/plugin/KotlinProjectSetupActionKt
instanceKlass org/jetbrains/kotlin/gradle/plugin/mpp/SyncLanguageSettingsWithKotlinExtensionSetupActionKt
instanceKlass org/jetbrains/kotlin/gradle/plugin/diagnostics/KotlinToolingDiagnosticsSetupActionKt$KotlinToolingDiagnosticsSetupAction$1
instanceKlass org/jetbrains/kotlin/gradle/plugin/diagnostics/KotlinToolingDiagnosticsSetupActionKt
instanceKlass org/jetbrains/kotlin/gradle/tooling/BuildKotlinToolingMetadataTaskKt$RegisterBuildKotlinToolingMetadataTask$1
instanceKlass org/jetbrains/kotlin/gradle/tooling/BuildKotlinToolingMetadataTaskKt
instanceKlass org/jetbrains/kotlin/gradle/targets/js/npm/NpmDependencyExtensionKt$AddNpmDependencyExtensionProjectSetupAction$1
instanceKlass org/jetbrains/kotlin/gradle/targets/js/npm/NpmDependencyExtensionKt
instanceKlass org/jetbrains/kotlin/gradle/utils/IsAllGradleProjectsEvaluatedKt$RegisterIsAllGradleProjectsEvaluatedListener$1
instanceKlass org/jetbrains/kotlin/gradle/utils/IsAllGradleProjectsEvaluatedKt
instanceKlass org/jetbrains/kotlin/gradle/plugin/KotlinGradlePluginExtensionPointInternal
instanceKlass org/jetbrains/kotlin/gradle/plugin/KotlinGradlePluginExtensionPoint
instanceKlass org/jetbrains/kotlin/gradle/plugin/KotlinGradlePluginExtensionPointInternalKt
instanceKlass org/jetbrains/kotlin/gradle/plugin/KotlinProjectSetupAction$Companion
instanceKlass org/jetbrains/kotlin/gradle/plugin/KotlinProjectSetupAction
instanceKlass org/jetbrains/kotlin/gradle/plugin/RegisterKotlinPluginExtensionsKt
instanceKlass org/jetbrains/kotlin/gradle/utils/WhenPluginEnabledKt$whenPluginsEnabled$1
instanceKlass org/jetbrains/kotlin/gradle/utils/WhenPluginEnabledKt
instanceKlass org/jetbrains/kotlin/gradle/plugin/ProjectLocalConfigurations$ProjectLocalDisambiguation
instanceKlass org/jetbrains/kotlin/gradle/plugin/ProjectLocalConfigurations$ProjectLocalCompatibility
instanceKlass org/jetbrains/kotlin/gradle/plugin/ProjectLocalConfigurations$setupAttributesMatchingStrategy$1$1
instanceKlass org/jetbrains/kotlin/gradle/plugin/ProjectLocalConfigurations
instanceKlass org/jetbrains/kotlin/gradle/plugin/mpp/KotlinUsages$KotlinMetadataDisambiguation
instanceKlass org/jetbrains/kotlin/gradle/plugin/mpp/KotlinUsages$KotlinMetadataCompatibility
instanceKlass org/jetbrains/kotlin/gradle/plugin/mpp/KotlinUsages$KotlinCinteropDisambiguation
instanceKlass org/jetbrains/kotlin/gradle/plugin/mpp/KotlinUsages$KotlinCinteropCompatibility
instanceKlass org/jetbrains/kotlin/gradle/plugin/mpp/KotlinUsages$KotlinUsagesDisambiguation
instanceKlass org/jetbrains/kotlin/gradle/plugin/mpp/KotlinUsages$KotlinUsagesCompatibility
instanceKlass org/jetbrains/kotlin/gradle/plugin/mpp/KotlinUsages$setupAttributesMatchingStrategy$1
instanceKlass org/jetbrains/kotlin/gradle/plugin/mpp/KotlinUsages
instanceKlass org/jetbrains/kotlin/gradle/plugin/KotlinPlatformType$DisambiguationRule
instanceKlass org/jetbrains/kotlin/gradle/plugin/KotlinPlatformType$CompatibilityRule
instanceKlass org/jetbrains/kotlin/gradle/plugin/KotlinPlatformType$Companion
instanceKlass org/jetbrains/kotlin/gradle/plugin/KotlinAndroidPlugin$Companion
instanceKlass org/jetbrains/kotlin/gradle/plugin/KotlinAndroidPlugin
instanceKlass org/jetbrains/kotlin/gradle/testing/internal/KotlinTestsRegistry$Companion
instanceKlass  @bci org/jetbrains/kotlin/gradle/dsl/KotlinAndroidProjectExtension_Decorated $gradleInit ()V 1 <appendix> member <vmtarget> ; # org/jetbrains/kotlin/gradle/dsl/KotlinAndroidProjectExtension_Decorated$$Lambda+0x000001ae81d48000
instanceKlass org/jetbrains/kotlin/gradle/utils/ProviderApiUtilsKt$mapOrNull$1
instanceKlass  @bci org/jetbrains/kotlin/gradle/dsl/KotlinJvmCompilerOptionsDefault_Decorated $gradleInit ()V 1 <appendix> member <vmtarget> ; # org/jetbrains/kotlin/gradle/dsl/KotlinJvmCompilerOptionsDefault_Decorated$$Lambda+0x000001ae81d45a08
instanceKlass org/jetbrains/kotlin/gradle/dsl/JvmTarget$Companion
instanceKlass org/jetbrains/kotlin/gradle/dsl/KotlinCommonCompilerToolOptionsDefault
instanceKlass org/jetbrains/kotlin/gradle/utils/CompilerOptionsKt
instanceKlass org/jetbrains/kotlin/gradle/utils/Completable
instanceKlass org/jetbrains/kotlin/gradle/utils/FutureImpl
instanceKlass org/jetbrains/kotlin/gradle/utils/FutureKt
instanceKlass  @bci org/jetbrains/kotlin/gradle/plugin/abi/internal/AbiValidationExtensionImpl_Decorated $gradleInit ()V 1 <appendix> member <vmtarget> ; # org/jetbrains/kotlin/gradle/plugin/abi/internal/AbiValidationExtensionImpl_Decorated$$Lambda+0x000001ae81d43ad0
instanceKlass  @bci org/jetbrains/kotlin/gradle/plugin/abi/internal/AbiFiltersSpecImpl_Decorated $gradleInit ()V 1 <appendix> member <vmtarget> ; # org/jetbrains/kotlin/gradle/plugin/abi/internal/AbiFiltersSpecImpl_Decorated$$Lambda+0x000001ae81d436b0
instanceKlass  @bci org/jetbrains/kotlin/gradle/dsl/abi/AbiFilterSetSpec_Decorated $gradleInit ()V 1 <appendix> member <vmtarget> ; # org/jetbrains/kotlin/gradle/dsl/abi/AbiFilterSetSpec_Decorated$$Lambda+0x000001ae81d43488
instanceKlass org/jetbrains/kotlin/gradle/dsl/abi/AbiFilterSetSpec_Decorated
instanceKlass org/jetbrains/kotlin/gradle/dsl/abi/AbiFilterSetSpec
instanceKlass org/jetbrains/kotlin/gradle/plugin/abi/internal/AbiFiltersSpecImpl
instanceKlass org/jetbrains/kotlin/gradle/plugin/abi/internal/AbiFiltersSpecImplKt
# instanceKlass java/lang/invoke/LambdaForm$MH+0x000001ae81d45000
# instanceKlass java/lang/invoke/LambdaForm$MH+0x000001ae81d44c00
# instanceKlass java/lang/invoke/LambdaForm$MH+0x000001ae81d44800
# instanceKlass java/lang/invoke/LambdaForm$MH+0x000001ae81d44400
# instanceKlass java/lang/invoke/LambdaForm$MH+0x000001ae81d44000
instanceKlass org/jetbrains/kotlin/gradle/dsl/abi/AbiValidationVariantSpec
instanceKlass org/jetbrains/kotlin/gradle/tasks/abi/KotlinLegacyAbiDumpTask
instanceKlass org/jetbrains/kotlin/gradle/tasks/abi/KotlinLegacyAbiCheckTask
instanceKlass org/jetbrains/kotlin/gradle/dsl/abi/AbiFiltersSpec
instanceKlass org/jetbrains/kotlin/gradle/dsl/abi/AbiValidationLegacyDumpExtension
instanceKlass org/jetbrains/kotlin/gradle/dsl/abi/AbiValidationKlibKindExtension
instanceKlass org/jetbrains/kotlin/gradle/plugin/abi/internal/AbiValidationExtensionKt
instanceKlass org/jetbrains/kotlin/gradle/utils/ProviderApiUtilsKt
instanceKlass  @bci org/jetbrains/kotlin/gradle/dsl/DefaultToolchainSupport_Decorated $gradleInit ()V 1 <appendix> member <vmtarget> ; # org/jetbrains/kotlin/gradle/dsl/DefaultToolchainSupport_Decorated$$Lambda+0x000001ae81d40c10
instanceKlass org/jetbrains/kotlin/gradle/dsl/DefaultToolchainSupport$wireToolchainToTasks$1$1
instanceKlass org/jetbrains/kotlin/gradle/tasks/UsesKotlinJavaToolchain
instanceKlass org/jetbrains/kotlin/gradle/dsl/DefaultToolchainSupport$wireToolchainToTasks$1
instanceKlass org/jetbrains/kotlin/gradle/dsl/DefaultToolchainSupport
instanceKlass org/jetbrains/kotlin/gradle/dsl/ToolchainSupport$Companion
instanceKlass org/jetbrains/kotlin/gradle/plugin/sources/KotlinSourceSetFactory$Companion
instanceKlass org/jetbrains/kotlin/gradle/plugin/sources/KotlinSourceSetFactory
instanceKlass org/jetbrains/kotlin/tooling/core/MutableExtrasImpl$Companion
instanceKlass org/jetbrains/kotlin/tooling/core/AbstractExtras
instanceKlass org/jetbrains/kotlin/tooling/core/ExtrasUtilsKt
instanceKlass org/jetbrains/kotlin/gradle/dsl/abi/ExperimentalAbiValidation
instanceKlass org/jetbrains/kotlin/buildtools/api/ExperimentalBuildToolsApi
instanceKlass org/jetbrains/kotlin/gradle/ExperimentalKotlinGradlePluginApi
instanceKlass org/jetbrains/kotlin/gradle/dsl/KotlinGradlePluginDsl
instanceKlass org/jetbrains/kotlin/gradle/dsl/KotlinGradlePluginPublicDsl
instanceKlass org/jetbrains/kotlin/gradle/plugin/KotlinSourceSet
instanceKlass org/jetbrains/kotlin/gradle/plugin/HasKotlinDependencies
instanceKlass org/jetbrains/kotlin/gradle/dsl/ToolchainSupport
instanceKlass org/jetbrains/kotlin/gradle/plugin/abi/internal/AbiValidationExtensionImpl
instanceKlass org/jetbrains/kotlin/gradle/dsl/abi/AbiValidationExtension
instanceKlass org/jetbrains/kotlin/tooling/core/MutableExtras
instanceKlass org/jetbrains/kotlin/tooling/core/Extras
instanceKlass org/jetbrains/kotlin/gradle/utils/CompletableFuture
instanceKlass org/jetbrains/kotlin/gradle/utils/Future
instanceKlass org/jetbrains/kotlin/gradle/dsl/KotlinJvmCompilerOptions
instanceKlass org/jetbrains/kotlin/gradle/dsl/KotlinCommonCompilerOptions
instanceKlass org/jetbrains/kotlin/gradle/dsl/KotlinCommonCompilerToolOptions
instanceKlass org/jetbrains/kotlin/gradle/plugin/mpp/AbstractKotlinTarget
instanceKlass org/jetbrains/kotlin/gradle/plugin/mpp/InternalKotlinTarget
instanceKlass org/jetbrains/kotlin/gradle/plugin/KotlinTarget
instanceKlass org/jetbrains/kotlin/gradle/dsl/KotlinMultiplatformSourceSetConventions
instanceKlass org/jetbrains/kotlin/gradle/dsl/KotlinPublishingDsl
instanceKlass org/jetbrains/kotlin/gradle/dsl/KotlinHierarchyDsl
instanceKlass org/jetbrains/kotlin/gradle/dsl/KotlinTargetContainerWithWasmPresetFunctions
instanceKlass org/jetbrains/kotlin/gradle/dsl/KotlinTargetContainerWithJsPresetFunctions
instanceKlass org/jetbrains/kotlin/gradle/plugin/KotlinJsCompilerTypeHolder
instanceKlass org/jetbrains/kotlin/gradle/dsl/KotlinTargetContainerWithPresetFunctions
instanceKlass org/jetbrains/kotlin/gradle/plugin/KotlinTargetsContainer
instanceKlass org/jetbrains/kotlin/gradle/plugin/diagnostics/KotlinToolingDiagnosticsCollector$handleDiagnostic$1
instanceKlass org/jetbrains/kotlin/gradle/plugin/diagnostics/ToolingDiagnosticRenderingOptionsKt$WhenMappings
instanceKlass  @bci org/jetbrains/kotlin/gradle/plugin/diagnostics/IsAttachedToTerminalValueSource$Inject_ $gradleInit ()V 1 <appendix> member <vmtarget> ; # org/jetbrains/kotlin/gradle/plugin/diagnostics/IsAttachedToTerminalValueSource$Inject_$$Lambda+0x000001ae81d35dc8
instanceKlass org/jetbrains/kotlin/gradle/plugin/diagnostics/ToolingDiagnosticRenderingOptionsKt$isAttachedToTerminal$2
instanceKlass org/jetbrains/kotlin/gradle/plugin/diagnostics/ToolingDiagnosticRenderingOptionsKt$isAttachedToTerminal$1
instanceKlass org/jetbrains/kotlin/gradle/plugin/diagnostics/ToolingDiagnosticRenderingOptionsKt
instanceKlass org/jetbrains/kotlin/konan/target/KonanTarget$Companion
instanceKlass org/jetbrains/kotlin/konan/target/KonanTarget
instanceKlass org/jetbrains/kotlin/konan/util/Named
instanceKlass org/jetbrains/kotlin/konan/target/HostManager$Companion
instanceKlass org/jetbrains/kotlin/konan/target/HostManager
instanceKlass  @bci org/jetbrains/kotlin/gradle/internal/IsInIdeaEnvironmentValueSource$Inject_ $gradleInit ()V 1 <appendix> member <vmtarget> ; # org/jetbrains/kotlin/gradle/internal/IsInIdeaEnvironmentValueSource$Inject_$$Lambda+0x000001ae81d33700
instanceKlass org/jetbrains/kotlin/gradle/internal/IdeaKt$isInIdeaEnvironment$2
instanceKlass org/jetbrains/kotlin/gradle/utils/ConfigurationCacheOpaqueValue
instanceKlass org/jetbrains/kotlin/gradle/internal/IdeaKt$isInIdeaEnvironment$1
instanceKlass org/jetbrains/kotlin/gradle/utils/ConfigurationCacheOpaqueValueSource
instanceKlass org/jetbrains/kotlin/gradle/plugin/diagnostics/ToolingDiagnosticRenderingOptions$Companion
instanceKlass org/jetbrains/kotlin/gradle/plugin/diagnostics/ToolingDiagnosticRenderingOptions
instanceKlass org/jetbrains/kotlin/gradle/plugin/diagnostics/ToolingDiagnosticsContext$Companion
instanceKlass org/jetbrains/kotlin/gradle/plugin/diagnostics/ToolingDiagnosticsContextKt
instanceKlass  @bci org/jetbrains/kotlin/gradle/plugin/diagnostics/KotlinToolingDiagnosticsCollector$Inject_ $gradleInit ()V 1 <appendix> member <vmtarget> ; # org/jetbrains/kotlin/gradle/plugin/diagnostics/KotlinToolingDiagnosticsCollector$Inject_$$Lambda+0x000001ae81d31ed8
instanceKlass org/jetbrains/kotlin/gradle/plugin/diagnostics/UsesKotlinToolingDiagnosticsParameters
instanceKlass org/jetbrains/kotlin/gradle/plugin/diagnostics/ToolingDiagnosticsContext
instanceKlass  @bci org/jetbrains/kotlin/gradle/plugin/diagnostics/KotlinToolingDiagnosticsCollector$Parameter$Inject_ $gradleInit ()V 1 <appendix> member <vmtarget> ; # org/jetbrains/kotlin/gradle/plugin/diagnostics/KotlinToolingDiagnosticsCollector$Parameter$Inject_$$Lambda+0x000001ae81d315d0
instanceKlass org/jetbrains/kotlin/gradle/plugin/diagnostics/KotlinToolingDiagnosticsCollector$Parameter$Inject_
instanceKlass org/jetbrains/kotlin/gradle/plugin/diagnostics/KotlinToolingDiagnosticsCollectorKt$kotlinToolingDiagnosticsCollectorProvider$1$execute$$inlined$variantImplementationFactoryProvider$1
instanceKlass  @bci org/jetbrains/kotlin/gradle/plugin/diagnostics/KotlinToolingDiagnosticsCollector$Parameter_Decorated $gradleInit ()V 1 <appendix> member <vmtarget> ; # org/jetbrains/kotlin/gradle/plugin/diagnostics/KotlinToolingDiagnosticsCollector$Parameter_Decorated$$Lambda+0x000001ae81d30e68
instanceKlass org/jetbrains/kotlin/gradle/plugin/diagnostics/KotlinToolingDiagnosticsCollector$Parameter_Decorated
instanceKlass org/jetbrains/kotlin/gradle/plugin/diagnostics/KotlinToolingDiagnosticsCollector$Parameter
instanceKlass org/jetbrains/kotlin/gradle/plugin/diagnostics/KotlinToolingDiagnosticsCollectorKt$kotlinToolingDiagnosticsCollectorProvider$1
instanceKlass org/jetbrains/kotlin/gradle/plugin/diagnostics/KotlinToolingDiagnosticsCollector
instanceKlass org/jetbrains/kotlin/gradle/plugin/diagnostics/KotlinToolingDiagnosticsCollectorKt
instanceKlass org/jetbrains/kotlin/gradle/internal/diagnostics/AgpWithBuiltInKotlinAppliedCheck$reportKotlinAndroidDeprecation$1$1
instanceKlass org/jetbrains/kotlin/gradle/plugin/diagnostics/ToolingDiagnostic
instanceKlass org/jetbrains/kotlin/gradle/plugin/diagnostics/ToolingDiagnostic$ID
instanceKlass org/jetbrains/kotlin/gradle/plugin/diagnostics/ToolingDiagnostic$Documentation
instanceKlass org/jetbrains/kotlin/gradle/plugin/diagnostics/ToolingDiagnostics$OptionalStep$DefaultImpls
instanceKlass kotlin/text/LinesIterator$State
instanceKlass kotlin/text/LinesIterator
instanceKlass kotlin/text/StringsKt__StringsKt$lineSequence$$inlined$Sequence$1
instanceKlass org/jetbrains/kotlin/gradle/plugin/diagnostics/ToolingDiagnostics$BuilderState
instanceKlass org/jetbrains/kotlin/gradle/plugin/diagnostics/ToolingDiagnostics$BuilderImpl
instanceKlass org/jetbrains/kotlin/gradle/plugin/diagnostics/ToolingDiagnostics$OptionalStep
instanceKlass org/jetbrains/kotlin/gradle/plugin/diagnostics/ToolingDiagnostics$NoOpStep
instanceKlass org/jetbrains/kotlin/gradle/plugin/diagnostics/ToolingDiagnostics$SolutionStep
instanceKlass org/jetbrains/kotlin/gradle/plugin/diagnostics/ToolingDiagnostics$DescriptionStep
instanceKlass org/jetbrains/kotlin/gradle/plugin/diagnostics/ToolingDiagnostics$TitleStep
instanceKlass org/jetbrains/kotlin/gradle/plugin/diagnostics/ToolingDiagnostics
instanceKlass org/jetbrains/kotlin/gradle/plugin/diagnostics/KotlinToolingDiagnostics
instanceKlass org/jetbrains/kotlin/gradle/plugin/diagnostics/DiagnosticGroup$Base
instanceKlass org/jetbrains/kotlin/gradle/plugin/diagnostics/DiagnosticGroup
instanceKlass org/jetbrains/kotlin/gradle/plugin/diagnostics/ToolingDiagnosticFactory
instanceKlass org/jetbrains/kotlin/gradle/internal/diagnostics/AgpWithBuiltInKotlinAppliedCheck$checkIfNewDslIsUsed$1$1
instanceKlass org/jetbrains/kotlin/gradle/dsl/KotlinProjectExtensionKt
instanceKlass org/jetbrains/kotlin/gradle/internal/diagnostics/AgpWithBuiltInKotlinAppliedCheck$AndroidGradlePluginVersionProvider$Default
instanceKlass org/jetbrains/kotlin/gradle/internal/diagnostics/AgpWithBuiltInKotlinAppliedCheck$AndroidGradlePluginVersionProvider
instanceKlass org/jetbrains/kotlin/gradle/internal/diagnostics/AgpWithBuiltInKotlinAppliedCheck
instanceKlass org/jetbrains/kotlin/gradle/tasks/publishing/HelpersKt$addSigningValidationHelpers$1
instanceKlass org/jetbrains/kotlin/gradle/tasks/publishing/HelpersKt$addPomValidationHelpers$1
instanceKlass org/jetbrains/kotlin/gradle/tasks/publishing/HelpersKt$addPgpSignatureHelpers$1
instanceKlass org/jetbrains/kotlin/gradle/tasks/publishing/HelpersKt
instanceKlass org/jetbrains/kotlin/compilerRunner/GradleCliCommonizerKt$maybeCreateCommonizerClasspathConfiguration$1$1
instanceKlass org/jetbrains/kotlin/gradle/plugin/KotlinTargetConfiguratorKt
instanceKlass org/jetbrains/kotlin/compilerRunner/GradleCliCommonizerKt
instanceKlass org/jetbrains/kotlin/gradle/targets/native/toolchain/KotlinNativeBundleBuildService$Companion$registerIfAbsent$2$1$1
instanceKlass org/jetbrains/kotlin/gradle/targets/native/toolchain/UsesKotlinNativeBundleBuildService
instanceKlass  @bci org/jetbrains/kotlin/gradle/targets/native/toolchain/KotlinNativeBundleBuildService$Parameters_Decorated $gradleInit ()V 1 <appendix> member <vmtarget> ; # org/jetbrains/kotlin/gradle/targets/native/toolchain/KotlinNativeBundleBuildService$Parameters_Decorated$$Lambda+0x000001ae81d2a640
instanceKlass org/jetbrains/kotlin/gradle/targets/native/toolchain/KotlinNativeBundleBuildService$Parameters_Decorated
instanceKlass org/jetbrains/kotlin/gradle/targets/native/toolchain/KotlinNativeBundleBuildService$Parameters
instanceKlass org/jetbrains/kotlin/gradle/targets/native/toolchain/KotlinNativeBundleBuildService$Companion$registerIfAbsent$1
instanceKlass org/jetbrains/kotlin/gradle/targets/native/internal/PlatformLibrariesGenerator$GeneratedPlatformLibrariesService
instanceKlass org/jetbrains/kotlin/gradle/targets/native/internal/PlatformLibrariesGenerator$Companion
instanceKlass org/jetbrains/kotlin/gradle/targets/native/internal/PlatformLibrariesGenerator
instanceKlass org/jetbrains/kotlin/gradle/targets/native/KonanPropertiesBuildService$Companion$registerIfAbsent$2$1$1
instanceKlass org/jetbrains/kotlin/gradle/targets/native/UsesKonanPropertiesBuildService
instanceKlass org/jetbrains/kotlin/gradle/internal/properties/NativePropertiesLoader$actualNativeHomeDirectory$3
instanceKlass org/jetbrains/kotlin/gradle/internal/properties/NativePropertiesLoader$actualNativeHomeDirectory$2
instanceKlass org/jetbrains/kotlin/gradle/internal/properties/NativePropertiesLoader$actualNativeHomeDirectory$1
instanceKlass org/jetbrains/kotlin/gradle/internal/properties/NativePropertiesLoader$userProvidedNativeHome$1
instanceKlass org/jetbrains/kotlin/gradle/internal/properties/NativePropertiesLoader$isToolchainEnabled$1
instanceKlass org/jetbrains/kotlin/gradle/internal/properties/NativePropertiesLoader$downloadFromMaven$1
instanceKlass org/jetbrains/kotlin/gradle/internal/properties/NativePropertiesLoader$konanDataDirProperty$1
instanceKlass org/jetbrains/kotlin/gradle/internal/properties/NativePropertiesLoader$forceDisableRunningInProcess$1
instanceKlass org/jetbrains/kotlin/gradle/internal/properties/NativePropertiesLoader$jvmArgs$1
instanceKlass org/jetbrains/kotlin/gradle/internal/properties/NativePropertiesLoader$kotlinNativeVersion$1
instanceKlass org/jetbrains/kotlin/gradle/internal/properties/NativePropertiesLoader$isUseXcodeMessageStyleEnabled$1
instanceKlass org/jetbrains/kotlin/gradle/internal/properties/PropertiesBuildService$NullableStringGradleProperty
instanceKlass org/jetbrains/kotlin/gradle/internal/properties/NativePropertiesLoader$Companion
instanceKlass org/jetbrains/kotlin/gradle/internal/properties/NativePropertiesLoader
instanceKlass org/jetbrains/kotlin/gradle/internal/properties/NativeProperties
instanceKlass org/jetbrains/kotlin/gradle/internal/properties/NativePropertiesKt
instanceKlass  @bci org/jetbrains/kotlin/gradle/targets/native/KonanPropertiesBuildService$Parameters_Decorated $gradleInit ()V 1 <appendix> member <vmtarget> ; # org/jetbrains/kotlin/gradle/targets/native/KonanPropertiesBuildService$Parameters_Decorated$$Lambda+0x000001ae81d253e0
instanceKlass org/jetbrains/kotlin/gradle/targets/native/KonanPropertiesBuildService$Parameters_Decorated
instanceKlass org/jetbrains/kotlin/gradle/targets/native/KonanPropertiesBuildService$Parameters
instanceKlass org/jetbrains/kotlin/gradle/targets/native/KonanPropertiesBuildService$Companion$registerIfAbsent$1
instanceKlass org/jetbrains/kotlin/gradle/targets/native/KonanPropertiesBuildService$Companion
instanceKlass org/jetbrains/kotlin/gradle/targets/native/KonanPropertiesBuildService
instanceKlass org/jetbrains/kotlin/gradle/internal/ClassLoadersCachingBuildService$Companion$registerIfAbsent$2$1$1
instanceKlass org/jetbrains/kotlin/gradle/internal/UsesClassLoadersCachingBuildService
instanceKlass org/jetbrains/kotlin/gradle/plugin/PropertiesProvider$classLoaderCacheTimeoutInSeconds$1
instanceKlass  @bci org/jetbrains/kotlin/gradle/internal/ClassLoadersCachingBuildService$Parameters_Decorated $gradleInit ()V 1 <appendix> member <vmtarget> ; # org/jetbrains/kotlin/gradle/internal/ClassLoadersCachingBuildService$Parameters_Decorated$$Lambda+0x000001ae81d26c48
instanceKlass org/jetbrains/kotlin/gradle/internal/ClassLoadersCachingBuildService$Parameters_Decorated
instanceKlass org/jetbrains/kotlin/gradle/internal/ClassLoadersCachingBuildService$Parameters
instanceKlass org/jetbrains/kotlin/gradle/internal/ClassLoadersCachingBuildService$Companion$registerIfAbsent$1
instanceKlass org/jetbrains/kotlin/gradle/internal/ClassLoadersCachingBuildService$Companion
instanceKlass org/jetbrains/kotlin/gradle/internal/ClassLoadersCachingBuildService
instanceKlass org/jetbrains/kotlin/gradle/targets/native/toolchain/KotlinNativeBundleBuildService$Companion
instanceKlass org/jetbrains/kotlin/gradle/targets/native/toolchain/KotlinNativeBundleBuildService
instanceKlass org/jetbrains/kotlin/gradle/report/BuildMetricsService$Companion
instanceKlass org/jetbrains/kotlin/gradle/report/BuildMetricsService
instanceKlass org/jetbrains/kotlin/gradle/plugin/KotlinGradleBuildServices$detectKotlinPluginLoadedInMultipleProjects$onRegister$1$1
instanceKlass  @bci org/jetbrains/kotlin/gradle/plugin/KotlinGradleBuildServices$Inject_ $gradleInit ()V 1 <appendix> member <vmtarget> ; # org/jetbrains/kotlin/gradle/plugin/KotlinGradleBuildServices$Inject_$$Lambda+0x000001ae81d230b0
instanceKlass org/jetbrains/kotlin/gradle/plugin/KotlinGradleFinishBuildHandler$Companion
instanceKlass org/jetbrains/kotlin/gradle/plugin/KotlinGradleFinishBuildHandler
instanceKlass org/jetbrains/kotlin/gradle/plugin/KotlinPluginInMultipleProjectsHolder
instanceKlass  @bci org/jetbrains/kotlin/gradle/plugin/KotlinGradleBuildServices$Parameters$Inject_ $gradleInit ()V 1 <appendix> member <vmtarget> ; # org/jetbrains/kotlin/gradle/plugin/KotlinGradleBuildServices$Parameters$Inject_$$Lambda+0x000001ae81d22570
instanceKlass org/jetbrains/kotlin/gradle/plugin/KotlinGradleBuildServices$Parameters$Inject_
instanceKlass org/jetbrains/kotlin/gradle/plugin/KotlinGradleBuildServices$Companion$registerIfAbsent$2$1$1
instanceKlass org/jetbrains/kotlin/gradle/plugin/UsesKotlinGradleBuildServices
instanceKlass  @bci org/jetbrains/kotlin/gradle/plugin/KotlinGradleBuildServices$Parameters_Decorated $gradleInit ()V 1 <appendix> member <vmtarget> ; # org/jetbrains/kotlin/gradle/plugin/KotlinGradleBuildServices$Parameters_Decorated$$Lambda+0x000001ae81d219b8
instanceKlass org/jetbrains/kotlin/gradle/plugin/KotlinGradleBuildServices$Parameters_Decorated
instanceKlass org/jetbrains/kotlin/gradle/plugin/KotlinGradleBuildServices$Parameters
instanceKlass org/jetbrains/kotlin/gradle/plugin/KotlinGradleBuildServices$Companion$registerIfAbsent$1
instanceKlass org/jetbrains/kotlin/gradle/plugin/KotlinGradleBuildServices$Companion
instanceKlass org/jetbrains/kotlin/gradle/plugin/KotlinGradleBuildServices
instanceKlass org/jetbrains/kotlin/gradle/utils/GradleConfigurationUtilsKt$addGradlePluginMetadataAttributes$1
instanceKlass org/jetbrains/kotlin/gradle/utils/GradleConfigurationUtilsKt
instanceKlass org/jetbrains/kotlin/gradle/plugin/DefaultKotlinBasePlugin$addKotlinCompilerConfiguration$4
instanceKlass org/jetbrains/kotlin/gradle/internal/tasks/TaskWithLocalState
instanceKlass org/jetbrains/kotlin/gradle/internal/CompilerArgumentAware
instanceKlass org/jetbrains/kotlin/gradle/plugin/KotlinCompilerArgumentsProducer
instanceKlass org/jetbrains/kotlin/gradle/tasks/KotlinCompileTool
instanceKlass org/jetbrains/kotlin/gradle/plugin/DefaultKotlinBasePlugin$addKotlinCompilerConfiguration$3$1$1
instanceKlass org/jetbrains/kotlin/gradle/plugin/DefaultKotlinBasePlugin$addKotlinCompilerConfiguration$2$1
instanceKlass org/jetbrains/kotlin/gradle/plugin/DefaultKotlinBasePlugin$addKotlinCompilerConfiguration$1
instanceKlass org/jetbrains/kotlin/gradle/utils/ConfigurationsKt$sam$org_gradle_api_Action$0
instanceKlass org/jetbrains/kotlin/gradle/utils/ConfigurationsKt
instanceKlass org/jetbrains/kotlin/gradle/plugin/DefaultKotlinBasePlugin$apply$1
instanceKlass org/jetbrains/kotlin/gradle/plugin/statistics/BuildFusService$Companion$registerIfAbsent$1$1$1
instanceKlass org/jetbrains/kotlin/gradle/plugin/statistics/UsesBuildFusService
instanceKlass  @bci org/jetbrains/kotlin/gradle/plugin/statistics/BuildFinishBuildService$Inject_ $gradleInit ()V 1 <appendix> member <vmtarget> ; # org/jetbrains/kotlin/gradle/plugin/statistics/BuildFinishBuildService$Inject_$$Lambda+0x000001ae81d1e670
instanceKlass  @bci org/jetbrains/kotlin/gradle/plugin/statistics/BuildFinishBuildService$Parameters$Inject_ $gradleInit ()V 1 <appendix> member <vmtarget> ; # org/jetbrains/kotlin/gradle/plugin/statistics/BuildFinishBuildService$Parameters$Inject_$$Lambda+0x000001ae81d1bd88
instanceKlass org/jetbrains/kotlin/gradle/plugin/statistics/BuildFinishBuildService$Parameters$Inject_
instanceKlass org/jetbrains/kotlin/gradle/plugin/statistics/FlowActionBuildFusService$getConfigurationTimeMetrics$1
instanceKlass  @bci org/jetbrains/kotlin/gradle/plugin/statistics/FlowActionBuildFusService$Inject_ $gradleInit ()V 1 <appendix> member <vmtarget> ; # org/jetbrains/kotlin/gradle/plugin/statistics/FlowActionBuildFusService$Inject_$$Lambda+0x000001ae81d1b938
instanceKlass org/jetbrains/kotlin/gradle/fus/internal/SynchronizedConfigurationMetrics$Companion
instanceKlass org/jetbrains/kotlin/gradle/plugin/statistics/NonSynchronizedMetricsContainer
instanceKlass org/jetbrains/kotlin/gradle/fus/internal/SynchronizedConfigurationMetrics
instanceKlass  @bci org/jetbrains/kotlin/gradle/plugin/statistics/BuildFusService$Parameters$Inject_ $gradleInit ()V 1 <appendix> member <vmtarget> ; # org/jetbrains/kotlin/gradle/plugin/statistics/BuildFusService$Parameters$Inject_$$Lambda+0x000001ae81d1ab28
instanceKlass org/jetbrains/kotlin/gradle/plugin/statistics/BuildFusService$Parameters$Inject_
instanceKlass org/jetbrains/kotlin/gradle/plugin/statistics/KotlinBuildStatisticsUtilsKt$collectGeneralConfigurationTimeMetrics$statisticOverhead$1$2
instanceKlass org/jetbrains/kotlin/gradle/plugin/statistics/KotlinBuildStatisticsUtilsKt
instanceKlass  @bci org/jetbrains/kotlin/gradle/fus/BuildUidService$Inject_ $gradleInit ()V 1 <appendix> member <vmtarget> ; # org/jetbrains/kotlin/gradle/fus/BuildUidService$Inject_$$Lambda+0x000001ae81d1a180
instanceKlass org/jetbrains/kotlin/gradle/plugin/StatisticsBuildFlowManager$subscribeForBuildResultAndConfigurationTimeMetrics$1$1
instanceKlass  @bci org/jetbrains/kotlin/gradle/plugin/BuildFinishAndConfigurationTimeMetricsFlowAction$Parameters_Decorated $gradleInit ()V 1 <appendix> member <vmtarget> ; # org/jetbrains/kotlin/gradle/plugin/BuildFinishAndConfigurationTimeMetricsFlowAction$Parameters_Decorated$$Lambda+0x000001ae81d19a48
instanceKlass org/jetbrains/kotlin/gradle/plugin/BuildFinishAndConfigurationTimeMetricsFlowAction$Parameters_Decorated
instanceKlass org/jetbrains/kotlin/gradle/plugin/BuildFinishAndConfigurationTimeMetricsFlowAction$Parameters
instanceKlass org/jetbrains/kotlin/gradle/plugin/StatisticsBuildFlowManager$subscribeForBuildResultAndConfigurationTimeMetrics$1
instanceKlass org/jetbrains/kotlin/gradle/plugin/BuildFinishAndConfigurationTimeMetricsFlowAction
instanceKlass  @bci org/jetbrains/kotlin/gradle/plugin/StatisticsBuildFlowManager_Decorated $gradleInit ()V 1 <appendix> member <vmtarget> ; # org/jetbrains/kotlin/gradle/plugin/StatisticsBuildFlowManager_Decorated$$Lambda+0x000001ae81d18dc8
instanceKlass com/gradle/develocity/agent/gradle/adapters/BuildScanAdapter
instanceKlass org/jetbrains/kotlin/gradle/plugin/StatisticsBuildFlowManager$Companion
instanceKlass org/jetbrains/kotlin/gradle/plugin/StatisticsBuildFlowManager
instanceKlass org/jetbrains/kotlin/gradle/plugin/statistics/FlowActionBuildFusService$Companion$registerIfAbsentImpl$1$1
instanceKlass  @bci org/jetbrains/kotlin/gradle/plugin/statistics/BuildFusService$Parameters_Decorated $gradleInit ()V 1 <appendix> member <vmtarget> ; # org/jetbrains/kotlin/gradle/plugin/statistics/BuildFusService$Parameters_Decorated$$Lambda+0x000001ae81d18000
instanceKlass org/jetbrains/kotlin/gradle/plugin/statistics/BuildFusService$Parameters_Decorated
instanceKlass org/jetbrains/kotlin/gradle/plugin/statistics/MetricContainer
instanceKlass org/jetbrains/kotlin/gradle/plugin/statistics/BuildFusService$Parameters
instanceKlass org/jetbrains/kotlin/gradle/plugin/statistics/FlowActionBuildFusService$Companion$registerIfAbsentImpl$1
instanceKlass org/jetbrains/kotlin/gradle/plugin/statistics/FlowActionBuildFusService$Companion
instanceKlass org/jetbrains/kotlin/gradle/plugin/statistics/BuildFusService$Companion$registerIfAbsentImpl$generalConfigurationMetricsProvider$1
instanceKlass org/jetbrains/kotlin/gradle/report/ReportingSettings$Companion
instanceKlass org/jetbrains/kotlin/gradle/report/ReportingSettings
instanceKlass org/jetbrains/kotlin/gradle/report/BuildReportType$Companion
instanceKlass org/jetbrains/kotlin/gradle/report/BuildReportMode$Companion
instanceKlass org/jetbrains/kotlin/build/report/metrics/CustomBuildTimeMetricKt
instanceKlass org/jetbrains/kotlin/build/report/metrics/KlibSizeMetricKt
instanceKlass kotlin/reflect/jvm/internal/impl/km/KmEffectExpression
instanceKlass kotlin/reflect/jvm/internal/impl/km/KmTypeParameter
instanceKlass kotlin/reflect/jvm/internal/impl/km/internal/EnumFlagDelegate
instanceKlass kotlin/collections/AbstractList$IteratorImpl
instanceKlass kotlin/reflect/jvm/internal/impl/km/KmTypeAlias
instanceKlass kotlin/reflect/jvm/internal/impl/km/Attributes
instanceKlass kotlin/reflect/jvm/internal/MetadataUtilKt
instanceKlass kotlin/reflect/jvm/internal/impl/km/jvm/internal/JvmPropertyExtension$Companion
instanceKlass kotlin/reflect/jvm/internal/impl/km/jvm/internal/JvmPropertyExtension
instanceKlass kotlin/reflect/jvm/internal/impl/km/internal/extensions/KmPropertyExtension
instanceKlass kotlin/reflect/jvm/internal/impl/km/KmPropertyAccessorAttributes
instanceKlass kotlin/reflect/jvm/internal/impl/km/internal/BooleanFlagDelegate
instanceKlass kotlin/reflect/jvm/internal/impl/km/internal/FlagDelegatesImplKt
instanceKlass kotlin/reflect/jvm/internal/impl/km/internal/FlagImpl
instanceKlass kotlin/reflect/jvm/internal/impl/km/KmProperty
instanceKlass kotlin/reflect/jvm/internal/impl/km/jvm/internal/JvmFunctionExtension$Companion
instanceKlass kotlin/reflect/jvm/internal/impl/km/jvm/internal/JvmFunctionExtension
instanceKlass kotlin/reflect/jvm/internal/impl/km/internal/extensions/KmFunctionExtension
instanceKlass kotlin/reflect/jvm/internal/impl/km/KmFunction
instanceKlass kotlin/reflect/jvm/internal/impl/km/jvm/JvmMemberSignature
instanceKlass kotlin/reflect/jvm/internal/impl/km/jvm/JvmMemberSignatureKt
instanceKlass kotlin/reflect/jvm/internal/impl/km/KmValueParameter
instanceKlass kotlin/reflect/jvm/internal/impl/km/jvm/internal/JvmConstructorExtension$Companion
instanceKlass kotlin/reflect/jvm/internal/impl/km/jvm/internal/JvmConstructorExtension
instanceKlass kotlin/reflect/jvm/internal/impl/km/internal/extensions/KmConstructorExtension
instanceKlass kotlin/reflect/jvm/internal/impl/km/KmConstructor
instanceKlass kotlin/reflect/jvm/internal/impl/km/internal/extensions/ExtensionNodesKt
instanceKlass kotlin/reflect/jvm/internal/impl/km/jvm/internal/JvmExtensionNodesKt
instanceKlass kotlin/reflect/jvm/internal/impl/km/KmClassifier
instanceKlass kotlin/reflect/jvm/internal/impl/km/jvm/internal/JvmTypeExtension$Companion
instanceKlass kotlin/reflect/jvm/internal/impl/km/jvm/internal/JvmTypeExtension
instanceKlass kotlin/reflect/jvm/internal/impl/km/internal/extensions/KmTypeExtension
instanceKlass kotlin/reflect/jvm/internal/impl/km/KmType
instanceKlass kotlin/reflect/jvm/internal/impl/km/internal/ReadUtilsKt
instanceKlass kotlin/reflect/jvm/internal/impl/km/internal/ReadContext
instanceKlass kotlin/reflect/jvm/internal/impl/km/internal/extensions/KmExtensionType
instanceKlass kotlin/reflect/jvm/internal/impl/km/jvm/internal/JvmClassExtension$Companion
instanceKlass kotlin/reflect/jvm/internal/impl/km/jvm/internal/JvmClassExtension
instanceKlass kotlin/reflect/jvm/internal/impl/km/internal/extensions/KmClassExtension
instanceKlass kotlin/reflect/jvm/internal/impl/km/internal/extensions/KmExtension
instanceKlass kotlin/reflect/jvm/internal/impl/km/jvm/internal/JvmMetadataExtensions
instanceKlass kotlin/reflect/jvm/internal/impl/km/internal/extensions/MetadataExtensions$Companion$$Lambda$0
instanceKlass kotlin/reflect/jvm/internal/impl/km/internal/extensions/MetadataExtensions$Companion
instanceKlass kotlin/reflect/jvm/internal/impl/km/internal/extensions/MetadataExtensions
instanceKlass kotlin/reflect/jvm/internal/impl/km/KmClass
instanceKlass kotlin/reflect/jvm/internal/impl/km/KmDeclarationContainer
instanceKlass kotlin/reflect/jvm/internal/impl/km/internal/ReadersKt
instanceKlass org/jetbrains/kotlin/build/report/metrics/BuildPerformanceMetric
instanceKlass org/jetbrains/kotlin/build/report/metrics/BuildMetricUtilKt
instanceKlass org/jetbrains/kotlin/gradle/report/ConfigureReporingKt
instanceKlass org/jetbrains/kotlin/gradle/plugin/statistics/old/Pre232IdeaKotlinBuildStatsMXBean
instanceKlass org/jetbrains/kotlin/statistics/metrics/NumericalMetrics$Companion
instanceKlass org/jetbrains/kotlin/statistics/metrics/BooleanMetrics$Companion
instanceKlass org/jetbrains/kotlin/statistics/metrics/StringMetrics$Companion
instanceKlass org/jetbrains/kotlin/statistics/metrics/StringAnonymizationPolicy$AllowedListAnonymizer$Companion
instanceKlass org/jetbrains/kotlin/statistics/metrics/StringAnonymizationPolicy
instanceKlass org/jetbrains/kotlin/statistics/ValueAnonymizer
instanceKlass org/jetbrains/kotlin/statistics/metrics/IMetricContainerFactory
instanceKlass org/jetbrains/kotlin/statistics/fileloggers/MetricsContainer$Companion
instanceKlass org/jetbrains/kotlin/statistics/fileloggers/MetricsContainer
instanceKlass org/jetbrains/kotlin/statistics/BuildSessionLogger$Companion
instanceKlass org/jetbrains/kotlin/statistics/BuildSessionLogger
instanceKlass org/jetbrains/kotlin/gradle/plugin/statistics/KotlinBuildStatsConfiguration$Companion
instanceKlass org/jetbrains/kotlin/gradle/plugin/statistics/KotlinBuildStatsConfiguration
instanceKlass org/jetbrains/kotlin/gradle/plugin/statistics/KotlinBuildStatsLoggerService$Companion
instanceKlass org/jetbrains/kotlin/gradle/plugin/statistics/KotlinBuildStatsLoggerService
instanceKlass org/jetbrains/kotlin/gradle/plugin/statistics/KotlinBuildStatsMXBean
instanceKlass org/jetbrains/kotlin/gradle/plugin/statistics/KotlinBuildStatsServicesRegistry$Companion
instanceKlass org/jetbrains/kotlin/gradle/plugin/statistics/KotlinBuildStatsServicesRegistry
instanceKlass org/jetbrains/kotlin/gradle/utils/ReportUtilsKt
instanceKlass org/jetbrains/kotlin/gradle/plugin/statistics/KotlinBuildStatsBeanService$Companion
instanceKlass org/jetbrains/kotlin/gradle/plugin/statistics/KotlinBuildStatsBeanService
instanceKlass org/jetbrains/kotlin/statistics/metrics/StatisticsValuesConsumer
instanceKlass  @bci org/jetbrains/kotlin/gradle/plugin/internal/DefaultConfigurationCacheStartParameterAccessor_Decorated $gradleInit ()V 1 <appendix> member <vmtarget> ; # org/jetbrains/kotlin/gradle/plugin/internal/DefaultConfigurationCacheStartParameterAccessor_Decorated$$Lambda+0x000001ae81cef5d0
instanceKlass org/jetbrains/kotlin/gradle/plugin/internal/DefaultConfigurationCacheStartParameterAccessor
instanceKlass org/jetbrains/kotlin/gradle/plugin/internal/ConfigurationCacheStartParameterAccessorKt
instanceKlass  @bci org/jetbrains/kotlin/gradle/plugin/internal/DefaultProjectIsolationStartParameterAccessor_Decorated $gradleInit ()V 1 <appendix> member <vmtarget> ; # org/jetbrains/kotlin/gradle/plugin/internal/DefaultProjectIsolationStartParameterAccessor_Decorated$$Lambda+0x000001ae81cebb50
instanceKlass org/jetbrains/kotlin/gradle/plugin/internal/DefaultProjectIsolationStartParameterAccessor
instanceKlass  @bci org/jetbrains/kotlin/gradle/plugin/VariantImplementationFactories$Inject_ $gradleInit ()V 1 <appendix> member <vmtarget> ; # org/jetbrains/kotlin/gradle/plugin/VariantImplementationFactories$Inject_$$Lambda+0x000001ae81ceb358
instanceKlass  @bci org/jetbrains/kotlin/gradle/plugin/VariantImplementationFactories$Parameters$Inject_ $gradleInit ()V 1 <appendix> member <vmtarget> ; # org/jetbrains/kotlin/gradle/plugin/VariantImplementationFactories$Parameters$Inject_$$Lambda+0x000001ae81ceae10
instanceKlass org/jetbrains/kotlin/gradle/plugin/VariantImplementationFactories$Parameters$Inject_
instanceKlass org/jetbrains/kotlin/gradle/plugin/internal/BuildIdentifierAccessor
instanceKlass org/jetbrains/kotlin/gradle/plugin/internal/ConfigurationCacheStartParameterAccessor
instanceKlass org/jetbrains/kotlin/gradle/plugin/internal/DefaultCompatibilityConventionRegistrar
instanceKlass org/jetbrains/kotlin/gradle/plugin/internal/CompatibilityConventionRegistrar
instanceKlass org/jetbrains/kotlin/gradle/plugin/diagnostics/ProblemsReporter
instanceKlass org/jetbrains/kotlin/gradle/plugin/internal/DefaultMavenPublicationComponentAccessor
instanceKlass org/jetbrains/kotlin/gradle/plugin/internal/MavenPublicationComponentAccessor
instanceKlass org/jetbrains/kotlin/gradle/plugin/internal/ProjectDependencyAccessor
instanceKlass org/jetbrains/kotlin/gradle/plugin/internal/CopySpecAccessor
instanceKlass org/jetbrains/kotlin/gradle/plugin/internal/JavaExecTaskParametersCompatibility
instanceKlass org/jetbrains/kotlin/gradle/plugin/internal/ProjectIsolationStartParameterAccessor
instanceKlass org/jetbrains/kotlin/gradle/plugin/diagnostics/CompilerDiagnosticsProblemsReporter
instanceKlass org/jetbrains/kotlin/gradle/plugin/VariantImplementationFactories$Companion$getProvider$2$1$1
instanceKlass org/jetbrains/kotlin/gradle/plugin/UsesVariantImplementationFactories
instanceKlass  @bci org/jetbrains/kotlin/gradle/plugin/VariantImplementationFactories$Parameters_Decorated $gradleInit ()V 1 <appendix> member <vmtarget> ; # org/jetbrains/kotlin/gradle/plugin/VariantImplementationFactories$Parameters_Decorated$$Lambda+0x000001ae81ce8a10
instanceKlass org/jetbrains/kotlin/gradle/plugin/VariantImplementationFactories$Parameters_Decorated
instanceKlass org/jetbrains/kotlin/gradle/plugin/VariantImplementationFactories$Parameters
instanceKlass org/jetbrains/kotlin/gradle/plugin/VariantImplementationFactories$Companion$getProvider$1
instanceKlass org/jetbrains/kotlin/gradle/plugin/VariantImplementationFactories$Companion
instanceKlass org/jetbrains/kotlin/gradle/plugin/VariantImplementationFactories
instanceKlass org/jetbrains/kotlin/gradle/plugin/internal/ProjectIsolationStartParameterAccessorKt
instanceKlass org/jetbrains/kotlin/gradle/plugin/statistics/BuildFusService$Companion
instanceKlass org/jetbrains/kotlin/gradle/plugin/statistics/BuildFusService
instanceKlass  @bci org/jetbrains/kotlin/gradle/plugin/BuildEventsListenerRegistryHolder_Decorated $gradleInit ()V 1 <appendix> member <vmtarget> ; # org/jetbrains/kotlin/gradle/plugin/BuildEventsListenerRegistryHolder_Decorated$$Lambda+0x000001ae81ce5ba8
instanceKlass org/jetbrains/kotlin/gradle/plugin/BuildEventsListenerRegistryHolder$Companion
instanceKlass org/jetbrains/kotlin/gradle/plugin/BuildEventsListenerRegistryHolder
instanceKlass org/jetbrains/kotlin/gradle/utils/PersistentCachesKt
instanceKlass org/jetbrains/kotlin/gradle/plugin/statistics/BuildFinishBuildService$Companion$registerIfAbsent$service$1$1
instanceKlass  @bci org/jetbrains/kotlin/gradle/plugin/statistics/BuildFinishBuildService$Parameters_Decorated $gradleInit ()V 1 <appendix> member <vmtarget> ; # org/jetbrains/kotlin/gradle/plugin/statistics/BuildFinishBuildService$Parameters_Decorated$$Lambda+0x000001ae81ce7d90
instanceKlass org/jetbrains/kotlin/gradle/plugin/statistics/BuildFinishBuildService$Parameters_Decorated
instanceKlass org/jetbrains/kotlin/gradle/plugin/statistics/BuildFinishBuildService$Parameters
instanceKlass org/jetbrains/kotlin/gradle/plugin/statistics/BuildFinishBuildService$Companion$registerIfAbsent$service$1
instanceKlass org/jetbrains/kotlin/gradle/internal/properties/PropertiesBuildServiceKt
instanceKlass org/jetbrains/kotlin/gradle/fus/internal/CiUtilKt
instanceKlass org/jetbrains/kotlin/gradle/plugin/statistics/FusUtilKt
instanceKlass org/jetbrains/kotlin/gradle/plugin/GradleUtilsKt
instanceKlass org/jetbrains/kotlin/gradle/plugin/PropertiesProvider$PropertyNames
instanceKlass org/jetbrains/kotlin/gradle/plugin/PropertiesProvider$booleanProvider$1
instanceKlass org/jetbrains/kotlin/gradle/internal/properties/PropertiesBuildService$property$1$1
instanceKlass org/jetbrains/kotlin/gradle/internal/properties/PropertiesBuildService$property$1$valueFromGradleAndLocalProperties$1
instanceKlass org/jetbrains/kotlin/gradle/internal/properties/PropertiesBuildService$MemoizedCallable
instanceKlass org/jetbrains/kotlin/gradle/internal/properties/PropertiesBuildService$property$1
instanceKlass  @bci org/jetbrains/kotlin/gradle/internal/properties/PropertiesBuildService$Inject_ $gradleInit ()V 1 <appendix> member <vmtarget> ; # org/jetbrains/kotlin/gradle/internal/properties/PropertiesBuildService$Inject_$$Lambda+0x000001ae81ce3888
instanceKlass org/jetbrains/kotlin/gradle/internal/properties/PropertiesBuildService$NullableBooleanGradleProperty
instanceKlass org/jetbrains/kotlin/gradle/internal/properties/PropertiesBuildService$BooleanGradleProperty
instanceKlass org/jetbrains/kotlin/gradle/internal/properties/PropertiesBuildService$IntGradleProperty
instanceKlass org/jetbrains/kotlin/gradle/internal/properties/PropertiesBuildService$GradleProperty
instanceKlass  @bci org/jetbrains/kotlin/gradle/internal/properties/PropertiesBuildService$Params$Inject_ $gradleInit ()V 1 <appendix> member <vmtarget> ; # org/jetbrains/kotlin/gradle/internal/properties/PropertiesBuildService$Params$Inject_$$Lambda+0x000001ae81ce28b8
instanceKlass org/jetbrains/kotlin/gradle/internal/properties/PropertiesBuildService$Params$Inject_
instanceKlass  @bci org/jetbrains/kotlin/gradle/plugin/internal/CustomPropertiesFileValueSource$Inject_ $gradleInit ()V 1 <appendix> member <vmtarget> ; # org/jetbrains/kotlin/gradle/plugin/internal/CustomPropertiesFileValueSource$Inject_$$Lambda+0x000001ae81ce2370
instanceKlass  @bci org/jetbrains/kotlin/gradle/plugin/internal/CustomPropertiesFileValueSource$Parameters$Inject_ $gradleInit ()V 1 <appendix> member <vmtarget> ; # org/jetbrains/kotlin/gradle/plugin/internal/CustomPropertiesFileValueSource$Parameters$Inject_$$Lambda+0x000001ae81ce1df0
instanceKlass org/jetbrains/kotlin/gradle/plugin/internal/CustomPropertiesFileValueSource$Parameters$Inject_
instanceKlass  @bci org/jetbrains/kotlin/gradle/plugin/internal/CustomPropertiesFileValueSource$Parameters_Decorated $gradleInit ()V 1 <appendix> member <vmtarget> ; # org/jetbrains/kotlin/gradle/plugin/internal/CustomPropertiesFileValueSource$Parameters_Decorated$$Lambda+0x000001ae81ce18a8
instanceKlass org/jetbrains/kotlin/gradle/plugin/internal/CustomPropertiesFileValueSource$Parameters_Decorated
instanceKlass org/jetbrains/kotlin/gradle/plugin/internal/CustomPropertiesFileValueSource$Parameters
instanceKlass org/jetbrains/kotlin/gradle/utils/FileUtilsKt$localProperties$1
instanceKlass org/jetbrains/kotlin/gradle/plugin/internal/CustomPropertiesFileValueSource
instanceKlass org/jetbrains/kotlin/gradle/utils/FileUtilsKt
instanceKlass  @bci org/jetbrains/kotlin/gradle/internal/properties/PropertiesBuildService$Params_Decorated $gradleInit ()V 1 <appendix> member <vmtarget> ; # org/jetbrains/kotlin/gradle/internal/properties/PropertiesBuildService$Params_Decorated$$Lambda+0x000001ae81ce0a10
instanceKlass org/jetbrains/kotlin/gradle/internal/properties/PropertiesBuildService$Params_Decorated
instanceKlass org/jetbrains/kotlin/gradle/internal/properties/PropertiesBuildService$Params
instanceKlass org/jetbrains/kotlin/gradle/internal/properties/PropertiesBuildService$Companion$registerIfAbsent$1
instanceKlass org/jetbrains/kotlin/gradle/internal/properties/PropertiesBuildService$Companion
instanceKlass org/jetbrains/kotlin/gradle/internal/properties/PropertiesBuildService
instanceKlass org/jetbrains/kotlin/gradle/plugin/PropertiesProvider$kotlinExperimentalTryNext$1
instanceKlass org/jetbrains/kotlin/gradle/plugin/PropertiesProvider$Companion
instanceKlass org/jetbrains/kotlin/gradle/plugin/PropertiesProvider
instanceKlass  @bci org/jetbrains/kotlin/gradle/internal/IsInIdeaSyncValueSource$Inject_ $gradleInit ()V 1 <appendix> member <vmtarget> ; # org/jetbrains/kotlin/gradle/internal/IsInIdeaSyncValueSource$Inject_$$Lambda+0x000001ae81cdf528
instanceKlass org/jetbrains/kotlin/gradle/internal/IdeaKt$isInIdeaSync$1
instanceKlass org/jetbrains/kotlin/gradle/internal/IsInIdeaSyncValueSource
instanceKlass org/jetbrains/kotlin/gradle/internal/IdeaKt
instanceKlass org/jetbrains/kotlin/gradle/plugin/statistics/BuildFusServiceKt
instanceKlass org/jetbrains/kotlin/gradle/plugin/statistics/BuildFinishBuildService$Companion
instanceKlass org/jetbrains/kotlin/gradle/plugin/statistics/BuildFinishBuildService
instanceKlass org/jetbrains/kotlin/gradle/fus/BuildUidService$Companion$registerIfAbsent$1
instanceKlass org/jetbrains/kotlin/gradle/fus/BuildUidService$Companion
instanceKlass org/jetbrains/kotlin/gradle/fus/BuildUidService
instanceKlass org/jetbrains/kotlin/compilerRunner/btapi/BuildSessionService$Companion$registerIfAbsent$1$1$1
instanceKlass org/jetbrains/kotlin/compilerRunner/btapi/UsesBuildSessionService
instanceKlass org/jetbrains/kotlin/compilerRunner/btapi/BuildSessionService$Companion
instanceKlass org/jetbrains/kotlin/compilerRunner/btapi/BuildSessionService
instanceKlass org/jetbrains/kotlin/gradle/plugin/BuildFinishedListenerService$Companion$registerIfAbsent$1$1$1
instanceKlass org/jetbrains/kotlin/gradle/utils/SingleAction$PerformedActions
instanceKlass org/jetbrains/kotlin/gradle/plugin/UsesBuildFinishedListenerService
instanceKlass org/jetbrains/kotlin/gradle/utils/SingleAction
instanceKlass org/jetbrains/kotlin/gradle/utils/GradleUtilsKt$registerClassLoaderScopedBuildService$1
instanceKlass org/jetbrains/kotlin/gradle/utils/GradleUtilsKt
instanceKlass org/jetbrains/kotlin/gradle/plugin/BuildFinishedListenerService$Companion
instanceKlass org/jetbrains/kotlin/gradle/plugin/BuildFinishedListenerService
instanceKlass org/jetbrains/kotlin/gradle/internal/diagnostics/AgpCompatibilityCheck$runAgpCompatibilityCheckIfAgpIsApplied$1$1
instanceKlass org/jetbrains/kotlin/gradle/utils/AndroidPluginIdsKt
instanceKlass org/jetbrains/kotlin/gradle/internal/diagnostics/AgpCompatibilityCheck$AndroidGradlePluginVersionProvider$Default
instanceKlass org/jetbrains/kotlin/gradle/internal/diagnostics/AgpCompatibilityCheck$AndroidGradlePluginVersionProvider
instanceKlass org/jetbrains/kotlin/gradle/plugin/AndroidGradlePluginVersionKt
instanceKlass org/jetbrains/kotlin/gradle/plugin/AndroidGradlePluginVersion$Companion
instanceKlass org/jetbrains/kotlin/gradle/plugin/AndroidGradlePluginVersion
instanceKlass org/jetbrains/kotlin/gradle/internal/diagnostics/AgpCompatibilityCheck
instanceKlass org/jetbrains/kotlin/gradle/internal/diagnostics/GradleCompatibilityCheck$DefaultCurrentGradleVersionProvider
instanceKlass org/jetbrains/kotlin/gradle/internal/diagnostics/GradleCompatibilityCheck$CurrentGradleVersionProvider
instanceKlass org/jetbrains/kotlin/gradle/internal/diagnostics/GradleCompatibilityCheck
instanceKlass org/jetbrains/kotlin/gradle/plugin/internal/DefaultProjectDependencyAccessor$Factory
instanceKlass org/jetbrains/kotlin/gradle/plugin/internal/ProjectDependencyAccessor$Factory
instanceKlass org/jetbrains/kotlin/gradle/plugin/internal/DefaultBuildIdentifierAccessor$Factory
instanceKlass org/jetbrains/kotlin/gradle/plugin/internal/BuildIdentifierAccessor$Factory
instanceKlass org/jetbrains/kotlin/gradle/plugin/internal/DefaultCopySpecAccessor$Factory
instanceKlass org/jetbrains/kotlin/gradle/plugin/internal/CopySpecAccessor$Factory
instanceKlass org/jetbrains/kotlin/gradle/plugin/internal/DefaultJavaExecTaskParametersCompatibility$Factory
instanceKlass org/jetbrains/kotlin/gradle/plugin/internal/JavaExecTaskParametersCompatibility$Factory
instanceKlass org/jetbrains/kotlin/gradle/plugin/internal/DefaultMavenPublicationComponentAccessorFactory
instanceKlass org/jetbrains/kotlin/gradle/plugin/internal/MavenPublicationComponentAccessor$Factory
instanceKlass org/jetbrains/kotlin/gradle/plugin/internal/DefaultConfigurationCacheStartParameterAccessorVariantFactory
instanceKlass org/jetbrains/kotlin/gradle/plugin/internal/ConfigurationCacheStartParameterAccessor$Factory
instanceKlass org/jetbrains/kotlin/gradle/plugin/internal/DefaultCompatibilityConventionRegistrar$Factory
instanceKlass org/jetbrains/kotlin/gradle/plugin/internal/CompatibilityConventionRegistrar$Factory
instanceKlass org/jetbrains/kotlin/gradle/plugin/internal/DefaultProjectIsolationStartParameterAccessor$Factory
instanceKlass org/jetbrains/kotlin/gradle/plugin/internal/ProjectIsolationStartParameterAccessor$Factory
instanceKlass org/jetbrains/kotlin/gradle/plugin/diagnostics/DefaultCompilerDiagnosticsProblemsReporter$Factory
instanceKlass org/jetbrains/kotlin/gradle/plugin/diagnostics/CompilerDiagnosticsProblemsReporter$Factory
instanceKlass org/jetbrains/kotlin/gradle/plugin/diagnostics/DefaultProblemsReporter$Factory
instanceKlass org/jetbrains/kotlin/gradle/plugin/diagnostics/ProblemsReporter$Factory
instanceKlass  @bci org/jetbrains/kotlin/gradle/plugin/VariantImplementationFactoriesConfigurator$Inject_ $gradleInit ()V 1 <appendix> member <vmtarget> ; # org/jetbrains/kotlin/gradle/plugin/VariantImplementationFactoriesConfigurator$Inject_$$Lambda+0x000001ae81cd7a20
instanceKlass org/jetbrains/kotlin/gradle/plugin/VariantImplementationFactories$VariantImplementationFactory
instanceKlass org/jetbrains/kotlin/gradle/plugin/VariantImplementationFactoriesConfigurator$Companion$getProvider$1
instanceKlass org/jetbrains/kotlin/gradle/plugin/VariantImplementationFactoriesConfigurator$Companion
instanceKlass org/jetbrains/kotlin/gradle/plugin/VariantImplementationFactoriesConfigurator
instanceKlass org/jetbrains/kotlin/gradle/internal/diagnostics/KotlinCompilerEmbeddableCheck
instanceKlass org/jetbrains/kotlin/gradle/plugin/PluginWrappersKt
instanceKlass org/jetbrains/kotlin/gradle/utils/ResourceUtilsKt
instanceKlass org/jetbrains/kotlin/gradle/plugin/KotlinPluginWrapperKt$kotlinPluginVersionFromResources$1$1
instanceKlass org/jetbrains/kotlin/gradle/logging/GradleLoggingUtilsKt
instanceKlass org/jetbrains/kotlin/gradle/utils/StoredLazyProperty
instanceKlass org/jetbrains/kotlin/gradle/utils/StoredProperty
instanceKlass org/jetbrains/kotlin/tooling/core/TypeUtils
instanceKlass org/jetbrains/kotlin/gradle/utils/StoredPropertyStorage
instanceKlass org/jetbrains/kotlin/tooling/core/Extras$Type$Companion
instanceKlass org/jetbrains/kotlin/tooling/core/Extras$Type
instanceKlass org/jetbrains/kotlin/tooling/core/Extras$Key$Companion
instanceKlass org/jetbrains/kotlin/tooling/core/Extras$Key
instanceKlass org/jetbrains/kotlin/gradle/utils/StoredPropertyKt
instanceKlass org/jetbrains/kotlin/gradle/plugin/KotlinPluginWrapperKt
instanceKlass org/jetbrains/kotlin/gradle/dsl/KotlinProjectExtension
instanceKlass org/jetbrains/kotlin/gradle/plugin/HasProject
instanceKlass org/jetbrains/kotlin/tooling/core/HasMutableExtras
instanceKlass org/jetbrains/kotlin/tooling/core/HasExtras
instanceKlass org/jetbrains/kotlin/gradle/dsl/KotlinAndroidExtension
instanceKlass org/jetbrains/kotlin/gradle/dsl/HasConfigurableKotlinCompilerOptions
instanceKlass org/jetbrains/kotlin/gradle/dsl/KotlinBaseExtension
instanceKlass org/jetbrains/kotlin/gradle/dsl/KotlinTopLevelExtension
instanceKlass org/jetbrains/kotlin/gradle/plugin/KotlinSourceSetContainer
instanceKlass org/jetbrains/kotlin/gradle/dsl/KotlinTopLevelExtensionConfig
instanceKlass org/jetbrains/kotlin/gradle/testing/internal/KotlinTestsRegistry
instanceKlass org/jetbrains/kotlin/gradle/plugin/DefaultKotlinBasePlugin
instanceKlass org/jetbrains/kotlin/gradle/plugin/KotlinBasePlugin
instanceKlass com/flutter/gradle/FlutterPluginUtils$SubprojectPluginState
instanceKlass com/flutter/gradle/FlutterPluginUtils$detectApplyingKotlinGradlePlugin$1
instanceKlass com/android/ide/common/repository/AgpVersion$PreviewKind$WhenMappings
instanceKlass com/android/build/api/AndroidPluginVersion$WhenMappings
instanceKlass com/android/build/api/AndroidPluginVersion$Companion$comparator$5
instanceKlass com/android/build/api/AndroidPluginVersion$Companion$comparator$4
instanceKlass com/android/build/api/AndroidPluginVersion$Companion$comparator$3
instanceKlass com/android/build/api/AndroidPluginVersion$Companion$comparator$2
instanceKlass com/android/build/api/AndroidPluginVersion$Companion$comparator$1
instanceKlass com/android/build/api/AndroidPluginVersion$Companion
instanceKlass com/android/ide/common/repository/AgpVersion$Companion$WhenMappings
instanceKlass kotlin/text/MatchResult$Destructured
instanceKlass kotlin/text/MatchResult$DefaultImpls
instanceKlass kotlin/text/MatchNamedGroupCollection
instanceKlass kotlin/text/MatchGroupCollection
instanceKlass kotlin/text/MatcherMatchResult
instanceKlass kotlin/text/MatchResult
instanceKlass kotlin/text/RegexKt
instanceKlass com/android/build/api/extension/impl/CurrentAndroidGradlePluginVersion
instanceKlass com/flutter/gradle/VersionFetcher
instanceKlass com/flutter/gradle/FlutterPluginUtils$detectLowCompileSdkVersionOrNdkVersion$2
instanceKlass com/android/build/api/extension/impl/AndroidComponentsExtensionImpl$finalizeDsl$1
instanceKlass  @bci com/flutter/gradle/FlutterPluginUtils detectLowCompileSdkVersionOrNdkVersion (Lorg/gradle/api/Project;Ljava/util/List;)V 79 <appendix> member <vmtarget> ; # com/flutter/gradle/FlutterPluginUtils$$Lambda+0x000001ae81ccb480
instanceKlass com/flutter/gradle/FlutterPluginUtils$detectLowCompileSdkVersionOrNdkVersion$validateTask$1
instanceKlass com/flutter/gradle/plugins/PluginHandler$Companion$configurePluginDependencies$1$1$1
instanceKlass com/flutter/gradle/plugins/PluginHandler$Companion$configurePluginProject$2
instanceKlass com/flutter/gradle/plugins/PluginHandler$Companion$configurePluginProject$1
instanceKlass com/flutter/gradle/plugins/PluginHandler$Companion
instanceKlass com/flutter/gradle/FlutterPlugin$addFlutterTasks$2
instanceKlass  @bci com/flutter/gradle/FlutterPlugin$Companion configureAbiWithoutSplits (Lorg/gradle/api/Project;Lcom/android/build/api/dsl/ApplicationExtension;)V 16 <appendix> argL0 ; # com/flutter/gradle/FlutterPlugin$Companion$$Lambda+0x000001ae81cc9bd8
instanceKlass  @bci com/flutter/gradle/FlutterPlugin addFlutterTasks (Lorg/gradle/api/Project;)V 80 <appendix> member <vmtarget> ; # com/flutter/gradle/FlutterPlugin$$Lambda+0x000001ae81cc99b0
instanceKlass com/flutter/gradle/FlutterPluginConstants
instanceKlass  @bci com/flutter/gradle/FlutterPluginUtils addTasksForOutputsAppLinkSettings (Lorg/gradle/api/Project;)V 35 <appendix> member <vmtarget> ; # com/flutter/gradle/FlutterPluginUtils$$Lambda+0x000001ae81cc9580
instanceKlass com/flutter/gradle/FlutterPluginUtils$addTaskForPrintNdkVersion$1
instanceKlass com/flutter/gradle/FlutterPluginUtils$addTaskForPrintBuildVariants$2
instanceKlass com/android/build/api/extension/impl/OperationsRegistrar$Operation
instanceKlass com/android/build/api/extension/impl/AndroidComponentsExtensionImpl$onVariants$1
instanceKlass  @bci com/android/build/api/extension/impl/VariantSelectorImpl_Decorated $gradleInit ()V 1 <appendix> member <vmtarget> ; # com/android/build/api/extension/impl/VariantSelectorImpl_Decorated$$Lambda+0x000001ae81cc8ad0
instanceKlass  @bci com/flutter/gradle/FlutterPluginUtils addTaskForPrintBuildVariants (Lorg/gradle/api/Project;)V 57 <appendix> member <vmtarget> ; # com/flutter/gradle/FlutterPluginUtils$$Lambda+0x000001ae81cc8448
instanceKlass com/flutter/gradle/FlutterPluginUtils$addTaskForKGPVersion$1
instanceKlass com/flutter/gradle/FlutterPluginUtils$addTaskForJavaVersion$1
instanceKlass  @bci com/flutter/gradle/FlutterExtension_Decorated $gradleInit ()V 1 <appendix> member <vmtarget> ; # com/flutter/gradle/FlutterExtension_Decorated$$Lambda+0x000001ae81cc5388
instanceKlass com/flutter/gradle/FlutterExtension
instanceKlass Native_plugin_loader_gradle$NativePluginLoader$Companion
instanceKlass Native_plugin_loader_gradle$NativePluginLoader
instanceKlass com/flutter/gradle/FlutterPlugin$apply$2
instanceKlass org/gradle/api/internal/artifacts/repositories/DefaultMavenArtifactRepository$DefaultDescriber
instanceKlass com/flutter/gradle/FlutterPlugin$apply$1$1
instanceKlass com/flutter/gradle/FlutterPlugin$apply$1
instanceKlass org/xml/sax/Attributes
instanceKlass org/apache/tools/ant/BuildLogger
instanceKlass org/apache/tools/ant/BuildListener
instanceKlass org/xml/sax/Locator
instanceKlass com/flutter/gradle/FlutterPlugin$addTaskForLockfileGeneration$1
instanceKlass com/flutter/gradle/FlutterPluginUtils
instanceKlass com/flutter/gradle/plugins/PluginHandler
instanceKlass com/android/build/gradle/api/AndroidBasePlugin
instanceKlass com/android/build/gradle/internal/crash/CrashReporting$afterEvaluate$1
instanceKlass com/android/build/gradle/internal/plugins/BasePlugin$createTasks$2
instanceKlass com/android/build/gradle/internal/TaskManager$Companion$createCoreLibraryDesugaringConfig$1
instanceKlass com/android/build/gradle/internal/TaskManager$Companion$createTasksBeforeEvaluate$9
instanceKlass com/android/build/gradle/internal/TaskManager$Companion$createTasksBeforeEvaluate$8
instanceKlass com/android/build/gradle/internal/lint/AndroidLintGlobalTask$UpdateBaselineCreationAction$Companion
instanceKlass com/android/build/gradle/internal/lint/LintTaskManager$createBeforeEvaluateLintTasks$1
instanceKlass com/android/build/gradle/internal/lint/AndroidLintGlobalTask$GlobalCreationAction$Companion
instanceKlass com/android/build/gradle/internal/lint/AndroidLintGlobalTask$LintFixCreationAction$Companion
instanceKlass com/android/build/gradle/internal/lint/LintTaskManager$Companion
instanceKlass com/android/build/gradle/internal/lint/LintTaskManager
instanceKlass com/android/build/gradle/internal/TaskManager$Companion$createTasksBeforeEvaluate$6
instanceKlass com/android/build/gradle/internal/TaskManager$Companion$createTasksBeforeEvaluate$5
instanceKlass com/android/build/gradle/internal/TaskManager$Companion$createTasksBeforeEvaluate$4
instanceKlass com/android/build/api/artifact/impl/SingleInitialProviderRequestImpl$on$2
instanceKlass com/android/build/api/artifact/impl/SingleInitialProviderRequestImpl$on$1
instanceKlass com/android/build/api/artifact/impl/ArtifactNamingContext
instanceKlass com/android/build/api/artifact/impl/SinglePropertyAdapter
instanceKlass com/android/build/api/artifact/impl/PropertyAdapter
instanceKlass com/android/build/api/artifact/impl/ArtifactContainer
instanceKlass com/android/build/api/artifact/Artifact$Replaceable
instanceKlass  @bci com/android/build/gradle/ProguardFiles <clinit> ()V 6 <appendix> argL0 ; # com/android/build/gradle/ProguardFiles$$Lambda+0x000001ae81cbd0d8
instanceKlass com/android/build/gradle/ProguardFiles
instanceKlass com/android/build/api/artifact/impl/SingleInitialProviderRequestImpl
instanceKlass com/android/build/gradle/internal/tasks/factory/TaskConfigurationActions
instanceKlass com/android/build/gradle/internal/tasks/factory/TaskFactoryUtils
instanceKlass com/android/build/gradle/internal/tasks/UsesAnalytics
instanceKlass com/android/build/gradle/internal/tasks/GlobalTask
instanceKlass com/android/build/gradle/internal/tasks/factory/TaskCreationAction
instanceKlass com/android/build/gradle/internal/tasks/factory/TaskConfigAction
instanceKlass com/android/build/gradle/internal/tasks/factory/TaskProviderCallback
instanceKlass com/android/build/gradle/internal/tasks/factory/PreConfigAction
instanceKlass com/android/build/gradle/internal/tasks/factory/TaskInformation
instanceKlass com/android/build/gradle/internal/TaskManager$Companion$createTasksBeforeEvaluate$3
instanceKlass com/android/build/gradle/internal/TaskManager$Companion$createTasksBeforeEvaluate$2
instanceKlass com/android/build/gradle/internal/TaskManager$Companion$createTasksBeforeEvaluate$1
instanceKlass com/android/build/gradle/internal/tasks/factory/TaskFactoryImpl
instanceKlass com/android/build/gradle/internal/tasks/factory/TaskFactory
instanceKlass com/android/build/gradle/internal/services/TaskCreationServices
instanceKlass com/android/build/gradle/internal/services/VariantServices
instanceKlass com/android/build/gradle/internal/services/VariantBuilderServices
instanceKlass com/android/build/gradle/internal/api/ReadOnlyObjectProvider
instanceKlass com/android/build/gradle/internal/api/VariantFilter
instanceKlass com/android/build/gradle/options/SigningOptions
instanceKlass com/android/build/gradle/internal/tasks/SigningConfigUtils$Companion
instanceKlass com/android/build/gradle/internal/tasks/SigningConfigUtils
instanceKlass com/android/build/gradle/internal/VariantManager$Companion
instanceKlass com/android/build/gradle/internal/TaskManager$Companion
instanceKlass com/android/build/gradle/internal/plugins/BasePlugin$createTasks$1
instanceKlass com/android/build/gradle/internal/plugins/AndroidPluginBaseServices$applyBaseServices$4
# instanceKlass java/lang/invoke/LambdaForm$MH+0x000001ae81cb4400
# instanceKlass java/lang/invoke/LambdaForm$MH+0x000001ae81cb4000
instanceKlass  @bci com/android/build/gradle/internal/dsl/BuildType$AgpDecorated_Decorated $gradleInit ()V 1 <appendix> member <vmtarget> ; # com/android/build/gradle/internal/dsl/BuildType$AgpDecorated_Decorated$$Lambda+0x000001ae81cb3178
instanceKlass org/gradle/testing/jacoco/plugins/JacocoPlugin
instanceKlass  @bci com/android/build/gradle/internal/dsl/VcsInfoImpl$AgpDecorated_Decorated $gradleInit ()V 1 <appendix> member <vmtarget> ; # com/android/build/gradle/internal/dsl/VcsInfoImpl$AgpDecorated_Decorated$$Lambda+0x000001ae81cb2f50
instanceKlass  @bci com/android/build/gradle/internal/dsl/AndroidTestImpl$AgpDecorated_Decorated $gradleInit ()V 1 <appendix> member <vmtarget> ; # com/android/build/gradle/internal/dsl/AndroidTestImpl$AgpDecorated_Decorated$$Lambda+0x000001ae81cb2718
# instanceKlass java/lang/invoke/LambdaForm$MH+0x000001ae81ca8400
instanceKlass com/android/builder/core/AbstractBuildType$Companion
instanceKlass com/android/build/gradle/internal/dsl/BuildType$Companion
instanceKlass  @bci com/android/build/gradle/internal/dsl/SigningConfig$AgpDecorated_Decorated $gradleInit ()V 1 <appendix> member <vmtarget> ; # com/android/build/gradle/internal/dsl/SigningConfig$AgpDecorated_Decorated$$Lambda+0x000001ae81ca8a08
instanceKlass com/android/builder/signing/DefaultSigningConfig$Companion
instanceKlass com/android/builder/signing/DefaultSigningConfig$DebugSigningConfig
instanceKlass  @bci com/android/build/gradle/internal/ide/v2/NativeModelBuilder_Decorated $gradleInit ()V 1 <appendix> member <vmtarget> ; # com/android/build/gradle/internal/ide/v2/NativeModelBuilder_Decorated$$Lambda+0x000001ae81ca9630
instanceKlass com/android/build/gradle/internal/cxx/configure/NativeModelBuilderOutcomeOrBuilder
instanceKlass com/android/build/gradle/internal/cxx/gradle/generator/CxxMetadataGenerator
instanceKlass com/android/build/gradle/internal/cxx/model/CxxAbiModel
instanceKlass com/android/builder/model/v2/models/ndk/NativeModule
instanceKlass com/android/builder/model/v2/AndroidModel
instanceKlass com/android/builder/model/v2/models/ndk/NativeModelBuilderParameter
instanceKlass com/android/build/gradle/internal/ide/v2/NativeModelBuilder
instanceKlass com/android/build/gradle/internal/ide/v2/ModelBuilder$Companion
instanceKlass com/android/build/gradle/internal/ide/v2/ModelBuilder
instanceKlass com/android/build/gradle/internal/variant/VariantModelImpl
instanceKlass com/android/build/gradle/internal/tasks/factory/GlobalTaskNamesImpl
instanceKlass com/android/build/gradle/internal/tasks/factory/GlobalTaskNames
instanceKlass com/android/build/api/artifact/impl/ScopedArtifactsImpl
instanceKlass com/android/build/api/variant/ScopedArtifacts
instanceKlass com/android/build/api/variant/impl/DeferredActionManager
instanceKlass com/android/build/api/artifact/impl/TypedStorageProvider
instanceKlass com/android/build/api/artifact/impl/StorageProviderImpl
instanceKlass com/android/build/api/artifact/impl/ArtifactsImpl
instanceKlass com/android/build/api/artifact/Artifacts
instanceKlass com/android/build/gradle/internal/core/ToolExecutionOptions
instanceKlass com/android/build/gradle/internal/core/ExecutionProfileOptions
instanceKlass com/android/build/gradle/internal/core/SettingsOptionsKt
instanceKlass  @bci com/android/build/gradle/internal/services/FakeDependencyJarBuildService$Inject_ $gradleInit ()V 1 <appendix> member <vmtarget> ; # com/android/build/gradle/internal/services/FakeDependencyJarBuildService$Inject_$$Lambda+0x000001ae81ca3508
instanceKlass  @bci com/android/build/gradle/internal/services/FakeDependencyJarBuildService$FakeDependencyJarCreator$Inject_ $gradleInit ()V 1 <appendix> member <vmtarget> ; # com/android/build/gradle/internal/services/FakeDependencyJarBuildService$FakeDependencyJarCreator$Inject_$$Lambda+0x000001ae81ca32e0
instanceKlass  @bci com/android/build/gradle/internal/services/FakeDependencyJarBuildService$FakeDependencyJarCreator$Params$Inject_ $gradleInit ()V 1 <appendix> member <vmtarget> ; # com/android/build/gradle/internal/services/FakeDependencyJarBuildService$FakeDependencyJarCreator$Params$Inject_$$Lambda+0x000001ae81ca2d70
instanceKlass com/android/build/gradle/internal/services/FakeDependencyJarBuildService$FakeDependencyJarCreator$Params$Inject_
instanceKlass  @bci com/android/build/gradle/internal/services/FakeDependencyJarBuildService$FakeDependencyJarCreator$Params_Decorated $gradleInit ()V 1 <appendix> member <vmtarget> ; # com/android/build/gradle/internal/services/FakeDependencyJarBuildService$FakeDependencyJarCreator$Params_Decorated$$Lambda+0x000001ae81ca2818
instanceKlass com/android/build/gradle/internal/services/FakeDependencyJarBuildService$FakeDependencyJarCreator$Params_Decorated
instanceKlass com/android/build/gradle/internal/services/FakeDependencyJarBuildService$FakeDependencyJarCreator$Params
instanceKlass com/android/build/gradle/internal/services/FakeDependencyJarBuildService$lazyCachedFakeJar$1
instanceKlass com/android/build/gradle/internal/services/FakeDependencyJarBuildService$FakeDependencyJarCreator
instanceKlass  @bci com/android/build/gradle/internal/services/FakeDependencyJarBuildService$Params$Inject_ $gradleInit ()V 1 <appendix> member <vmtarget> ; # com/android/build/gradle/internal/services/FakeDependencyJarBuildService$Params$Inject_$$Lambda+0x000001ae81ca7878
instanceKlass com/android/build/gradle/internal/services/FakeDependencyJarBuildService$Params$Inject_
instanceKlass com/android/build/gradle/internal/tasks/factory/GlobalTaskCreationConfigImpl$Companion
instanceKlass  @bci com/android/build/gradle/LintLifecycleExtensionImpl_Decorated $gradleInit ()V 1 <appendix> member <vmtarget> ; # com/android/build/gradle/LintLifecycleExtensionImpl_Decorated$$Lambda+0x000001ae81ca6ee0
instanceKlass com/android/build/gradle/LintLifecycleExtensionImpl
instanceKlass com/android/build/api/variant/LintLifecycleExtension
instanceKlass  @bci com/android/build/gradle/internal/plugins/AppPlugin$ApplicationAndroidComponentsExtensionImplCompat_Decorated $gradleInit ()V 1 <appendix> member <vmtarget> ; # com/android/build/gradle/internal/plugins/AppPlugin$ApplicationAndroidComponentsExtensionImplCompat_Decorated$$Lambda+0x000001ae81ca64b8
instanceKlass com/android/build/api/variant/DslExtension
instanceKlass com/android/build/api/AndroidPluginVersion
instanceKlass com/android/build/gradle/internal/core/dsl/impl/features/DeviceTestOptionsDslInfoImpl
instanceKlass com/android/build/gradle/internal/core/dsl/features/DeviceTestOptionsDslInfo
instanceKlass com/android/build/gradle/internal/core/dsl/features/TestOptionsDslInfo
instanceKlass  @bci com/android/build/gradle/internal/dsl/SdkComponentsImpl_Decorated $gradleInit ()V 1 <appendix> member <vmtarget> ; # com/android/build/gradle/internal/dsl/SdkComponentsImpl_Decorated$$Lambda+0x000001ae81ca5308
instanceKlass com/android/build/gradle/internal/dsl/SdkComponentsImpl$adb$1
instanceKlass com/android/build/gradle/internal/dsl/SdkComponentsImpl$sdkDirectory$1
# instanceKlass java/lang/invoke/LambdaForm$MH+0x000001ae81ca1800
# instanceKlass java/lang/invoke/LambdaForm$MH+0x000001ae81ca1400
# instanceKlass java/lang/invoke/LambdaForm$MH+0x000001ae81ca1000
instanceKlass com/android/build/api/variant/Aidl
instanceKlass com/android/build/api/variant/Aapt2
instanceKlass  @bci com/android/build/gradle/internal/plugins/AppPlugin createComponentExtension (Lcom/android/build/gradle/internal/services/DslServices;Lcom/android/build/api/extension/impl/VariantApiOperationsRegistrar;Lcom/android/build/gradle/internal/tasks/factory/BootClasspathConfig;)Lcom/android/build/api/variant/ApplicationAndroidComponentsExtension; 129 <appendix> member <vmtarget> ; # com/android/build/gradle/internal/plugins/AppPlugin$$Lambda+0x000001ae81c9fc50
instanceKlass  @bci com/android/build/gradle/internal/plugins/AppPlugin createComponentExtension (Lcom/android/build/gradle/internal/services/DslServices;Lcom/android/build/api/extension/impl/VariantApiOperationsRegistrar;Lcom/android/build/gradle/internal/tasks/factory/BootClasspathConfig;)Lcom/android/build/api/variant/ApplicationAndroidComponentsExtension; 106 <appendix> member <vmtarget> ; # com/android/build/gradle/internal/plugins/AppPlugin$$Lambda+0x000001ae81c9fa28
instanceKlass  @bci com/android/build/gradle/internal/plugins/AppPlugin createComponentExtension (Lcom/android/build/gradle/internal/services/DslServices;Lcom/android/build/api/extension/impl/VariantApiOperationsRegistrar;Lcom/android/build/gradle/internal/tasks/factory/BootClasspathConfig;)Lcom/android/build/api/variant/ApplicationAndroidComponentsExtension; 80 <appendix> member <vmtarget> ; # com/android/build/gradle/internal/plugins/AppPlugin$$Lambda+0x000001ae81c9f800
instanceKlass  @bci com/android/build/gradle/internal/plugins/AppPlugin createComponentExtension (Lcom/android/build/gradle/internal/services/DslServices;Lcom/android/build/api/extension/impl/VariantApiOperationsRegistrar;Lcom/android/build/gradle/internal/tasks/factory/BootClasspathConfig;)Lcom/android/build/api/variant/ApplicationAndroidComponentsExtension; 54 <appendix> member <vmtarget> ; # com/android/build/gradle/internal/plugins/AppPlugin$$Lambda+0x000001ae81c9f5d8
instanceKlass  @bci com/android/build/gradle/internal/plugins/AppPlugin createComponentExtension (Lcom/android/build/gradle/internal/services/DslServices;Lcom/android/build/api/extension/impl/VariantApiOperationsRegistrar;Lcom/android/build/gradle/internal/tasks/factory/BootClasspathConfig;)Lcom/android/build/api/variant/ApplicationAndroidComponentsExtension; 28 <appendix> member <vmtarget> ; # com/android/build/gradle/internal/plugins/AppPlugin$$Lambda+0x000001ae81c9f3b0
instanceKlass com/android/build/gradle/internal/dsl/SdkComponentsImpl
instanceKlass com/android/build/api/extension/impl/VariantSelectorImpl
instanceKlass com/android/build/api/variant/VariantSelector
instanceKlass com/android/build/api/extension/impl/OperationsRegistrar
instanceKlass  @bci com/android/build/gradle/internal/dsl/BaseAppModuleExtension_Decorated $gradleInit ()V 1 <appendix> member <vmtarget> ; # com/android/build/gradle/internal/dsl/BaseAppModuleExtension_Decorated$$Lambda+0x000001ae81c9e848
instanceKlass  @bci com/android/build/gradle/internal/dsl/DexOptions_Decorated $gradleInit ()V 1 <appendix> member <vmtarget> ; # com/android/build/gradle/internal/dsl/DexOptions_Decorated$$Lambda+0x000001ae81c9e620
# instanceKlass java/lang/invoke/LambdaForm$MH+0x000001ae81ca0c00
# instanceKlass java/lang/invoke/LambdaForm$MH+0x000001ae81ca0800
# instanceKlass java/lang/invoke/LambdaForm$MH+0x000001ae81ca0400
# instanceKlass java/lang/invoke/LambdaForm$MH+0x000001ae81ca0000
instanceKlass com/android/build/api/variant/VariantFilter
instanceKlass com/android/builder/core/LibraryRequest
instanceKlass com/android/build/gradle/api/ApplicationVariant
instanceKlass com/android/build/gradle/internal/api/TestedVariant
instanceKlass com/android/builder/testing/api/DeviceProvider
instanceKlass com/android/builder/core/DefaultDexOptions
instanceKlass com/android/builder/core/DexOptions
instanceKlass com/android/builder/testing/api/TestServer
instanceKlass com/android/build/gradle/api/UnitTestVariant
instanceKlass com/android/build/gradle/api/TestVariant
instanceKlass com/android/build/gradle/api/ApkVariant
instanceKlass com/android/build/gradle/internal/core/InternalBaseVariant
instanceKlass com/android/build/gradle/api/AndroidArtifactVariant
instanceKlass com/android/build/gradle/api/VersionedVariant
instanceKlass com/android/build/gradle/api/InstallableVariant
instanceKlass com/android/build/gradle/api/BaseVariant
instanceKlass  @bci com/android/build/gradle/internal/dsl/ApplicationExtensionImpl$AgpDecorated_Decorated $gradleInit ()V 1 <appendix> member <vmtarget> ; # com/android/build/gradle/internal/dsl/ApplicationExtensionImpl$AgpDecorated_Decorated$$Lambda+0x000001ae81c99800
instanceKlass  @bci com/android/build/gradle/internal/dsl/PackagingOptions$AgpDecorated_Decorated $gradleInit ()V 1 <appendix> member <vmtarget> ; # com/android/build/gradle/internal/dsl/PackagingOptions$AgpDecorated_Decorated$$Lambda+0x000001ae81c995d8
instanceKlass  @bci com/android/build/gradle/internal/dsl/JniLibsPackagingImpl$AgpDecorated_Decorated $gradleInit ()V 1 <appendix> member <vmtarget> ; # com/android/build/gradle/internal/dsl/JniLibsPackagingImpl$AgpDecorated_Decorated$$Lambda+0x000001ae81c993b0
instanceKlass  @bci com/android/build/gradle/internal/dsl/DexPackagingImpl$AgpDecorated_Decorated $gradleInit ()V 1 <appendix> member <vmtarget> ; # com/android/build/gradle/internal/dsl/DexPackagingImpl$AgpDecorated_Decorated$$Lambda+0x000001ae81c98ab0
instanceKlass com/android/build/gradle/internal/dsl/DexPackagingImpl$AgpDecorated
instanceKlass  @bci com/android/build/gradle/internal/dsl/ResourcesPackagingImpl$AgpDecorated_Decorated $gradleInit ()V 1 <appendix> member <vmtarget> ; # com/android/build/gradle/internal/dsl/ResourcesPackagingImpl$AgpDecorated_Decorated$$Lambda+0x000001ae81c98258
instanceKlass com/android/build/gradle/internal/dsl/decorator/LockableSet$LockableIterator
instanceKlass kotlin/jvm/internal/markers/KMutableIterator
instanceKlass com/android/build/gradle/internal/packaging/PackagingOptionsUtilsKt
instanceKlass  @bci com/android/build/gradle/internal/dsl/ApplicationPublishingImpl$AgpDecorated_Decorated $gradleInit ()V 1 <appendix> member <vmtarget> ; # com/android/build/gradle/internal/dsl/ApplicationPublishingImpl$AgpDecorated_Decorated$$Lambda+0x000001ae81c95860
instanceKlass com/android/build/api/dsl/SingleVariant
instanceKlass com/android/build/api/dsl/PublishingOptions
instanceKlass  @bci com/android/build/gradle/internal/CompileOptions$AgpDecorated_Decorated $gradleInit ()V 1 <appendix> member <vmtarget> ; # com/android/build/gradle/internal/CompileOptions$AgpDecorated_Decorated$$Lambda+0x000001ae81c97a10
instanceKlass com/google/common/base/Charsets
instanceKlass com/android/build/gradle/internal/CompileOptions$Companion
instanceKlass  @bci com/android/build/gradle/internal/dsl/DependenciesInfoImpl$AgpDecorated_Decorated $gradleInit ()V 1 <appendix> member <vmtarget> ; # com/android/build/gradle/internal/dsl/DependenciesInfoImpl$AgpDecorated_Decorated$$Lambda+0x000001ae81c96ca0
instanceKlass  @bci com/android/build/gradle/internal/dsl/ExternalNativeBuild$AgpDecorated_Decorated $gradleInit ()V 1 <appendix> member <vmtarget> ; # com/android/build/gradle/internal/dsl/ExternalNativeBuild$AgpDecorated_Decorated$$Lambda+0x000001ae81c96428
instanceKlass  @bci com/android/build/gradle/internal/dsl/NdkBuildOptions$AgpDecorated_Decorated $gradleInit ()V 1 <appendix> member <vmtarget> ; # com/android/build/gradle/internal/dsl/NdkBuildOptions$AgpDecorated_Decorated$$Lambda+0x000001ae81c93cf0
instanceKlass  @bci com/android/build/gradle/internal/dsl/CmakeOptions$AgpDecorated_Decorated $gradleInit ()V 1 <appendix> member <vmtarget> ; # com/android/build/gradle/internal/dsl/CmakeOptions$AgpDecorated_Decorated$$Lambda+0x000001ae81c937f8
instanceKlass  @bci com/android/build/gradle/internal/dsl/LintImpl$AgpDecorated_Decorated $gradleInit ()V 1 <appendix> member <vmtarget> ; # com/android/build/gradle/internal/dsl/LintImpl$AgpDecorated_Decorated$$Lambda+0x000001ae81c92750
instanceKlass com/android/tools/lint/model/LintModelSeverity$Companion
# instanceKlass java/lang/invoke/LambdaForm$MH+0x000001ae81c94000
instanceKlass  @bci com/android/build/gradle/internal/dsl/Splits$AgpDecorated_Decorated $gradleInit ()V 1 <appendix> member <vmtarget> ; # com/android/build/gradle/internal/dsl/Splits$AgpDecorated_Decorated$$Lambda+0x000001ae81c90840
instanceKlass  @bci com/android/build/gradle/internal/dsl/AbiSplitOptions$AgpDecorated_Decorated $gradleInit ()V 1 <appendix> member <vmtarget> ; # com/android/build/gradle/internal/dsl/AbiSplitOptions$AgpDecorated_Decorated$$Lambda+0x000001ae81c90618
instanceKlass com/google/common/math/IntMath$1
instanceKlass com/google/common/math/MathPreconditions
instanceKlass com/google/common/math/IntMath
instanceKlass  @bci com/android/build/gradle/internal/dsl/BundleOptions$AgpDecorated_Decorated $gradleInit ()V 1 <appendix> member <vmtarget> ; # com/android/build/gradle/internal/dsl/BundleOptions$AgpDecorated_Decorated$$Lambda+0x000001ae81c8e4c0
instanceKlass  @bci com/android/build/gradle/internal/dsl/BundleOptionsDeviceTier$AgpDecorated_Decorated $gradleInit ()V 1 <appendix> member <vmtarget> ; # com/android/build/gradle/internal/dsl/BundleOptionsDeviceTier$AgpDecorated_Decorated$$Lambda+0x000001ae81c8e298
instanceKlass  @bci com/android/build/gradle/internal/dsl/BundleOptionsAiModelVersion$AgpDecorated_Decorated $gradleInit ()V 1 <appendix> member <vmtarget> ; # com/android/build/gradle/internal/dsl/BundleOptionsAiModelVersion$AgpDecorated_Decorated$$Lambda+0x000001ae81c8da18
instanceKlass  @bci com/android/build/gradle/internal/dsl/BundleOptionsDeviceGroup$AgpDecorated_Decorated $gradleInit ()V 1 <appendix> member <vmtarget> ; # com/android/build/gradle/internal/dsl/BundleOptionsDeviceGroup$AgpDecorated_Decorated$$Lambda+0x000001ae81c8d198
instanceKlass  @bci com/android/build/gradle/internal/dsl/BundleOptionsCountrySet$AgpDecorated_Decorated $gradleInit ()V 1 <appendix> member <vmtarget> ; # com/android/build/gradle/internal/dsl/BundleOptionsCountrySet$AgpDecorated_Decorated$$Lambda+0x000001ae81c8c918
instanceKlass  @bci com/android/build/gradle/internal/dsl/BundleOptionsStoreArchive$AgpDecorated_Decorated $gradleInit ()V 1 <appendix> member <vmtarget> ; # com/android/build/gradle/internal/dsl/BundleOptionsStoreArchive$AgpDecorated_Decorated$$Lambda+0x000001ae81c8bca8
instanceKlass  @bci com/android/build/gradle/internal/dsl/BundleOptionsCodeTransparency$AgpDecorated_Decorated $gradleInit ()V 1 <appendix> member <vmtarget> ; # com/android/build/gradle/internal/dsl/BundleOptionsCodeTransparency$AgpDecorated_Decorated$$Lambda+0x000001ae81c8b470
instanceKlass  @bci com/android/build/gradle/internal/dsl/SigningConfigImpl$AgpDecorated_Decorated $gradleInit ()V 1 <appendix> member <vmtarget> ; # com/android/build/gradle/internal/dsl/SigningConfigImpl$AgpDecorated_Decorated$$Lambda+0x000001ae81c8b248
instanceKlass  @bci java/security/KeyStore getDefaultType ()Ljava/lang/String; 0 <appendix> argL0 ; # java/security/KeyStore$$Lambda+0x000001ae8197c250
instanceKlass java/security/KeyStore
instanceKlass  @bci com/android/build/gradle/internal/dsl/BundleOptionsAbi$AgpDecorated_Decorated $gradleInit ()V 1 <appendix> member <vmtarget> ; # com/android/build/gradle/internal/dsl/BundleOptionsAbi$AgpDecorated_Decorated$$Lambda+0x000001ae81c8a290
instanceKlass  @bci com/android/build/gradle/internal/dsl/BundleOptionsDensity$AgpDecorated_Decorated $gradleInit ()V 1 <appendix> member <vmtarget> ; # com/android/build/gradle/internal/dsl/BundleOptionsDensity$AgpDecorated_Decorated$$Lambda+0x000001ae81c89a58
instanceKlass  @bci com/android/build/gradle/internal/dsl/BundleOptionsTexture$AgpDecorated_Decorated $gradleInit ()V 1 <appendix> member <vmtarget> ; # com/android/build/gradle/internal/dsl/BundleOptionsTexture$AgpDecorated_Decorated$$Lambda+0x000001ae81c89220
instanceKlass  @bci com/android/build/gradle/internal/dsl/BundleOptionsLanguage$AgpDecorated_Decorated $gradleInit ()V 1 <appendix> member <vmtarget> ; # com/android/build/gradle/internal/dsl/BundleOptionsLanguage$AgpDecorated_Decorated$$Lambda+0x000001ae81c889a0
instanceKlass  @bci com/android/build/gradle/internal/dsl/decorator/ApplicationInstallationImpl$AgpDecorated_Decorated $gradleInit ()V 1 <appendix> member <vmtarget> ; # com/android/build/gradle/internal/dsl/decorator/ApplicationInstallationImpl$AgpDecorated_Decorated$$Lambda+0x000001ae81c87640
instanceKlass  @bci com/android/build/gradle/internal/dsl/TestOptions_Decorated $gradleInit ()V 1 <appendix> member <vmtarget> ; # com/android/build/gradle/internal/dsl/TestOptions_Decorated$$Lambda+0x000001ae81c867d8
instanceKlass  @bci com/android/build/gradle/internal/dsl/EmulatorControl$AgpDecorated_Decorated $gradleInit ()V 1 <appendix> member <vmtarget> ; # com/android/build/gradle/internal/dsl/EmulatorControl$AgpDecorated_Decorated$$Lambda+0x000001ae81c86368
instanceKlass com/android/build/gradle/internal/dsl/EmulatorControl
instanceKlass  @bci com/android/build/gradle/internal/dsl/ManagedDevices_Decorated $gradleInit ()V 1 <appendix> member <vmtarget> ; # com/android/build/gradle/internal/dsl/ManagedDevices_Decorated$$Lambda+0x000001ae81c85848
instanceKlass com/android/build/gradle/internal/dsl/DeviceGroupFactory
instanceKlass com/android/build/gradle/internal/dsl/ManagedDevices$localDevices$1$2
instanceKlass com/android/build/gradle/internal/dsl/ManagedDevices$localDevices$1$1
instanceKlass com/android/build/gradle/internal/dsl/ManagedVirtualDeviceFactory
instanceKlass com/android/build/gradle/internal/dsl/ManagedDevices$allDevices$1$2
instanceKlass com/android/build/gradle/internal/dsl/ManagedDevices$allDevices$1$1
instanceKlass com/android/build/gradle/internal/dsl/ManagedVirtualDevice
instanceKlass com/android/build/api/dsl/ManagedVirtualDevice
instanceKlass com/android/build/api/dsl/DeviceGroup
instanceKlass com/android/build/api/dsl/Device
instanceKlass  @bci com/android/build/gradle/internal/dsl/TestOptions$UnitTestOptions_Decorated $gradleInit ()V 1 <appendix> member <vmtarget> ; # com/android/build/gradle/internal/dsl/TestOptions$UnitTestOptions_Decorated$$Lambda+0x000001ae81c83be8
instanceKlass com/android/build/api/dsl/EmulatorControl
instanceKlass com/android/build/gradle/internal/dsl/TestOptions$UnitTestOptions
instanceKlass com/android/build/api/dsl/UnitTestOptions
instanceKlass com/android/build/gradle/internal/dsl/ManagedDevices
instanceKlass com/android/build/api/dsl/ManagedDevices
instanceKlass  @bci com/android/build/gradle/internal/coverage/JacocoOptions_Decorated $gradleInit ()V 1 <appendix> member <vmtarget> ; # com/android/build/gradle/internal/coverage/JacocoOptions_Decorated$$Lambda+0x000001ae81c821b8
instanceKlass  @bci com/android/build/gradle/internal/dsl/DataBindingOptions$AgpDecorated_Decorated $gradleInit ()V 1 <appendix> member <vmtarget> ; # com/android/build/gradle/internal/dsl/DataBindingOptions$AgpDecorated_Decorated$$Lambda+0x000001ae81c81bb0
instanceKlass com/android/build/gradle/internal/dsl/ApplicationExtensionImpl$dataBinding$1
instanceKlass  @bci com/android/build/gradle/internal/dsl/ApplicationAndroidResourcesImpl$AgpDecorated_Decorated $gradleInit ()V 1 <appendix> member <vmtarget> ; # com/android/build/gradle/internal/dsl/ApplicationAndroidResourcesImpl$AgpDecorated_Decorated$$Lambda+0x000001ae81c80f28
instanceKlass  @bci com/android/build/gradle/internal/dsl/ComposeOptionsImpl_Decorated $gradleInit ()V 1 <appendix> member <vmtarget> ; # com/android/build/gradle/internal/dsl/ComposeOptionsImpl_Decorated$$Lambda+0x000001ae81c80000
instanceKlass  @bci com/android/build/gradle/internal/dsl/ApplicationBuildFeaturesImpl_Decorated $gradleInit ()V 1 <appendix> member <vmtarget> ; # com/android/build/gradle/internal/dsl/ApplicationBuildFeaturesImpl_Decorated$$Lambda+0x000001ae81c7f870
instanceKlass com/android/build/gradle/internal/dsl/BuildFeaturesImpl
instanceKlass  @bci com/android/build/gradle/internal/dsl/TestFixturesImpl_Decorated $gradleInit ()V 1 <appendix> member <vmtarget> ; # com/android/build/gradle/internal/dsl/TestFixturesImpl_Decorated$$Lambda+0x000001ae81c7ea58
instanceKlass com/android/build/gradle/internal/dsl/TestFixturesImpl
instanceKlass com/android/builder/core/ToolsRevisionUtils
instanceKlass com/android/build/gradle/internal/dsl/CompileSdkDelegate
instanceKlass com/android/build/gradle/internal/dsl/CompileSdkProperties
instanceKlass com/android/build/api/dsl/SdkComponents
instanceKlass com/android/build/api/dsl/TestFixtures
instanceKlass com/android/build/api/dsl/ApplicationInstallation
instanceKlass com/android/build/gradle/internal/dsl/ComposeOptionsImpl
instanceKlass com/android/build/api/dsl/ComposeOptions
instanceKlass com/android/build/gradle/internal/dsl/LintOptions
instanceKlass com/android/build/api/dsl/LintOptions
instanceKlass com/android/builder/model/LintOptions
instanceKlass com/android/build/gradle/internal/dsl/AdbOptions
instanceKlass com/android/build/api/dsl/AdbOptions
instanceKlass com/android/build/api/dsl/Installation
instanceKlass com/android/builder/model/AdbOptions
instanceKlass com/android/build/api/dsl/ApplicationBuildFeatures
instanceKlass com/android/build/api/dsl/BuildFeatures
instanceKlass com/android/build/api/dsl/ApplicationAndroidResources
instanceKlass com/android/build/gradle/internal/coverage/JacocoOptions
instanceKlass com/android/build/api/dsl/JacocoOptions
instanceKlass com/android/build/api/dsl/TestCoverage
instanceKlass com/android/build/gradle/api/BaseVariantOutput
instanceKlass com/android/build/OutputFile
instanceKlass com/android/build/VariantOutput
instanceKlass com/android/build/gradle/internal/variant/LegacyVariantInputManager$6
instanceKlass com/android/build/gradle/internal/variant/LegacyVariantInputManager$5
instanceKlass com/android/build/gradle/internal/variant/LegacyVariantInputManager$4
instanceKlass com/android/build/gradle/internal/variant/LegacyVariantInputManager$3
instanceKlass com/android/build/gradle/internal/variant/LegacyVariantInputManager$2
instanceKlass com/android/build/gradle/internal/variant/LegacyVariantInputManager$1
instanceKlass  @bci com/android/build/gradle/internal/api/DefaultAndroidSourceSet_Decorated $gradleInit ()V 1 <appendix> member <vmtarget> ; # com/android/build/gradle/internal/api/DefaultAndroidSourceSet_Decorated$$Lambda+0x000001ae81c75cc8
instanceKlass com/android/build/gradle/internal/api/DefaultAndroidSourceSet$AndroidSourceDirectorySetFactory
instanceKlass com/android/build/gradle/internal/api/DefaultAndroidSourceFile
instanceKlass com/android/build/api/artifact/ArtifactKind
instanceKlass com/android/build/api/artifact/Artifact$Companion
instanceKlass com/android/build/api/artifact/Artifact
instanceKlass com/google/common/base/Ascii
# instanceKlass java/lang/invoke/LambdaForm$MH+0x000001ae81c74400
# instanceKlass java/lang/invoke/LambdaForm$MH+0x000001ae81c74000
instanceKlass com/android/build/gradle/internal/api/DefaultAndroidSourceDirectorySet
instanceKlass com/android/builder/model/v2/CustomSourceDirectory
instanceKlass com/android/build/gradle/api/AndroidSourceFile
instanceKlass com/android/build/api/dsl/AndroidSourceFile
instanceKlass com/android/build/gradle/api/AndroidSourceDirectorySet
instanceKlass com/android/build/api/dsl/AndroidSourceDirectorySet
instanceKlass com/android/build/gradle/internal/api/DefaultAndroidSourceSet
instanceKlass com/android/builder/model/SourceProvider
instanceKlass com/android/build/gradle/internal/VariantDimensionData
instanceKlass com/android/build/gradle/internal/api/LazyAndroidSourceSet
instanceKlass com/android/build/gradle/internal/dependency/SourceSetManager$createConfigurationsForSourceSet$2
instanceKlass com/android/build/gradle/internal/api/AndroidSourceSetName$Companion
instanceKlass com/android/build/gradle/internal/api/AndroidSourceSetName
instanceKlass  @bci com/android/build/gradle/internal/dsl/DefaultConfig$AgpDecorated_Decorated $gradleInit ()V 1 <appendix> member <vmtarget> ; # com/android/build/gradle/internal/dsl/DefaultConfig$AgpDecorated_Decorated$$Lambda+0x000001ae81c6fd88
instanceKlass  @bci com/android/build/gradle/internal/dsl/OptimizationImpl$AgpDecorated_Decorated $gradleInit ()V 1 <appendix> member <vmtarget> ; # com/android/build/gradle/internal/dsl/OptimizationImpl$AgpDecorated_Decorated$$Lambda+0x000001ae81c6fb60
instanceKlass  @bci com/android/build/gradle/internal/dsl/BaselineProfileImpl$AgpDecorated_Decorated $gradleInit ()V 1 <appendix> member <vmtarget> ; # com/android/build/gradle/internal/dsl/BaselineProfileImpl$AgpDecorated_Decorated$$Lambda+0x000001ae81c6f938
# instanceKlass java/lang/invoke/LambdaForm$MH+0x000001ae81c60c00
instanceKlass  @bci com/android/build/gradle/internal/dsl/KeepRulesImpl$AgpDecorated_Decorated $gradleInit ()V 1 <appendix> member <vmtarget> ; # com/android/build/gradle/internal/dsl/KeepRulesImpl$AgpDecorated_Decorated$$Lambda+0x000001ae81c6f0d0
instanceKlass com/android/build/gradle/internal/dsl/decorator/annotation/NonNullableSetter
instanceKlass  @bci com/android/build/gradle/internal/dsl/AarMetadataImpl$AgpDecorated_Decorated $gradleInit ()V 1 <appendix> member <vmtarget> ; # com/android/build/gradle/internal/dsl/AarMetadataImpl$AgpDecorated_Decorated$$Lambda+0x000001ae81c6dc90
instanceKlass com/android/build/gradle/internal/dsl/AarMetadataImpl$AgpDecorated
instanceKlass  @bci com/android/build/gradle/internal/dsl/JavaCompileOptions$AgpDecorated_Decorated $gradleInit ()V 1 <appendix> member <vmtarget> ; # com/android/build/gradle/internal/dsl/JavaCompileOptions$AgpDecorated_Decorated$$Lambda+0x000001ae81c6d3a8
instanceKlass  @bci com/android/build/gradle/internal/dsl/AnnotationProcessorOptions$AgpDecorated_Decorated $gradleInit ()V 1 <appendix> member <vmtarget> ; # com/android/build/gradle/internal/dsl/AnnotationProcessorOptions$AgpDecorated_Decorated$$Lambda+0x000001ae81c6d180
instanceKlass com/android/resources/Density
instanceKlass com/android/resources/ResourceEnum
instanceKlass  @bci com/android/build/gradle/internal/dsl/VectorDrawablesOptions_Decorated $gradleInit ()V 1 <appendix> member <vmtarget> ; # com/android/build/gradle/internal/dsl/VectorDrawablesOptions_Decorated$$Lambda+0x000001ae81c6b8c0
instanceKlass  @bci com/android/build/gradle/internal/dsl/ShaderOptions_Decorated $gradleInit ()V 1 <appendix> member <vmtarget> ; # com/android/build/gradle/internal/dsl/ShaderOptions_Decorated$$Lambda+0x000001ae81c6b2a8
instanceKlass com/google/common/collect/Platform
instanceKlass com/google/common/collect/Multiset
instanceKlass com/google/common/collect/AbstractMultimap
instanceKlass com/google/common/primitives/IntsMethodsForWeb
instanceKlass com/google/common/collect/ListMultimap
instanceKlass com/google/common/collect/Multimap
instanceKlass  @bci com/android/build/gradle/internal/dsl/ExternalNativeBuildOptions_Decorated $gradleInit ()V 1 <appendix> member <vmtarget> ; # com/android/build/gradle/internal/dsl/ExternalNativeBuildOptions_Decorated$$Lambda+0x000001ae81c68490
instanceKlass  @bci com/android/build/gradle/internal/dsl/ExternalNativeCmakeOptions_Decorated $gradleInit ()V 1 <appendix> member <vmtarget> ; # com/android/build/gradle/internal/dsl/ExternalNativeCmakeOptions_Decorated$$Lambda+0x000001ae81c61cb0
instanceKlass  @bci com/android/build/gradle/internal/dsl/ExternalNativeNdkBuildOptions_Decorated $gradleInit ()V 1 <appendix> member <vmtarget> ; # com/android/build/gradle/internal/dsl/ExternalNativeNdkBuildOptions_Decorated$$Lambda+0x000001ae81c63c70
instanceKlass com/google/common/collect/Sets
instanceKlass com/android/build/gradle/internal/dsl/ExternalNativeNdkBuildOptions
instanceKlass com/android/build/api/dsl/NdkBuildFlags
instanceKlass com/android/build/gradle/internal/dsl/CoreExternalNativeNdkBuildOptions
instanceKlass com/android/build/gradle/internal/dsl/ExternalNativeCmakeOptions
instanceKlass com/android/build/gradle/internal/dsl/CoreExternalNativeCmakeOptions
instanceKlass com/android/build/api/dsl/CmakeFlags
instanceKlass  @bci com/android/build/gradle/internal/dsl/NdkOptions_Decorated $gradleInit ()V 1 <appendix> member <vmtarget> ; # com/android/build/gradle/internal/dsl/NdkOptions_Decorated$$Lambda+0x000001ae81c67478
instanceKlass com/google/common/base/Enums
instanceKlass com/google/common/collect/Lists
instanceKlass  @bci org/gradle/internal/instantiation/generator/AsmBackedClassGenerator$ClassBuilderImpl addSetterForProperty (Lorg/gradle/internal/instantiation/generator/AbstractClassGenerator$PropertyMetadata;Ljava/lang/reflect/Method;)V 24 <appendix> member <vmtarget> ; # org/gradle/internal/instantiation/generator/AsmBackedClassGenerator$ClassBuilderImpl$$Lambda+0x000001ae81c22b00
instanceKlass  @bci org/gradle/internal/instantiation/generator/AsmBackedClassGenerator$ClassBuilderImpl applyManagedStateToGetter (Lorg/gradle/internal/instantiation/generator/AbstractClassGenerator$PropertyMetadata;Ljava/lang/reflect/Method;)V 25 <appendix> member <vmtarget> ; # org/gradle/internal/instantiation/generator/AsmBackedClassGenerator$ClassBuilderImpl$$Lambda+0x000001ae81c22408
instanceKlass com/android/builder/internal/BaseConfigImpl$Companion
instanceKlass com/android/builder/core/AbstractProductFlavor$Companion
instanceKlass com/android/build/gradle/internal/dsl/MinSdkDelegate
instanceKlass com/android/build/gradle/internal/dsl/MinSdkProperties
# instanceKlass java/lang/invoke/LambdaForm$MH+0x000001ae81c60800
# instanceKlass java/lang/invoke/LambdaForm$MH+0x000001ae81c60400
# instanceKlass java/lang/invoke/LambdaForm$MH+0x000001ae81c60000
instanceKlass java/lang/foreign/ValueLayout
instanceKlass java/lang/foreign/MemoryLayout
instanceKlass org/objectweb/asm/Handler
instanceKlass org/objectweb/asm/Attribute
instanceKlass org/objectweb/asm/Edge
instanceKlass org/objectweb/asm/Label
instanceKlass org/objectweb/asm/Frame
instanceKlass com/android/build/gradle/internal/dsl/decorator/annotation/WithLazyInitialization
instanceKlass com/android/build/gradle/internal/dsl/decorator/annotation/RuntimeGuardedExperimentalApi
instanceKlass com/android/build/gradle/internal/dsl/decorator/DslDecorator$ManagedProperty
instanceKlass com/android/builder/model/ClassField
instanceKlass kotlin/jvm/JvmStatic
instanceKlass com/android/builder/core/AbstractProductFlavor$DimensionRequest
instanceKlass com/android/utils/StringHelper
instanceKlass com/android/builder/core/DefaultVectorDrawablesOptions
instanceKlass com/android/builder/model/VectorDrawablesOptions
instanceKlass com/android/build/api/dsl/VectorDrawables
instanceKlass com/android/build/gradle/internal/dsl/ExternalNativeBuildOptions
instanceKlass com/android/build/api/dsl/ExternalNativeBuildFlags
instanceKlass com/android/build/gradle/internal/dsl/CoreExternalNativeBuildOptions
instanceKlass com/android/build/gradle/internal/dsl/ShaderOptions
instanceKlass com/android/build/api/dsl/Shaders
instanceKlass com/android/build/gradle/internal/dsl/CoreShaderOptions
instanceKlass com/android/build/gradle/internal/dsl/NdkOptions
instanceKlass com/android/build/api/dsl/Ndk
instanceKlass com/android/build/gradle/internal/dsl/CoreNdkOptions
instanceKlass com/android/build/api/dsl/MinSdkVersion
instanceKlass com/android/builder/model/ApiVersion
instanceKlass com/android/build/gradle/internal/dsl/decorator/DslDecorator$CollectingInfoVisitor
instanceKlass com/android/build/gradle/internal/dsl/decorator/DslDecorator$ClassInfoVisitor
instanceKlass org/objectweb/asm/ByteVector
instanceKlass org/objectweb/asm/Symbol
instanceKlass org/objectweb/asm/SymbolTable
instanceKlass org/objectweb/asm/FieldVisitor
instanceKlass org/objectweb/asm/MethodVisitor
instanceKlass org/objectweb/asm/AnnotationVisitor
instanceKlass org/objectweb/asm/ModuleVisitor
instanceKlass org/objectweb/asm/RecordComponentVisitor
instanceKlass org/objectweb/asm/ClassVisitor
instanceKlass org/objectweb/asm/commons/Method
instanceKlass com/android/build/gradle/internal/dsl/decorator/DslDecorator$Companion
instanceKlass com/android/build/gradle/internal/dsl/decorator/DslDecorator
instanceKlass com/android/build/gradle/internal/dsl/FusedLibraryExtensionImpl
instanceKlass com/android/build/gradle/internal/dsl/InternalFusedLibraryExtension
instanceKlass com/android/build/api/dsl/FusedLibraryExtension
instanceKlass com/android/build/gradle/internal/dsl/TargetSdkSpecImpl
instanceKlass com/android/build/api/dsl/TargetSdkSpec
instanceKlass com/android/build/gradle/internal/dsl/MaxSdkSpecImpl
instanceKlass com/android/build/api/dsl/MaxSdkSpec
instanceKlass com/android/build/gradle/internal/dsl/MinSdkSpecImpl
instanceKlass com/android/build/api/dsl/MinSdkSpec
instanceKlass com/android/build/gradle/internal/dsl/CompileSdkSpecImpl
instanceKlass com/android/build/api/dsl/CompileSdkSpec
instanceKlass com/android/build/gradle/internal/dsl/JUnitEngineSpecImpl
instanceKlass com/android/build/api/dsl/JUnitEngineSpec
instanceKlass com/android/build/gradle/internal/dsl/AgpTestSuiteImpl
instanceKlass com/android/build/api/dsl/AgpTestSuite
instanceKlass com/android/build/gradle/internal/dsl/VcsInfoImpl
instanceKlass com/android/build/api/dsl/VcsInfo
instanceKlass com/android/build/gradle/internal/dsl/MultiDexConfigImpl
instanceKlass com/android/build/api/dsl/MultiDexConfig
instanceKlass com/android/build/gradle/internal/dsl/DependencySelectionImpl
instanceKlass com/android/build/api/dsl/DependencySelection
instanceKlass com/android/build/api/dsl/LibraryKeepRules
instanceKlass com/android/build/api/dsl/ConsumerKeepRules
instanceKlass com/android/build/gradle/internal/dsl/AaptOptions
instanceKlass com/android/build/api/dsl/AaptOptions
instanceKlass com/android/build/api/dsl/LibraryAndroidResources
instanceKlass com/android/build/api/dsl/AndroidResources
instanceKlass com/android/build/gradle/internal/dsl/KmpOptimizationImpl
instanceKlass com/android/build/api/dsl/KmpOptimization
instanceKlass com/android/build/gradle/internal/dsl/ConfigurableFilesImpl
instanceKlass com/android/build/api/dsl/ConfigurableFiles
instanceKlass com/android/build/gradle/internal/dsl/ViewBindingOptionsImpl
instanceKlass com/android/build/gradle/api/ViewBindingOptions
instanceKlass com/android/build/api/dsl/ViewBinding
instanceKlass com/android/build/gradle/internal/dsl/TestOptions
instanceKlass com/android/build/api/dsl/TestOptions
instanceKlass com/android/build/gradle/internal/dsl/Splits
instanceKlass com/android/build/api/dsl/Splits
instanceKlass com/android/build/gradle/internal/dsl/SigningConfigImpl
instanceKlass com/android/build/gradle/internal/dsl/ResourcesPackagingImpl
instanceKlass com/android/build/api/dsl/ResourcesPackaging
instanceKlass com/android/build/gradle/internal/dsl/OptimizationImpl
instanceKlass com/android/build/api/dsl/Optimization
instanceKlass com/android/build/gradle/internal/dsl/PackagingOptions
instanceKlass com/android/builder/model/PackagingOptions
instanceKlass com/android/build/api/dsl/Packaging
instanceKlass com/android/build/gradle/internal/dsl/NdkBuildOptions
instanceKlass com/android/build/gradle/internal/model/CoreNdkBuildOptions
instanceKlass com/android/build/api/dsl/NdkBuild
instanceKlass com/android/build/api/dsl/LibraryPublishing
instanceKlass com/android/build/gradle/internal/dsl/BaselineProfileImpl
instanceKlass com/android/build/api/dsl/BaselineProfile
instanceKlass com/android/build/gradle/internal/dsl/KeepRulesImpl
instanceKlass com/android/build/api/dsl/KeepRules
instanceKlass com/android/build/gradle/internal/dsl/JniLibsPackagingImpl
instanceKlass com/android/build/api/dsl/JniLibsPackaging
instanceKlass com/android/build/gradle/internal/dsl/JavaCompileOptions
instanceKlass com/android/build/gradle/api/JavaCompileOptions
instanceKlass com/android/build/api/dsl/JavaCompileOptions
instanceKlass com/android/build/gradle/internal/dsl/ExternalNativeBuild
instanceKlass com/android/build/gradle/internal/model/CoreExternalNativeBuild
instanceKlass com/android/build/api/dsl/ExternalNativeBuild
instanceKlass com/android/build/gradle/internal/dsl/DependenciesInfoImpl
instanceKlass com/android/build/api/dsl/DependenciesInfo
instanceKlass com/android/build/gradle/internal/dsl/DexPackagingImpl
instanceKlass com/android/build/api/dsl/DexPackaging
instanceKlass com/android/build/gradle/internal/dsl/DataBindingOptions
instanceKlass com/android/builder/model/DataBindingOptions
instanceKlass com/android/build/api/dsl/DataBinding
instanceKlass com/android/build/gradle/internal/dsl/LintImpl
instanceKlass com/android/build/gradle/internal/CompileOptions
instanceKlass com/android/build/api/dsl/CompileOptions
instanceKlass com/android/build/gradle/internal/dsl/CmakeOptions
instanceKlass com/android/build/gradle/internal/model/CoreCmakeOptions
instanceKlass com/android/build/api/dsl/Cmake
instanceKlass com/android/build/gradle/internal/dsl/BundleOptionsStoreArchive
instanceKlass com/android/build/api/dsl/BundleStoreArchive
instanceKlass com/android/build/gradle/internal/dsl/BundleOptionsCodeTransparency
instanceKlass com/android/build/api/dsl/BundleCodeTransparency
instanceKlass com/android/build/gradle/internal/dsl/BundleOptionsTexture
instanceKlass com/android/build/api/dsl/BundleTexture
instanceKlass com/android/build/gradle/internal/dsl/BundleOptionsLanguage
instanceKlass com/android/build/api/dsl/BundleLanguage
instanceKlass com/android/build/gradle/internal/dsl/BundleOptionsCountrySet
instanceKlass com/android/build/api/dsl/BundleCountrySet
instanceKlass com/android/build/gradle/internal/dsl/BundleOptionsDeviceTier
instanceKlass com/android/build/api/dsl/BundleDeviceTier
instanceKlass com/android/build/gradle/internal/dsl/BundleOptionsDeviceGroup
instanceKlass com/android/build/api/dsl/BundleDeviceGroup
instanceKlass com/android/build/gradle/internal/dsl/BundleOptionsDensity
instanceKlass com/android/build/api/dsl/BundleDensity
instanceKlass com/android/build/gradle/internal/dsl/BundleOptionsAiModelVersion
instanceKlass com/android/build/api/dsl/BundleAiModelVersion
instanceKlass com/android/build/gradle/internal/dsl/BundleOptionsAbi
instanceKlass com/android/build/api/dsl/BundleAbi
instanceKlass com/android/build/gradle/internal/dsl/BundleOptions
instanceKlass com/android/build/api/dsl/Bundle
instanceKlass com/android/build/gradle/internal/dsl/AssetPackBundleExtensionImpl
instanceKlass com/android/build/api/dsl/AssetPackBundleExtension
instanceKlass com/android/build/gradle/internal/dsl/AbstractPublishing
instanceKlass com/android/build/api/dsl/ApplicationPublishing
instanceKlass com/android/build/api/dsl/Publishing
instanceKlass com/android/build/gradle/internal/dsl/AnnotationProcessorOptions
instanceKlass com/android/build/gradle/api/AnnotationProcessorOptions
instanceKlass com/android/build/api/dsl/AnnotationProcessorOptions
instanceKlass com/android/build/gradle/internal/dsl/AndroidTestImpl
instanceKlass com/android/build/api/dsl/AndroidTest
instanceKlass com/android/build/gradle/internal/dsl/SplitOptions
instanceKlass com/android/build/api/dsl/AbiSplit
instanceKlass com/android/build/api/dsl/Split
instanceKlass com/android/build/gradle/internal/dsl/AarMetadataImpl
instanceKlass com/android/build/api/dsl/AarMetadata
instanceKlass com/android/build/api/dsl/MaxSdkVersion
instanceKlass com/android/build/api/dsl/TargetSdkVersion
instanceKlass com/android/build/api/dsl/CompileSdkVersion
instanceKlass org/objectweb/asm/Type
instanceKlass com/android/build/gradle/internal/dsl/decorator/SupportedPropertyType
instanceKlass com/android/build/gradle/internal/dsl/decorator/AndroidPluginDslDecoratorKt
instanceKlass com/android/build/api/dsl/TestDefaultConfig
instanceKlass com/android/build/api/dsl/LibraryDefaultConfig
instanceKlass com/android/build/api/dsl/DynamicFeatureDefaultConfig
instanceKlass com/android/build/api/dsl/ApplicationDefaultConfig
instanceKlass com/android/build/api/dsl/DefaultConfig
instanceKlass java/security/KeyStore$ProtectionParameter
instanceKlass org/bouncycastle/jcajce/provider/config/ConfigurableProvider
instanceKlass sun/security/util/MemoryCache$QueueCacheEntry
instanceKlass sun/security/util/ManifestEntryVerifier$SunProviderHolder
instanceKlass java/util/Base64$Encoder
instanceKlass java/util/Base64$Decoder
instanceKlass java/util/Base64
instanceKlass javax/crypto/SecretKey
instanceKlass sun/security/util/Length
instanceKlass sun/security/util/KeyUtil
instanceKlass java/security/interfaces/XECKey
instanceKlass java/security/interfaces/ECKey
instanceKlass sun/security/util/JarConstraintsParameters
instanceKlass sun/security/util/ConstraintsParameters
instanceKlass java/security/spec/DSAParameterSpec
instanceKlass java/security/interfaces/DSAParams
instanceKlass java/security/interfaces/DSAPrivateKey
instanceKlass java/security/Timestamp
instanceKlass sun/security/timestamp/TimestampToken
instanceKlass java/security/cert/CertPath
instanceKlass java/math/MutableBigInteger
instanceKlass sun/security/rsa/RSAPadding
instanceKlass sun/security/rsa/RSACore
instanceKlass java/security/interfaces/RSAPrivateCrtKey
instanceKlass sun/security/pkcs/PKCS8Key
instanceKlass sun/security/util/InternalPrivateKey
instanceKlass java/security/interfaces/RSAPrivateKey
instanceKlass java/security/PrivateKey
instanceKlass javax/security/auth/Destroyable
instanceKlass jdk/internal/icu/util/CodePointTrie$Data
instanceKlass jdk/internal/icu/util/CodePointMap
instanceKlass jdk/internal/icu/util/VersionInfo
instanceKlass jdk/internal/icu/impl/ICUBinary$1
instanceKlass jdk/internal/icu/impl/ICUBinary
instanceKlass jdk/internal/icu/impl/NormalizerImpl$IsAcceptable
instanceKlass jdk/internal/icu/impl/ICUBinary$Authenticate
instanceKlass jdk/internal/icu/impl/NormalizerImpl
instanceKlass jdk/internal/icu/impl/Norm2AllModes$Norm2AllModesSingleton
instanceKlass jdk/internal/icu/impl/Norm2AllModes$NFKCSingleton
instanceKlass jdk/internal/icu/impl/Norm2AllModes
instanceKlass jdk/internal/icu/text/Normalizer2
instanceKlass jdk/internal/icu/text/NormalizerBase$ModeImpl
instanceKlass jdk/internal/icu/text/NormalizerBase$NFKDModeImpl
instanceKlass jdk/internal/icu/text/NormalizerBase$1
instanceKlass jdk/internal/icu/text/NormalizerBase$Mode
instanceKlass jdk/internal/icu/text/NormalizerBase
instanceKlass java/text/Normalizer
instanceKlass sun/security/x509/AVAKeyword
instanceKlass java/security/Signature$1
instanceKlass jdk/internal/access/JavaSecuritySignatureAccess
instanceKlass java/security/SignatureSpi
instanceKlass sun/security/util/SignatureUtil
instanceKlass sun/security/pkcs/SigningCertificateInfo$ESSCertId
instanceKlass sun/security/pkcs/SigningCertificateInfo
instanceKlass sun/security/x509/AccessDescription
instanceKlass sun/security/x509/DNSName
instanceKlass sun/security/x509/URIName
instanceKlass sun/security/x509/GeneralName
instanceKlass sun/security/x509/DistributionPoint
instanceKlass sun/security/x509/CertificatePolicyId
instanceKlass sun/security/x509/PolicyInformation
instanceKlass sun/security/pkcs/PKCS9Attribute
instanceKlass sun/security/pkcs/PKCS9Attributes
instanceKlass sun/security/util/DisabledAlgorithmConstraints$Constraints$Holder
instanceKlass sun/security/util/DisabledAlgorithmConstraints$Constraint
instanceKlass sun/security/util/DisabledAlgorithmConstraints$Constraints
instanceKlass sun/security/util/AbstractAlgorithmConstraints$1
instanceKlass sun/security/util/AlgorithmDecomposer
instanceKlass sun/security/util/DisabledAlgorithmConstraints$JarHolder
instanceKlass sun/security/pkcs/SignerInfo
instanceKlass java/security/interfaces/DSAPublicKey
instanceKlass java/security/interfaces/DSAKey
instanceKlass java/security/spec/DSAPublicKeySpec
instanceKlass java/security/AlgorithmParametersSpi
instanceKlass java/security/AlgorithmParameters
instanceKlass jdk/internal/event/EventHelper
instanceKlass sun/security/jca/JCAUtil
instanceKlass sun/security/util/MemoryCache$CacheEntry
instanceKlass sun/security/x509/GeneralNames
instanceKlass sun/security/x509/KeyIdentifier
instanceKlass sun/security/x509/OIDMap$OIDInfo
instanceKlass sun/security/x509/PKIXExtensions
instanceKlass sun/security/x509/OIDMap
instanceKlass sun/security/x509/Extension
instanceKlass java/security/cert/Extension
instanceKlass sun/security/x509/CertificateExtensions
instanceKlass sun/security/rsa/RSAUtil
instanceKlass java/security/interfaces/RSAPublicKey
instanceKlass java/security/interfaces/RSAKey
instanceKlass java/security/spec/PSSParameterSpec
instanceKlass java/security/spec/RSAPrivateKeySpec
instanceKlass java/security/spec/RSAPublicKeySpec
instanceKlass java/security/KeyFactorySpi
instanceKlass sun/security/jca/ProviderList$ServiceList$1
instanceKlass java/security/KeyFactory
instanceKlass  @bci java/security/spec/EncodedKeySpec <clinit> ()V 0 <appendix> argL0 ; # java/security/spec/EncodedKeySpec$$Lambda+0x000001ae81964578
instanceKlass jdk/internal/access/JavaSecuritySpecAccess
instanceKlass java/security/spec/EncodedKeySpec
instanceKlass java/security/spec/KeySpec
instanceKlass sun/security/util/BitArray
instanceKlass sun/security/x509/X509Key
instanceKlass java/security/PublicKey
instanceKlass java/security/Key
instanceKlass sun/security/x509/CertificateX509Key
instanceKlass sun/security/x509/CertificateValidity
instanceKlass sun/security/x509/AVA
instanceKlass sun/security/x509/RDN
instanceKlass javax/security/auth/x500/X500Principal
instanceKlass  @bci sun/security/x509/X500Name <clinit> ()V 153 <appendix> argL0 ; # sun/security/x509/X500Name$$Lambda+0x000001ae81962268
instanceKlass sun/security/x509/X500Name
instanceKlass sun/security/x509/GeneralNameInterface
instanceKlass sun/security/x509/CertificateAlgorithmId
instanceKlass sun/security/x509/SerialNumber
instanceKlass sun/security/x509/CertificateSerialNumber
instanceKlass sun/security/x509/CertificateVersion
instanceKlass sun/security/x509/X509CertInfo
instanceKlass sun/security/util/Cache$EqualByteArray
instanceKlass java/security/cert/X509Extension
instanceKlass java/lang/Byte$ByteCache
instanceKlass  @bci sun/security/util/DerInputStream seeOptionalContextSpecific (I)Z 2 <appendix> member <vmtarget> ; # sun/security/util/DerInputStream$$Lambda+0x000001ae8195fd90
instanceKlass sun/security/util/Cache
instanceKlass java/security/cert/CertificateFactorySpi
instanceKlass java/security/cert/CertificateFactory
instanceKlass sun/security/x509/AlgorithmId
instanceKlass sun/security/util/DerValue
instanceKlass sun/security/pkcs/ContentInfo
instanceKlass sun/security/util/DerInputStream
instanceKlass sun/security/pkcs/PKCS7
instanceKlass  @bci sun/security/util/ManifestDigester <init> ([B)V 350 <appendix> argL0 ; # sun/security/util/ManifestDigester$$Lambda+0x000001ae8195dc98
instanceKlass sun/security/util/ManifestDigester$Section
instanceKlass sun/security/util/ManifestDigester$Entry
instanceKlass sun/security/util/ManifestDigester$Position
instanceKlass sun/security/util/ManifestDigester
instanceKlass com/android/ide/common/signing/KeystoreHelper
instanceKlass com/android/build/gradle/internal/packaging/GradleKeystoreHelper
instanceKlass com/android/build/gradle/internal/dsl/SigningConfigFactory
instanceKlass com/android/builder/signing/DefaultSigningConfig
instanceKlass com/android/build/gradle/internal/dsl/InternalSigningConfig
instanceKlass com/android/builder/model/SigningConfig
instanceKlass com/android/build/api/dsl/ApkSigningConfig
instanceKlass com/android/build/api/dsl/SigningConfig
instanceKlass com/android/build/gradle/internal/dsl/ProductFlavorFactory
instanceKlass com/android/build/gradle/internal/dsl/CoreProductFlavor
instanceKlass com/android/builder/model/ProductFlavor
instanceKlass com/android/builder/model/DimensionAware
instanceKlass com/android/build/api/dsl/TestProductFlavor
instanceKlass com/android/build/api/dsl/TestBaseFlavor
instanceKlass com/android/build/api/dsl/LibraryProductFlavor
instanceKlass com/android/build/api/dsl/LibraryBaseFlavor
instanceKlass com/android/build/api/dsl/DynamicFeatureProductFlavor
instanceKlass com/android/build/api/dsl/DynamicFeatureBaseFlavor
instanceKlass com/android/build/api/dsl/ApplicationProductFlavor
instanceKlass com/android/build/api/dsl/ProductFlavor
instanceKlass com/android/build/api/dsl/ApplicationBaseFlavor
instanceKlass com/android/build/api/dsl/BaseFlavor
instanceKlass com/android/build/gradle/internal/dsl/BuildTypeFactory
instanceKlass com/android/builder/internal/BaseConfigImpl
instanceKlass com/android/build/gradle/internal/dsl/InternalBuildType
instanceKlass com/android/build/api/dsl/TestBuildType
instanceKlass com/android/build/api/dsl/TestVariantDimension
instanceKlass com/android/build/api/dsl/DynamicFeatureBuildType
instanceKlass com/android/build/api/dsl/DynamicFeatureVariantDimension
instanceKlass com/android/build/api/dsl/LibraryBuildType
instanceKlass com/android/build/api/dsl/LibraryVariantDimension
instanceKlass com/android/build/api/dsl/ApplicationBuildType
instanceKlass com/android/build/api/dsl/ApplicationVariantDimension
instanceKlass com/android/build/api/dsl/BuildType
instanceKlass com/android/build/api/dsl/VariantDimension
instanceKlass com/android/build/gradle/internal/dsl/VariantDimensionBinaryCompatibilityFix
instanceKlass com/android/build/gradle/internal/dsl/VariantDimensionBinaryCompatibilityFixParent
instanceKlass com/android/build/gradle/internal/dsl/CoreBuildType
instanceKlass com/android/builder/model/BuildType
instanceKlass com/android/builder/model/BaseConfig
instanceKlass com/android/builder/model/Named
instanceKlass com/android/build/gradle/internal/dsl/AndroidSourceSetFactory
instanceKlass com/android/build/gradle/api/AndroidSourceSet
instanceKlass com/android/build/api/dsl/AndroidSourceSet
instanceKlass com/android/build/gradle/internal/scope/DelayedActionsExecutor
instanceKlass com/android/build/gradle/internal/dependency/SourceSetManager
instanceKlass com/google/wireless/android/sdk/stats/GradleBuildVariant$VariantType$1
instanceKlass com/android/builder/core/ComponentType
instanceKlass com/android/build/gradle/internal/variant/BaseVariantFactory$Companion
instanceKlass com/android/build/gradle/internal/variant/AbstractVariantInputManager$Companion
instanceKlass com/android/build/gradle/internal/plugins/AndroidPluginBaseServices$applyBaseServices$3
instanceKlass com/android/build/gradle/internal/services/BuiltInKotlinServicesKt$initBuiltInKotlinSupportIfRequired$3
instanceKlass com/android/build/gradle/internal/services/BuiltInKotlinServicesKt$initBuiltInKotlinSupportIfRequired$1
instanceKlass com/android/build/gradle/internal/services/BuiltInKotlinServicesKt
instanceKlass com/android/build/gradle/internal/plugins/BasePlugin$Companion$createAndroidJdkImageConfiguration$2
instanceKlass com/android/build/gradle/internal/services/VersionedSdkLoaderService$versionedSdkLoader$2$1
instanceKlass com/android/build/gradle/internal/plugins/BasePlugin$Companion$createAndroidJdkImageConfiguration$1
instanceKlass com/android/build/gradle/internal/plugins/BasePlugin$configureProject$5
instanceKlass com/android/build/gradle/internal/plugins/BasePlugin$configureProject$4
instanceKlass com/android/build/gradle/internal/DependencyResolutionChecksKt$registerDependencyCheck$4$1
instanceKlass  @bci org/gradle/internal/serialize/ExceptionReplacingObjectOutputStream <init> (Ljava/io/OutputStream;)V 7 <appendix> member <vmtarget> ; # org/gradle/internal/serialize/ExceptionReplacingObjectOutputStream$$Lambda+0x000001ae81c21d70
instanceKlass org/gradle/internal/serialize/Message
instanceKlass com/android/build/gradle/internal/errors/IncompatibleProjectOptionsReporter
instanceKlass com/google/common/collect/Iterables
instanceKlass com/android/build/gradle/internal/errors/MessageReceiverImplKt
instanceKlass com/android/build/gradle/internal/errors/MessageReceiverImpl$WhenMappings
instanceKlass com/android/ide/common/blame/SourcePosition
instanceKlass com/android/ide/common/blame/SourceFile
instanceKlass com/android/ide/common/blame/SourceFilePosition
instanceKlass com/android/ide/common/blame/Message$Kind$Companion
instanceKlass com/android/ide/common/blame/Message
instanceKlass com/android/build/gradle/internal/errors/SyncIssueReporterImpl$WhenMappings
instanceKlass com/android/build/gradle/internal/errors/SyncIssueKey
instanceKlass com/android/build/gradle/internal/errors/SyncIssueReporterImplKt
instanceKlass com/android/build/gradle/internal/ide/SyncIssueImpl
instanceKlass com/android/builder/model/SyncIssue
instanceKlass  @bci com/android/build/gradle/internal/errors/DeprecationReporterImpl reportOptionIssuesIfAny (Lcom/android/build/gradle/options/Option;Ljava/lang/Object;)V 350 <appendix> form vmentry <vmtarget> ; # java/lang/invoke/LambdaForm$MH+0x000001ae81c2fc00
# instanceKlass java/lang/invoke/LambdaForm$MH+0x000001ae81c2f800
instanceKlass  @bci com/android/build/gradle/internal/errors/DeprecationReporterImpl reportOptionIssuesIfAny (Lcom/android/build/gradle/options/Option;Ljava/lang/Object;)V 350 <appendix> argL3 form vmentry <vmtarget> ; # java/lang/invoke/LambdaForm$MH+0x000001ae81c2f400
# instanceKlass java/lang/invoke/LambdaForm$MH+0x000001ae81c2f000
# instanceKlass java/lang/invoke/LambdaForm$MH+0x000001ae81c2ec00
# instanceKlass java/lang/invoke/LambdaForm$MH+0x000001ae81c2e800
instanceKlass  @bci com/android/build/gradle/options/Version getDeprecationTargetMessage ()Ljava/lang/String; 33 <appendix> form vmentry <vmtarget> ; # java/lang/invoke/LambdaForm$MH+0x000001ae81c2e400
instanceKlass  @bci com/android/build/gradle/options/Version getDeprecationTargetMessage ()Ljava/lang/String; 33 <appendix> argL3 form vmentry <vmtarget> ; # java/lang/invoke/LambdaForm$MH+0x000001ae81c2e000
instanceKlass  @bci com/android/build/gradle/internal/dependency/DexingRegistration$ComponentSpecificParameters toString ()Ljava/lang/String; 48 <appendix> argL5 argL2 form vmentry <vmtarget> ; # java/lang/invoke/LambdaForm$MH+0x000001ae81c2dc00
# instanceKlass java/lang/invoke/LambdaForm$MH+0x000001ae81c2d800
# instanceKlass java/lang/invoke/LambdaForm$MH+0x000001ae81c2d400
# instanceKlass java/lang/invoke/LambdaForm$MH+0x000001ae81c2d000
instanceKlass  @bci com/android/build/gradle/internal/dependency/DexingRegistration$ComponentSpecificParameters toString ()Ljava/lang/String; 48 <appendix> argL1 argL0 form vmentry <vmtarget> ; # java/lang/invoke/LambdaForm$MH+0x000001ae81c2cc00
# instanceKlass java/lang/invoke/LambdaForm$MH+0x000001ae81c2c800
# instanceKlass java/lang/invoke/LambdaForm$MH+0x000001ae81c2c400
# instanceKlass java/lang/invoke/LambdaForm$MH+0x000001ae81c2c000
instanceKlass com/android/build/gradle/internal/errors/OptionInfo
instanceKlass com/android/build/gradle/internal/plugins/BasePlugin$configureProject$3
instanceKlass  @bci com/android/build/gradle/internal/services/FakeDependencyJarBuildService$Params_Decorated $gradleInit ()V 1 <appendix> member <vmtarget> ; # com/android/build/gradle/internal/services/FakeDependencyJarBuildService$Params_Decorated$$Lambda+0x000001ae81c29348
instanceKlass com/android/build/gradle/internal/services/FakeDependencyJarBuildService$Params_Decorated
instanceKlass com/android/build/gradle/internal/services/FakeDependencyJarBuildService$Params
instanceKlass com/android/build/gradle/internal/services/FakeDependencyJarBuildService
instanceKlass com/android/build/gradle/internal/dependency/JacocoInstrumentationService
instanceKlass com/android/build/gradle/internal/services/LintClassLoaderBuildService
instanceKlass com/android/build/gradle/internal/lint/LintFixBuildService
instanceKlass com/android/build/gradle/internal/services/ClassesHierarchyBuildService
instanceKlass com/android/build/gradle/internal/services/SymbolTableBuildService
instanceKlass  @bci com/android/build/gradle/internal/AvdComponentsBuildService$Parameters_Decorated $gradleInit ()V 1 <appendix> member <vmtarget> ; # com/android/build/gradle/internal/AvdComponentsBuildService$Parameters_Decorated$$Lambda+0x000001ae81c27740
instanceKlass com/android/build/gradle/internal/AvdComponentsBuildService$Parameters_Decorated
instanceKlass com/android/repository/Revision
instanceKlass com/android/build/gradle/internal/AvdComponentsBuildService$Parameters
instanceKlass com/android/build/gradle/internal/AvdComponentsBuildService
instanceKlass com/android/build/gradle/internal/plugins/BasePlugin$configureProject$2
instanceKlass com/android/build/gradle/internal/plugins/BasePlugin$configureProject$1
instanceKlass  @bci com/android/build/gradle/internal/SdkComponentsBuildService$Parameters_Decorated $gradleInit ()V 1 <appendix> member <vmtarget> ; # com/android/build/gradle/internal/SdkComponentsBuildService$Parameters_Decorated$$Lambda+0x000001ae81c1f4f0
instanceKlass com/android/build/gradle/internal/SdkComponentsBuildService$Parameters_Decorated
# instanceKlass java/lang/invoke/LambdaForm$MH+0x000001ae81c26400
# instanceKlass java/lang/invoke/LambdaForm$MH+0x000001ae81c26000
# instanceKlass java/lang/invoke/LambdaForm$MH+0x000001ae81c25c00
# instanceKlass java/lang/invoke/LambdaForm$MH+0x000001ae81c25800
# instanceKlass java/lang/invoke/LambdaForm$MH+0x000001ae81c25400
# instanceKlass java/lang/invoke/LambdaForm$MH+0x000001ae81c25000
# instanceKlass java/lang/invoke/LambdaForm$MH+0x000001ae81c24c00
# instanceKlass java/lang/invoke/LambdaForm$MH+0x000001ae81c24800
instanceKlass com/android/build/gradle/internal/SdkComponentsBuildService$Parameters
instanceKlass com/android/build/gradle/internal/SdkComponentsBuildService
instanceKlass com/android/build/gradle/internal/ManagedDeviceUtilsKt$getManagedDeviceAvdFolder$1
instanceKlass com/android/build/gradle/internal/ManagedDeviceUtilsKt
instanceKlass  @bci com/android/build/gradle/internal/services/AndroidLocationsBuildService$Inject_ $gradleInit ()V 1 <appendix> member <vmtarget> ; # com/android/build/gradle/internal/services/AndroidLocationsBuildService$Inject_$$Lambda+0x000001ae81c1e158
instanceKlass  @bci com/android/build/gradle/internal/services/AndroidLocationsBuildService$AndroidDirectoryCreator$Inject_ $gradleInit ()V 1 <appendix> member <vmtarget> ; # com/android/build/gradle/internal/services/AndroidLocationsBuildService$AndroidDirectoryCreator$Inject_$$Lambda+0x000001ae81c1df30
instanceKlass  @bci com/android/build/gradle/internal/services/AndroidLocationsBuildService$AndroidDirectoryCreator$Params$Inject_ $gradleInit ()V 1 <appendix> member <vmtarget> ; # com/android/build/gradle/internal/services/AndroidLocationsBuildService$AndroidDirectoryCreator$Params$Inject_$$Lambda+0x000001ae81c1d9c0
instanceKlass com/android/build/gradle/internal/services/AndroidLocationsBuildService$AndroidDirectoryCreator$Params$Inject_
instanceKlass org/gradle/internal/classpath/FileUtils
instanceKlass org/gradle/internal/classpath/declarations/NioFileInterceptors
instanceKlass com/android/ProgressManagerAdapter
instanceKlass com/android/io/CancellableFileIo
instanceKlass com/android/prefs/QueryResult
instanceKlass com/android/prefs/VariableValue
instanceKlass com/android/prefs/LocationValue
instanceKlass  @bci org/gradle/api/internal/provider/sources/EnvironmentVariableValueSource$Inject_ $gradleInit ()V 1 <appendix> member <vmtarget> ; # org/gradle/api/internal/provider/sources/EnvironmentVariableValueSource$Inject_$$Lambda+0x000001ae81c21530
instanceKlass  @bci org/gradle/api/internal/provider/sources/EnvironmentVariableValueSource$Parameters$Inject_ $gradleInit ()V 1 <appendix> member <vmtarget> ; # org/gradle/api/internal/provider/sources/EnvironmentVariableValueSource$Parameters$Inject_$$Lambda+0x000001ae81c20fb0
instanceKlass org/gradle/api/internal/provider/sources/EnvironmentVariableValueSource$Parameters$Inject_
instanceKlass  @bci org/gradle/api/internal/provider/sources/EnvironmentVariableValueSource$Parameters_Decorated $gradleInit ()V 1 <appendix> member <vmtarget> ; # org/gradle/api/internal/provider/sources/EnvironmentVariableValueSource$Parameters_Decorated$$Lambda+0x000001ae81c20a68
instanceKlass org/gradle/api/internal/provider/sources/EnvironmentVariableValueSource$Parameters_Decorated
instanceKlass org/gradle/api/internal/provider/sources/EnvironmentVariableValueSource$Parameters
instanceKlass  @bci org/gradle/api/internal/provider/DefaultProviderFactory environmentVariable (Lorg/gradle/api/provider/Provider;)Lorg/gradle/api/provider/Provider; 4 <appendix> member <vmtarget> ; # org/gradle/api/internal/provider/DefaultProviderFactory$$Lambda+0x000001ae81c20260
instanceKlass org/gradle/api/internal/provider/sources/EnvironmentVariableValueSource
instanceKlass com/android/prefs/PathLocator$WhenMappings
instanceKlass kotlin/sequences/TransformingSequence$iterator$1
instanceKlass kotlin/sequences/TransformingSequence
instanceKlass com/android/utils/NullLogger
instanceKlass com/android/prefs/PathLocator
instanceKlass  @bci com/android/build/gradle/internal/services/AndroidLocationsBuildService$AndroidDirectoryCreator$Params_Decorated $gradleInit ()V 1 <appendix> member <vmtarget> ; # com/android/build/gradle/internal/services/AndroidLocationsBuildService$AndroidDirectoryCreator$Params_Decorated$$Lambda+0x000001ae81c1afd8
instanceKlass com/android/build/gradle/internal/services/AndroidLocationsBuildService$AndroidDirectoryCreator$Params_Decorated
instanceKlass com/android/build/gradle/internal/services/AndroidLocationsBuildService$AndroidDirectoryCreator$Params
instanceKlass com/android/build/gradle/internal/services/ConfigPhaseFileCreator$Params
instanceKlass com/android/build/gradle/internal/services/AndroidLocationsBuildService$androidLocations$1$1
instanceKlass com/android/build/gradle/internal/services/AndroidLocationsBuildService$AndroidDirectoryCreator
instanceKlass com/android/build/gradle/internal/services/ConfigPhaseFileCreator
instanceKlass com/android/build/gradle/internal/utils/GradleEnvironmentProviderImpl
instanceKlass com/android/build/gradle/internal/utils/GradleEnvironmentProvider
instanceKlass com/android/utils/EnvironmentProvider$DirectEnvironmentProvider
instanceKlass com/android/build/gradle/internal/utils/EnvironmentProviderImpl
instanceKlass com/android/utils/EnvironmentProvider
instanceKlass com/android/prefs/AbstractAndroidLocations$Companion
instanceKlass com/android/prefs/AbstractAndroidLocations
instanceKlass com/android/build/gradle/internal/services/BuildServicesKt$getBuildService$1
instanceKlass  @bci com/android/build/gradle/internal/services/Aapt2DaemonBuildService$Parameters_Decorated $gradleInit ()V 1 <appendix> member <vmtarget> ; # com/android/build/gradle/internal/services/Aapt2DaemonBuildService$Parameters_Decorated$$Lambda+0x000001ae81c185d8
instanceKlass com/android/build/gradle/internal/services/Aapt2DaemonBuildService$Parameters
instanceKlass com/android/build/gradle/internal/services/Aapt2DaemonBuildService
instanceKlass  @bci com/android/build/gradle/internal/services/Aapt2ThreadPoolBuildService$Params_Decorated $gradleInit ()V 1 <appendix> member <vmtarget> ; # com/android/build/gradle/internal/services/Aapt2ThreadPoolBuildService$Params_Decorated$$Lambda+0x000001ae81c17768
instanceKlass com/android/build/gradle/internal/services/Aapt2ThreadPoolBuildService$Params_Decorated
instanceKlass com/android/build/gradle/internal/services/Aapt2ThreadPoolBuildService$Params
instanceKlass com/android/build/gradle/internal/services/Aapt2ThreadPoolBuildServiceKt
instanceKlass com/android/build/gradle/internal/services/Aapt2ThreadPoolBuildService
instanceKlass  @bci com/android/build/gradle/internal/ide/v2/GlobalSyncService$Parameters_Decorated $gradleInit ()V 1 <appendix> member <vmtarget> ; # com/android/build/gradle/internal/ide/v2/GlobalSyncService$Parameters_Decorated$$Lambda+0x000001ae81c168e8
instanceKlass com/android/build/gradle/internal/ide/v2/GlobalSyncService$Parameters_Decorated
instanceKlass com/android/build/gradle/internal/ide/v2/GlobalSyncService$Parameters
instanceKlass com/android/build/gradle/internal/ide/v2/GlobalSyncService
instanceKlass  @bci com/android/build/gradle/internal/ide/dependencies/LibraryDependencyCacheBuildService$Parameters_Decorated $gradleInit ()V 1 <appendix> member <vmtarget> ; # com/android/build/gradle/internal/ide/dependencies/LibraryDependencyCacheBuildService$Parameters_Decorated$$Lambda+0x000001ae81c15c70
instanceKlass com/android/build/gradle/internal/ide/dependencies/LibraryDependencyCacheBuildService$Parameters_Decorated
instanceKlass com/android/build/gradle/internal/ide/dependencies/LibraryDependencyCacheBuildService$Parameters
instanceKlass com/android/build/gradle/internal/ide/dependencies/LibraryDependencyCacheBuildService
instanceKlass  @bci com/android/build/gradle/internal/ide/dependencies/MavenCoordinatesCacheBuildService$Parameters_Decorated $gradleInit ()V 1 <appendix> member <vmtarget> ; # com/android/build/gradle/internal/ide/dependencies/MavenCoordinatesCacheBuildService$Parameters_Decorated$$Lambda+0x000001ae81c14ff8
instanceKlass com/android/build/gradle/internal/ide/dependencies/MavenCoordinatesCacheBuildService$Parameters_Decorated
instanceKlass com/android/build/gradle/internal/ide/dependencies/MavenCoordinatesCacheBuildService$Parameters
instanceKlass com/android/build/gradle/internal/ide/dependencies/MavenCoordinatesCacheBuildService
instanceKlass com/android/build/gradle/internal/services/StringCachingBuildService
instanceKlass com/android/builder/internal/StringCachingService
instanceKlass com/google/wireless/android/sdk/stats/GradleTaskExecutionOrBuilder
instanceKlass com/google/wireless/android/sdk/stats/GradleTransformExecutionOrBuilder
instanceKlass com/android/build/gradle/internal/plugins/AndroidPluginBaseServices$applyBaseServices$2
instanceKlass com/google/wireless/android/sdk/stats/GradleBuildProfileSpan$ExecutionType$1
instanceKlass  @bci com/android/build/gradle/internal/profile/AnalyticsUtil toProto (Lcom/android/build/gradle/options/ProjectOptions;)Lcom/google/wireless/android/sdk/stats/GradleProjectOptionsSettings; 35 <appendix> member <vmtarget> ; # com/android/build/gradle/internal/profile/AnalyticsUtil$$Lambda+0x000001ae81c11190
instanceKlass  @bci com/android/build/gradle/internal/profile/AnalyticsUtil toProto (Lcom/android/build/gradle/options/ProjectOptions;)Lcom/google/wireless/android/sdk/stats/GradleProjectOptionsSettings; 22 <appendix> member <vmtarget> ; # com/android/build/gradle/internal/profile/AnalyticsUtil$$Lambda+0x000001ae81c10f58
instanceKlass com/google/protobuf/Descriptors$EnumValueDescriptor$2
instanceKlass com/google/protobuf/Descriptors$EnumValueDescriptor$1
instanceKlass com/google/protobuf/Descriptors$NumberGetter
instanceKlass com/google/protobuf/UnsafeUtil$1
instanceKlass com/google/protobuf/UnsafeUtil$MemoryAccessor
instanceKlass com/google/protobuf/UnsafeUtil
instanceKlass com/google/protobuf/Utf8$Processor
instanceKlass com/google/protobuf/Utf8
instanceKlass com/google/protobuf/Descriptors
instanceKlass com/google/protobuf/Descriptors$DescriptorPool
instanceKlass com/google/protobuf/DescriptorProtos$UninterpretedOptionOrBuilder
instanceKlass com/google/protobuf/GeneratedMessageV3$1
instanceKlass com/google/protobuf/GeneratedMessageV3$Builder$BuilderParentImpl
instanceKlass com/google/protobuf/SmallSortedMap$EmptySet$2
instanceKlass com/google/protobuf/SmallSortedMap$EmptySet$1
instanceKlass com/google/protobuf/SmallSortedMap$EmptySet
instanceKlass com/google/protobuf/LazyFieldLite
instanceKlass com/google/protobuf/FieldSet
instanceKlass com/google/protobuf/DescriptorProtos$FeatureSetOrBuilder
instanceKlass com/google/protobuf/MessageReflection$MergeTarget
instanceKlass com/google/protobuf/SingleFieldBuilderV3
instanceKlass com/google/protobuf/DescriptorProtos$EnumValueOptionsOrBuilder
instanceKlass com/google/protobuf/DescriptorProtos$EnumDescriptorProto$EnumReservedRangeOrBuilder
instanceKlass com/google/protobuf/DescriptorProtos$EnumValueDescriptorProtoOrBuilder
instanceKlass com/google/protobuf/DescriptorProtos$EnumOptionsOrBuilder
instanceKlass com/google/protobuf/ByteString$2
instanceKlass com/google/protobuf/ByteString$ArraysByteArrayCopier
instanceKlass com/google/protobuf/Android
instanceKlass com/google/protobuf/ByteString$ByteIterator
instanceKlass com/google/protobuf/ByteString$ByteArrayCopier
instanceKlass com/google/protobuf/ByteString
instanceKlass com/google/protobuf/WireFormat
instanceKlass com/google/protobuf/DescriptorProtos$ServiceDescriptorProtoOrBuilder
instanceKlass com/google/protobuf/DescriptorProtos$EnumDescriptorProtoOrBuilder
instanceKlass com/google/protobuf/DescriptorProtos$DescriptorProtoOrBuilder
instanceKlass com/google/protobuf/DescriptorProtos$FieldDescriptorProtoOrBuilder
instanceKlass com/google/protobuf/DescriptorProtos$SourceCodeInfoOrBuilder
instanceKlass com/google/protobuf/DescriptorProtos$FileOptionsOrBuilder
instanceKlass com/google/protobuf/GeneratedMessageV3$ExtendableMessageOrBuilder
instanceKlass com/google/protobuf/DescriptorProtos$FileDescriptorProtoOrBuilder
instanceKlass com/android/tools/build/gradle/internal/profile/AnalyticsEnums
instanceKlass com/android/tools/build/gradle/internal/profile/BooleanOption$1
instanceKlass  @bci com/android/build/gradle/internal/profile/AnalyticsUtil toProto (Lcom/android/build/gradle/options/ProjectOptions;)Lcom/google/wireless/android/sdk/stats/GradleProjectOptionsSettings; 9 <appendix> member <vmtarget> ; # com/android/build/gradle/internal/profile/AnalyticsUtil$$Lambda+0x000001ae81bfa910
instanceKlass com/android/build/gradle/options/OptionParsers
instanceKlass com/google/wireless/android/sdk/stats/GradleIntegerOptionEntryOrBuilder
instanceKlass com/android/build/gradle/internal/profile/AnalyticsUtil
instanceKlass com/google/wireless/android/sdk/stats/GradleBuildProject$PluginGeneration$1
instanceKlass com/google/wireless/android/sdk/stats/GradleBuildProject$PluginType$1
instanceKlass com/google/protobuf/Internal$EnumLiteMap
instanceKlass com/google/common/cache/LocalCache$StrongValueReference
instanceKlass com/google/common/util/concurrent/AbstractFuture$Failure
instanceKlass com/google/common/util/concurrent/AbstractFuture$Cancellation
instanceKlass com/google/common/util/concurrent/AbstractFuture$SetFuture
instanceKlass com/google/common/util/concurrent/Uninterruptibles
instanceKlass com/android/builder/profile/NameAnonymizer$Project
instanceKlass com/google/common/cache/LocalCache$AbstractReferenceEntry
instanceKlass com/google/common/base/Stopwatch
instanceKlass com/google/common/util/concurrent/AbstractFuture$Waiter
instanceKlass com/google/common/util/concurrent/AbstractFuture$Listener
instanceKlass com/google/common/util/concurrent/AbstractFuture$UnsafeAtomicHelper$1
instanceKlass sun/misc/Unsafe
instanceKlass com/google/common/util/concurrent/LazyLogger
instanceKlass com/google/common/util/concurrent/AbstractFuture$AtomicHelper
instanceKlass com/google/common/util/concurrent/internal/InternalFutureFailureAccess
instanceKlass com/google/common/util/concurrent/AbstractFuture$Trusted
instanceKlass com/google/common/util/concurrent/ListenableFuture
instanceKlass com/google/wireless/android/sdk/stats/GradlePluginDataOrBuilder
instanceKlass com/google/wireless/android/sdk/stats/GradleBuildProject$1
instanceKlass com/google/wireless/android/sdk/stats/GradleBuildSplitsOrBuilder
instanceKlass com/google/wireless/android/sdk/stats/GradleProjectOptionsSettingsOrBuilder
instanceKlass com/google/wireless/android/sdk/stats/GradleBuildProjectMetricsOrBuilder
instanceKlass com/google/wireless/android/sdk/stats/GradleBuildProject$CompileOptionsOrBuilder
instanceKlass com/google/wireless/android/sdk/stats/ProjectApiUseOrBuilder
instanceKlass com/google/protobuf/Internal$ListAdapter$Converter
instanceKlass com/android/build/gradle/internal/profile/AnalyticsResourceManager$getProjectBuilder$1
instanceKlass com/google/common/base/CharMatcher
instanceKlass com/android/build/gradle/internal/DependencyResolutionChecksKt$registerDependencyCheck$4
instanceKlass com/android/build/gradle/internal/DependencyResolutionChecksKt$registerDependencyCheck$2
instanceKlass com/android/build/gradle/internal/DependencyResolutionChecksKt
instanceKlass  @bci com/android/build/gradle/internal/errors/SyncIssueReporterImpl$GlobalSyncIssueService$Parameters_Decorated $gradleInit ()V 1 <appendix> member <vmtarget> ; # com/android/build/gradle/internal/errors/SyncIssueReporterImpl$GlobalSyncIssueService$Parameters_Decorated$$Lambda+0x000001ae81beb920
instanceKlass com/android/build/gradle/internal/errors/SyncIssueReporterImpl$GlobalSyncIssueService$Parameters_Decorated
instanceKlass com/android/build/gradle/internal/errors/SyncIssueReporterImpl$GlobalSyncIssueService$Parameters
instanceKlass com/android/build/gradle/internal/profile/AnalyticsConfiguratorService$createAnalyticsService$1
instanceKlass  @bci com/android/build/gradle/internal/profile/AnalyticsService$Params_Decorated $gradleInit ()V 1 <appendix> member <vmtarget> ; # com/android/build/gradle/internal/profile/AnalyticsService$Params_Decorated$$Lambda+0x000001ae81beaa28
instanceKlass com/android/build/gradle/internal/profile/AnalyticsService$Params_Decorated
instanceKlass com/android/build/gradle/internal/profile/TaskMetadata
instanceKlass com/android/build/gradle/internal/profile/ProjectData
instanceKlass com/android/build/gradle/internal/profile/AnalyticsService
instanceKlass com/android/build/gradle/internal/profile/AnalyticsServiceApi
instanceKlass com/android/build/gradle/internal/BuildFeaturesUtils
instanceKlass  @bci com/android/build/gradle/internal/profile/AnalyticsConfiguratorService$Inject_ $gradleInit ()V 1 <appendix> member <vmtarget> ; # com/android/build/gradle/internal/profile/AnalyticsConfiguratorService$Inject_$$Lambda+0x000001ae81be9810
instanceKlass java/util/concurrent/Executors$DefaultThreadFactory
instanceKlass  @bci java/time/format/DateTimeFormatter <clinit> ()V 1075 <appendix> argL0 ; # java/time/format/DateTimeFormatter$$Lambda+0x80000000d
instanceKlass  @bci java/time/format/DateTimeFormatter <clinit> ()V 1067 <appendix> argL0 ; # java/time/format/DateTimeFormatter$$Lambda+0x80000000c
instanceKlass java/time/format/DateTimeFormatterBuilder$TextPrinterParser
instanceKlass java/time/format/DateTimeTextProvider$1
instanceKlass java/time/format/DateTimeTextProvider
instanceKlass java/time/format/DateTimeTextProvider$LocaleStore
instanceKlass java/time/format/DateTimeFormatterBuilder$InstantPrinterParser
instanceKlass java/time/format/DateTimeFormatterBuilder$StringLiteralPrinterParser
instanceKlass java/time/format/DateTimeFormatterBuilder$ZoneIdPrinterParser
instanceKlass java/time/format/DateTimeFormatterBuilder$OffsetIdPrinterParser
instanceKlass java/time/format/DecimalStyle
instanceKlass java/time/format/DateTimeFormatterBuilder$CompositePrinterParser
instanceKlass java/time/chrono/AbstractChronology
instanceKlass java/time/format/DateTimeFormatterBuilder$CharLiteralPrinterParser
instanceKlass java/time/format/DateTimeFormatterBuilder$NumberPrinterParser
instanceKlass java/time/format/DateTimeFormatterBuilder$DateTimePrinterParser
instanceKlass java/time/temporal/JulianFields
instanceKlass java/time/temporal/IsoFields
instanceKlass  @bci java/time/format/DateTimeFormatterBuilder <clinit> ()V 0 <appendix> argL0 ; # java/time/format/DateTimeFormatterBuilder$$Lambda+0x80000000e
instanceKlass java/time/format/DateTimeFormatterBuilder
instanceKlass java/time/format/DateTimeFormatter
instanceKlass com/android/builder/profile/AnalyticsProfileWriter$Companion
instanceKlass com/android/builder/profile/AnalyticsProfileWriter
instanceKlass  @bci com/android/builder/profile/ThreadRecorder <init> ()V 5 <appendix> argL0 ; # com/android/builder/profile/ThreadRecorder$$Lambda+0x000001ae81be8fe0
instanceKlass com/android/builder/profile/ThreadRecorder
instanceKlass com/android/builder/profile/Recorder
instanceKlass com/google/protobuf/PrimitiveNonBoxingCollection
instanceKlass com/google/protobuf/CodedInputStream
instanceKlass com/google/protobuf/Internal
instanceKlass com/android/tools/analytics/CommonMetricsData$GarbageCollectionStatsDiffs
instanceKlass com/google/wireless/android/sdk/stats/GarbageCollectionStatsOrBuilder
instanceKlass  @bci java/lang/management/ManagementFactory$PlatformMBeanFinder findSingleton (Ljava/lang/Class;)Lsun/management/spi/PlatformMBeanProvider$PlatformComponent; 30 <appendix> member <vmtarget> ; # java/lang/management/ManagementFactory$PlatformMBeanFinder$$Lambda+0x000001ae8195bb68
instanceKlass  @bci java/lang/management/ManagementFactory$PlatformMBeanFinder findSingleton (Ljava/lang/Class;)Lsun/management/spi/PlatformMBeanProvider$PlatformComponent; 19 <appendix> member <vmtarget> ; # java/lang/management/ManagementFactory$PlatformMBeanFinder$$Lambda+0x000001ae8195b910
instanceKlass com/android/tools/analytics/StubbableLazy
instanceKlass com/android/tools/analytics/HostDataKt
instanceKlass kotlin/reflect/jvm/internal/KMutableProperty0Impl$$Lambda$0
instanceKlass com/android/tools/analytics/HostData
instanceKlass com/android/tools/analytics/CommonMetricsData
instanceKlass com/google/wireless/android/sdk/stats/JavaProcessStatsOrBuilder
instanceKlass com/google/common/cache/LocalCache$LoadingValueReference
instanceKlass com/google/common/cache/RemovalListener
instanceKlass com/google/common/cache/Weigher
instanceKlass com/google/common/base/Predicate
instanceKlass com/google/common/base/Equivalence
instanceKlass com/google/common/base/MoreObjects
instanceKlass com/google/common/cache/LocalCache$1
instanceKlass com/google/common/cache/ReferenceEntry
instanceKlass com/google/common/cache/LocalCache$ValueReference
instanceKlass com/google/common/cache/LocalCache$LocalManualCache
instanceKlass com/google/common/cache/CacheBuilder$2
instanceKlass com/google/common/cache/CacheStats
instanceKlass com/google/common/base/Suppliers$SupplierOfInstance
instanceKlass com/google/common/base/Suppliers
instanceKlass com/google/common/cache/CacheBuilder$1
instanceKlass com/google/common/cache/AbstractCache$StatsCounter
instanceKlass com/google/common/cache/LoadingCache
instanceKlass com/google/common/cache/Cache
instanceKlass com/google/common/base/Ticker
instanceKlass com/google/common/base/Supplier
instanceKlass com/google/common/cache/CacheBuilder
instanceKlass com/google/common/cache/CacheLoader
instanceKlass com/android/builder/profile/NameAnonymizer
instanceKlass com/google/wireless/android/sdk/stats/GradleBuildProfileSpanOrBuilder
instanceKlass com/google/wireless/android/sdk/stats/GradleBuildMemorySampleOrBuilder
instanceKlass com/google/protobuf/LazyStringList
instanceKlass com/google/protobuf/ExtensionRegistry$ExtensionInfo
instanceKlass com/google/protobuf/Descriptors$GenericDescriptor
instanceKlass com/google/protobuf/FieldSet$FieldDescriptorLite
instanceKlass com/google/protobuf/ExtensionLite
instanceKlass com/google/protobuf/ExtensionRegistryFactory
instanceKlass com/google/protobuf/ExtensionRegistryLite
instanceKlass com/google/protobuf/AbstractParser
instanceKlass com/google/protobuf/UnknownFieldSet
instanceKlass com/google/wireless/android/sdk/stats/InstantRunStatusOrBuilder
instanceKlass com/google/protobuf/ProtocolStringList
instanceKlass com/google/protobuf/Parser
instanceKlass com/google/protobuf/Internal$BooleanList
instanceKlass com/google/protobuf/Internal$DoubleList
instanceKlass com/google/protobuf/Internal$FloatList
instanceKlass com/google/protobuf/Internal$LongList
instanceKlass com/google/protobuf/Reader
instanceKlass com/google/protobuf/MutabilityOracle
instanceKlass com/google/protobuf/MapFieldReflectionAccessor
instanceKlass com/google/protobuf/GeneratedMessageV3$BuilderParent
instanceKlass com/google/protobuf/AbstractMessage$BuilderParent
instanceKlass com/google/protobuf/Internal$IntList
instanceKlass com/google/protobuf/Internal$ProtobufList
instanceKlass com/google/protobuf/AbstractMessageLite
instanceKlass com/google/protobuf/Message
instanceKlass com/google/protobuf/MessageLite
instanceKlass com/google/wireless/android/sdk/stats/GradleBuildProfileOrBuilder
instanceKlass com/android/build/gradle/internal/profile/AnalyticsResourceManager
instanceKlass com/android/builder/profile/Recorder$VoidBlock
instanceKlass com/google/wireless/android/sdk/stats/GradleBuildProjectOrBuilder
instanceKlass com/android/build/gradle/internal/profile/AnalyticsService$Params
instanceKlass com/google/protobuf/AbstractMessageLite$Builder
instanceKlass com/google/protobuf/Message$Builder
instanceKlass com/google/protobuf/MessageLite$Builder
instanceKlass com/google/wireless/android/sdk/stats/GradleBuildVariantOrBuilder
instanceKlass com/google/protobuf/MessageOrBuilder
instanceKlass com/google/protobuf/MessageLiteOrBuilder
instanceKlass  @bci com/android/build/gradle/internal/profile/AnalyticsConfiguratorService$Params$Inject_ $gradleInit ()V 1 <appendix> member <vmtarget> ; # com/android/build/gradle/internal/profile/AnalyticsConfiguratorService$Params$Inject_$$Lambda+0x000001ae81bcc320
instanceKlass com/android/build/gradle/internal/profile/AnalyticsConfiguratorService$Params$Inject_
# instanceKlass java/lang/invoke/LambdaForm$MH+0x000001ae81bc8000
instanceKlass  @bci com/android/build/gradle/internal/profile/AnalyticsConfiguratorService$Params_Decorated $gradleInit ()V 1 <appendix> member <vmtarget> ; # com/android/build/gradle/internal/profile/AnalyticsConfiguratorService$Params_Decorated$$Lambda+0x000001ae81bc4400
instanceKlass com/android/build/gradle/internal/profile/AnalyticsConfiguratorService$Params_Decorated
instanceKlass com/android/build/gradle/internal/profile/AnalyticsConfiguratorService$Params
instanceKlass kotlin/jdk7/AutoCloseableKt
instanceKlass com/google/gson/stream/JsonWriter
instanceKlass com/google/gson/TypeAdapter
instanceKlass com/google/gson/internal/JsonReaderInternalAccess
instanceKlass com/google/gson/stream/JsonReader
instanceKlass com/android/tools/analytics/AnalyticsSettingsData$Companion
instanceKlass com/android/tools/analytics/AnalyticsSettingsData
instanceKlass com/android/tools/analytics/Environment$Companion
instanceKlass com/android/tools/analytics/Environment
instanceKlass com/android/tools/analytics/AnalyticsPaths
instanceKlass com/android/utils/DateProvider$1
instanceKlass com/android/utils/DateProvider
instanceKlass com/android/tools/analytics/AnalyticsSettings
instanceKlass com/android/build/gradle/internal/LoggerWrapper
instanceKlass com/android/utils/ILogger
instanceKlass  @bci com/android/build/gradle/internal/utils/AnalyticsEnabledValueSource$Inject_ $gradleInit ()V 1 <appendix> member <vmtarget> ; # com/android/build/gradle/internal/utils/AnalyticsEnabledValueSource$Inject_$$Lambda+0x000001ae81bc21b8
instanceKlass  @bci com/android/build/gradle/internal/utils/AnalyticsEnabledValueSource$Params$Inject_ $gradleInit ()V 1 <appendix> member <vmtarget> ; # com/android/build/gradle/internal/utils/AnalyticsEnabledValueSource$Params$Inject_$$Lambda+0x000001ae81bc1c58
instanceKlass com/android/build/gradle/internal/utils/AnalyticsEnabledValueSource$Params$Inject_
instanceKlass  @bci com/android/build/gradle/internal/utils/AnalyticsEnabledValueSource$Params_Decorated $gradleInit ()V 1 <appendix> member <vmtarget> ; # com/android/build/gradle/internal/utils/AnalyticsEnabledValueSource$Params_Decorated$$Lambda+0x000001ae81bc1710
instanceKlass com/android/build/gradle/internal/utils/AnalyticsEnabledValueSource$Params_Decorated
instanceKlass com/android/build/gradle/internal/utils/AnalyticsEnabledValueSource$Params
instanceKlass com/android/build/gradle/internal/utils/AnalyticsSettingsUtils$analyticsEnabledProvider$1
instanceKlass com/android/build/gradle/internal/utils/AnalyticsEnabledValueSource
instanceKlass com/android/build/gradle/internal/utils/AnalyticsSettingsUtils
instanceKlass com/android/build/gradle/internal/scope/ProjectInfo$Companion
instanceKlass com/android/build/gradle/internal/scope/ProjectInfo
instanceKlass com/android/build/gradle/internal/res/Aapt2FromMaven$Companion$create$aapt2Directory$1$1
instanceKlass com/android/build/gradle/internal/res/Aapt2FromMaven$Companion$create$aapt2Directory$1
instanceKlass  @bci com/android/build/gradle/internal/dependency/GenericTransformParameters_Decorated $gradleInit ()V 1 <appendix> member <vmtarget> ; # com/android/build/gradle/internal/dependency/GenericTransformParameters_Decorated$$Lambda+0x000001ae81bbdd28
instanceKlass com/android/build/gradle/internal/dependency/GenericTransformParameters_Decorated
instanceKlass com/android/build/gradle/internal/dependency/GenericTransformParameters
instanceKlass com/android/build/gradle/internal/res/Aapt2FromMaven$Companion$create$1
instanceKlass com/android/build/gradle/internal/res/Aapt2FromMaven$Companion$Aapt2Extractor
instanceKlass  @bci com/android/sdklib/AndroidVersion <clinit> ()V 185 <appendix> argL0 ; # com/android/sdklib/AndroidVersion$$Lambda+0x000001ae81bbd480
instanceKlass  @bci com/android/sdklib/AndroidVersion <clinit> ()V 163 <appendix> argL0 ; # com/android/sdklib/AndroidVersion$$Lambda+0x000001ae81bbd240
instanceKlass  @bci com/android/sdklib/AndroidVersion <clinit> ()V 147 <appendix> argL0 ; # com/android/sdklib/AndroidVersion$$Lambda+0x000001ae81bbd000
instanceKlass java/util/Comparators$NullComparator
instanceKlass  @bci com/android/sdklib/AndroidVersion <clinit> ()V 131 <appendix> argL0 ; # com/android/sdklib/AndroidVersion$$Lambda+0x000001ae81bbfd40
instanceKlass  @bci com/android/sdklib/AndroidVersion <clinit> ()V 121 <appendix> argL0 ; # com/android/sdklib/AndroidVersion$$Lambda+0x000001ae81bbfb00
instanceKlass  @bci com/android/sdklib/AndroidVersion <clinit> ()V 113 <appendix> argL0 ; # com/android/sdklib/AndroidVersion$$Lambda+0x000001ae81bbf678
instanceKlass com/android/sdklib/AndroidApiLevel$Companion
instanceKlass com/android/sdklib/AndroidApiLevel
instanceKlass com/android/sdklib/AndroidVersion
instanceKlass com/android/SdkConstants
instanceKlass com/android/build/gradle/internal/res/Aapt2FromMaven$Companion$DefaultAapt2Version
instanceKlass com/android/build/gradle/internal/res/Aapt2FromMaven$Companion
instanceKlass com/android/build/gradle/internal/res/Aapt2FromMaven
instanceKlass com/android/build/gradle/internal/lint/AndroidLintInputs
instanceKlass com/android/build/gradle/internal/lint/LintFromMaven$Companion
instanceKlass com/android/build/gradle/internal/lint/LintFromMaven
instanceKlass com/android/build/gradle/internal/errors/DeprecationReporterImpl$Companion
instanceKlass com/android/build/gradle/internal/errors/DeprecationReporterImpl
instanceKlass com/android/build/gradle/internal/errors/DeprecationReporter
instanceKlass com/android/build/gradle/internal/errors/MessageReceiverImpl
instanceKlass com/android/ide/common/blame/MessageReceiver
instanceKlass com/google/common/base/Converter
instanceKlass com/google/common/base/Function
instanceKlass com/google/common/collect/Maps$EntryTransformer
instanceKlass com/google/common/collect/SortedMapDifference
instanceKlass com/google/common/collect/MapDifference
instanceKlass com/google/common/collect/Maps
instanceKlass com/android/build/gradle/internal/errors/AndroidProblemReporterProvider$reporter$1
instanceKlass  @bci com/android/build/gradle/internal/errors/AndroidProblemReporterProvider$Inject_ $gradleInit ()V 1 <appendix> member <vmtarget> ; # com/android/build/gradle/internal/errors/AndroidProblemReporterProvider$Inject_$$Lambda+0x000001ae81bb9670
instanceKlass com/android/build/gradle/internal/errors/AndroidProblemsReporter
instanceKlass  @bci com/android/build/gradle/internal/errors/AndroidProblemReporterProvider$Parameters$Inject_ $gradleInit ()V 1 <appendix> member <vmtarget> ; # com/android/build/gradle/internal/errors/AndroidProblemReporterProvider$Parameters$Inject_$$Lambda+0x000001ae81bb8f78
instanceKlass com/android/build/gradle/internal/errors/AndroidProblemReporterProvider$Parameters$Inject_
instanceKlass  @bci com/android/build/gradle/internal/errors/AndroidProblemReporterProvider$Parameters_Decorated $gradleInit ()V 1 <appendix> member <vmtarget> ; # com/android/build/gradle/internal/errors/AndroidProblemReporterProvider$Parameters_Decorated$$Lambda+0x000001ae81bb8a30
instanceKlass com/android/build/gradle/internal/errors/AndroidProblemReporterProvider$Parameters_Decorated
instanceKlass com/android/build/gradle/internal/errors/AndroidProblemReporterProvider$Parameters
instanceKlass com/android/build/gradle/internal/errors/AndroidProblemReporterProvider
instanceKlass com/google/common/collect/PeekingIterator
instanceKlass com/google/common/collect/Iterators
instanceKlass com/google/common/collect/ImmutableSet$SetBuilderImpl
instanceKlass  @bci com/android/build/gradle/options/ProjectOptions$OptionValue setValue ()Lorg/gradle/api/provider/Provider; 31 <appendix> member <vmtarget> ; # com/android/build/gradle/options/ProjectOptions$OptionValue$$Lambda+0x000001ae81bb1ec0
instanceKlass com/android/build/gradle/options/SyncOptions
instanceKlass  @bci com/android/build/gradle/options/ProjectOptionService$Inject_ $gradleInit ()V 1 <appendix> member <vmtarget> ; # com/android/build/gradle/options/ProjectOptionService$Inject_$$Lambda+0x000001ae81bb15e8
instanceKlass com/android/utils/Environment$Companion
instanceKlass com/android/utils/Environment
instanceKlass com/android/build/gradle/internal/services/R8D8ThreadPoolBuildService$Companion
instanceKlass com/android/build/gradle/internal/services/R8D8ThreadPoolBuildService
instanceKlass com/google/common/collect/Hashing
instanceKlass com/google/common/base/Preconditions
instanceKlass com/google/common/collect/ImmutableCollection$Builder
instanceKlass com/google/common/collect/CollectPreconditions
instanceKlass com/google/common/collect/AbstractMapEntry
instanceKlass com/android/build/gradle/options/ProjectOptions$OptionValue
instanceKlass com/google/common/collect/ImmutableMap$Builder
instanceKlass com/google/common/collect/UnmodifiableIterator
instanceKlass com/google/common/collect/BiMap
instanceKlass com/google/common/collect/ImmutableMap
instanceKlass com/android/ide/common/repository/AgpVersion$PreviewKind$Companion
instanceKlass  @bci com/android/ide/common/repository/AgpVersion <clinit> ()V 99 <appendix> form vmentry <vmtarget> ; # java/lang/invoke/LambdaForm$MH+0x000001ae81ba9000
# instanceKlass java/lang/invoke/LambdaForm$MH+0x000001ae81ba8c00
# instanceKlass java/lang/invoke/LambdaForm$MH+0x000001ae81ba8800
# instanceKlass java/lang/invoke/LambdaForm$MH+0x000001ae81ba8400
# instanceKlass java/lang/invoke/LambdaForm$MH+0x000001ae81ba8000
# instanceKlass java/lang/invoke/LambdaForm$MH+0x000001ae81ba7c00
# instanceKlass java/lang/invoke/LambdaForm$MH+0x000001ae81ba7800
instanceKlass  @bci com/android/ide/common/repository/AgpVersion <clinit> ()V 52 <appendix> form vmentry <vmtarget> ; # java/lang/invoke/LambdaForm$MH+0x000001ae81ba7400
# instanceKlass java/lang/invoke/LambdaForm$MH+0x000001ae81ba7000
# instanceKlass java/lang/invoke/LambdaForm$MH+0x000001ae81ba6c00
# instanceKlass java/lang/invoke/LambdaForm$MH+0x000001ae81ba6800
instanceKlass  @bci com/android/ide/common/repository/AgpVersion <clinit> ()V 52 <appendix> argL5 form vmentry <vmtarget> ; # java/lang/invoke/LambdaForm$MH+0x000001ae81ba6400
# instanceKlass java/lang/invoke/LambdaForm$MH+0x000001ae81ba6000
# instanceKlass java/lang/invoke/LambdaForm$MH+0x000001ae81ba5c00
# instanceKlass java/lang/invoke/LambdaForm$MH+0x000001ae81ba5800
# instanceKlass java/lang/invoke/LambdaForm$MH+0x000001ae81ba5400
# instanceKlass java/lang/invoke/LambdaForm$MH+0x000001ae81ba5000
instanceKlass  @bci com/android/build/gradle/internal/errors/DeprecationReporterImpl reportOptionIssuesIfAny (Lcom/android/build/gradle/options/Option;Ljava/lang/Object;)V 350 <appendix> argL1 form vmentry <vmtarget> ; # java/lang/invoke/LambdaForm$MH+0x000001ae81ba4c00
# instanceKlass java/lang/invoke/LambdaForm$MH+0x000001ae81ba4800
# instanceKlass java/lang/invoke/LambdaForm$MH+0x000001ae81ba4400
# instanceKlass java/lang/invoke/LambdaForm$MH+0x000001ae81ba4000
instanceKlass com/android/ide/common/repository/AgpVersion$Companion
instanceKlass com/android/ide/common/repository/AgpVersion
instanceKlass com/android/build/gradle/options/FutureStage
instanceKlass com/android/build/gradle/options/Option$Status
instanceKlass com/android/build/gradle/options/Stage
instanceKlass com/android/build/gradle/options/HasFutureStage
instanceKlass  @bci com/android/build/gradle/options/ProjectOptions readTestRunnerArgs ()Lorg/gradle/api/provider/Provider; 13 <appendix> argL0 ; # com/android/build/gradle/options/ProjectOptions$$Lambda+0x000001ae81b9f570
instanceKlass  @bci org/gradle/api/internal/provider/DefaultProviderFactory gradlePropertiesPrefixedBy (Ljava/lang/String;)Lorg/gradle/api/provider/Provider; 7 <appendix> member <vmtarget> ; # org/gradle/api/internal/provider/DefaultProviderFactory$$Lambda+0x000001ae81b7a778
instanceKlass com/android/build/gradle/options/Option
instanceKlass com/android/build/gradle/options/ProjectOptions
instanceKlass com/android/build/gradle/api/FusedLibraryPlugin
instanceKlass com/android/build/gradle/internal/utils/GradlePluginUtils
instanceKlass com/android/build/gradle/internal/services/ServiceRegistrationAction$execute$1
instanceKlass com/android/build/gradle/internal/services/AndroidLocationsBuildService
instanceKlass com/android/prefs/AndroidLocationsProvider
instanceKlass com/android/build/gradle/internal/services/ServiceRegistrationAction
instanceKlass com/android/build/gradle/internal/crash/CrashReporting
instanceKlass com/android/build/gradle/internal/plugins/BasePlugin$apply$1
instanceKlass com/google/common/util/concurrent/ListeningScheduledExecutorService
instanceKlass com/google/common/util/concurrent/ListeningExecutorService
instanceKlass com/google/common/util/concurrent/MoreExecutors
instanceKlass com/android/build/gradle/internal/ClasspathVerifier
instanceKlass com/google/common/annotations/VisibleForTesting
instanceKlass com/android/build/api/variant/ApplicationVariant
instanceKlass com/android/build/api/variant/CanMinifyAndroidResources
instanceKlass com/android/build/api/variant/CanMinifyCode
instanceKlass com/android/build/api/variant/HasTestSuites
instanceKlass com/android/build/api/variant/HasTestFixtures
instanceKlass com/android/build/api/variant/HasUnitTest
instanceKlass com/android/build/api/variant/HasHostTests
instanceKlass com/android/build/api/variant/HasAndroidTest
instanceKlass com/android/build/api/variant/HasDeviceTests
instanceKlass com/android/build/api/variant/Variant
instanceKlass com/android/build/api/variant/HasAndroidResources
instanceKlass com/android/build/api/variant/Component
instanceKlass com/android/build/api/variant/GeneratesApk
instanceKlass com/android/build/gradle/internal/component/ApplicationCreationConfig
instanceKlass com/android/build/gradle/internal/component/PublishableCreationConfig
instanceKlass com/android/build/gradle/internal/component/VariantCreationConfig
instanceKlass com/android/build/gradle/internal/component/ApkCreationConfig
instanceKlass com/android/build/gradle/internal/component/TargetSdkAwareConfig
instanceKlass com/android/build/gradle/internal/component/ConsumableCreationConfig
instanceKlass com/android/build/gradle/internal/component/ComponentCreationConfig
instanceKlass com/android/build/gradle/internal/component/TaskCreationConfig
instanceKlass com/android/build/gradle/internal/core/dsl/ApplicationVariantDslInfo
instanceKlass com/android/build/gradle/internal/core/dsl/MultiVariantComponentDslInfo
instanceKlass com/android/build/gradle/internal/variant/DimensionCombination
instanceKlass com/android/build/gradle/internal/core/dsl/TestedVariantDslInfo
instanceKlass com/android/build/gradle/internal/core/dsl/PublishableComponentDslInfo
instanceKlass com/android/build/gradle/internal/core/dsl/ApkProducingComponentDslInfo
instanceKlass com/android/build/gradle/internal/core/dsl/VariantDslInfo
instanceKlass com/android/build/gradle/internal/core/dsl/ConsumableComponentDslInfo
instanceKlass com/android/build/gradle/internal/core/dsl/ComponentDslInfo
instanceKlass com/android/build/api/variant/ApplicationVariantBuilder
instanceKlass com/android/build/api/variant/CanMinifyAndroidResourcesBuilder
instanceKlass com/android/build/api/variant/CanMinifyCodeBuilder
instanceKlass com/android/build/api/variant/GeneratesApkBuilder
instanceKlass com/android/build/api/variant/HasTestSuitesBuilder
instanceKlass com/android/build/api/variant/HasTestFixturesBuilder
instanceKlass com/android/build/api/variant/HasUnitTestBuilder
instanceKlass com/android/build/api/variant/HasHostTestsBuilder
instanceKlass com/android/build/api/variant/HasAndroidTestBuilder
instanceKlass com/android/build/api/variant/HasDeviceTestsBuilder
instanceKlass com/android/build/api/variant/VariantBuilder
instanceKlass com/android/build/api/variant/ComponentBuilder
instanceKlass com/android/build/api/variant/ComponentIdentity
instanceKlass com/android/build/api/dsl/Lint
instanceKlass com/android/build/gradle/internal/services/ProjectServices
instanceKlass com/android/build/gradle/options/ProjectOptionService
instanceKlass com/android/builder/errors/IssueReporter
instanceKlass com/android/build/gradle/internal/core/SettingsOptions
instanceKlass com/android/build/gradle/internal/profile/AnalyticsConfiguratorService
instanceKlass com/android/build/gradle/internal/plugins/BasePlugin$Companion
instanceKlass com/android/build/api/dsl/SettingsExtension
instanceKlass com/android/build/gradle/internal/services/BaseServicesImpl
instanceKlass com/android/build/gradle/internal/VariantManager
instanceKlass com/android/build/gradle/internal/variant/VariantModel
instanceKlass com/android/build/gradle/internal/tasks/factory/GlobalTaskCreationConfigImpl
instanceKlass com/android/build/gradle/internal/tasks/factory/BootClasspathConfigImpl
instanceKlass com/android/build/gradle/internal/variant/AbstractVariantInputManager
instanceKlass com/android/build/gradle/internal/variant/VariantInputModel
instanceKlass com/android/build/gradle/internal/testing/ManagedDeviceRegistry
instanceKlass com/android/build/api/instrumentation/manageddevice/ManagedDeviceRegistry
instanceKlass com/google/protobuf/ProtocolMessageEnum
instanceKlass com/google/protobuf/Internal$EnumLite
instanceKlass com/android/build/gradle/internal/tasks/factory/TaskManagerConfig
instanceKlass com/android/build/gradle/internal/tasks/factory/GlobalTaskCreationConfig
instanceKlass com/android/build/gradle/internal/variant/BaseVariantFactory
instanceKlass com/android/build/gradle/internal/tasks/factory/BootClasspathConfig
instanceKlass com/android/build/api/extension/impl/DslLifecycleComponentsOperationsRegistrar
instanceKlass com/android/build/gradle/internal/plugins/BasePlugin$ExtensionData
instanceKlass com/android/build/gradle/internal/services/VersionedSdkLoaderService
instanceKlass com/android/build/gradle/internal/plugins/DslContainerProvider
instanceKlass com/android/build/gradle/internal/TaskManager
instanceKlass com/android/build/gradle/internal/services/DslServices
instanceKlass com/android/build/gradle/internal/services/BaseServices
instanceKlass com/android/build/gradle/internal/variant/VariantFactory
instanceKlass com/android/build/gradle/TestedAndroidConfig
instanceKlass com/android/build/gradle/BaseExtension
instanceKlass com/android/build/gradle/AndroidConfig
instanceKlass com/android/build/gradle/internal/dsl/InternalApplicationExtension
instanceKlass com/android/build/gradle/internal/dsl/InternalTestedExtension
instanceKlass com/android/build/api/dsl/ApplicationExtension
instanceKlass com/android/build/api/dsl/TestedExtension
instanceKlass com/android/build/api/dsl/ApkExtension
instanceKlass com/android/build/gradle/internal/dsl/CommonExtensionImpl
instanceKlass com/android/build/gradle/internal/dsl/InternalCommonExtension
instanceKlass com/android/build/gradle/internal/dsl/Lockable
instanceKlass com/android/build/api/dsl/CommonExtension
instanceKlass com/android/build/api/extension/impl/AndroidComponentsExtensionImpl
instanceKlass com/android/build/api/variant/ApplicationAndroidComponentsExtension
instanceKlass com/android/build/api/variant/AndroidComponentsExtension
instanceKlass com/android/build/api/variant/AndroidComponents
instanceKlass com/android/build/api/variant/DslLifecycle
instanceKlass com/android/build/gradle/internal/plugins/AndroidPluginBaseServices
instanceKlass com/android/build/gradle/AppPluginKt
instanceKlass com/android/build/gradle/internal/services/RunOnceBuildServiceImpl$ActionName
instanceKlass com/android/Version
instanceKlass com/android/build/gradle/internal/services/BuildServicesKt
instanceKlass  @bci com/android/build/gradle/internal/services/RunOnceBuildServiceImpl$Inject_ $gradleInit ()V 1 <appendix> member <vmtarget> ; # com/android/build/gradle/internal/services/RunOnceBuildServiceImpl$Inject_$$Lambda+0x000001ae81b829b0
instanceKlass com/android/build/gradle/internal/services/GlobalServiceRegistrationAction$execute$1
instanceKlass com/android/build/gradle/internal/services/GlobalServiceRegistrationAction$execute$globalService$1
instanceKlass com/android/build/gradle/internal/services/RunOnceBuildServiceImpl
instanceKlass com/android/build/gradle/internal/services/RunOnceBuildService
instanceKlass com/android/build/gradle/internal/services/GlobalServiceRegistrationAction
instanceKlass com/android/build/gradle/internal/plugins/VersionCheckPlugin$Companion
instanceKlass com/android/build/gradle/internal/plugins/VersionCheckPlugin
instanceKlass org/gradle/api/internal/plugins/DefaultObjectConfigurationAction$3
instanceKlass org/codehaus/groovy/reflection/AccessPermissionChecker
instanceKlass  @bci org/codehaus/groovy/reflection/ReflectionUtils makeAccessibleInPrivilegedAction (Ljava/lang/reflect/AccessibleObject;)Ljava/util/Optional; 1 <appendix> member <vmtarget> ; # org/codehaus/groovy/reflection/ReflectionUtils$$Lambda+0x000001ae81b79eb0
# instanceKlass java/lang/invoke/LambdaForm$MH+0x000001ae81b81000
# instanceKlass java/lang/invoke/LambdaForm$MH+0x000001ae81b80c00
# instanceKlass java/lang/invoke/LambdaForm$MH+0x000001ae81b80800
# instanceKlass java/lang/invoke/LambdaForm$MH+0x000001ae81b80400
# instanceKlass java/lang/invoke/LambdaForm$MH+0x000001ae81b80000
instanceKlass org/gradle/internal/metaobject/InstrumentedMetaClass
instanceKlass  @bci org/gradle/internal/classpath/intercept/DefaultCallSiteDecorator addInterceptor (Lorg/gradle/internal/instrumentation/api/groovybytecode/CallInterceptor;)V 37 <appendix> member <vmtarget> ; # org/gradle/internal/classpath/intercept/DefaultCallSiteDecorator$$Lambda+0x000001ae81b799e8
instanceKlass  @bci org/gradle/internal/classpath/intercept/DefaultCallSiteDecorator <init> (Ljava/util/List;)V 44 <appendix> member <vmtarget> ; # org/gradle/internal/classpath/intercept/DefaultCallSiteDecorator$$Lambda+0x000001ae81b797b0
instanceKlass  @bci org/gradle/internal/classpath/intercept/DefaultCallSiteInterceptorSet getCallInterceptors (Lorg/gradle/internal/instrumentation/api/types/BytecodeInterceptorFilter;)Ljava/util/List; 20 <appendix> member <vmtarget> ; # org/gradle/internal/classpath/intercept/DefaultCallSiteInterceptorSet$$Lambda+0x000001ae81b79308
instanceKlass org/gradle/internal/instrumentation/api/groovybytecode/PropertyAwareCallInterceptor
instanceKlass org/gradle/internal/instrumentation/api/groovybytecode/SignatureAwareCallInterceptor
instanceKlass org/gradle/internal/instrumentation/api/groovybytecode/InterceptScope
instanceKlass org/gradle/internal/instrumentation/api/groovybytecode/Invocation
instanceKlass org/gradle/internal/instrumentation/api/groovybytecode/AbstractCallInterceptor
instanceKlass org/gradle/internal/instrumentation/api/groovybytecode/FilterableCallInterceptor
instanceKlass java/lang/ProcessBuilder
# instanceKlass java/lang/invoke/LambdaForm$DMH+0x000001ae81b6e400
instanceKlass org/gradle/internal/instrumentation/api/groovybytecode/CallInterceptor
instanceKlass org/gradle/internal/classpath/intercept/DefaultCallSiteDecorator
instanceKlass  @bci org/gradle/internal/classpath/intercept/CallInterceptorRegistry getGroovyCallDecorator (Lorg/gradle/internal/instrumentation/api/types/BytecodeInterceptorFilter;)Lorg/gradle/internal/classpath/intercept/CallSiteDecorator; 5 <appendix> member <vmtarget> ; # org/gradle/internal/classpath/intercept/CallInterceptorRegistry$$Lambda+0x000001ae81b6a328
instanceKlass  @bci org/gradle/internal/classpath/intercept/CallInterceptorResolver$ClosureCallInterceptorResolver <clinit> ()V 3 <appendix> argL0 ; # org/gradle/internal/classpath/intercept/CallInterceptorResolver$ClosureCallInterceptorResolver$$Lambda+0x000001ae81b6a108
instanceKlass org/gradle/internal/classpath/intercept/CallInterceptorResolver$ClosureCallInterceptorResolver
instanceKlass org/gradle/internal/classpath/intercept/CallInterceptorResolver
instanceKlass org/gradle/internal/instrumentation/api/types/FilterableBytecodeInterceptorFactory$BytecodeUpgradeReportInterceptorFactory
instanceKlass org/gradle/internal/instrumentation/api/types/FilterableBytecodeInterceptor$BytecodeUpgradeReportInterceptor
instanceKlass org/gradle/internal/instrumentation/api/types/FilterableBytecodeInterceptorFactory$BytecodeUpgradeInterceptorFactory
instanceKlass org/gradle/internal/instrumentation/api/types/FilterableBytecodeInterceptor$BytecodeUpgradeInterceptor
instanceKlass org/gradle/internal/instrumentation/api/types/FilterableBytecodeInterceptorFactory$InstrumentationInterceptorFactory
instanceKlass org/gradle/internal/instrumentation/api/types/FilterableBytecodeInterceptorFactory
instanceKlass org/gradle/internal/instrumentation/api/types/FilterableBytecodeInterceptor$InstrumentationInterceptor
instanceKlass org/gradle/internal/instrumentation/api/types/FilterableBytecodeInterceptor
instanceKlass  @bci org/gradle/internal/metaobject/BeanDynamicObject$MetaClassAdapter maybeAddCallInterceptionHooksToMetaclass (Ljava/lang/String;)V 14 <adapter> ; # java/lang/invoke/LambdaForm$MH+0x000001ae81b6e000
instanceKlass org/gradle/internal/metaobject/DynamicObjectUtil
instanceKlass com/android/build/gradle/AssetPackPluginKt
instanceKlass com/flutter/gradle/FlutterPlugin$Companion
instanceKlass com/flutter/gradle/FlutterPlugin
instanceKlass org/gradle/plugin/use/resolve/internal/ClassPathPluginResolution
instanceKlass com/android/build/gradle/BasePlugin
instanceKlass Build_gradle$3
instanceKlass Build_gradle$2
instanceKlass  @bci Build_gradle$1 execute (Lorg/gradle/api/Project;)V 7 <appendix> argL0 ; # Build_gradle$1$$Lambda+0x000001ae81b6c000
instanceKlass org/gradle/api/internal/project/BuildOperationCrossProjectConfigurator$CrossConfigureProjectBuildOperation
instanceKlass  @bci org/gradle/api/internal/project/BuildOperationCrossProjectConfigurator runProjectConfigureAction (Lorg/gradle/api/internal/project/ProjectInternal;Lorg/gradle/api/Action;)V 9 <appendix> member <vmtarget> ; # org/gradle/api/internal/project/BuildOperationCrossProjectConfigurator$$Lambda+0x000001ae81b65a50
instanceKlass org/gradle/api/internal/project/BuildOperationCrossProjectConfigurator$BlockConfigureBuildOperation
instanceKlass  @bci org/gradle/api/internal/project/DefaultCrossProjectModelAccess getAllprojects (Lorg/gradle/api/internal/project/ProjectInternal;Lorg/gradle/api/internal/project/ProjectInternal;)Ljava/util/Set; 32 <appendix> argL0 ; # org/gradle/api/internal/project/DefaultCrossProjectModelAccess$$Lambda+0x000001ae81b67c28
instanceKlass  @bci org/gradle/api/internal/project/DefaultCrossProjectModelAccess getAllprojects (Lorg/gradle/api/internal/project/ProjectInternal;Lorg/gradle/api/internal/project/ProjectInternal;)Ljava/util/Set; 22 <appendix> member <vmtarget> ; # org/gradle/api/internal/project/DefaultCrossProjectModelAccess$$Lambda+0x000001ae81b679e0
instanceKlass Build_gradle$1
instanceKlass org/gradle/internal/build/event/types/DefaultScriptPluginIdentifier
instanceKlass  @bci org/gradle/internal/operations/DefaultBuildOperationListenerManager lambda$removeListener$2 (Lorg/gradle/internal/operations/BuildOperationListener;Lcom/google/common/collect/ImmutableList;)Lcom/google/common/collect/ImmutableList; 5 <appendix> member <vmtarget> ; # org/gradle/internal/operations/DefaultBuildOperationListenerManager$$Lambda+0x000001ae81b67538
instanceKlass  @bci org/gradle/internal/operations/DefaultBuildOperationListenerManager removeListener (Lorg/gradle/internal/operations/BuildOperationListener;)V 5 <appendix> member <vmtarget> ; # org/gradle/internal/operations/DefaultBuildOperationListenerManager$$Lambda+0x000001ae81b63bf8
instanceKlass org/gradle/internal/extensibility/ExtensibleDynamicObject$InheritedDynamicObject
instanceKlass  @bci org/gradle/api/internal/project/LifecycleAwareProject_Decorated $gradleInit ()V 1 <appendix> member <vmtarget> ; # org/gradle/api/internal/project/LifecycleAwareProject_Decorated$$Lambda+0x000001ae81b636c0
instanceKlass  @bci org/gradle/api/internal/project/MutableStateAccessAwareProject <init> (Lorg/gradle/api/internal/project/ProjectInternal;Lorg/gradle/api/internal/project/ProjectInternal;)V 23 <appendix> member <vmtarget> ; # org/gradle/api/internal/project/MutableStateAccessAwareProject$$Lambda+0x000001ae81b63478
instanceKlass org/gradle/composite/internal/DefaultIncludedBuild$IncludedBuildImpl
instanceKlass  @bci org/gradle/plugin/software/internal/DefaultProjectFeatureDeclarations discoverProjectFeatureImplementations ()Ljava/util/Map; 36 <appendix> member <vmtarget> ; # org/gradle/plugin/software/internal/DefaultProjectFeatureDeclarations$$Lambda+0x000001ae81b3f648
instanceKlass org/gradle/plugin/software/internal/LegacyProjectTypeImplementation
instanceKlass  @bci org/gradle/plugin/software/internal/LegacyProjectTypeDiscovery discoverSoftwareTypeImplementations (Ljava/util/Map;Ljava/util/Map;)Ljava/util/Set; 8 <appendix> member <vmtarget> ; # org/gradle/plugin/software/internal/LegacyProjectTypeDiscovery$$Lambda+0x000001ae81b3f410
instanceKlass  @bci org/gradle/plugin/software/internal/DefaultProjectFeatureDeclarations discoverProjectFeatureImplementations ()Ljava/util/Map; 10 <appendix> member <vmtarget> ; # org/gradle/plugin/software/internal/DefaultProjectFeatureDeclarations$$Lambda+0x000001ae81b3f1d8
instanceKlass org/gradle/plugin/software/internal/DefaultProjectFeatureDeclarations$RegisteringPluginKey
instanceKlass  @bci org/gradle/plugin/software/internal/DefaultProjectFeatureDeclarations lambda$getSchema$8 ()Ljava/lang/Iterable; 6 <appendix> argL0 ; # org/gradle/plugin/software/internal/DefaultProjectFeatureDeclarations$$Lambda+0x000001ae81b3ed68
instanceKlass org/gradle/plugin/software/internal/DefaultProjectFeatureDeclarations$ProjectFeatureSchema
instanceKlass  @bci org/gradle/plugin/software/internal/DefaultProjectFeatureDeclarations lambda$getSchema$8 ()Ljava/lang/Iterable; 1 <appendix> member <vmtarget> ; # org/gradle/plugin/software/internal/DefaultProjectFeatureDeclarations$$Lambda+0x000001ae81b3e8e0
instanceKlass  @bci org/gradle/plugin/software/internal/DefaultProjectFeatureDeclarations getSchema ()Lorg/gradle/api/NamedDomainObjectCollectionSchema; 1 <appendix> member <vmtarget> ; # org/gradle/plugin/software/internal/DefaultProjectFeatureDeclarations$$Lambda+0x000001ae81b3e6b8
instanceKlass org/apache/groovy/json/internal/Sys
instanceKlass org/apache/groovy/json/DefaultFastStringService
instanceKlass org/apache/groovy/json/FastStringService
instanceKlass org/apache/groovy/json/internal/FastStringUtils$ServiceHolder
instanceKlass org/apache/groovy/json/internal/FastStringUtils
instanceKlass org/apache/groovy/json/internal/Cache
instanceKlass org/apache/groovy/json/internal/Chr
instanceKlass org/apache/groovy/json/internal/BaseJsonParser
instanceKlass groovy/json/JsonSlurper$1
instanceKlass kotlin/io/TextStreamsKt
instanceKlass  @bci org/gradle/internal/classpath/Instrumented kotlinIoFilesKtReadTextDefault (Ljava/io/File;Ljava/nio/charset/Charset;ILjava/lang/Object;Ljava/lang/String;)Ljava/lang/String; 26 <adapter> ; # java/lang/invoke/LambdaForm$MH+0x000001ae81b64000
instanceKlass org/gradle/internal/classpath/declarations/KotlinFileExtensionsInterceptorsDeclaration
instanceKlass groovy/json/JsonParser
instanceKlass groovy/json/JsonSlurper
instanceKlass kotlin/reflect/jvm/internal/calls/CallerKt
instanceKlass kotlin/reflect/jvm/internal/calls/ValueClassAwareCallerKt
instanceKlass kotlin/reflect/jvm/internal/calls/CallerImpl$Companion
instanceKlass kotlin/reflect/jvm/internal/calls/CallerImpl
instanceKlass kotlin/reflect/jvm/internal/calls/Caller
instanceKlass kotlin/reflect/jvm/internal/KDeclarationContainerImpl$FunctionJvmDescriptor
instanceKlass kotlin/reflect/jvm/internal/impl/resolve/InlineClassesUtilsKt
instanceKlass kotlin/reflect/jvm/internal/KFunctionImpl$$Lambda$2
instanceKlass kotlin/reflect/jvm/internal/KFunctionImpl$$Lambda$1
instanceKlass kotlin/reflect/jvm/internal/KFunctionImpl$$Lambda$0
instanceKlass kotlin/reflect/jvm/internal/JvmFunctionSignature
instanceKlass kotlin/reflect/jvm/internal/FunctionWithAllInvokes
instanceKlass kotlin/reflect/jvm/internal/impl/util/capitalizeDecapitalize/CapitalizeDecapitalizeKt
instanceKlass kotlin/reflect/jvm/internal/impl/load/java/JvmAbi
instanceKlass kotlin/reflect/jvm/internal/impl/metadata/jvm/deserialization/JvmMemberSignature
instanceKlass kotlin/reflect/jvm/internal/impl/metadata/jvm/deserialization/ClassMapperLite
instanceKlass kotlin/reflect/jvm/internal/JvmPropertySignature
instanceKlass kotlin/reflect/jvm/internal/impl/metadata/deserialization/ProtoBufUtilKt
instanceKlass kotlin/collections/builders/ListBuilderKt
instanceKlass kotlin/collections/builders/MapBuilder$Companion
instanceKlass kotlin/collections/builders/MapBuilder
instanceKlass kotlin/jvm/internal/markers/KMutableMap
instanceKlass kotlin/reflect/jvm/internal/impl/descriptors/Visibilities
instanceKlass kotlin/reflect/jvm/internal/impl/types/DisjointKeysUnionTypeSubstitution$Companion
instanceKlass kotlin/reflect/jvm/internal/impl/types/DescriptorSubstitutor
instanceKlass kotlin/reflect/jvm/internal/impl/descriptors/impl/FunctionDescriptorImpl$CopyConfiguration
instanceKlass kotlin/reflect/jvm/internal/impl/resolve/OverridingUtil$4
instanceKlass kotlin/reflect/jvm/internal/impl/resolve/OverridingUtil$8
instanceKlass kotlin/reflect/jvm/internal/impl/descriptors/impl/TypeAliasConstructorDescriptor
instanceKlass kotlin/reflect/jvm/internal/impl/resolve/OverridingUtil$5
instanceKlass kotlin/reflect/jvm/internal/impl/builtins/jvm/JvmBuiltInsCustomizer$$Lambda$4
instanceKlass kotlin/reflect/jvm/internal/impl/builtins/jvm/CloneableClassScope$Companion
instanceKlass kotlin/reflect/jvm/internal/impl/name/CallableId$Companion
instanceKlass kotlin/reflect/jvm/internal/impl/name/CallableId
instanceKlass kotlin/reflect/jvm/internal/impl/serialization/deserialization/SuspendFunctionTypeUtilKt
instanceKlass kotlin/reflect/jvm/internal/impl/builtins/jvm/JvmBuiltIns$Settings
instanceKlass kotlin/reflect/jvm/internal/impl/resolve/MemberComparator$NameAndTypeMemberComparator
instanceKlass kotlin/reflect/jvm/internal/impl/utils/SmartSet$Companion
instanceKlass kotlin/reflect/jvm/internal/impl/resolve/OverridingStrategy
instanceKlass kotlin/reflect/jvm/internal/impl/descriptors/impl/ValueParameterDescriptorImpl$Companion
instanceKlass kotlin/reflect/jvm/internal/impl/descriptors/ValueParameterDescriptor
instanceKlass kotlin/reflect/jvm/internal/impl/descriptors/SimpleFunctionDescriptor
instanceKlass kotlin/reflect/jvm/internal/impl/resolve/DescriptorFactory
instanceKlass kotlin/reflect/jvm/internal/impl/resolve/scopes/receivers/ImplicitClassReceiver
instanceKlass kotlin/reflect/jvm/internal/impl/resolve/scopes/receivers/ThisClassReceiver
instanceKlass kotlin/reflect/jvm/internal/impl/resolve/scopes/receivers/ImplicitReceiver
instanceKlass kotlin/reflect/jvm/internal/impl/types/KotlinTypeFactory$$Lambda$0
instanceKlass kotlin/reflect/jvm/internal/impl/resolve/scopes/SubstitutingScope$$Lambda$1
instanceKlass kotlin/reflect/jvm/internal/impl/resolve/calls/inference/CapturedTypeConstructorKt
instanceKlass kotlin/reflect/jvm/internal/impl/resolve/scopes/SubstitutingScope$$Lambda$0
instanceKlass kotlin/reflect/jvm/internal/impl/resolve/scopes/SubstitutingScope
instanceKlass kotlin/reflect/jvm/internal/impl/types/TypeSubstitutor
instanceKlass kotlin/reflect/jvm/internal/impl/types/model/TypeSubstitutorMarker
instanceKlass kotlin/reflect/jvm/internal/impl/descriptors/impl/ModuleAwareClassDescriptorKt
instanceKlass kotlin/reflect/jvm/internal/impl/types/TypeConstructorSubstitution$Companion
instanceKlass kotlin/reflect/jvm/internal/impl/types/TypeSubstitution$Companion
instanceKlass kotlin/reflect/jvm/internal/impl/types/TypeSubstitution
instanceKlass kotlin/reflect/jvm/internal/impl/types/TypeProjectionBase
instanceKlass kotlin/reflect/jvm/internal/impl/serialization/deserialization/descriptors/DeserializedTypeParameterDescriptor$$Lambda$0
instanceKlass kotlin/reflect/jvm/internal/impl/descriptors/impl/AbstractTypeParameterDescriptor$2
instanceKlass kotlin/reflect/jvm/internal/impl/descriptors/impl/AbstractTypeParameterDescriptor$1
instanceKlass kotlin/reflect/jvm/internal/impl/serialization/deserialization/descriptors/DeserializedCallableMemberDescriptor
instanceKlass kotlin/reflect/jvm/internal/impl/serialization/deserialization/descriptors/DeserializedMemberDescriptor
instanceKlass kotlin/reflect/jvm/internal/impl/serialization/deserialization/descriptors/DescriptorWithContainerSource
instanceKlass kotlin/sequences/GeneratorSequence$iterator$1
instanceKlass kotlin/sequences/ConstrainedOnceSequence
instanceKlass  @bci kotlin/sequences/SequencesKt__SequencesKt generateSequence (Lkotlin/jvm/functions/Function0;)Lkotlin/sequences/Sequence; 12 <appendix> member <vmtarget> ; # kotlin/sequences/SequencesKt__SequencesKt$$Lambda+0x000001ae81b4c9e8
instanceKlass kotlin/sequences/GeneratorSequence
instanceKlass kotlin/reflect/jvm/internal/impl/serialization/deserialization/descriptors/DeserializedMemberScope$OptimizedImplementation$computeDescriptors$1$1
instanceKlass kotlin/reflect/jvm/internal/impl/types/AbstractTypeConstructor$$Lambda$4
instanceKlass kotlin/reflect/jvm/internal/impl/types/AbstractTypeConstructor$$Lambda$3
instanceKlass kotlin/reflect/jvm/internal/impl/storage/SingleThreadValue
instanceKlass kotlin/reflect/jvm/internal/impl/load/kotlin/SignatureBuildingComponents
instanceKlass kotlin/reflect/jvm/internal/impl/builtins/jvm/JvmBuiltInsSignatures
instanceKlass kotlin/reflect/jvm/internal/impl/descriptors/TypeAliasDescriptor
instanceKlass kotlin/reflect/jvm/internal/impl/util/EmptyArrayMap$iterator$1
instanceKlass kotlin/reflect/jvm/internal/impl/serialization/deserialization/TypeDeserializer$$Lambda$2
instanceKlass kotlin/reflect/jvm/internal/impl/util/collectionUtils/ScopeUtilsKt
instanceKlass kotlin/reflect/jvm/internal/impl/serialization/deserialization/DeserializedPackageFragmentImpl$$Lambda$1
instanceKlass kotlin/Triple
instanceKlass kotlin/reflect/jvm/internal/impl/metadata/deserialization/NameResolverImpl$WhenMappings
instanceKlass kotlin/reflect/jvm/internal/impl/protobuf/Utf8
instanceKlass kotlin/reflect/jvm/internal/impl/serialization/deserialization/DeserializedPackageFragmentImpl$$Lambda$0
instanceKlass kotlin/reflect/jvm/internal/impl/serialization/deserialization/ProtoBasedClassDataFinder
instanceKlass kotlin/reflect/jvm/internal/impl/metadata/deserialization/NameResolverImpl
instanceKlass kotlin/reflect/jvm/internal/impl/metadata/ProtoBuf$Annotation$ArgumentOrBuilder
instanceKlass kotlin/reflect/jvm/internal/impl/metadata/ProtoBuf$QualifiedNameTable$QualifiedName$Kind$1
instanceKlass kotlin/reflect/jvm/internal/impl/metadata/ProtoBuf$QualifiedNameTable$QualifiedNameOrBuilder
instanceKlass kotlin/reflect/jvm/internal/impl/metadata/ProtoBuf$QualifiedNameTableOrBuilder
instanceKlass kotlin/reflect/jvm/internal/impl/protobuf/LazyStringList
instanceKlass kotlin/reflect/jvm/internal/impl/protobuf/ProtocolStringList
instanceKlass kotlin/reflect/jvm/internal/impl/metadata/ProtoBuf$StringTableOrBuilder
instanceKlass kotlin/reflect/jvm/internal/impl/metadata/ProtoBuf$PackageFragmentOrBuilder
instanceKlass kotlin/collections/IntIterator
instanceKlass kotlin/reflect/jvm/internal/impl/metadata/builtins/BuiltInsBinaryVersion$Companion
instanceKlass kotlin/reflect/jvm/internal/impl/metadata/builtins/ReadPackageFragmentKt
instanceKlass kotlin/reflect/jvm/internal/impl/serialization/deserialization/builtins/BuiltInsPackageFragmentImpl$Companion
instanceKlass kotlin/reflect/jvm/internal/impl/builtins/BuiltInsPackageFragment
instanceKlass kotlin/reflect/jvm/internal/impl/metadata/deserialization/ProtoTypeTableUtilKt
instanceKlass kotlin/reflect/jvm/internal/impl/types/AbstractTypeConstructor$Supertypes
instanceKlass kotlin/reflect/jvm/internal/impl/resolve/scopes/MemberScope$Companion$$Lambda$0
instanceKlass kotlin/reflect/jvm/internal/impl/resolve/scopes/MemberScope$Companion
instanceKlass kotlin/reflect/jvm/internal/impl/resolve/scopes/DescriptorKindFilter$Companion$MaskToName
# instanceKlass java/lang/invoke/LambdaForm$MH+0x000001ae81b41800
instanceKlass kotlin/reflect/jvm/internal/impl/resolve/scopes/DescriptorKindFilter$Companion
instanceKlass kotlin/reflect/jvm/internal/impl/resolve/scopes/DescriptorKindFilter
instanceKlass kotlin/reflect/jvm/internal/impl/resolve/scopes/ResolutionScope$DefaultImpls
instanceKlass kotlin/reflect/jvm/internal/impl/descriptors/impl/DeclarationDescriptorVisitorEmptyBodies
instanceKlass org/gradle/kotlin/dsl/support/ImplicitReceiver
instanceKlass com/flutter/gradle/NativePluginLoaderReflectionBridge
instanceKlass Native_plugin_loader_gradle$NativePluginLoader$Companion
instanceKlass Native_plugin_loader_gradle$NativePluginLoader
instanceKlass org/gradle/kotlin/dsl/ExtraPropertiesExtensionsKt
instanceKlass  @bci org/gradle/tooling/internal/provider/runner/PluginApplicationTracker started (Lorg/gradle/internal/operations/BuildOperationDescriptor;Lorg/gradle/internal/operations/OperationStartEvent;)V 79 <appendix> member <vmtarget> ; # org/gradle/tooling/internal/provider/runner/PluginApplicationTracker$$Lambda+0x000001ae81b3e490
instanceKlass org/gradle/internal/resource/transfer/CachingTextUriResourceLoader
instanceKlass  @bci org/gradle/api/internal/plugins/DefaultObjectConfigurationAction createHttpRedirectVerifier (Ljava/net/URI;)Lorg/gradle/internal/verifier/HttpRedirectVerifier; 9 <appendix> member <vmtarget> ; # org/gradle/api/internal/plugins/DefaultObjectConfigurationAction$$Lambda+0x000001ae81b44000
instanceKlass  @bci org/gradle/api/internal/plugins/DefaultObjectConfigurationAction createHttpRedirectVerifier (Ljava/net/URI;)Lorg/gradle/internal/verifier/HttpRedirectVerifier; 3 <appendix> member <vmtarget> ; # org/gradle/api/internal/plugins/DefaultObjectConfigurationAction$$Lambda+0x000001ae81b3bce8
instanceKlass org/gradle/internal/typeconversion/TransformingConverter$ResultImpl
instanceKlass org/gradle/api/internal/plugins/DefaultObjectConfigurationAction$1
instanceKlass com/flutter/gradle/FlutterAppPluginLoaderPlugin$apply$3
instanceKlass  @bci org/gradle/api/internal/plugins/ProjectFeatureDeclarationPluginTarget findAndAddProjectFeatures (Ljava/lang/String;Lorg/gradle/internal/properties/annotations/TypeMetadata;)V 18 <appendix> member <vmtarget> ; # org/gradle/api/internal/plugins/ProjectFeatureDeclarationPluginTarget$$Lambda+0x000001ae81b3b640
instanceKlass  @bci org/gradle/api/internal/plugins/ProjectFeatureDeclarationPluginTarget findAndAddProjectTypes (Ljava/lang/String;Lorg/gradle/internal/properties/annotations/TypeMetadata;)V 18 <appendix> member <vmtarget> ; # org/gradle/api/internal/plugins/ProjectFeatureDeclarationPluginTarget$$Lambda+0x000001ae81b3b408
instanceKlass com/flutter/gradle/FlutterAppPluginLoaderPlugin
instanceKlass  @bci org/gradle/api/internal/initialization/transform/ProjectDependencyInstrumentingArtifactTransform$Parameters$Inject_ $gradleInit ()V 1 <appendix> member <vmtarget> ; # org/gradle/api/internal/initialization/transform/ProjectDependencyInstrumentingArtifactTransform$Parameters$Inject_$$Lambda+0x000001ae81b3b1e0
instanceKlass org/gradle/api/internal/initialization/transform/ProjectDependencyInstrumentingArtifactTransform$Parameters$Inject_
instanceKlass org/gradle/cache/internal/btree/FileBackedBlockStore$1
instanceKlass  @bci org/gradle/api/internal/artifacts/transform/AbstractTransformExecution visitInputArtifact (Lorg/gradle/internal/execution/InputVisitor;)V 42 <appendix> member <vmtarget> ; # org/gradle/api/internal/artifacts/transform/AbstractTransformExecution$$Lambda+0x000001ae81b3e038
instanceKlass org/gradle/internal/hash/HashCode$1
instanceKlass org/gradle/api/internal/artifacts/transform/TransformStepNode$TransformStepBuildOperation
instanceKlass org/gradle/api/internal/artifacts/transform/TransformStepNode$AbstractTransformArtifacts
instanceKlass org/gradle/api/internal/artifacts/transform/TransformStepNode$2
instanceKlass org/gradle/operations/dependencies/transforms/PlannedTransformStepIdentity
instanceKlass org/gradle/operations/dependencies/variants/Capability
instanceKlass org/gradle/operations/dependencies/transforms/ExecutePlannedTransformStepBuildOperationType$Result
instanceKlass org/gradle/api/internal/artifacts/transform/DefaultTransformedVariantFactory$1
instanceKlass org/gradle/api/internal/artifacts/transform/ComponentVariantIdentifier
instanceKlass  @bci org/gradle/api/internal/artifacts/transform/DefaultTransformedVariantFactory transformedProjectArtifacts (Lorg/gradle/api/artifacts/component/ComponentIdentifier;Lorg/gradle/api/internal/artifacts/ivyservice/resolveengine/artifact/ResolvedVariant;Lorg/gradle/api/internal/artifacts/transform/VariantDefinition;Lorg/gradle/api/internal/artifacts/transform/TransformUpstreamDependenciesResolver;)Lorg/gradle/api/internal/artifacts/ivyservice/resolveengine/artifact/ResolvedArtifactSet; 2 <appendix> member <vmtarget> ; # org/gradle/api/internal/artifacts/transform/DefaultTransformedVariantFactory$$Lambda+0x000001ae81b3c500
instanceKlass org/gradle/api/internal/artifacts/transform/TransformedProjectArtifactSet
instanceKlass  @bci org/gradle/api/internal/artifacts/transform/TransformationChainsDisambiguator <init> (Lorg/gradle/internal/component/resolution/failure/ResolutionFailureHandler;Lorg/gradle/api/internal/artifacts/ivyservice/resolveengine/artifact/ResolvedVariantSet;Lorg/gradle/api/internal/attributes/ImmutableAttributes;Lorg/gradle/api/internal/attributes/matching/AttributeMatcher;Ljava/util/List;)V 38 <appendix> member <vmtarget> ; # org/gradle/api/internal/artifacts/transform/TransformationChainsDisambiguator$$Lambda+0x000001ae81b3c000
instanceKlass org/gradle/api/internal/artifacts/transform/TransformationChainsDisambiguator
instanceKlass  @bci org/gradle/api/internal/artifacts/ivyservice/projectmodule/ProjectArtifactResolver$ResolvingCalculator calculateValue (Lorg/gradle/api/internal/tasks/NodeExecutionContext;)Ljava/io/File; 5 <appendix> member <vmtarget> ; # org/gradle/api/internal/artifacts/ivyservice/projectmodule/ProjectArtifactResolver$ResolvingCalculator$$Lambda+0x000001ae81b19b68
instanceKlass  @bci org/gradle/api/internal/artifacts/JavaEcosystemSupport$TargetJvmEnvironmentDisambiguationRules execute (Lorg/gradle/api/attributes/MultipleCandidatesDetails;)V 73 <appendix> member <vmtarget> ; # org/gradle/api/internal/artifacts/JavaEcosystemSupport$TargetJvmEnvironmentDisambiguationRules$$Lambda+0x000001ae81b3a238
instanceKlass  @bci org/gradle/api/internal/artifacts/JavaEcosystemSupport$TargetJvmEnvironmentDisambiguationRules execute (Lorg/gradle/api/attributes/MultipleCandidatesDetails;)V 50 <appendix> argL0 ; # org/gradle/api/internal/artifacts/JavaEcosystemSupport$TargetJvmEnvironmentDisambiguationRules$$Lambda+0x000001ae81b39fe8
instanceKlass  @bci org/gradle/execution/plan/DefaultExecutionPlan close ()V 85 <appendix> argL0 ; # org/gradle/execution/plan/DefaultExecutionPlan$$Lambda+0x000001ae81b39db8
instanceKlass  @bci java/util/concurrent/ConcurrentLinkedQueue clear ()V 1 <appendix> argL0 ; # java/util/concurrent/ConcurrentLinkedQueue$$Lambda+0x000001ae8195a4b0
instanceKlass java/util/concurrent/ConcurrentLinkedQueue$Itr
instanceKlass com/google/common/cache/LocalCache$WriteThroughEntry
instanceKlass com/google/common/cache/LocalCache$HashIterator
instanceKlass  @bci org/gradle/execution/plan/DefaultPlanExecutor$MergedQueues removeFinishedPlans ()V 13 <appendix> argL0 ; # org/gradle/execution/plan/DefaultPlanExecutor$MergedQueues$$Lambda+0x000001ae81b390a0
instanceKlass  @bci org/gradle/execution/plan/DefaultPlanExecutor awaitCompletion (Lorg/gradle/execution/plan/WorkSource;Lorg/gradle/internal/work/WorkerLeaseRegistry$WorkerLease;Ljava/util/Collection;)V 8 <appendix> member <vmtarget> ; # org/gradle/execution/plan/DefaultPlanExecutor$$Lambda+0x000001ae81b38e58
instanceKlass org/gradle/api/internal/file/collections/FilteredMinimalFileTree$1
instanceKlass org/gradle/api/internal/file/collections/FilteredMinimalFileTree
instanceKlass  @bci org/gradle/execution/plan/MissingTaskDependencyDetector addHardSuccessorTasksToQueue (Lorg/gradle/execution/plan/Node;Ljava/util/Set;Ljava/util/Queue;)V 6 <appendix> member <vmtarget> ; # org/gradle/execution/plan/MissingTaskDependencyDetector$$Lambda+0x000001ae81b38428
instanceKlass  @bci org/gradle/api/internal/file/collections/FileTreeAdapter <init> (Lorg/gradle/api/internal/file/collections/MinimalFileTree;Lorg/gradle/api/internal/tasks/TaskDependencyFactory;Lorg/gradle/api/tasks/util/internal/PatternSetFactory;)V 2 <appendix> argL0 ; # org/gradle/api/internal/file/collections/FileTreeAdapter$$Lambda+0x000001ae81b38208
instanceKlass org/gradle/api/internal/file/collections/DirectoryTrees
instanceKlass  @bci org/gradle/api/internal/file/CompositeFileCollection getSourceCollections ()Ljava/util/List; 11 <appendix> member <vmtarget> ; # org/gradle/api/internal/file/CompositeFileCollection$$Lambda+0x000001ae81b37c20
instanceKlass kotlin/io/FilePathComponents
instanceKlass org/gradle/internal/execution/history/changes/InputFileChanges$1
instanceKlass org/gradle/internal/execution/history/changes/IncrementalInputProperties$1
instanceKlass  @bci java/util/stream/Collectors toMap (Ljava/util/function/Function;Ljava/util/function/Function;Ljava/util/function/BinaryOperator;Ljava/util/function/Supplier;)Ljava/util/stream/Collector; 3 <appendix> member <vmtarget> ; # java/util/stream/Collectors$$Lambda+0x000001ae8195a018
instanceKlass  @bci org/gradle/plugin/devel/tasks/GeneratePluginDescriptors lambda$new$1 (Ljava/util/List;)Ljava/util/Map; 21 <appendix> argL0 ; # org/gradle/plugin/devel/tasks/GeneratePluginDescriptors$$Lambda+0x000001ae81b19948
instanceKlass  @bci org/gradle/plugin/devel/tasks/GeneratePluginDescriptors lambda$new$1 (Ljava/util/List;)Ljava/util/Map; 16 <appendix> argL0 ; # org/gradle/plugin/devel/tasks/GeneratePluginDescriptors$$Lambda+0x000001ae81b19700
instanceKlass  @bci org/gradle/plugin/devel/tasks/GeneratePluginDescriptors lambda$new$1 (Ljava/util/List;)Ljava/util/Map; 11 <appendix> argL0 ; # org/gradle/plugin/devel/tasks/GeneratePluginDescriptors$$Lambda+0x000001ae81b194c0
instanceKlass  @bci org/gradle/plugin/devel/tasks/GeneratePluginDescriptors lambda$new$1 (Ljava/util/List;)Ljava/util/Map; 6 <appendix> argL0 ; # org/gradle/plugin/devel/tasks/GeneratePluginDescriptors$$Lambda+0x000001ae81b19280
instanceKlass  @bci org/gradle/api/internal/provider/AbstractCollectingSupplier$1 visitContentProducerTasks (Lorg/gradle/api/Action;)V 8 <appendix> member <vmtarget> ; # org/gradle/api/internal/provider/AbstractCollectingSupplier$1$$Lambda+0x000001ae81b370f8
instanceKlass  @bci org/gradle/cache/internal/DefaultMultiProcessSafeIndexedCache remove (Ljava/lang/Object;)V 11 <appendix> member <vmtarget> ; # org/gradle/cache/internal/DefaultMultiProcessSafeIndexedCache$$Lambda+0x000001ae81b36ed0
instanceKlass  @bci org/gradle/cache/internal/AsyncCacheAccessDecoratedCache removeLater (Ljava/lang/Object;Ljava/lang/Runnable;)V 7 <appendix> member <vmtarget> ; # org/gradle/cache/internal/AsyncCacheAccessDecoratedCache$$Lambda+0x000001ae81b36ca8
instanceKlass  @bci org/gradle/internal/execution/steps/SkipEmptyIncrementalWorkStep performSkip (Lorg/gradle/internal/execution/UnitOfWork;Lorg/gradle/internal/execution/steps/PreviousExecutionContext;)Lorg/gradle/internal/execution/steps/CachingResult; 4 <appendix> argL0 ; # org/gradle/internal/execution/steps/SkipEmptyIncrementalWorkStep$$Lambda+0x000001ae81b36a68
instanceKlass org/gradle/tooling/events/task/internal/TaskExecutionDetails
instanceKlass org/gradle/tooling/events/internal/DefaultOperationSuccessResult
instanceKlass org/gradle/tooling/events/task/TaskSuccessResult
instanceKlass org/gradle/tooling/events/SuccessResult
instanceKlass  @bci org/gradle/api/internal/tasks/execution/ExecuteActionsTaskExecuter$1 executedIncrementally ()Z 17 <appendix> argL0 ; # org/gradle/api/internal/tasks/execution/ExecuteActionsTaskExecuter$1$$Lambda+0x000001ae81b358d0
instanceKlass  @bci org/gradle/api/internal/tasks/execution/ExecuteActionsTaskExecuter$1 executedIncrementally ()Z 9 <appendix> argL0 ; # org/gradle/api/internal/tasks/execution/ExecuteActionsTaskExecuter$1$$Lambda+0x000001ae81b35690
instanceKlass org/gradle/api/internal/tasks/execution/ExecuteActionsTaskExecuter$1
instanceKlass org/gradle/api/internal/tasks/execution/ExecuteActionsTaskExecuter$2
instanceKlass  @bci org/gradle/api/internal/tasks/execution/ExecuteActionsTaskExecuter executeIfValid (Lorg/gradle/api/internal/TaskInternal;Lorg/gradle/api/internal/tasks/TaskStateInternal;Lorg/gradle/api/internal/tasks/TaskExecutionContext;Lorg/gradle/api/internal/tasks/execution/TaskExecution;)Lorg/gradle/api/internal/tasks/TaskExecuterResult; 76 <appendix> member <vmtarget> ; # org/gradle/api/internal/tasks/execution/ExecuteActionsTaskExecuter$$Lambda+0x000001ae81b34ff0
instanceKlass  @bci org/gradle/api/internal/tasks/execution/ExecuteActionsTaskExecuter executeIfValid (Lorg/gradle/api/internal/TaskInternal;Lorg/gradle/api/internal/tasks/TaskStateInternal;Lorg/gradle/api/internal/tasks/TaskExecutionContext;Lorg/gradle/api/internal/tasks/execution/TaskExecution;)Lorg/gradle/api/internal/tasks/TaskExecuterResult; 69 <appendix> member <vmtarget> ; # org/gradle/api/internal/tasks/execution/ExecuteActionsTaskExecuter$$Lambda+0x000001ae81b34db8
instanceKlass org/gradle/internal/execution/history/impl/DefaultOutputFilesRepository$1
instanceKlass  @bci org/gradle/internal/execution/history/impl/DefaultOutputFilesRepository recordOutputs (Ljava/lang/Iterable;)V 28 <appendix> member <vmtarget> ; # org/gradle/internal/execution/history/impl/DefaultOutputFilesRepository$$Lambda+0x000001ae81b34920
instanceKlass  @bci org/gradle/internal/execution/steps/HandleStaleOutputsStep executeMutable (Lorg/gradle/internal/execution/MutableUnitOfWork;Lorg/gradle/internal/execution/steps/WorkspaceContext;)Lorg/gradle/internal/execution/steps/AfterExecutionResult; 35 <appendix> member <vmtarget> ; # org/gradle/internal/execution/steps/HandleStaleOutputsStep$$Lambda+0x000001ae81b346e8
instanceKlass  @bci org/gradle/internal/execution/steps/LoadPreviousExecutionStateStep execute (Lorg/gradle/internal/execution/UnitOfWork;Lorg/gradle/internal/execution/steps/WorkspaceContext;)Lorg/gradle/internal/execution/steps/AfterExecutionResult; 59 <appendix> member <vmtarget> ; # org/gradle/internal/execution/steps/LoadPreviousExecutionStateStep$$Lambda+0x000001ae81b344b0
instanceKlass  @bci org/gradle/api/internal/tasks/execution/TaskExecution ensureLegacySnapshottingInputsClosed ()V 9 <appendix> argL0 ; # org/gradle/api/internal/tasks/execution/TaskExecution$$Lambda+0x000001ae81b34280
instanceKlass  @bci org/gradle/internal/execution/steps/SkipUpToDateStep execute (Lorg/gradle/internal/execution/UnitOfWork;Lorg/gradle/internal/execution/steps/IncrementalChangesContext;)Lorg/gradle/internal/execution/steps/UpToDateResult; 60 <appendix> member <vmtarget> ; # org/gradle/internal/execution/steps/SkipUpToDateStep$$Lambda+0x000001ae81b34058
instanceKlass  @bci org/gradle/internal/execution/steps/SkipUpToDateStep execute (Lorg/gradle/internal/execution/UnitOfWork;Lorg/gradle/internal/execution/steps/IncrementalChangesContext;)Lorg/gradle/internal/execution/steps/UpToDateResult; 48 <appendix> member <vmtarget> ; # org/gradle/internal/execution/steps/SkipUpToDateStep$$Lambda+0x000001ae81b33e10
instanceKlass  @bci org/gradle/internal/execution/steps/SkipUpToDateStep execute (Lorg/gradle/internal/execution/UnitOfWork;Lorg/gradle/internal/execution/steps/IncrementalChangesContext;)Lorg/gradle/internal/execution/steps/UpToDateResult; 37 <appendix> member <vmtarget> ; # org/gradle/internal/execution/steps/SkipUpToDateStep$$Lambda+0x000001ae81b33bb8
instanceKlass org/gradle/api/internal/tasks/SnapshotTaskInputsBuildOperationType$Result$InputFilePropertyVisitor
instanceKlass org/gradle/api/internal/tasks/BaseSnapshotInputsBuildOperationResult
instanceKlass org/gradle/api/internal/tasks/SnapshotTaskInputsBuildOperationType$Result
instanceKlass  @bci org/gradle/api/internal/tasks/execution/TaskExecution markLegacySnapshottingInputsFinished (Lorg/gradle/internal/execution/caching/CachingState;)V 11 <appendix> member <vmtarget> ; # org/gradle/api/internal/tasks/execution/TaskExecution$$Lambda+0x000001ae81b33030
instanceKlass  @bci org/gradle/internal/execution/steps/AbstractResolveCachingStateStep execute (Lorg/gradle/internal/execution/UnitOfWork;Lorg/gradle/internal/execution/steps/ValidationFinishedContext;)Lorg/gradle/internal/execution/steps/CachingResult; 39 <appendix> member <vmtarget> ; # org/gradle/internal/execution/steps/AbstractResolveCachingStateStep$$Lambda+0x000001ae81b32df8
instanceKlass  @bci org/gradle/internal/execution/steps/AbstractResolveCachingStateStep execute (Lorg/gradle/internal/execution/UnitOfWork;Lorg/gradle/internal/execution/steps/ValidationFinishedContext;)Lorg/gradle/internal/execution/steps/CachingResult; 33 <appendix> member <vmtarget> ; # org/gradle/internal/execution/steps/AbstractResolveCachingStateStep$$Lambda+0x000001ae81b32bc0
instanceKlass org/gradle/internal/execution/caching/CachingState$Enabled
instanceKlass  @bci org/gradle/internal/execution/steps/AbstractResolveCachingStateStep execute (Lorg/gradle/internal/execution/UnitOfWork;Lorg/gradle/internal/execution/steps/ValidationFinishedContext;)Lorg/gradle/internal/execution/steps/CachingResult; 18 <appendix> member <vmtarget> ; # org/gradle/internal/execution/steps/AbstractResolveCachingStateStep$$Lambda+0x000001ae81b32780
instanceKlass org/gradle/internal/execution/caching/CachingState$CacheKeyCalculatedState
instanceKlass org/gradle/caching/internal/SimpleBuildCacheKey
instanceKlass org/gradle/caching/internal/BuildCacheKeyInternal
instanceKlass  @bci org/gradle/internal/execution/caching/impl/DefaultCachingStateFactory createCachingState (Lorg/gradle/internal/execution/history/BeforeExecutionState;Lorg/gradle/internal/hash/HashCode;Lcom/google/common/collect/ImmutableList;)Lorg/gradle/internal/execution/caching/CachingState; 22 <appendix> member <vmtarget> ; # org/gradle/internal/execution/caching/impl/DefaultCachingStateFactory$$Lambda+0x000001ae81b31ec8
instanceKlass  @bci org/gradle/internal/execution/steps/AbstractResolveCachingStateStep calculateCachingState (Lorg/gradle/internal/execution/UnitOfWork;Lorg/gradle/internal/execution/steps/ValidationFinishedContext;Lorg/gradle/internal/execution/history/BeforeExecutionState;)Lorg/gradle/internal/execution/caching/CachingState; 127 <appendix> member <vmtarget> ; # org/gradle/internal/execution/steps/AbstractResolveCachingStateStep$$Lambda+0x000001ae81b31c90
instanceKlass org/jetbrains/kotlin/gradle/tasks/CacheableTasksKt$cacheOnlyIfEnabledForKotlin$1$1
instanceKlass  @bci org/gradle/internal/execution/steps/AbstractResolveCachingStateStep calculateCachingState (Lorg/gradle/internal/execution/UnitOfWork;Lorg/gradle/internal/execution/steps/ValidationFinishedContext;Lorg/gradle/internal/execution/history/BeforeExecutionState;)Lorg/gradle/internal/execution/caching/CachingState; 37 <appendix> member <vmtarget> ; # org/gradle/internal/execution/steps/AbstractResolveCachingStateStep$$Lambda+0x000001ae81b31a68
instanceKlass  @bci org/gradle/internal/execution/steps/ResolveIncrementalCachingStateStep lambda$getPreviousCacheKeyIfApplicable$1 (Lorg/gradle/internal/execution/steps/IncrementalChangesContext;Lorg/gradle/internal/execution/history/changes/ExecutionStateChanges;)Ljava/util/Optional; 13 <appendix> argL0 ; # org/gradle/internal/execution/steps/ResolveIncrementalCachingStateStep$$Lambda+0x000001ae81b31828
instanceKlass  @bci org/gradle/internal/execution/steps/ResolveIncrementalCachingStateStep lambda$getPreviousCacheKeyIfApplicable$1 (Lorg/gradle/internal/execution/steps/IncrementalChangesContext;Lorg/gradle/internal/execution/history/changes/ExecutionStateChanges;)Ljava/util/Optional; 5 <appendix> member <vmtarget> ; # org/gradle/internal/execution/steps/ResolveIncrementalCachingStateStep$$Lambda+0x000001ae81b315d0
instanceKlass  @bci org/gradle/internal/execution/steps/ResolveIncrementalCachingStateStep getPreviousCacheKeyIfApplicable (Lorg/gradle/internal/execution/steps/IncrementalChangesContext;)Ljava/util/Optional; 5 <appendix> member <vmtarget> ; # org/gradle/internal/execution/steps/ResolveIncrementalCachingStateStep$$Lambda+0x000001ae81b31388
instanceKlass org/gradle/caching/BuildCacheKey
instanceKlass org/gradle/internal/execution/caching/impl/DefaultCachingStateFactory
instanceKlass  @bci org/gradle/internal/execution/steps/AbstractResolveCachingStateStep execute (Lorg/gradle/internal/execution/UnitOfWork;Lorg/gradle/internal/execution/steps/ValidationFinishedContext;)Lorg/gradle/internal/execution/steps/CachingResult; 7 <appendix> member <vmtarget> ; # org/gradle/internal/execution/steps/AbstractResolveCachingStateStep$$Lambda+0x000001ae81b30d08
instanceKlass  @bci org/gradle/internal/execution/steps/ResolveChangesStep executeMutable (Lorg/gradle/internal/execution/MutableUnitOfWork;Lorg/gradle/internal/execution/steps/ValidationFinishedContext;)Lorg/gradle/internal/execution/steps/Result; 25 <appendix> member <vmtarget> ; # org/gradle/internal/execution/steps/ResolveChangesStep$$Lambda+0x000001ae81b30ae0
instanceKlass  @bci org/gradle/internal/execution/steps/ResolveChangesStep executeMutable (Lorg/gradle/internal/execution/MutableUnitOfWork;Lorg/gradle/internal/execution/steps/ValidationFinishedContext;)Lorg/gradle/internal/execution/steps/Result; 16 <appendix> member <vmtarget> ; # org/gradle/internal/execution/steps/ResolveChangesStep$$Lambda+0x000001ae81b30898
instanceKlass  @bci org/gradle/internal/execution/steps/ResolveChangesStep lambda$resolveExecutionStateChanges$6 (Lorg/gradle/internal/execution/steps/ValidationFinishedContext;Lorg/gradle/internal/execution/MutableUnitOfWork;Lorg/gradle/internal/execution/history/BeforeExecutionState;Lorg/gradle/internal/execution/history/changes/IncrementalInputProperties;)Lorg/gradle/internal/execution/history/changes/ExecutionStateChanges; 21 <appendix> member <vmtarget> ; # org/gradle/internal/execution/steps/ResolveChangesStep$$Lambda+0x000001ae81b30670
instanceKlass org/gradle/internal/execution/history/changes/InputChangesInternal
instanceKlass org/gradle/internal/execution/history/changes/ExecutionStateChanges$1
instanceKlass org/gradle/internal/execution/history/changes/CachingChangeContainer$CachingVisitor
instanceKlass org/gradle/internal/execution/history/changes/DefaultExecutionStateChangeDetector$InputFileChangesWrapper
instanceKlass org/gradle/internal/execution/history/changes/CachingChangeContainer
instanceKlass  @bci org/gradle/internal/execution/history/changes/DefaultIncrementalInputProperties incrementalChanges (Lcom/google/common/collect/ImmutableSortedMap;Lcom/google/common/collect/ImmutableSortedMap;)Lorg/gradle/internal/execution/history/changes/InputFileChanges; 35 <appendix> member <vmtarget> ; # org/gradle/internal/execution/history/changes/DefaultIncrementalInputProperties$$Lambda+0x000001ae81b2ca88
instanceKlass  @bci org/gradle/internal/execution/history/changes/DefaultIncrementalInputProperties incrementalChanges (Lcom/google/common/collect/ImmutableSortedMap;Lcom/google/common/collect/ImmutableSortedMap;)Lorg/gradle/internal/execution/history/changes/InputFileChanges; 14 <appendix> member <vmtarget> ; # org/gradle/internal/execution/history/changes/DefaultIncrementalInputProperties$$Lambda+0x000001ae81b2c800
instanceKlass com/google/common/collect/ForwardingObject
instanceKlass org/gradle/internal/execution/history/changes/AbstractFingerprintChanges$1
instanceKlass org/gradle/internal/execution/history/changes/SortedMapDiffUtil
instanceKlass org/gradle/internal/execution/history/changes/OutputFileChanges$1
instanceKlass org/gradle/internal/execution/history/changes/SummarizingChangeContainer$ChangeDetectingVisitor
instanceKlass org/gradle/internal/execution/history/changes/MessageCollectingChangeVisitor
instanceKlass org/gradle/internal/execution/history/changes/ErrorHandlingChangeContainer
instanceKlass org/gradle/internal/execution/history/changes/SummarizingChangeContainer
instanceKlass org/gradle/internal/execution/history/changes/OutputFileChanges
instanceKlass  @bci org/gradle/internal/execution/history/changes/DefaultIncrementalInputProperties nonIncrementalChanges (Lcom/google/common/collect/ImmutableSortedMap;Lcom/google/common/collect/ImmutableSortedMap;)Lorg/gradle/internal/execution/history/changes/InputFileChanges; 16 <appendix> member <vmtarget> ; # org/gradle/internal/execution/history/changes/DefaultIncrementalInputProperties$$Lambda+0x000001ae81b2e000
instanceKlass com/google/common/base/Predicates$CompositionPredicate
instanceKlass  @bci org/gradle/internal/execution/history/changes/DefaultIncrementalInputProperties nonIncrementalChanges (Lcom/google/common/collect/ImmutableSortedMap;Lcom/google/common/collect/ImmutableSortedMap;)Lorg/gradle/internal/execution/history/changes/InputFileChanges; 6 <appendix> member <vmtarget> ; # org/gradle/internal/execution/history/changes/DefaultIncrementalInputProperties$$Lambda+0x000001ae81b28ca0
instanceKlass  @bci org/gradle/internal/execution/history/changes/ClasspathCompareStrategy <init> ()V 1 <appendix> argL0 ; # org/gradle/internal/execution/history/changes/ClasspathCompareStrategy$$Lambda+0x000001ae81b28a80
instanceKlass  @bci java/util/Map$Entry comparingByKey ()Ljava/util/Comparator; 0 <appendix> argL0 ; # java/util/Map$Entry$$Lambda+0x000001ae81959b88
instanceKlass  @bci org/gradle/internal/execution/history/changes/IgnoredPathCompareStrategy <init> ()V 1 <appendix> argL0 ; # org/gradle/internal/execution/history/changes/IgnoredPathCompareStrategy$$Lambda+0x000001ae81b28628
instanceKlass  @cpi org/gradle/internal/execution/history/changes/ClasspathCompareStrategy 75 form vmentry <vmtarget> ; # java/lang/invoke/LambdaForm$DMH+0x000001ae81b2c000
instanceKlass org/gradle/internal/execution/history/changes/TrivialChangeDetector
instanceKlass  @bci org/gradle/internal/execution/history/changes/AbstractFingerprintCompareStrategy <init> (Lorg/gradle/internal/execution/history/changes/CompareStrategy$ChangeDetector;)V 6 <appendix> argL0 ; # org/gradle/internal/execution/history/changes/AbstractFingerprintCompareStrategy$$Lambda+0x000001ae81b20800
instanceKlass  @bci org/gradle/internal/execution/history/changes/AbstractFingerprintCompareStrategy <init> (Lorg/gradle/internal/execution/history/changes/CompareStrategy$ChangeDetector;)V 1 <appendix> argL0 ; # org/gradle/internal/execution/history/changes/AbstractFingerprintCompareStrategy$$Lambda+0x000001ae81b21cf8
instanceKlass  @bci org/gradle/internal/execution/history/changes/AbsolutePathFingerprintCompareStrategy <init> ()V 5 <appendix> argL0 ; # org/gradle/internal/execution/history/changes/AbsolutePathFingerprintCompareStrategy$$Lambda+0x000001ae81b21ad8
instanceKlass org/gradle/internal/execution/history/changes/AbsolutePathChangeDetector$ItemComparator
instanceKlass org/gradle/internal/execution/history/changes/AbsolutePathChangeDetector
instanceKlass org/gradle/internal/execution/history/changes/AbstractFingerprintCompareStrategy$2
instanceKlass org/gradle/internal/execution/history/changes/AbstractFingerprintCompareStrategy$1
instanceKlass org/gradle/internal/execution/history/changes/TrivialChangeDetector$ItemComparator
instanceKlass org/gradle/internal/execution/history/changes/CompareStrategy$ChangeFactory
instanceKlass org/gradle/internal/execution/history/changes/CompareStrategy$ChangeDetector
instanceKlass org/gradle/internal/execution/history/changes/CompareStrategy
instanceKlass org/gradle/internal/execution/history/changes/FingerprintCompareStrategy
instanceKlass org/gradle/internal/execution/history/changes/PropertyDiffListener
instanceKlass org/gradle/internal/execution/history/changes/AbstractFingerprintChanges
instanceKlass org/gradle/internal/execution/history/changes/InputValueChanges
instanceKlass org/gradle/internal/execution/history/changes/PropertyChanges
instanceKlass org/gradle/internal/execution/history/changes/ImplementationChanges
instanceKlass org/gradle/internal/execution/history/changes/DescriptiveChange
instanceKlass org/gradle/internal/execution/history/changes/Change
instanceKlass org/gradle/internal/execution/history/changes/PreviousSuccessChanges
instanceKlass  @bci org/gradle/internal/execution/steps/ResolveChangesStep lambda$resolveExecutionStateChanges$6 (Lorg/gradle/internal/execution/steps/ValidationFinishedContext;Lorg/gradle/internal/execution/MutableUnitOfWork;Lorg/gradle/internal/execution/history/BeforeExecutionState;Lorg/gradle/internal/execution/history/changes/IncrementalInputProperties;)Lorg/gradle/internal/execution/history/changes/ExecutionStateChanges; 10 <appendix> member <vmtarget> ; # org/gradle/internal/execution/steps/ResolveChangesStep$$Lambda+0x000001ae81b27bf8
instanceKlass  @bci org/gradle/internal/execution/steps/ResolveChangesStep resolveExecutionStateChanges (Lorg/gradle/internal/execution/MutableUnitOfWork;Lorg/gradle/internal/execution/steps/ValidationFinishedContext;Lorg/gradle/internal/execution/history/BeforeExecutionState;)Lorg/gradle/internal/execution/history/changes/ExecutionStateChanges; 35 <appendix> member <vmtarget> ; # org/gradle/internal/execution/steps/ResolveChangesStep$$Lambda+0x000001ae81b279d0
instanceKlass  @bci org/gradle/internal/execution/steps/ResolveChangesStep resolveExecutionStateChanges (Lorg/gradle/internal/execution/MutableUnitOfWork;Lorg/gradle/internal/execution/steps/ValidationFinishedContext;Lorg/gradle/internal/execution/history/BeforeExecutionState;)Lorg/gradle/internal/execution/history/changes/ExecutionStateChanges; 21 <appendix> member <vmtarget> ; # org/gradle/internal/execution/steps/ResolveChangesStep$$Lambda+0x000001ae81b27788
instanceKlass  @bci org/gradle/internal/execution/steps/ResolveChangesStep resolveExecutionStateChanges (Lorg/gradle/internal/execution/MutableUnitOfWork;Lorg/gradle/internal/execution/steps/ValidationFinishedContext;Lorg/gradle/internal/execution/history/BeforeExecutionState;)Lorg/gradle/internal/execution/history/changes/ExecutionStateChanges; 10 <appendix> argL0 ; # org/gradle/internal/execution/steps/ResolveChangesStep$$Lambda+0x000001ae81b27548
instanceKlass org/gradle/internal/execution/history/changes/DefaultIncrementalInputProperties
instanceKlass org/gradle/internal/execution/steps/ResolveChangesStep$1
instanceKlass org/gradle/internal/execution/steps/ResolveChangesStep$2
instanceKlass  @bci org/gradle/internal/execution/steps/ResolveChangesStep executeMutable (Lorg/gradle/internal/execution/MutableUnitOfWork;Lorg/gradle/internal/execution/steps/ValidationFinishedContext;)Lorg/gradle/internal/execution/steps/Result; 7 <appendix> member <vmtarget> ; # org/gradle/internal/execution/steps/ResolveChangesStep$$Lambda+0x000001ae81b265c8
instanceKlass org/gradle/internal/execution/history/changes/ExecutionStateChanges
instanceKlass  @bci org/gradle/internal/execution/steps/BeforeExecutionContext getInputFileProperties ()Lcom/google/common/collect/ImmutableSortedMap; 13 <appendix> member <vmtarget> ; # org/gradle/internal/execution/steps/BeforeExecutionContext$$Lambda+0x000001ae81b261a0
instanceKlass  @bci org/gradle/internal/execution/steps/BeforeExecutionContext getInputFileProperties ()Lcom/google/common/collect/ImmutableSortedMap; 4 <appendix> argL0 ; # org/gradle/internal/execution/steps/BeforeExecutionContext$$Lambda+0x000001ae81b25f60
instanceKlass  @bci org/gradle/internal/execution/steps/BeforeExecutionContext getInputProperties ()Lcom/google/common/collect/ImmutableSortedMap; 13 <appendix> member <vmtarget> ; # org/gradle/internal/execution/steps/BeforeExecutionContext$$Lambda+0x000001ae81b25d38
instanceKlass  @bci org/gradle/internal/execution/steps/BeforeExecutionContext getInputProperties ()Lcom/google/common/collect/ImmutableSortedMap; 4 <appendix> argL0 ; # org/gradle/internal/execution/steps/BeforeExecutionContext$$Lambda+0x000001ae81b25af8
instanceKlass  @bci java/util/stream/Collectors lambda$groupingBy$55 (Ljava/util/function/Function;Ljava/util/Map;)Ljava/util/Map; 2 <appendix> member <vmtarget> ; # java/util/stream/Collectors$$Lambda+0x000001ae81959950
instanceKlass  @bci java/util/stream/Collectors groupingBy (Ljava/util/function/Function;Ljava/util/function/Supplier;Ljava/util/stream/Collector;)Ljava/util/stream/Collector; 84 <appendix> member <vmtarget> ; # java/util/stream/Collectors$$Lambda+0x000001ae81959708
instanceKlass  @bci java/util/stream/Collectors mapping (Ljava/util/function/Function;Ljava/util/stream/Collector;)Ljava/util/stream/Collector; 19 <appendix> member <vmtarget> ; # java/util/stream/Collectors$$Lambda+0x000001ae819594d0
instanceKlass  @bci org/gradle/internal/execution/impl/DefaultExecutionProblemHandler handleReportedProblems (Lorg/gradle/internal/execution/Identity;Lorg/gradle/internal/execution/UnitOfWork;Lorg/gradle/internal/execution/WorkValidationContext;)V 32 <appendix> argL0 ; # org/gradle/internal/execution/impl/DefaultExecutionProblemHandler$$Lambda+0x000001ae81b256c0
instanceKlass  @bci org/gradle/internal/execution/steps/ValidateStep validateImplementations (Lorg/gradle/internal/execution/UnitOfWork;Lorg/gradle/internal/execution/history/BeforeExecutionState;Lorg/gradle/internal/execution/WorkValidationContext;)V 83 <appendix> member <vmtarget> ; # org/gradle/internal/execution/steps/ValidateStep$$Lambda+0x000001ae81b25240
instanceKlass  @bci org/gradle/internal/execution/steps/ValidateStep validateImplementations (Lorg/gradle/internal/execution/UnitOfWork;Lorg/gradle/internal/execution/history/BeforeExecutionState;Lorg/gradle/internal/execution/WorkValidationContext;)V 67 <appendix> member <vmtarget> ; # org/gradle/internal/execution/steps/ValidateStep$$Lambda+0x000001ae81b25008
instanceKlass org/gradle/internal/execution/steps/ValidateStep$1
instanceKlass  @bci org/gradle/internal/execution/steps/ValidateStep execute (Lorg/gradle/internal/execution/UnitOfWork;Lorg/gradle/internal/execution/steps/BeforeExecutionContext;)Lorg/gradle/internal/execution/steps/Result; 25 <appendix> member <vmtarget> ; # org/gradle/internal/execution/steps/ValidateStep$$Lambda+0x000001ae81b24b90
instanceKlass  @bci org/gradle/execution/plan/MissingTaskDependencyDetector collectValidationProblemsForProducer (Lorg/gradle/execution/plan/LocalTaskNode;Lorg/gradle/internal/reflect/validation/TypeValidationContext;Ljava/lang/String;Ljava/util/Collection;)V 30 <appendix> member <vmtarget> ; # org/gradle/execution/plan/MissingTaskDependencyDetector$$Lambda+0x000001ae81b24958
instanceKlass  @bci org/gradle/execution/plan/MissingTaskDependencyDetector collectValidationProblemsForProducer (Lorg/gradle/execution/plan/LocalTaskNode;Lorg/gradle/internal/reflect/validation/TypeValidationContext;Ljava/lang/String;Ljava/util/Collection;)V 17 <appendix> argL0 ; # org/gradle/execution/plan/MissingTaskDependencyDetector$$Lambda+0x000001ae81b24708
instanceKlass  @bci org/gradle/execution/plan/MissingTaskDependencyDetector collectValidationProblemsForProducer (Lorg/gradle/execution/plan/LocalTaskNode;Lorg/gradle/internal/reflect/validation/TypeValidationContext;Ljava/lang/String;Ljava/util/Collection;)V 7 <appendix> member <vmtarget> ; # org/gradle/execution/plan/MissingTaskDependencyDetector$$Lambda+0x000001ae81b244b0
instanceKlass  @bci org/gradle/execution/plan/DefaultNodeExecutor lambda$executeLocalTaskNode$1 (Lorg/gradle/execution/plan/Node;Lorg/gradle/execution/plan/MissingTaskDependencyDetector;Lorg/gradle/execution/plan/LocalTaskNode;Lorg/gradle/internal/reflect/validation/TypeValidationContext;)V 10 <appendix> member <vmtarget> ; # org/gradle/execution/plan/DefaultNodeExecutor$$Lambda+0x000001ae81b1bdc8
instanceKlass  @bci org/gradle/api/internal/tasks/properties/AbstractValidatingProperty validate (Lorg/gradle/api/internal/tasks/properties/PropertyValidationContext;)V 21 <appendix> member <vmtarget> ; # org/gradle/api/internal/tasks/properties/AbstractValidatingProperty$$Lambda+0x000001ae81b24270
instanceKlass org/gradle/api/internal/tasks/properties/DefaultPropertyValidationContext
instanceKlass org/gradle/internal/execution/steps/AbstractCaptureStateBeforeExecutionStep$Operation$Result$1
instanceKlass org/gradle/internal/execution/steps/AbstractCaptureStateBeforeExecutionStep$Operation$Result
instanceKlass  @bci org/gradle/api/internal/tasks/execution/TaskExecution$5 visitCollection (Lorg/gradle/api/internal/file/FileCollectionInternal$Source;Ljava/lang/Iterable;)V 6 <appendix> member <vmtarget> ; # org/gradle/api/internal/tasks/execution/TaskExecution$5$$Lambda+0x000001ae81b1b4f0
instanceKlass  @bci org/jetbrains/kotlin/gradle/internal/transforms/BuildToolsApiClasspathEntrySnapshotTransform$Parameters$Inject_ $gradleInit ()V 1 <appendix> member <vmtarget> ; # org/jetbrains/kotlin/gradle/internal/transforms/BuildToolsApiClasspathEntrySnapshotTransform$Parameters$Inject_$$Lambda+0x000001ae81ad9d60
instanceKlass org/jetbrains/kotlin/gradle/utils/ProviderApiUtilsKt$mapOrNull$1$1
instanceKlass org/gradle/api/internal/artifacts/ivyservice/resolveengine/result/DetachedResolvedGraphDependency
instanceKlass  @bci org/gradle/api/internal/artifacts/ivyservice/resolveengine/result/CachingComponentSelectionDescriptorFactory getOrCreate (Lorg/gradle/api/artifacts/result/ComponentSelectionCause;Ljava/lang/String;)Lorg/gradle/api/artifacts/result/ComponentSelectionDescriptor; 17 <appendix> member <vmtarget> ; # org/gradle/api/internal/artifacts/ivyservice/resolveengine/result/CachingComponentSelectionDescriptorFactory$$Lambda+0x000001ae81ae7bd8
instanceKlass  @bci org/gradle/api/internal/artifacts/ivyservice/resolveengine/result/CachingComponentSelectionDescriptorFactory newDescriptor (Lorg/gradle/api/artifacts/result/ComponentSelectionCause;)Lorg/gradle/api/artifacts/result/ComponentSelectionDescriptor; 18 <appendix> member <vmtarget> ; # org/gradle/api/internal/artifacts/ivyservice/resolveengine/result/CachingComponentSelectionDescriptorFactory$$Lambda+0x000001ae81ae79b0
instanceKlass org/gradle/api/internal/artifacts/ivyservice/resolveengine/result/CachingComponentSelectionDescriptorFactory$Key
instanceKlass  @bci org/gradle/api/internal/artifacts/ivyservice/resolveengine/result/StreamingResolutionResultBuilder$GraphFactory lambda$create$0 ()Lorg/gradle/api/internal/artifacts/ivyservice/resolveengine/result/ResolvedDependencyGraph; 5 <appendix> member <vmtarget> ; # org/gradle/api/internal/artifacts/ivyservice/resolveengine/result/StreamingResolutionResultBuilder$GraphFactory$$Lambda+0x000001ae81ae7578
instanceKlass org/gradle/cache/internal/BinaryStore$ReadAction
instanceKlass  @bci org/gradle/api/internal/artifacts/ivyservice/resolveengine/result/StreamingResolutionResultBuilder$GraphFactory create ()Lorg/gradle/api/internal/artifacts/ivyservice/resolveengine/result/ResolvedDependencyGraph; 12 <appendix> member <vmtarget> ; # org/gradle/api/internal/artifacts/ivyservice/resolveengine/result/StreamingResolutionResultBuilder$GraphFactory$$Lambda+0x000001ae81ae7350
instanceKlass org/jetbrains/kotlin/gradle/plugin/DefaultKotlinBasePlugin$addKotlinCompilerConfiguration$2$1$1$1
instanceKlass org/jetbrains/kotlin/gradle/plugin/DefaultKotlinBasePlugin$addKotlinCompilerConfiguration$2$1$1
instanceKlass  @bci org/gradle/api/internal/artifacts/resolver/DefaultResolutionOutputs getRootComponent ()Lorg/gradle/api/provider/Provider; 5 <appendix> member <vmtarget> ; # org/gradle/api/internal/artifacts/resolver/DefaultResolutionOutputs$$Lambda+0x000001ae81ae7128
instanceKlass  @bci org/gradle/api/internal/artifacts/result/DefaultResolutionResult getAllDependencies ()Ljava/util/Set; 15 <appendix> member <vmtarget> ; # org/gradle/api/internal/artifacts/result/DefaultResolutionResult$$Lambda+0x000001ae81ae6f00
instanceKlass org/gradle/api/internal/artifacts/result/DefaultResolutionResult
instanceKlass  @bci org/gradle/api/internal/artifacts/transform/TransformUpstreamDependenciesResolver <clinit> ()V 0 <appendix> argL0 ; # org/gradle/api/internal/artifacts/transform/TransformUpstreamDependenciesResolver$$Lambda+0x000001ae81ae6a20
instanceKlass org/gradle/api/internal/artifacts/ivyservice/resolveengine/artifact/LocalFileDependencyBackedArtifactSet$SingletonFileResolvedVariant
instanceKlass  @bci org/gradle/api/internal/artifacts/ivyservice/resolveengine/graph/builder/NodeState computeModuleResolutionFilter (Ljava/util/List;)Lorg/gradle/api/internal/artifacts/ivyservice/resolveengine/excludes/specs/ExcludeSpec; 32 <appendix> argL0 ; # org/gradle/api/internal/artifacts/ivyservice/resolveengine/graph/builder/NodeState$$Lambda+0x000001ae81ae61a8
instanceKlass  @bci org/gradle/api/internal/artifacts/ivyservice/resolveengine/graph/builder/NodeState computeModuleResolutionFilter (Ljava/util/List;)Lorg/gradle/api/internal/artifacts/ivyservice/resolveengine/excludes/specs/ExcludeSpec; 22 <appendix> argL0 ; # org/gradle/api/internal/artifacts/ivyservice/resolveengine/graph/builder/NodeState$$Lambda+0x000001ae81ae5f68
instanceKlass  @bci org/gradle/api/internal/artifacts/ivyservice/resolveengine/oldresult/TransientConfigurationResultsBuilder visitArtifacts (Lorg/gradle/api/internal/artifacts/ivyservice/resolveengine/graph/DependencyGraphNode;Lorg/gradle/internal/component/local/model/LocalFileDependencyMetadata;ILorg/gradle/api/internal/artifacts/ivyservice/resolveengine/artifact/ArtifactSet;)V 6 <appendix> member <vmtarget> ; # org/gradle/api/internal/artifacts/ivyservice/resolveengine/oldresult/TransientConfigurationResultsBuilder$$Lambda+0x000001ae81ae5d40
instanceKlass  @bci org/gradle/internal/execution/steps/AbstractCaptureStateBeforeExecutionStep captureExecutionStateWithOutputs (Lorg/gradle/internal/execution/UnitOfWork;Lorg/gradle/internal/execution/steps/PreviousExecutionContext;Lcom/google/common/collect/ImmutableSortedMap;Lorg/gradle/internal/execution/history/OverlappingOutputs;)Lorg/gradle/internal/execution/history/BeforeExecutionState; 154 <appendix> member <vmtarget> ; # org/gradle/internal/execution/steps/AbstractCaptureStateBeforeExecutionStep$$Lambda+0x000001ae81b1ab18
instanceKlass  @bci org/gradle/internal/execution/steps/AbstractCaptureStateBeforeExecutionStep captureExecutionStateWithOutputs (Lorg/gradle/internal/execution/UnitOfWork;Lorg/gradle/internal/execution/steps/PreviousExecutionContext;Lcom/google/common/collect/ImmutableSortedMap;Lorg/gradle/internal/execution/history/OverlappingOutputs;)Lorg/gradle/internal/execution/history/BeforeExecutionState; 111 <appendix> argL0 ; # org/gradle/internal/execution/steps/AbstractCaptureStateBeforeExecutionStep$$Lambda+0x000001ae81b1a8d8
instanceKlass  @bci org/gradle/internal/execution/steps/AbstractCaptureStateBeforeExecutionStep captureExecutionStateWithOutputs (Lorg/gradle/internal/execution/UnitOfWork;Lorg/gradle/internal/execution/steps/PreviousExecutionContext;Lcom/google/common/collect/ImmutableSortedMap;Lorg/gradle/internal/execution/history/OverlappingOutputs;)Lorg/gradle/internal/execution/history/BeforeExecutionState; 90 <appendix> argL0 ; # org/gradle/internal/execution/steps/AbstractCaptureStateBeforeExecutionStep$$Lambda+0x000001ae81b1a698
instanceKlass org/gradle/internal/snapshot/impl/SerializedLambdaQueries
instanceKlass org/gradle/internal/execution/steps/AbstractCaptureStateBeforeExecutionStep$ImplementationsBuilder
instanceKlass  @bci org/gradle/internal/execution/steps/CaptureIncrementalStateBeforeExecutionStep detectOverlappingOutputs (Lorg/gradle/internal/execution/UnitOfWork;Lorg/gradle/internal/execution/steps/PreviousExecutionContext;Lcom/google/common/collect/ImmutableSortedMap;)Lorg/gradle/internal/execution/history/OverlappingOutputs; 25 <appendix> argL0 ; # org/gradle/internal/execution/steps/CaptureIncrementalStateBeforeExecutionStep$$Lambda+0x000001ae81b1a000
instanceKlass  @bci org/gradle/internal/vfs/impl/DefaultSnapshotHierarchy invalidate (Ljava/lang/String;Lorg/gradle/internal/snapshot/SnapshotHierarchy$NodeDiffListener;)Lorg/gradle/internal/snapshot/SnapshotHierarchy; 52 <appendix> member <vmtarget> ; # org/gradle/internal/vfs/impl/DefaultSnapshotHierarchy$$Lambda+0x000001ae81b1f620
instanceKlass  @bci org/gradle/internal/vfs/impl/DefaultSnapshotHierarchy invalidate (Ljava/lang/String;Lorg/gradle/internal/snapshot/SnapshotHierarchy$NodeDiffListener;)Lorg/gradle/internal/snapshot/SnapshotHierarchy; 43 <appendix> member <vmtarget> ; # org/gradle/internal/vfs/impl/DefaultSnapshotHierarchy$$Lambda+0x000001ae81b1f3d8
instanceKlass  @bci org/gradle/internal/snapshot/AbstractInvalidateChildHandler handleAsDescendantOfChild (Lorg/gradle/internal/snapshot/VfsRelativePath;Ljava/lang/Object;)Lorg/gradle/internal/snapshot/ChildMap; 23 <appendix> member <vmtarget> ; # org/gradle/internal/snapshot/AbstractInvalidateChildHandler$$Lambda+0x000001ae81b1f1b0
instanceKlass  @bci org/gradle/internal/snapshot/AbstractInvalidateChildHandler handleAsDescendantOfChild (Lorg/gradle/internal/snapshot/VfsRelativePath;Ljava/lang/Object;)Lorg/gradle/internal/snapshot/ChildMap; 14 <appendix> member <vmtarget> ; # org/gradle/internal/snapshot/AbstractInvalidateChildHandler$$Lambda+0x000001ae81b1ef68
instanceKlass org/gradle/internal/snapshot/AbstractInvalidateChildHandler
instanceKlass org/gradle/internal/snapshot/AbstractIncompleteFileSystemNode$1
instanceKlass org/gradle/internal/watch/vfs/impl/WatchingVirtualFileSystem$VfsChangeLoggingNodeDiffListener
instanceKlass  @bci org/gradle/internal/watch/vfs/impl/WatchingVirtualFileSystem$InvalidateVfsChangeHandler lambda$handleChange$1 (Ljava/nio/file/Path;Lorg/gradle/internal/watch/registry/FileWatcherRegistry$Type;Lorg/gradle/internal/snapshot/SnapshotHierarchy;)Lorg/gradle/internal/snapshot/SnapshotHierarchy; 7 <appendix> member <vmtarget> ; # org/gradle/internal/watch/vfs/impl/WatchingVirtualFileSystem$InvalidateVfsChangeHandler$$Lambda+0x000001ae81b1e090
instanceKlass  @bci org/gradle/internal/watch/vfs/impl/WatchingVirtualFileSystem$InvalidateVfsChangeHandler handleChange (Lorg/gradle/internal/watch/registry/FileWatcherRegistry$Type;Ljava/nio/file/Path;)V 7 <appendix> member <vmtarget> ; # org/gradle/internal/watch/vfs/impl/WatchingVirtualFileSystem$InvalidateVfsChangeHandler$$Lambda+0x000001ae81b1de30
instanceKlass  @bci org/gradle/internal/watch/vfs/impl/WatchingVirtualFileSystem$CompositeChangeHandler handleChange (Lorg/gradle/internal/watch/registry/FileWatcherRegistry$Type;Ljava/nio/file/Path;)V 6 <appendix> member <vmtarget> ; # org/gradle/internal/watch/vfs/impl/WatchingVirtualFileSystem$CompositeChangeHandler$$Lambda+0x000001ae81b1dbf8
instanceKlass org/gradle/internal/watch/registry/impl/DefaultFileWatcherRegistry$3
instanceKlass org/gradle/internal/watch/registry/impl/DefaultFileWatcherRegistry$1
instanceKlass org/gradle/fileevents/internal/AbstractFileEventFunctions$ChangeEvent
instanceKlass org/gradle/internal/execution/steps/AbstractCaptureStateBeforeExecutionStep$Operation$Details$1
instanceKlass org/gradle/internal/execution/steps/AbstractCaptureStateBeforeExecutionStep$Operation$Details
instanceKlass  @bci org/gradle/internal/execution/steps/AbstractCaptureStateBeforeExecutionStep captureExecutionState (Lorg/gradle/internal/execution/UnitOfWork;Lorg/gradle/internal/execution/steps/PreviousExecutionContext;)Lorg/gradle/internal/execution/history/BeforeExecutionState; 4 <appendix> member <vmtarget> ; # org/gradle/internal/execution/steps/AbstractCaptureStateBeforeExecutionStep$$Lambda+0x000001ae81b1c680
instanceKlass  @bci org/gradle/internal/execution/steps/AbstractSkipEmptyWorkStep hasEmptySources (Lcom/google/common/collect/ImmutableSortedMap;Lcom/google/common/collect/ImmutableSet;Lorg/gradle/internal/execution/UnitOfWork;)Z 14 <appendix> argL0 ; # org/gradle/internal/execution/steps/AbstractSkipEmptyWorkStep$$Lambda+0x000001ae81b1c208
instanceKlass org/gradle/internal/watch/registry/impl/DefaultFileWatcherProbeRegistry$1
instanceKlass  @bci org/gradle/internal/watch/registry/impl/AbstractFileWatcherUpdater update (Lorg/gradle/internal/snapshot/SnapshotHierarchy;)V 139 <appendix> member <vmtarget> ; # org/gradle/internal/watch/registry/impl/AbstractFileWatcherUpdater$$Lambda+0x000001ae81b17dc0
instanceKlass  @bci org/gradle/internal/watch/registry/impl/AbstractFileWatcherUpdater update (Lorg/gradle/internal/snapshot/SnapshotHierarchy;)V 128 <appendix> member <vmtarget> ; # org/gradle/internal/watch/registry/impl/AbstractFileWatcherUpdater$$Lambda+0x000001ae81b17b68
instanceKlass  @bci org/gradle/internal/watch/registry/impl/AbstractFileWatcherUpdater update (Lorg/gradle/internal/snapshot/SnapshotHierarchy;)V 110 <appendix> member <vmtarget> ; # org/gradle/internal/watch/registry/impl/AbstractFileWatcherUpdater$$Lambda+0x000001ae81b17930
instanceKlass  @bci org/gradle/internal/watch/registry/impl/AbstractFileWatcherUpdater update (Lorg/gradle/internal/snapshot/SnapshotHierarchy;)V 99 <appendix> member <vmtarget> ; # org/gradle/internal/watch/registry/impl/AbstractFileWatcherUpdater$$Lambda+0x000001ae81b176d8
instanceKlass  @bci org/gradle/internal/watch/registry/impl/HierarchicalFileWatcherUpdater updateWatchesOnChangedWatchedFiles (Lorg/gradle/internal/file/FileHierarchySet;)V 163 <appendix> member <vmtarget> ; # org/gradle/internal/watch/registry/impl/HierarchicalFileWatcherUpdater$$Lambda+0x000001ae81b174a0
instanceKlass  @bci org/gradle/internal/watch/registry/impl/HierarchicalFileWatcherUpdater updateWatchesOnChangedWatchedFiles (Lorg/gradle/internal/file/FileHierarchySet;)V 119 <appendix> member <vmtarget> ; # org/gradle/internal/watch/registry/impl/HierarchicalFileWatcherUpdater$$Lambda+0x000001ae81b17248
instanceKlass  @bci org/gradle/internal/watch/registry/impl/HierarchicalFileWatcherUpdater updateWatchesOnChangedWatchedFiles (Lorg/gradle/internal/file/FileHierarchySet;)V 52 <appendix> member <vmtarget> ; # org/gradle/internal/watch/registry/impl/HierarchicalFileWatcherUpdater$$Lambda+0x000001ae81b16ff0
instanceKlass org/gradle/internal/file/FileHierarchySet$PrefixFileSet$2
instanceKlass  @bci org/gradle/internal/watch/registry/impl/HierarchicalFileWatcherUpdater updateWatchesOnChangedWatchedFiles (Lorg/gradle/internal/file/FileHierarchySet;)V 11 <appendix> member <vmtarget> ; # org/gradle/internal/watch/registry/impl/HierarchicalFileWatcherUpdater$$Lambda+0x000001ae81b16b98
instanceKlass  @bci org/gradle/internal/snapshot/AbstractIncompleteFileSystemNode hasDescendants ()Z 4 <appendix> argL0 ; # org/gradle/internal/snapshot/AbstractIncompleteFileSystemNode$$Lambda+0x000001ae81b16948
instanceKlass  @bci org/gradle/internal/fingerprint/impl/RelativePathFingerprintingStrategy collectFingerprints (Lorg/gradle/internal/snapshot/FileSystemSnapshot;)Ljava/util/Map; 23 <appendix> member <vmtarget> ; # org/gradle/internal/fingerprint/impl/RelativePathFingerprintingStrategy$$Lambda+0x000001ae81b16700
instanceKlass org/gradle/internal/fingerprint/impl/PatternSetSnapshottingFilter$LogicalFileTreeElement
instanceKlass org/gradle/internal/snapshot/impl/FileSystemSnapshotFilter$FilteringVisitor$1
instanceKlass org/gradle/internal/snapshot/impl/FileSystemSnapshotFilter$FilteringVisitor
instanceKlass  @bci org/gradle/internal/fingerprint/impl/PatternSetSnapshottingFilter getAsSnapshotPredicate ()Lorg/gradle/internal/snapshot/SnapshottingFilter$FileSystemSnapshotPredicate; 10 <appendix> member <vmtarget> ; # org/gradle/internal/fingerprint/impl/PatternSetSnapshottingFilter$$Lambda+0x000001ae81b15d30
instanceKlass  @cpi org/gradle/internal/fingerprint/impl/PatternSetSnapshottingFilter 93 form vmentry <vmtarget> ; # java/lang/invoke/LambdaForm$DMH+0x000001ae81b18400
instanceKlass org/gradle/internal/snapshot/SnapshottingFilter$FileSystemSnapshotPredicate
instanceKlass  @bci org/gradle/internal/fingerprint/impl/DefaultFileCollectionSnapshotter$SnapshottingVisitor visitFileTree (Ljava/io/File;Lorg/gradle/api/tasks/util/PatternSet;Lorg/gradle/api/internal/file/FileTreeInternal;)V 47 <appendix> member <vmtarget> ; # org/gradle/internal/fingerprint/impl/DefaultFileCollectionSnapshotter$SnapshottingVisitor$$Lambda+0x000001ae81b158f8
instanceKlass  @bci org/gradle/internal/snapshot/DirectorySnapshot accept (Lorg/gradle/internal/snapshot/FileSystemSnapshotHierarchyVisitor;)Lorg/gradle/internal/snapshot/SnapshotVisitResult; 71 <appendix> member <vmtarget> ; # org/gradle/internal/snapshot/DirectorySnapshot$$Lambda+0x000001ae81b156c0
instanceKlass  @bci org/gradle/internal/snapshot/DirectorySnapshot accept (Lorg/gradle/internal/snapshot/FileSystemSnapshotHierarchyVisitor;)Lorg/gradle/internal/snapshot/SnapshotVisitResult; 60 <appendix> argL0 ; # org/gradle/internal/snapshot/DirectorySnapshot$$Lambda+0x000001ae81b15480
instanceKlass org/gradle/api/internal/provider/AbstractCollectionProperty$FixedSupplier
instanceKlass org/gradle/api/internal/artifacts/ivyservice/ShortCircuitingResolutionExecutor$EmptyLenientConfiguration
instanceKlass org/gradle/internal/fingerprint/impl/PatternSetSnapshottingFilter$PathBackedFileTreeElement
instanceKlass  @bci org/gradle/internal/fingerprint/impl/PatternSetSnapshottingFilter getAsDirectoryWalkerPredicate ()Lorg/gradle/internal/snapshot/SnapshottingFilter$DirectoryWalkerPredicate; 10 <appendix> member <vmtarget> ; # org/gradle/internal/fingerprint/impl/PatternSetSnapshottingFilter$$Lambda+0x000001ae81b14ab0
instanceKlass  @cpi org/gradle/internal/fingerprint/impl/PatternSetSnapshottingFilter 98 form vmentry <vmtarget> ; # java/lang/invoke/LambdaForm$DMH+0x000001ae81b18000
instanceKlass org/gradle/internal/snapshot/SnapshottingFilter$DirectoryWalkerPredicate
instanceKlass  @bci org/gradle/internal/vfs/impl/DefaultFileSystemAccess read (Ljava/lang/String;Lorg/gradle/internal/snapshot/SnapshottingFilter;)Ljava/util/Optional; 29 <appendix> member <vmtarget> ; # org/gradle/internal/vfs/impl/DefaultFileSystemAccess$$Lambda+0x000001ae81b14688
instanceKlass  @bci org/gradle/internal/vfs/impl/DefaultFileSystemAccess read (Ljava/lang/String;Lorg/gradle/internal/snapshot/SnapshottingFilter;)Ljava/util/Optional; 21 <appendix> member <vmtarget> ; # org/gradle/internal/vfs/impl/DefaultFileSystemAccess$$Lambda+0x000001ae81b14440
instanceKlass org/gradle/internal/fingerprint/impl/PatternSetSnapshottingFilter
instanceKlass  @bci org/gradle/execution/plan/MissingTaskDependencyDetector collectValidationProblemsForConsumer (Lorg/gradle/execution/plan/LocalTaskNode;Lorg/gradle/internal/reflect/validation/TypeValidationContext;Ljava/lang/String;Ljava/util/Collection;)V 30 <appendix> member <vmtarget> ; # org/gradle/execution/plan/MissingTaskDependencyDetector$$Lambda+0x000001ae81b13fb8
instanceKlass  @bci org/gradle/execution/plan/MissingTaskDependencyDetector collectValidationProblemsForConsumer (Lorg/gradle/execution/plan/LocalTaskNode;Lorg/gradle/internal/reflect/validation/TypeValidationContext;Ljava/lang/String;Ljava/util/Collection;)V 17 <appendix> argL0 ; # org/gradle/execution/plan/MissingTaskDependencyDetector$$Lambda+0x000001ae81b13d68
instanceKlass  @bci org/gradle/execution/plan/MissingTaskDependencyDetector collectValidationProblemsForConsumer (Lorg/gradle/execution/plan/LocalTaskNode;Lorg/gradle/internal/reflect/validation/TypeValidationContext;Ljava/lang/String;Ljava/util/Collection;)V 7 <appendix> member <vmtarget> ; # org/gradle/execution/plan/MissingTaskDependencyDetector$$Lambda+0x000001ae81b13b10
instanceKlass org/gradle/execution/plan/ExecutionNodeAccessHierarchy$FilteredNodeAccess
instanceKlass org/gradle/api/internal/file/FileCollectionBackedFileTree$2
instanceKlass org/gradle/api/internal/file/FileCollectionBackedFileTree$1
instanceKlass  @bci org/gradle/api/internal/tasks/execution/TaskExecution visitMutableInputs (Lorg/gradle/internal/execution/InputVisitor;)V 148 <appendix> member <vmtarget> ; # org/gradle/api/internal/tasks/execution/TaskExecution$$Lambda+0x000001ae81b131c8
instanceKlass  @bci org/gradle/api/internal/tasks/execution/TaskExecution visitMutableInputs (Lorg/gradle/internal/execution/InputVisitor;)V 51 <appendix> member <vmtarget> ; # org/gradle/api/internal/tasks/execution/TaskExecution$$Lambda+0x000001ae81b12fa0
instanceKlass org/gradle/internal/execution/steps/AbstractSkipEmptyWorkStep$1
instanceKlass  @bci org/gradle/internal/execution/steps/AbstractSkipEmptyWorkStep fingerprintPrimaryInputs (Lorg/gradle/internal/execution/UnitOfWork;Lorg/gradle/internal/execution/steps/WorkspaceContext;Lcom/google/common/collect/ImmutableSortedMap;Lcom/google/common/collect/ImmutableSortedMap;)Lorg/gradle/internal/execution/InputFingerprinter$Result; 21 <appendix> member <vmtarget> ; # org/gradle/internal/execution/steps/AbstractSkipEmptyWorkStep$$Lambda+0x000001ae81b12b28
instanceKlass  @bci org/gradle/internal/execution/steps/SkipEmptyIncrementalWorkStep getKnownInputFileProperties (Lorg/gradle/internal/execution/steps/PreviousExecutionContext;)Lcom/google/common/collect/ImmutableSortedMap; 4 <appendix> argL0 ; # org/gradle/internal/execution/steps/SkipEmptyIncrementalWorkStep$$Lambda+0x000001ae81b128e8
instanceKlass  @bci org/gradle/internal/execution/steps/SkipEmptyIncrementalWorkStep getKnownInputProperties (Lorg/gradle/internal/execution/steps/PreviousExecutionContext;)Lcom/google/common/collect/ImmutableSortedMap; 4 <appendix> argL0 ; # org/gradle/internal/execution/steps/SkipEmptyIncrementalWorkStep$$Lambda+0x000001ae81b126a8
instanceKlass org/gradle/internal/operations/DefaultBuildOperationRunner$3$1
instanceKlass org/gradle/internal/operations/DefaultBuildOperationRunner$3
instanceKlass org/gradle/internal/execution/history/impl/AbstractInputExecutionState
instanceKlass org/gradle/internal/execution/history/impl/FileSystemSnapshotSerializer$2
instanceKlass java/util/stream/ReduceOps$5ReducingSink
instanceKlass  @bci java/util/stream/IntPipeline sum ()I 2 <appendix> argL0 ; # java/util/stream/IntPipeline$$Lambda+0x000001ae819589f0
instanceKlass  @bci org/gradle/internal/execution/history/impl/FileSystemSnapshotSerializer toAbsolutePath (Ljava/util/Collection;Ljava/lang/String;)Ljava/lang/String; 17 <appendix> argL0 ; # org/gradle/internal/execution/history/impl/FileSystemSnapshotSerializer$$Lambda+0x000001ae81b11898
instanceKlass org/gradle/internal/execution/history/impl/FileSystemSnapshotSerializer$SnapshotStack
instanceKlass org/gradle/internal/execution/history/impl/SerializableFileCollectionFingerprint
instanceKlass org/gradle/internal/execution/history/impl/FingerprintMapSerializer$1
instanceKlass org/gradle/internal/fingerprint/FileCollectionFingerprint$1
instanceKlass  @bci org/gradle/internal/execution/steps/LoadPreviousExecutionStateStep execute (Lorg/gradle/internal/execution/UnitOfWork;Lorg/gradle/internal/execution/steps/WorkspaceContext;)Lorg/gradle/internal/execution/steps/AfterExecutionResult; 10 <appendix> member <vmtarget> ; # org/gradle/internal/execution/steps/LoadPreviousExecutionStateStep$$Lambda+0x000001ae81b0eca8
instanceKlass  @bci org/gradle/internal/execution/steps/HandleStaleOutputsStep$1 visitOutputProperty (Ljava/lang/String;Lorg/gradle/internal/file/TreeType;Lorg/gradle/internal/execution/OutputVisitor$OutputFileValueSupplier;)V 59 <appendix> member <vmtarget> ; # org/gradle/internal/execution/steps/HandleStaleOutputsStep$1$$Lambda+0x000001ae81b0e878
instanceKlass  @bci org/gradle/internal/execution/steps/HandleStaleOutputsStep$1 visitOutputProperty (Ljava/lang/String;Lorg/gradle/internal/file/TreeType;Lorg/gradle/internal/execution/OutputVisitor$OutputFileValueSupplier;)V 40 <appendix> argL0 ; # org/gradle/internal/execution/steps/HandleStaleOutputsStep$1$$Lambda+0x000001ae81b0e628
instanceKlass  @bci org/gradle/internal/execution/steps/HandleStaleOutputsStep$1 visitOutputProperty (Ljava/lang/String;Lorg/gradle/internal/file/TreeType;Lorg/gradle/internal/execution/OutputVisitor$OutputFileValueSupplier;)V 30 <appendix> member <vmtarget> ; # org/gradle/internal/execution/steps/HandleStaleOutputsStep$1$$Lambda+0x000001ae81b0e3d0
instanceKlass  @bci org/gradle/internal/execution/steps/HandleStaleOutputsStep$1 visitOutputProperty (Ljava/lang/String;Lorg/gradle/internal/file/TreeType;Lorg/gradle/internal/execution/OutputVisitor$OutputFileValueSupplier;)V 19 <appendix> member <vmtarget> ; # org/gradle/internal/execution/steps/HandleStaleOutputsStep$1$$Lambda+0x000001ae81b0e178
instanceKlass com/google/common/collect/Streams
instanceKlass  @bci org/gradle/api/internal/tasks/execution/TaskExecution visitOutputs (Ljava/io/File;Lorg/gradle/internal/execution/OutputVisitor;)V 65 <appendix> member <vmtarget> ; # org/gradle/api/internal/tasks/execution/TaskExecution$$Lambda+0x000001ae81b0dd48
instanceKlass org/gradle/internal/execution/steps/HandleStaleOutputsStep$1
instanceKlass  @bci org/gradle/internal/execution/steps/AssignMutableWorkspaceStep execute (Lorg/gradle/internal/execution/UnitOfWork;Lorg/gradle/internal/execution/steps/IdentityContext;)Lorg/gradle/internal/execution/steps/WorkspaceResult; 21 <appendix> member <vmtarget> ; # org/gradle/internal/execution/steps/AssignMutableWorkspaceStep$$Lambda+0x000001ae81b0d8d0
instanceKlass org/gradle/internal/execution/workspace/MutableWorkspaceProvider$WorkspaceAction
instanceKlass org/gradle/api/internal/tasks/execution/TaskExecution$4
instanceKlass  @bci org/gradle/api/internal/tasks/execution/TaskExecution identify (Ljava/util/Map;Ljava/util/Map;)Lorg/gradle/internal/execution/Identity; 9 <appendix> member <vmtarget> ; # org/gradle/api/internal/tasks/execution/TaskExecution$$Lambda+0x000001ae81b0d278
instanceKlass org/gradle/api/internal/tasks/execution/TaskExecution$5
instanceKlass  @bci org/gradle/api/internal/tasks/execution/ExecuteActionsTaskExecuter executeIfValid (Lorg/gradle/api/internal/TaskInternal;Lorg/gradle/api/internal/tasks/TaskStateInternal;Lorg/gradle/api/internal/tasks/TaskExecutionContext;Lorg/gradle/api/internal/tasks/execution/TaskExecution;)Lorg/gradle/api/internal/tasks/TaskExecuterResult; 31 <appendix> member <vmtarget> ; # org/gradle/api/internal/tasks/execution/ExecuteActionsTaskExecuter$$Lambda+0x000001ae81b0cdd0
instanceKlass org/gradle/api/internal/tasks/execution/TaskExecution$1
instanceKlass org/gradle/api/internal/tasks/properties/PropertyValidationContext
instanceKlass org/gradle/api/internal/tasks/SnapshotTaskInputsBuildOperationType$Details
instanceKlass org/gradle/api/internal/tasks/execution/TaskExecution
instanceKlass org/gradle/internal/execution/MutableUnitOfWork
instanceKlass org/gradle/api/problems/internal/ProblemTaskIdentityTracker
instanceKlass org/gradle/api/internal/changedetection/changes/DefaultTaskExecutionMode
instanceKlass org/gradle/api/internal/changedetection/TaskExecutionMode
instanceKlass  @bci org/gradle/execution/plan/ValuedVfsHierarchy visitAllChildren (Ljava/util/function/BiConsumer;)V 10 <appendix> member <vmtarget> ; # org/gradle/execution/plan/ValuedVfsHierarchy$$Lambda+0x000001ae81b0b480
instanceKlass  @bci org/gradle/execution/plan/ValuedVfsHierarchy visitAllValues (Lorg/gradle/execution/plan/ValuedVfsHierarchy$ValueVisitor;)V 25 <appendix> member <vmtarget> ; # org/gradle/execution/plan/ValuedVfsHierarchy$$Lambda+0x000001ae81b0b248
instanceKlass  @bci org/gradle/execution/plan/ValuedVfsHierarchy visitAllValues (Lorg/gradle/execution/plan/ValuedVfsHierarchy$ValueVisitor;)V 10 <appendix> member <vmtarget> ; # org/gradle/execution/plan/ValuedVfsHierarchy$$Lambda+0x000001ae81b0b010
instanceKlass org/gradle/execution/plan/ValuedVfsHierarchy$1
instanceKlass  @bci org/gradle/execution/plan/ValuedVfsHierarchy visitValuesRelatedTo (Lorg/gradle/internal/snapshot/VfsRelativePath;Lorg/gradle/execution/plan/ValuedVfsHierarchy$ValueVisitor;)V 6 <appendix> member <vmtarget> ; # org/gradle/execution/plan/ValuedVfsHierarchy$$Lambda+0x000001ae81b0ab58
instanceKlass  @bci org/gradle/execution/plan/DefaultFinalizedExecutionPlan mutationConflictsWithOtherNodes (Lorg/gradle/execution/plan/Node;Lorg/gradle/execution/plan/MutationInfo;)Z 47 <appendix> member <vmtarget> ; # org/gradle/execution/plan/DefaultFinalizedExecutionPlan$$Lambda+0x000001ae81b0a920
instanceKlass  @bci org/gradle/execution/plan/DefaultFinalizedExecutionPlan mutationConflictsWithOtherNodes (Lorg/gradle/execution/plan/Node;Lorg/gradle/execution/plan/MutationInfo;)Z 32 <appendix> argL0 ; # org/gradle/execution/plan/DefaultFinalizedExecutionPlan$$Lambda+0x000001ae81b0a6f0
instanceKlass org/gradle/execution/plan/ValuedVfsHierarchy$2
instanceKlass org/gradle/execution/plan/ExecutionNodeAccessHierarchy$DefaultNodeAccess
instanceKlass org/gradle/execution/plan/ExecutionNodeAccessHierarchy$NodeAccess
instanceKlass org/jetbrains/kotlin/gradle/plugin/statistics/ExecutedTaskMetrics
instanceKlass org/jetbrains/kotlin/gradle/plugin/internal/state/TaskExecutionResults
instanceKlass org/gradle/tooling/events/task/TaskFailureResult
instanceKlass org/gradle/tooling/events/FailureResult
instanceKlass org/gradle/tooling/events/task/TaskExecutionResult
instanceKlass org/gradle/tooling/events/internal/BaseProgressEvent
instanceKlass org/gradle/tooling/events/task/internal/DefaultTaskSkippedResult
instanceKlass org/gradle/tooling/events/task/TaskSkippedResult
instanceKlass org/gradle/tooling/events/SkippedResult
instanceKlass org/gradle/tooling/events/PluginIdentifier
instanceKlass org/gradle/tooling/events/work/WorkItemOperationResult
instanceKlass org/gradle/tooling/events/transform/TransformOperationResult
instanceKlass org/gradle/tooling/events/problems/ContextualLabel
instanceKlass org/gradle/tooling/events/task/TaskStartEvent
instanceKlass org/gradle/tooling/events/test/TestStartEvent
instanceKlass org/gradle/tooling/events/problems/AdditionalData
instanceKlass org/gradle/tooling/events/task/TaskFinishEvent
instanceKlass org/gradle/tooling/events/test/TestFinishEvent
instanceKlass org/gradle/tooling/events/test/TestOperationResult
instanceKlass org/gradle/tooling/events/problems/Details
instanceKlass org/gradle/tooling/events/problems/ProblemId
instanceKlass org/gradle/tooling/events/test/TestOperationDescriptor
instanceKlass org/gradle/tooling/events/problems/ProblemGroup
instanceKlass org/gradle/tooling/events/task/java/JavaCompileTaskOperationResult$AnnotationProcessorResult
instanceKlass org/gradle/tooling/events/problems/ProblemAggregation
instanceKlass org/gradle/tooling/events/problems/ProblemEvent
instanceKlass org/gradle/tooling/events/task/TaskOperationResult
instanceKlass org/gradle/tooling/events/download/FileDownloadFinishEvent
instanceKlass org/gradle/tooling/events/download/FileDownloadStartEvent
instanceKlass org/gradle/tooling/events/transform/TransformStartEvent
instanceKlass org/gradle/tooling/events/work/WorkItemFinishEvent
instanceKlass org/gradle/tooling/events/work/WorkItemStartEvent
instanceKlass org/gradle/tooling/events/lifecycle/BuildPhaseStartEvent
instanceKlass org/gradle/tooling/events/download/FileDownloadResult
instanceKlass org/gradle/tooling/events/transform/TransformOperationDescriptor
instanceKlass org/gradle/tooling/events/lifecycle/BuildPhaseFinishEvent
instanceKlass org/gradle/tooling/events/lifecycle/BuildPhaseProgressEvent
instanceKlass org/gradle/tooling/events/work/WorkItemProgressEvent
instanceKlass org/gradle/tooling/events/download/FileDownloadOperationDescriptor
instanceKlass org/gradle/tooling/events/test/TestOutputEvent
instanceKlass org/gradle/tooling/events/test/TestMetadataEvent
instanceKlass org/gradle/tooling/events/task/TaskProgressEvent
instanceKlass org/gradle/tooling/events/test/TestOutputDescriptor
instanceKlass org/gradle/tooling/events/test/TestProgressEvent
instanceKlass  @bci org/gradle/api/internal/tasks/properties/DefaultTaskProperties$ValidationVisitor visitUnpackedOutputFileProperty (Ljava/lang/String;ZLorg/gradle/internal/properties/PropertyValue;Lorg/gradle/api/internal/tasks/properties/OutputFilePropertySpec;)V 16 <appendix> member <vmtarget> ; # org/gradle/api/internal/tasks/properties/DefaultTaskProperties$ValidationVisitor$$Lambda+0x000001ae81b03fd8
instanceKlass org/gradle/tooling/events/transform/TransformFinishEvent
instanceKlass org/gradle/tooling/events/transform/TransformProgressEvent
instanceKlass org/gradle/api/internal/tasks/properties/DefaultTaskProperties$ResolvingValue
instanceKlass org/gradle/tooling/events/problems/DocumentationLink
instanceKlass org/gradle/tooling/events/work/WorkItemOperationDescriptor
instanceKlass org/gradle/tooling/events/problems/ProblemDefinition
instanceKlass org/gradle/tooling/Failure
instanceKlass org/gradle/tooling/events/problems/Problem
instanceKlass org/gradle/api/internal/tasks/properties/CacheableOutputFilePropertySpec
instanceKlass org/gradle/tooling/events/configuration/ProjectConfigurationFinishEvent
instanceKlass org/gradle/tooling/events/download/FileDownloadProgressEvent
instanceKlass org/gradle/tooling/events/configuration/ProjectConfigurationOperationResult
instanceKlass org/gradle/tooling/events/OperationResult
instanceKlass org/gradle/tooling/events/configuration/ProjectConfigurationOperationDescriptor
instanceKlass org/gradle/tooling/events/configuration/ProjectConfigurationStartEvent
instanceKlass org/gradle/tooling/events/StartEvent
instanceKlass org/gradle/tooling/events/configuration/ProjectConfigurationProgressEvent
instanceKlass org/gradle/tooling/internal/consumer/parameters/BuildProgressListenerAdapter
instanceKlass org/gradle/tooling/internal/protocol/InternalBuildProgressListener
instanceKlass  @bci org/gradle/api/internal/tasks/properties/OutputUnpacker visitOutputFileProperty (Ljava/lang/String;ZLorg/gradle/internal/properties/PropertyValue;Lorg/gradle/internal/properties/OutputFilePropertyType;)V 49 <appendix> member <vmtarget> ; # org/gradle/api/internal/tasks/properties/OutputUnpacker$$Lambda+0x000001ae81b00b30
instanceKlass  @cpi org/gradle/api/internal/tasks/properties/OutputUnpacker 258 form vmentry <vmtarget> ; # java/lang/invoke/LambdaForm$DMH+0x000001ae81afbc00
instanceKlass org/gradle/api/internal/tasks/properties/OutputFilePropertySpec
instanceKlass org/gradle/api/internal/tasks/properties/ValidationActions$7
instanceKlass org/gradle/tooling/events/task/internal/DefaultTaskOperationDescriptor$1
instanceKlass org/gradle/tooling/events/internal/DefaultOperationDescriptor
instanceKlass org/gradle/api/internal/tasks/properties/InputFilePropertySpec
instanceKlass org/gradle/api/internal/tasks/properties/FilePropertySpec
instanceKlass org/gradle/internal/logging/events/StyledTextOutputEvent$Span
instanceKlass org/gradle/internal/logging/events/operations/StyledTextBuildOperationProgressDetails$Span
instanceKlass org/gradle/internal/operations/logging/StyledTextBuildOperationProgressDetails$Span
instanceKlass org/gradle/api/internal/tasks/execution/statistics/TaskExecutionStatisticsEventAdapter$1
instanceKlass org/gradle/api/internal/tasks/execution/ExecuteTaskBuildOperationResult
instanceKlass org/gradle/api/internal/tasks/execution/ExecuteTaskBuildOperationType$Result
instanceKlass org/gradle/api/internal/tasks/TaskExecuterResult$1
instanceKlass org/gradle/internal/build/event/types/AbstractProgressEvent
instanceKlass org/gradle/internal/build/event/types/DefaultTaskDescriptor
instanceKlass org/gradle/tooling/internal/protocol/events/InternalTaskWithExtraInfoDescriptor
instanceKlass org/gradle/tooling/internal/protocol/events/InternalTaskDescriptor
instanceKlass  @bci org/gradle/tooling/internal/provider/runner/OperationDependenciesResolver lookupExistingOperationDescriptor (Lorg/gradle/execution/plan/Node;)Lorg/gradle/tooling/internal/protocol/events/InternalOperationDescriptor; 20 <appendix> argL0 ; # org/gradle/tooling/internal/provider/runner/OperationDependenciesResolver$$Lambda+0x000001ae81ae5878
instanceKlass  @bci org/gradle/tooling/internal/provider/runner/OperationDependenciesResolver lookupExistingOperationDescriptor (Lorg/gradle/execution/plan/Node;)Lorg/gradle/tooling/internal/protocol/events/InternalOperationDescriptor; 10 <appendix> member <vmtarget> ; # org/gradle/tooling/internal/provider/runner/OperationDependenciesResolver$$Lambda+0x000001ae81ae5630
instanceKlass  @bci org/gradle/tooling/internal/provider/runner/OperationDependenciesResolver resolveDependencies (Lorg/gradle/execution/plan/Node;)Ljava/util/Set; 30 <appendix> argL0 ; # org/gradle/tooling/internal/provider/runner/OperationDependenciesResolver$$Lambda+0x000001ae81ae5410
instanceKlass  @bci org/gradle/tooling/internal/provider/runner/OperationDependenciesResolver resolveDependencies (Lorg/gradle/execution/plan/Node;)Ljava/util/Set; 20 <appendix> argL0 ; # org/gradle/tooling/internal/provider/runner/OperationDependenciesResolver$$Lambda+0x000001ae81ae51c0
instanceKlass  @bci org/gradle/tooling/internal/provider/runner/OperationDependenciesResolver resolveDependencies (Lorg/gradle/execution/plan/Node;)Ljava/util/Set; 10 <appendix> member <vmtarget> ; # org/gradle/tooling/internal/provider/runner/OperationDependenciesResolver$$Lambda+0x000001ae81ae4f78
instanceKlass  @bci org/gradle/tooling/internal/provider/runner/ProgressEventConsumer findStartedParentId (Lorg/gradle/internal/operations/BuildOperationDescriptor;)Lorg/gradle/internal/operations/OperationIdentifier; 17 <appendix> member <vmtarget> ; # org/gradle/tooling/internal/provider/runner/ProgressEventConsumer$$Lambda+0x000001ae81ae4d20
instanceKlass org/gradle/api/internal/tasks/execution/EventFiringTaskExecuter$1
instanceKlass org/gradle/api/internal/tasks/execution/EventFiringTaskExecuter
instanceKlass org/gradle/api/internal/tasks/execution/CatchExceptionTaskExecuter
instanceKlass org/gradle/api/internal/tasks/execution/SkipOnlyIfTaskExecuter
instanceKlass org/gradle/api/internal/tasks/execution/SkipTaskWithNoActionsExecuter
instanceKlass org/gradle/api/internal/tasks/execution/ResolveTaskExecutionModeExecuter
instanceKlass org/gradle/api/internal/tasks/execution/FinalizePropertiesTaskExecuter
instanceKlass org/gradle/api/internal/tasks/execution/ProblemsTaskPathTrackingTaskExecuter
instanceKlass org/gradle/api/execution/TaskActionListener
instanceKlass org/gradle/api/internal/tasks/TaskExecuterResult
instanceKlass org/gradle/api/internal/tasks/execution/ExecuteActionsTaskExecuter
# instanceKlass java/lang/invoke/LambdaForm$MH+0x000001ae81afb800
# instanceKlass java/lang/invoke/LambdaForm$MH+0x000001ae81afb400
# instanceKlass java/lang/invoke/LambdaForm$MH+0x000001ae81afb000
# instanceKlass java/lang/invoke/LambdaForm$MH+0x000001ae81afac00
# instanceKlass java/lang/invoke/LambdaForm$MH+0x000001ae81afa800
# instanceKlass java/lang/invoke/LambdaForm$MH+0x000001ae81afa400
# instanceKlass java/lang/invoke/LambdaForm$MH+0x000001ae81afa000
# instanceKlass java/lang/invoke/LambdaForm$MH+0x000001ae81af9c00
# instanceKlass java/lang/invoke/LambdaForm$MH+0x000001ae81af9800
# instanceKlass java/lang/invoke/LambdaForm$MH+0x000001ae81af9400
# instanceKlass java/lang/invoke/LambdaForm$MH+0x000001ae81af9000
# instanceKlass java/lang/invoke/LambdaForm$MH+0x000001ae81af8c00
# instanceKlass java/lang/invoke/LambdaForm$MH+0x000001ae81af8800
# instanceKlass java/lang/invoke/LambdaForm$MH+0x000001ae81af8400
# instanceKlass java/lang/invoke/LambdaForm$MH+0x000001ae81af8000
instanceKlass  @bci org/gradle/normalization/internal/DefaultRuntimeClasspathNormalization$DefaultPropertiesFileFilter getFilters ()Ljava/util/Map; 16 <appendix> member <vmtarget> ; # org/gradle/normalization/internal/DefaultRuntimeClasspathNormalization$DefaultPropertiesFileFilter$$Lambda+0x000001ae81af6510
instanceKlass  @bci org/gradle/normalization/internal/DefaultRuntimeClasspathNormalization$EvaluatableFilter lambda$new$1 (Ljava/util/function/Function;Ljava/lang/Object;)Ljava/lang/Object; 10 <appendix> argL0 ; # org/gradle/normalization/internal/DefaultRuntimeClasspathNormalization$EvaluatableFilter$$Lambda+0x000001ae81af62c0
instanceKlass org/gradle/api/internal/changedetection/changes/DefaultTaskExecutionModeResolver
instanceKlass org/gradle/api/internal/tasks/execution/DefaultTaskCacheabilityResolver
instanceKlass  @bci org/gradle/internal/file/DefaultReservedFileSystemLocationRegistry <init> (Ljava/util/List;)V 24 <appendix> argL0 ; # org/gradle/internal/file/DefaultReservedFileSystemLocationRegistry$$Lambda+0x000001ae81af5c30
instanceKlass  @bci org/gradle/internal/file/DefaultReservedFileSystemLocationRegistry <init> (Ljava/util/List;)V 11 <appendix> argL0 ; # org/gradle/internal/file/DefaultReservedFileSystemLocationRegistry$$Lambda+0x000001ae81af59f0
instanceKlass org/gradle/internal/file/DefaultReservedFileSystemLocationRegistry
instanceKlass org/gradle/internal/execution/workspace/MutableWorkspaceProvider
instanceKlass org/gradle/api/internal/artifacts/DefaultDependencyManagementServices$DependencyResolutionScopeServices$1
instanceKlass  @bci org/gradle/api/internal/artifacts/DefaultDependencyManagementServices$DependencyResolutionScopeServices createTransformWorkspaceServices (Lorg/gradle/api/file/ProjectLayout;Lorg/gradle/internal/execution/history/ExecutionHistoryStore;)Lorg/gradle/api/internal/artifacts/transform/MutableTransformWorkspaceServices; 28 <appendix> member <vmtarget> ; # org/gradle/api/internal/artifacts/DefaultDependencyManagementServices$DependencyResolutionScopeServices$$Lambda+0x000001ae81ae4898
instanceKlass  @bci org/gradle/api/internal/artifacts/DefaultDependencyManagementServices$DependencyResolutionScopeServices createTransformWorkspaceServices (Lorg/gradle/api/file/ProjectLayout;Lorg/gradle/internal/execution/history/ExecutionHistoryStore;)Lorg/gradle/api/internal/artifacts/transform/MutableTransformWorkspaceServices; 13 <appendix> argL0 ; # org/gradle/api/internal/artifacts/DefaultDependencyManagementServices$DependencyResolutionScopeServices$$Lambda+0x000001ae81ae4678
instanceKlass org/gradle/internal/snapshot/impl/ImplementationSnapshotSerializer
instanceKlass org/gradle/internal/execution/history/impl/FileSystemSnapshotSerializer
instanceKlass org/gradle/internal/execution/history/impl/FileCollectionFingerprintSerializer
instanceKlass org/gradle/internal/execution/history/PreviousExecutionState
instanceKlass org/gradle/internal/execution/history/impl/DefaultExecutionHistoryStore
instanceKlass org/gradle/api/internal/changedetection/state/DefaultExecutionHistoryCacheAccess
instanceKlass  @bci org/gradle/execution/plan/DefaultNodeExecutor executeLocalTaskNode (Lorg/gradle/execution/plan/Node;Lorg/gradle/api/internal/tasks/NodeExecutionContext;Lorg/gradle/execution/plan/LocalTaskNode;)V 43 <appendix> member <vmtarget> ; # org/gradle/execution/plan/DefaultNodeExecutor$$Lambda+0x000001ae81af3ee0
instanceKlass org/gradle/api/internal/tasks/TaskExecutionContext$OutputDependencyCheckAction
instanceKlass org/gradle/api/internal/tasks/execution/DefaultTaskExecutionContext
instanceKlass org/gradle/api/services/internal/DefaultBuildServicesRegistry$ServiceBackedSharedResource
instanceKlass  @bci org/gradle/api/services/internal/DefaultBuildServicesRegistry forService (Lorg/gradle/api/services/internal/BuildServiceProvider;)Lorg/gradle/internal/resources/SharedResource; 22 <appendix> member <vmtarget> ; # org/gradle/api/services/internal/DefaultBuildServicesRegistry$$Lambda+0x000001ae81af3398
instanceKlass  @bci org/gradle/api/services/internal/DefaultBuildServicesRegistry findByName (Ljava/lang/String;)Lorg/gradle/api/services/BuildServiceRegistration; 2 <appendix> member <vmtarget> ; # org/gradle/api/services/internal/DefaultBuildServicesRegistry$$Lambda+0x000001ae81af3150
instanceKlass  @bci org/gradle/api/internal/tasks/DefaultTaskRequiredServices getElements (Z)Ljava/util/Set; 77 <appendix> member <vmtarget> ; # org/gradle/api/internal/tasks/DefaultTaskRequiredServices$$Lambda+0x000001ae81af2f18
instanceKlass  @bci org/gradle/api/internal/tasks/DefaultTaskRequiredServices getElements (Z)Ljava/util/Set; 61 <appendix> argL0 ; # org/gradle/api/internal/tasks/DefaultTaskRequiredServices$$Lambda+0x000001ae81af2cc8
instanceKlass  @bci org/gradle/api/internal/tasks/DefaultTaskRequiredServices getElements (Z)Ljava/util/Set; 51 <appendix> argL0 ; # org/gradle/api/internal/tasks/DefaultTaskRequiredServices$$Lambda+0x000001ae81af2a88
instanceKlass  @bci org/gradle/execution/plan/DefaultFinalizedExecutionPlan unlockSharedResourcesFor (Lorg/gradle/execution/plan/Node;)V 4 <appendix> argL0 ; # org/gradle/execution/plan/DefaultFinalizedExecutionPlan$$Lambda+0x000001ae81af2858
instanceKlass  @bci org/gradle/execution/plan/DefaultFinalizedExecutionPlan finishedExecuting (Lorg/gradle/execution/plan/Node;Ljava/lang/Throwable;)V 132 <appendix> member <vmtarget> ; # org/gradle/execution/plan/DefaultFinalizedExecutionPlan$$Lambda+0x000001ae81af2620
instanceKlass  @bci org/gradle/execution/plan/DefaultFinalizedExecutionPlan updateAllDependenciesCompleteForPredecessors (Lorg/gradle/execution/plan/Node;)V 3 <appendix> member <vmtarget> ; # org/gradle/execution/plan/DefaultFinalizedExecutionPlan$$Lambda+0x000001ae81af23e8
instanceKlass  @bci org/gradle/execution/plan/DefaultFinalizedExecutionPlan finishedExecuting (Lorg/gradle/execution/plan/Node;Ljava/lang/Throwable;)V 82 <appendix> member <vmtarget> ; # org/gradle/execution/plan/DefaultFinalizedExecutionPlan$$Lambda+0x000001ae81af21b0
instanceKlass  @bci org/gradle/execution/plan/DefaultPlanExecutor$ExecutorWorker markFinished (Ljava/lang/Object;Lorg/gradle/execution/plan/WorkSource;Ljava/lang/Throwable;)V 17 <appendix> member <vmtarget> ; # org/gradle/execution/plan/DefaultPlanExecutor$ExecutorWorker$$Lambda+0x000001ae81af1f88
instanceKlass  @bci org/gradle/execution/plan/ResolveMutationsNode$1 run (Lorg/gradle/internal/operations/BuildOperationContext;)V 26 <appendix> member <vmtarget> ; # org/gradle/execution/plan/ResolveMutationsNode$1$$Lambda+0x000001ae81af1d50
instanceKlass  @bci org/gradle/execution/plan/ResolveMutationsNode$1 run (Lorg/gradle/internal/operations/BuildOperationContext;)V 13 <appendix> member <vmtarget> ; # org/gradle/execution/plan/ResolveMutationsNode$1$$Lambda+0x000001ae81af1b18
instanceKlass  @bci org/gradle/api/internal/AbstractTask acceptServiceReferences (Ljava/util/Set;)V 24 <appendix> member <vmtarget> ; # org/gradle/api/internal/AbstractTask$$Lambda+0x000001ae81af18d0
instanceKlass  @bci org/gradle/execution/plan/DefaultNodeValidator getUniqueErrors (Ljava/util/List;)Ljava/util/Set; 16 <appendix> argL0 ; # org/gradle/execution/plan/DefaultNodeValidator$$Lambda+0x000001ae81af1690
instanceKlass org/gradle/internal/reflect/validation/TypeValidationProblemRenderer
instanceKlass  @bci org/gradle/execution/plan/DefaultNodeValidator getUniqueErrors (Ljava/util/List;)Ljava/util/Set; 6 <appendix> argL0 ; # org/gradle/execution/plan/DefaultNodeValidator$$Lambda+0x000001ae81af1238
instanceKlass  @bci org/gradle/execution/plan/DefaultNodeValidator logWarnings (Ljava/util/List;)V 16 <appendix> argL0 ; # org/gradle/execution/plan/DefaultNodeValidator$$Lambda+0x000001ae81af1008
instanceKlass  @bci org/gradle/execution/plan/DefaultNodeValidator logWarnings (Ljava/util/List;)V 6 <appendix> argL0 ; # org/gradle/execution/plan/DefaultNodeValidator$$Lambda+0x000001ae81af0db8
instanceKlass org/gradle/api/problems/internal/InternalProblem
instanceKlass org/gradle/api/internal/tasks/properties/AbstractValidatingProperty
instanceKlass org/gradle/api/internal/tasks/properties/ValidatingProperty
instanceKlass org/gradle/api/internal/tasks/properties/LifecycleAwareValue
instanceKlass org/gradle/api/internal/tasks/properties/AbstractPropertySpec
instanceKlass org/gradle/api/internal/tasks/properties/InputPropertySpec
instanceKlass org/gradle/api/internal/tasks/properties/CompositePropertyVisitor
instanceKlass org/gradle/api/internal/tasks/properties/DefaultTaskProperties$GetDestroyablesVisitor
instanceKlass org/gradle/api/internal/tasks/properties/DefaultTaskProperties$GetLocalStateVisitor
instanceKlass org/gradle/api/internal/tasks/properties/OutputUnpacker$UnpackedOutputConsumer$1
instanceKlass org/gradle/api/internal/tasks/properties/OutputUnpacker
instanceKlass org/gradle/api/internal/tasks/properties/OutputFilesCollector
instanceKlass org/gradle/api/internal/tasks/properties/ValidationAction
instanceKlass org/gradle/api/internal/tasks/properties/DefaultTaskProperties$ValidationVisitor
instanceKlass org/gradle/api/internal/tasks/properties/GetServiceReferencesVisitor
instanceKlass org/gradle/api/internal/tasks/properties/GetInputFilesVisitor
instanceKlass org/gradle/api/internal/tasks/properties/GetInputPropertiesVisitor
instanceKlass org/gradle/api/internal/tasks/properties/DefaultTaskProperties
instanceKlass org/gradle/api/internal/tasks/properties/TaskProperties
instanceKlass  @bci org/gradle/internal/execution/impl/DefaultWorkValidationContext forType (Ljava/lang/Class;Z)Lorg/gradle/internal/reflect/validation/TypeValidationContext; 13 <appendix> member <vmtarget> ; # org/gradle/internal/execution/impl/DefaultWorkValidationContext$$Lambda+0x000001ae81aef168
instanceKlass org/gradle/execution/plan/ResolveMutationsNode$ResolveTaskMutationsDetails
instanceKlass org/gradle/api/internal/tasks/execution/ResolveTaskMutationsBuildOperationType$Details
instanceKlass org/gradle/execution/plan/ResolveMutationsNode$1
instanceKlass org/gradle/execution/plan/MissingTaskDependencyDetector
instanceKlass org/gradle/api/internal/tasks/TaskExecuter
instanceKlass org/gradle/api/internal/changedetection/TaskExecutionModeResolver
instanceKlass org/gradle/api/internal/tasks/execution/TaskCacheabilityResolver
instanceKlass org/gradle/internal/file/ReservedFileSystemLocationRegistry
instanceKlass org/gradle/execution/ProjectExecutionServices
instanceKlass org/gradle/execution/ProjectExecutionServiceRegistry$DefaultNodeExecutionContext
instanceKlass  @bci org/gradle/execution/taskgraph/DefaultTaskExecutionGraph$BuildOperationAwareExecutionAction execute (Lorg/gradle/execution/plan/Node;)V 9 <appendix> member <vmtarget> ; # org/gradle/execution/taskgraph/DefaultTaskExecutionGraph$BuildOperationAwareExecutionAction$$Lambda+0x000001ae81aed9d0
instanceKlass org/gradle/execution/plan/DefaultPlanExecutor$WorkItem
instanceKlass org/gradle/execution/plan/WorkSource$Selection
instanceKlass  @bci org/gradle/execution/plan/DefaultFinalizedExecutionPlan attemptToStart (Lorg/gradle/execution/plan/Node;Ljava/util/List;)Z 45 <appendix> member <vmtarget> ; # org/gradle/execution/plan/DefaultFinalizedExecutionPlan$$Lambda+0x000001ae81aecd00
instanceKlass  @bci org/gradle/execution/plan/DefaultFinalizedExecutionPlan selectNext ()Lorg/gradle/execution/plan/WorkSource$Selection; 144 <appendix> member <vmtarget> ; # org/gradle/execution/plan/DefaultFinalizedExecutionPlan$$Lambda+0x000001ae81aecac8
instanceKlass  @bci org/gradle/execution/plan/DefaultPlanExecutor$ExecutorWorker getNextItem (Lorg/gradle/internal/work/WorkerLeaseRegistry$WorkerLease;)Lorg/gradle/execution/plan/DefaultPlanExecutor$WorkItem; 20 <appendix> member <vmtarget> ; # org/gradle/execution/plan/DefaultPlanExecutor$ExecutorWorker$$Lambda+0x000001ae81aec440
instanceKlass org/gradle/execution/plan/DefaultPlanExecutor$ExecutorState$WorkerState
instanceKlass org/gradle/execution/plan/DefaultPlanExecutor$ExecutorWorker
instanceKlass  @bci org/gradle/execution/plan/DefaultPlanExecutor maybeStartWorkers (Lorg/gradle/execution/plan/DefaultPlanExecutor$MergedQueues;Ljava/util/concurrent/Executor;)V 18 <adapter> ; # java/lang/invoke/LambdaForm$MH+0x000001ae81ae8800
# instanceKlass java/lang/invoke/LambdaForm$DMH+0x000001ae81ae8400
instanceKlass  @bci org/gradle/execution/plan/DefaultPlanExecutor maybeStartWorkers (Lorg/gradle/execution/plan/DefaultPlanExecutor$MergedQueues;Ljava/util/concurrent/Executor;)V 18 <appendix> form vmentry <vmtarget> ; # java/lang/invoke/LambdaForm$DMH+0x000001ae81ae8000
instanceKlass  @bci org/gradle/execution/plan/DefaultPlanExecutor maybeStartWorkers (Lorg/gradle/execution/plan/DefaultPlanExecutor$MergedQueues;Ljava/util/concurrent/Executor;)V 18 <appendix> member <vmtarget> ; # org/gradle/execution/plan/DefaultPlanExecutor$$Lambda+0x000001ae81ae36f8
instanceKlass  @bci org/gradle/execution/plan/DefaultPlanExecutor$MergedQueues add (Lorg/gradle/execution/plan/DefaultPlanExecutor$PlanDetails;)V 6 <appendix> member <vmtarget> ; # org/gradle/execution/plan/DefaultPlanExecutor$MergedQueues$$Lambda+0x000001ae81ae34d0
instanceKlass org/gradle/execution/plan/DefaultPlanExecutor$PlanDetails
instanceKlass org/gradle/execution/taskgraph/DefaultTaskExecutionGraph$InvokeNodeExecutorsAction
instanceKlass org/gradle/execution/taskgraph/DefaultTaskExecutionGraph$BuildOperationAwareExecutionAction
instanceKlass  @bci org/gradle/execution/ProjectExecutionServiceRegistry <init> (Lorg/gradle/internal/service/ServiceRegistry;)V 29 <appendix> member <vmtarget> ; # org/gradle/execution/ProjectExecutionServiceRegistry$$Lambda+0x000001ae81ae2c18
instanceKlass org/gradle/execution/ProjectExecutionServiceRegistry
instanceKlass  @bci org/gradle/execution/SelectedTaskExecutionAction bindAllReferencesOfProject (Lorg/gradle/execution/plan/FinalizedExecutionPlan;)V 20 <appendix> member <vmtarget> ; # org/gradle/execution/SelectedTaskExecutionAction$$Lambda+0x000001ae81ae2350
instanceKlass org/gradle/execution/BuildOperationFiringBuildWorkerExecutor$ExecuteTasks
instanceKlass  @bci org/gradle/internal/model/StateTransitionController tryTransition (Lorg/gradle/internal/model/StateTransitionController$State;Lorg/gradle/internal/model/StateTransitionController$State;Ljava/util/function/Supplier;)Lorg/gradle/internal/build/ExecutionResult; 8 <appendix> member <vmtarget> ; # org/gradle/internal/model/StateTransitionController$$Lambda+0x000001ae81ae1ed0
instanceKlass  @bci org/gradle/internal/build/DefaultBuildLifecycleController executeTasks (Lorg/gradle/execution/plan/BuildWorkPlan;)Lorg/gradle/internal/build/ExecutionResult; 29 <appendix> member <vmtarget> ; # org/gradle/internal/build/DefaultBuildLifecycleController$$Lambda+0x000001ae81ae1ca8
instanceKlass  @bci org/gradle/composite/internal/DefaultBuildController doRun ()Lorg/gradle/internal/build/ExecutionResult; 13 <appendix> member <vmtarget> ; # org/gradle/composite/internal/DefaultBuildController$$Lambda+0x000001ae81ae4450
instanceKlass  @bci org/gradle/composite/internal/DefaultBuildController$BuildOpRunnable run ()V 8 <appendix> member <vmtarget> ; # org/gradle/composite/internal/DefaultBuildController$BuildOpRunnable$$Lambda+0x000001ae81ae4228
instanceKlass  @bci org/gradle/composite/internal/DefaultBuildControllers awaitCompletion (Ljava/util/concurrent/CountDownLatch;)V 15 <appendix> member <vmtarget> ; # org/gradle/composite/internal/DefaultBuildControllers$$Lambda+0x000001ae81ae4000
instanceKlass org/gradle/composite/internal/DefaultBuildController$BuildOpRunnable
instanceKlass  @bci org/gradle/composite/internal/DefaultBuildControllers execute ()Lorg/gradle/internal/build/ExecutionResult; 70 <appendix> member <vmtarget> ; # org/gradle/composite/internal/DefaultBuildControllers$$Lambda+0x000001ae81ad3a28
instanceKlass org/gradle/composite/internal/DefaultIncludedBuildTaskGraph$DefaultBuildTreeWorkGraph$1$1
instanceKlass org/gradle/internal/taskgraph/CalculateTreeTaskGraphBuildOperationType$Result
instanceKlass  @bci org/gradle/api/tasks/Delete_Decorated $gradleInit ()V 1 <appendix> member <vmtarget> ; # org/gradle/api/tasks/Delete_Decorated$$Lambda+0x000001ae81ae1880
instanceKlass org/gradle/execution/taskgraph/NotifyTaskGraphWhenReadyBuildOperationType$1
instanceKlass org/gradle/execution/taskgraph/NotifyTaskGraphWhenReadyBuildOperationType$Result
instanceKlass org/gradle/execution/taskgraph/NotifyTaskGraphWhenReadyBuildOperationType
instanceKlass  @bci org/gradle/configuration/internal/DefaultListenerBuildOperationDecorator$BuildOperationEmittingInvocationHandler$1 run (Lorg/gradle/internal/operations/BuildOperationContext;)V 17 <appendix> member <vmtarget> ; # org/gradle/configuration/internal/DefaultListenerBuildOperationDecorator$BuildOperationEmittingInvocationHandler$1$$Lambda+0x000001ae81ae0480
instanceKlass org/gradle/execution/taskgraph/DefaultTaskExecutionGraph$NotifyTaskGraphWhenReadyDetails
instanceKlass org/gradle/execution/taskgraph/NotifyTaskGraphWhenReadyBuildOperationType$Details
instanceKlass org/gradle/execution/taskgraph/DefaultTaskExecutionGraph$NotifyTaskGraphWhenReady
instanceKlass  @bci org/gradle/execution/taskgraph/DefaultTaskExecutionGraph fireWhenReady ()V 15 <appendix> member <vmtarget> ; # org/gradle/execution/taskgraph/DefaultTaskExecutionGraph$$Lambda+0x000001ae81adca70
instanceKlass it/unimi/dsi/fastutil/objects/ObjectOpenHashSet$SetIterator
instanceKlass  @bci org/gradle/execution/plan/DefaultFinalizedExecutionPlan <init> (Ljava/lang/String;Lorg/gradle/execution/plan/OrdinalNodeAccess;Lorg/gradle/execution/plan/ExecutionNodeAccessHierarchy;Lorg/gradle/execution/plan/ExecutionNodeAccessHierarchy;Lorg/gradle/internal/resources/ResourceLockCoordinationService;Ljava/util/List;ZLorg/gradle/execution/plan/QueryableExecutionPlan;Ljava/util/function/Consumer;)V 217 <appendix> member <vmtarget> ; # org/gradle/execution/plan/DefaultFinalizedExecutionPlan$$Lambda+0x000001ae81addc60
instanceKlass  @bci org/gradle/execution/plan/DefaultFinalizedExecutionPlan <init> (Ljava/lang/String;Lorg/gradle/execution/plan/OrdinalNodeAccess;Lorg/gradle/execution/plan/ExecutionNodeAccessHierarchy;Lorg/gradle/execution/plan/ExecutionNodeAccessHierarchy;Lorg/gradle/internal/resources/ResourceLockCoordinationService;Ljava/util/List;ZLorg/gradle/execution/plan/QueryableExecutionPlan;Ljava/util/function/Consumer;)V 50 <appendix> member <vmtarget> ; # org/gradle/execution/plan/DefaultFinalizedExecutionPlan$$Lambda+0x000001ae81adda38
instanceKlass org/gradle/execution/plan/DefaultFinalizedExecutionPlan$ExecutionQueue
instanceKlass org/gradle/execution/plan/DefaultFinalizedExecutionPlan$1
instanceKlass org/gradle/execution/plan/DefaultFinalizedExecutionPlan
instanceKlass org/gradle/execution/plan/WorkSource
instanceKlass  @bci org/gradle/execution/plan/DefaultExecutionPlan onComplete (Ljava/util/function/Consumer;)V 8 <appendix> member <vmtarget> ; # org/gradle/execution/plan/DefaultExecutionPlan$$Lambda+0x000001ae81adfcd0
instanceKlass  @bci org/gradle/internal/build/DefaultBuildLifecycleController finalizeWorkGraph (Lorg/gradle/execution/plan/BuildWorkPlan;)V 26 <appendix> member <vmtarget> ; # org/gradle/internal/build/DefaultBuildLifecycleController$$Lambda+0x000001ae81adfaa8
instanceKlass  @bci org/gradle/composite/internal/DefaultBuildController checkForCyclesFor (Lorg/gradle/api/internal/TaskInternal;Ljava/util/Set;Ljava/util/Set;)V 129 <appendix> member <vmtarget> ; # org/gradle/composite/internal/DefaultBuildController$$Lambda+0x000001ae81ad35e0
instanceKlass org/gradle/internal/build/BuildOperationFiringBuildWorkPreparer$PopulateWorkGraph$CalculateTaskGraphResult
instanceKlass org/gradle/internal/taskgraph/CalculateTaskGraphBuildOperationType$Result
instanceKlass  @bci org/gradle/internal/build/PlannedNodeGraph$Collector getNodeIdentityOrNull (Lorg/gradle/execution/plan/Node;)Lorg/gradle/internal/taskgraph/NodeIdentity; 26 <appendix> member <vmtarget> ; # org/gradle/internal/build/PlannedNodeGraph$Collector$$Lambda+0x000001ae81adf3e0
instanceKlass org/gradle/execution/plan/ToPlannedTaskConverter$PlannedTaskIdentity
instanceKlass org/gradle/initialization/DefaultPlannedTask
instanceKlass org/gradle/internal/taskgraph/CalculateTaskGraphBuildOperationType$PlannedTask
instanceKlass org/gradle/internal/build/PlannedNodeGraph
instanceKlass  @bci org/gradle/internal/build/PlannedNodeGraph$Collector findNodeDependencies (Lorg/gradle/execution/plan/Node;)Ljava/util/List; 6 <appendix> member <vmtarget> ; # org/gradle/internal/build/PlannedNodeGraph$Collector$$Lambda+0x000001ae81ade868
instanceKlass org/gradle/internal/build/PlannedNodeGraph$IdentityProvider
instanceKlass  @bci org/gradle/internal/build/PlannedNodeGraph$Collector findNodeDependencies (Lorg/gradle/execution/plan/Node;)Ljava/util/List; 0 <appendix> argL0 ; # org/gradle/internal/build/PlannedNodeGraph$Collector$$Lambda+0x000001ae81ade448
instanceKlass org/gradle/internal/build/PlannedNodeGraph$DependencyTraverser
instanceKlass  @bci org/gradle/execution/plan/ToPlannedNodeConverterRegistry getConverter (Lorg/gradle/execution/plan/Node;)Lorg/gradle/execution/plan/ToPlannedNodeConverter; 11 <appendix> member <vmtarget> ; # org/gradle/execution/plan/ToPlannedNodeConverterRegistry$$Lambda+0x000001ae81ade000
instanceKlass  @bci org/gradle/internal/build/BuildOperationFiringBuildWorkPreparer$PopulateWorkGraph computePlannedNodeGraph (Lorg/gradle/execution/plan/QueryableExecutionPlan$ScheduledNodes;)Lorg/gradle/internal/build/PlannedNodeGraph; 14 <appendix> member <vmtarget> ; # org/gradle/internal/build/BuildOperationFiringBuildWorkPreparer$PopulateWorkGraph$$Lambda+0x000001ae81ad7c88
instanceKlass  @bci org/gradle/execution/plan/ToPlannedNodeConverterRegistry getConvertedNodeTypes ()Ljava/util/Set; 9 <appendix> argL0 ; # org/gradle/execution/plan/ToPlannedNodeConverterRegistry$$Lambda+0x000001ae81ad7408
instanceKlass org/gradle/internal/build/PlannedNodeGraph$Collector
instanceKlass org/gradle/execution/plan/ScheduledWork
instanceKlass java/util/IdentityHashMap$IdentityHashMapIterator
instanceKlass  @bci org/gradle/execution/plan/DetermineExecutionPlanAction createOrdinalRelationships (Lorg/gradle/execution/plan/Node;Lcom/google/common/collect/ImmutableList$Builder;)V 85 <appendix> member <vmtarget> ; # org/gradle/execution/plan/DetermineExecutionPlanAction$$Lambda+0x000001ae81ad6928
instanceKlass org/gradle/execution/plan/DetermineExecutionPlanAction$TaskClassifier
instanceKlass  @bci org/gradle/execution/plan/DetermineExecutionPlanAction removeShouldRunAfterSuccessorsIfTheyImposeACycle (Lorg/gradle/execution/plan/TaskNode;I)V 6 <appendix> member <vmtarget> ; # org/gradle/execution/plan/DetermineExecutionPlanAction$$Lambda+0x000001ae81ad5c80
instanceKlass  @cpi org/gradle/execution/plan/DetermineExecutionPlanAction 673 form vmentry <vmtarget> ; # java/lang/invoke/LambdaForm$DMH+0x000001ae81adc000
instanceKlass org/gradle/execution/plan/DetermineExecutionPlanAction$NodeInVisitingSegment
instanceKlass org/gradle/execution/plan/DetermineExecutionPlanAction
instanceKlass  @bci org/gradle/plugin/devel/tasks/GeneratePluginDescriptors_Decorated $gradleInit ()V 1 <appendix> member <vmtarget> ; # org/gradle/plugin/devel/tasks/GeneratePluginDescriptors_Decorated$$Lambda+0x000001ae81ad33b8
instanceKlass  @bci org/gradle/plugin/devel/tasks/GeneratePluginDescriptors <init> ()V 9 <appendix> argL0 ; # org/gradle/plugin/devel/tasks/GeneratePluginDescriptors$$Lambda+0x000001ae81ad3198
instanceKlass org/jetbrains/kotlin/gradle/plugin/sources/SourceSetsVisibilityInferenceKt
instanceKlass org/gradle/api/internal/provider/BuildableBackedProvider$1
instanceKlass org/gradle/api/internal/AbstractTask$6
instanceKlass org/jetbrains/kotlin/gradle/plugin/diagnostics/CheckKotlinGradlePluginConfigurationErrorsKt$locateOrRegisterCheckKotlinGradlePluginErrorsTask$taskProvider$1$5
instanceKlass org/jetbrains/kotlin/gradle/plugin/diagnostics/CheckKotlinGradlePluginConfigurationErrorsKt$locateOrRegisterCheckKotlinGradlePluginErrorsTask$taskProvider$1$4
instanceKlass org/jetbrains/kotlin/gradle/plugin/diagnostics/CheckKotlinGradlePluginConfigurationErrorsKt$locateOrRegisterCheckKotlinGradlePluginErrorsTask$taskProvider$1$3
instanceKlass org/jetbrains/kotlin/gradle/plugin/diagnostics/CheckKotlinGradlePluginConfigurationErrorsKt$locateOrRegisterCheckKotlinGradlePluginErrorsTask$taskProvider$1$2
instanceKlass  @bci org/jetbrains/kotlin/gradle/plugin/diagnostics/CheckKotlinGradlePluginConfigurationErrors_Decorated $gradleInit ()V 1 <appendix> member <vmtarget> ; # org/jetbrains/kotlin/gradle/plugin/diagnostics/CheckKotlinGradlePluginConfigurationErrors_Decorated$$Lambda+0x000001ae81a938a0
instanceKlass org/jetbrains/kotlin/gradle/plugin/diagnostics/CheckKotlinGradlePluginConfigurationErrors$Companion
instanceKlass org/jetbrains/kotlin/gradle/plugin/SubpluginOption
instanceKlass com/google/errorprone/annotations/concurrent/LazyInit
instanceKlass  @bci org/gradle/internal/reflect/validation/ReplayingTypeValidationContext visitPropertyProblem (Lorg/gradle/api/Action;)V 5 <appendix> member <vmtarget> ; # org/gradle/internal/reflect/validation/ReplayingTypeValidationContext$$Lambda+0x000001ae81acfdc8
instanceKlass  @bci org/gradle/internal/properties/annotations/MissingPropertyAnnotationHandler lambda$static$2 (Lorg/gradle/internal/reflect/validation/TypeValidationContext;Lorg/gradle/internal/reflect/annotations/PropertyAnnotationMetadata;Ljava/lang/String;)V 3 <appendix> member <vmtarget> ; # org/gradle/internal/properties/annotations/MissingPropertyAnnotationHandler$$Lambda+0x000001ae81acfba0
# instanceKlass java/lang/invoke/LambdaForm$MH+0x000001ae81ad0400
instanceKlass org/jetbrains/kotlin/gradle/tasks/KotlinCompilerPluginData$InputsOutputsState
instanceKlass org/jetbrains/kotlin/gradle/tasks/AbstractKotlinCompile$friendPathsSet$1
instanceKlass org/gradle/jvm/toolchain/internal/DefaultToolchainJavaCompiler
instanceKlass org/gradle/api/internal/tasks/compile/JavaCompileExecutableUtils
instanceKlass  @bci org/gradle/api/plugins/internal/JvmPluginsHelper computeTargetCompatibilityConvention (Lorg/gradle/api/plugins/internal/DefaultJavaPluginExtension;Lorg/gradle/api/tasks/compile/AbstractCompile;Ljava/util/function/BiFunction;)Lorg/gradle/api/JavaVersion; 25 <appendix> member <vmtarget> ; # org/gradle/api/plugins/internal/JvmPluginsHelper$$Lambda+0x000001ae81ad2000
instanceKlass  @bci org/gradle/api/plugins/internal/JvmPluginsHelper computeSourceCompatibilityConvention (Lorg/gradle/api/plugins/internal/DefaultJavaPluginExtension;Ljava/util/function/BiFunction;)Lorg/gradle/api/JavaVersion; 11 <appendix> member <vmtarget> ; # org/gradle/api/plugins/internal/JvmPluginsHelper$$Lambda+0x000001ae81acbbe0
instanceKlass org/gradle/api/internal/tasks/compile/CompilationSourceDirs$SourceRoots
instanceKlass org/gradle/api/internal/tasks/compile/CompilationSourceDirs
instanceKlass org/gradle/api/internal/artifacts/ivyservice/ShortCircuitingResolutionExecutor$EmptyResults
instanceKlass  @bci org/gradle/api/internal/artifacts/ivyservice/resolveengine/result/ResolutionResultGraphBuilder empty (Lorg/gradle/api/artifacts/ModuleVersionIdentifier;Lorg/gradle/api/artifacts/component/ComponentIdentifier;Lorg/gradle/api/internal/attributes/ImmutableAttributes;Lorg/gradle/internal/component/external/model/ImmutableCapabilities;Ljava/lang/String;Lorg/gradle/api/internal/attributes/AttributeDesugaring;)Lorg/gradle/api/internal/artifacts/result/MinimalResolutionResult; 86 <appendix> member <vmtarget> ; # org/gradle/api/internal/artifacts/ivyservice/resolveengine/result/ResolutionResultGraphBuilder$$Lambda+0x000001ae81acada0
instanceKlass org/gradle/jvm/toolchain/internal/operations/JavaToolchainUsageProgressDetails$JavaToolchain
instanceKlass org/gradle/jvm/toolchain/internal/DefaultJavaToolchainUsageProgressDetails
instanceKlass org/gradle/jvm/toolchain/internal/operations/JavaToolchainUsageProgressDetails
instanceKlass org/gradle/jvm/toolchain/internal/JavaToolchainInput
instanceKlass  @bci org/gradle/internal/serialization/Cached$Deferred tryComputation (Ljava/util/concurrent/Callable;)Lorg/gradle/internal/Try; 5 <appendix> member <vmtarget> ; # org/gradle/internal/serialization/Cached$Deferred$$Lambda+0x000001ae81acf350
instanceKlass org/gradle/internal/evaluation/ScopedEvaluation
instanceKlass  @bci org/gradle/jvm/toolchain/internal/JavaToolchainQueryService resolveToolchain (Lorg/gradle/jvm/toolchain/internal/JavaToolchainSpecInternal;Ljava/util/Set;)Lorg/gradle/jvm/toolchain/internal/JavaToolchain; 113 <appendix> member <vmtarget> ; # org/gradle/jvm/toolchain/internal/JavaToolchainQueryService$$Lambda+0x000001ae81acef08
instanceKlass org/gradle/jvm/toolchain/internal/JavaToolchainQueryService$ToolchainLookupKey
instanceKlass  @bci org/gradle/internal/properties/annotations/AbstractTypeMetadataWalker$InstanceTypeMetadataWalker walkNestedProvider (Ljava/lang/Object;Ljava/lang/String;Lorg/gradle/internal/properties/annotations/PropertyMetadata;Lorg/gradle/internal/properties/annotations/TypeMetadataWalker$InstanceMetadataVisitor;ZLjava/util/function/Consumer;)V 2 <appendix> member <vmtarget> ; # org/gradle/internal/properties/annotations/AbstractTypeMetadataWalker$InstanceTypeMetadataWalker$$Lambda+0x000001ae81acead0
instanceKlass  @bci org/gradle/internal/properties/annotations/AbstractTypeMetadataWalker walkNested (Ljava/lang/Object;Ljava/lang/String;Lorg/gradle/internal/properties/annotations/PropertyMetadata;Lorg/gradle/internal/properties/annotations/TypeMetadataWalker$TypeMetadataVisitor;Ljava/util/Map;Z)V 34 <appendix> member <vmtarget> ; # org/gradle/internal/properties/annotations/AbstractTypeMetadataWalker$$Lambda+0x000001ae81ace898
instanceKlass  @cpi org/gradle/internal/properties/annotations/AbstractTypeMetadataWalker 262 form vmentry <vmtarget> ; # java/lang/invoke/LambdaForm$DMH+0x000001ae81ad0000
instanceKlass  @bci org/gradle/internal/properties/annotations/AbstractTypeMetadataWalker walkNested (Ljava/lang/Object;Ljava/lang/String;Lorg/gradle/internal/properties/annotations/PropertyMetadata;Lorg/gradle/internal/properties/annotations/TypeMetadataWalker$TypeMetadataVisitor;Ljava/util/Map;Z)V 129 <appendix> member <vmtarget> ; # org/gradle/internal/properties/annotations/AbstractTypeMetadataWalker$$Lambda+0x000001ae81ace660
instanceKlass  @bci org/gradle/api/tasks/compile/GroovyForkOptions_Decorated $gradleInit ()V 1 <appendix> member <vmtarget> ; # org/gradle/api/tasks/compile/GroovyForkOptions_Decorated$$Lambda+0x000001ae81aca740
instanceKlass org/gradle/internal/properties/bean/DefaultPropertyWalker$ImplementationPropertyValue
instanceKlass org/gradle/internal/scripts/ScriptOriginUtil
instanceKlass org/gradle/util/internal/ClosureBackedAction
instanceKlass  @bci org/gradle/internal/properties/annotations/NestedValidationUtil validateBeanType (Lorg/gradle/internal/reflect/validation/TypeValidationContext;Ljava/lang/String;Ljava/lang/Class;)V 7 <appendix> member <vmtarget> ; # org/gradle/internal/properties/annotations/NestedValidationUtil$$Lambda+0x000001ae81acdd80
instanceKlass org/gradle/internal/properties/annotations/NestedValidationUtil
instanceKlass  @bci org/gradle/internal/properties/annotations/AbstractTypeMetadataWalker$InstanceTypeMetadataWalker walkNestedChild (Ljava/lang/Object;Ljava/lang/String;Lorg/gradle/internal/properties/annotations/PropertyMetadata;Lorg/gradle/internal/properties/annotations/TypeMetadataWalker$InstanceMetadataVisitor;Ljava/util/function/Consumer;)V 7 <appendix> member <vmtarget> ; # org/gradle/internal/properties/annotations/AbstractTypeMetadataWalker$InstanceTypeMetadataWalker$$Lambda+0x000001ae81acd950
instanceKlass  @bci org/gradle/internal/properties/annotations/AbstractTypeMetadataWalker lambda$walkChildren$4 (Ljava/lang/Object;Ljava/lang/String;Lorg/gradle/internal/properties/annotations/TypeMetadataWalker$TypeMetadataVisitor;Ljava/util/Map;Lorg/gradle/internal/properties/annotations/PropertyMetadata;)V 37 <appendix> member <vmtarget> ; # org/gradle/internal/properties/annotations/AbstractTypeMetadataWalker$$Lambda+0x000001ae81acd718
instanceKlass org/gradle/execution/plan/NodeSets$LazySortedReferenceHashSet$1
instanceKlass org/gradle/api/internal/project/ProjectOrderingUtil
instanceKlass it/unimi/dsi/fastutil/objects/ObjectIterators$EmptyIterator
instanceKlass it/unimi/dsi/fastutil/objects/ObjectList
instanceKlass it/unimi/dsi/fastutil/objects/ObjectIterators
instanceKlass org/gradle/execution/plan/edges/DependencyPredecessorsOnlyNodeSet
instanceKlass org/gradle/execution/plan/edges/DependencySuccessorsOnlyNodeSet
instanceKlass  @bci org/gradle/api/DefaultTask_Decorated $gradleInit ()V 1 <appendix> member <vmtarget> ; # org/gradle/api/DefaultTask_Decorated$$Lambda+0x000001ae81ac76e0
instanceKlass  @bci org/gradle/api/tasks/compile/GroovyCompileOptions_Decorated $gradleInit ()V 1 <appendix> member <vmtarget> ; # org/gradle/api/tasks/compile/GroovyCompileOptions_Decorated$$Lambda+0x000001ae81aca158
instanceKlass  @bci org/gradle/api/plugins/internal/JvmPluginsHelper compileAgainstJavaOutputs (Lorg/gradle/api/tasks/compile/AbstractCompile;Lorg/gradle/api/tasks/SourceSet;Lorg/gradle/api/model/ObjectFactory;)V 35 <appendix> member <vmtarget> ; # org/gradle/api/plugins/internal/JvmPluginsHelper$$Lambda+0x000001ae81ac9828
instanceKlass  @bci org/gradle/api/plugins/internal/JvmPluginsHelper compileAgainstJavaOutputs (Lorg/gradle/api/tasks/compile/AbstractCompile;Lorg/gradle/api/tasks/SourceSet;Lorg/gradle/api/model/ObjectFactory;)V 16 <appendix> member <vmtarget> ; # org/gradle/api/plugins/internal/JvmPluginsHelper$$Lambda+0x000001ae81ac9600
instanceKlass  @bci org/gradle/api/plugins/GroovyBasePlugin lambda$configureCompileDefaults$2 (Lorg/gradle/api/tasks/GroovyRuntime;Lorg/gradle/api/Project;Lorg/gradle/api/tasks/compile/GroovyCompile;)V 40 <appendix> member <vmtarget> ; # org/gradle/api/plugins/GroovyBasePlugin$$Lambda+0x000001ae81ac93c8
instanceKlass  @bci org/gradle/api/plugins/GroovyBasePlugin lambda$configureCompileDefaults$2 (Lorg/gradle/api/tasks/GroovyRuntime;Lorg/gradle/api/Project;Lorg/gradle/api/tasks/compile/GroovyCompile;)V 9 <appendix> member <vmtarget> ; # org/gradle/api/plugins/GroovyBasePlugin$$Lambda+0x000001ae81ac91a0
instanceKlass  @bci org/gradle/api/tasks/compile/GroovyCompile_Decorated $gradleInit ()V 1 <appendix> member <vmtarget> ; # org/gradle/api/tasks/compile/GroovyCompile_Decorated$$Lambda+0x000001ae81ac8f78
instanceKlass  @bci org/gradle/api/tasks/compile/GroovyCompile <init> ()V 103 <appendix> member <vmtarget> ; # org/gradle/api/tasks/compile/GroovyCompile$$Lambda+0x000001ae81ac8d50
instanceKlass  @bci org/gradle/api/tasks/compile/GroovyCompile <init> ()V 69 <appendix> argL0 ; # org/gradle/api/tasks/compile/GroovyCompile$$Lambda+0x000001ae81abbdb0
instanceKlass  @bci org/gradle/api/tasks/compile/GroovyCompile <init> ()V 21 <appendix> member <vmtarget> ; # org/gradle/api/tasks/compile/GroovyCompile$$Lambda+0x000001ae81abbb88
instanceKlass org/gradle/api/tasks/compile/GroovyCompileOptions
instanceKlass  @bci org/gradle/api/internal/file/collections/ProviderBackedFileCollection visitDependencies (Lorg/gradle/api/internal/tasks/TaskDependencyResolveContext;)V 39 <appendix> member <vmtarget> ; # org/gradle/api/internal/file/collections/ProviderBackedFileCollection$$Lambda+0x000001ae81ac7258
instanceKlass  @bci org/gradle/execution/plan/TaskNodeDependencyResolver resolve (Lorg/gradle/api/Task;Ljava/lang/Object;Lorg/gradle/api/Action;)Z 7 <appendix> member <vmtarget> ; # org/gradle/execution/plan/TaskNodeDependencyResolver$$Lambda+0x000001ae81ac7030
instanceKlass  @bci org/gradle/api/internal/file/CompositeFileCollection visitDependencies (Lorg/gradle/api/internal/tasks/TaskDependencyResolveContext;)V 7 <appendix> member <vmtarget> ; # org/gradle/api/internal/file/CompositeFileCollection$$Lambda+0x000001ae81ac6df8
instanceKlass org/gradle/internal/reflect/validation/TypeValidationContext$1
instanceKlass org/gradle/api/internal/tasks/TaskPropertyUtils
instanceKlass org/gradle/api/internal/tasks/DefaultTaskInputs$1
instanceKlass org/gradle/internal/build/DefaultBuildLifecycleController$DefaultWorkGraphBuilder
instanceKlass org/gradle/internal/build/BuildOperationFiringBuildWorkPreparer$PopulateWorkGraph$1
instanceKlass org/gradle/internal/taskgraph/CalculateTaskGraphBuildOperationType$Details
instanceKlass org/gradle/internal/build/BuildOperationFiringBuildWorkPreparer$PopulateWorkGraph
instanceKlass  @bci org/gradle/internal/build/DefaultBuildLifecycleController lambda$populateWorkGraph$8 (Lorg/gradle/internal/build/DefaultBuildLifecycleController$DefaultBuildWorkPlan;Ljava/util/function/Consumer;)V 14 <appendix> member <vmtarget> ; # org/gradle/internal/build/DefaultBuildLifecycleController$$Lambda+0x000001ae81ac5c18
instanceKlass  @bci org/gradle/internal/build/DefaultBuildLifecycleController populateWorkGraph (Lorg/gradle/execution/plan/BuildWorkPlan;Ljava/util/function/Consumer;)V 22 <appendix> member <vmtarget> ; # org/gradle/internal/build/DefaultBuildLifecycleController$$Lambda+0x000001ae81ac59f0
instanceKlass  @bci org/gradle/internal/build/DefaultBuildWorkGraphController$DefaultBuildWorkGraph lambda$schedule$1 (Ljava/util/List;)V 28 <appendix> member <vmtarget> ; # org/gradle/internal/build/DefaultBuildWorkGraphController$DefaultBuildWorkGraph$$Lambda+0x000001ae81ac57b8
instanceKlass org/gradle/internal/build/BuildLifecycleController$WorkGraphBuilder
instanceKlass  @bci org/gradle/internal/model/StateTransitionController maybeTransition (Lorg/gradle/internal/model/StateTransitionController$State;Lorg/gradle/internal/model/StateTransitionController$State;Ljava/lang/Runnable;)V 8 <appendix> member <vmtarget> ; # org/gradle/internal/model/StateTransitionController$$Lambda+0x000001ae81ac5390
instanceKlass  @bci org/gradle/internal/build/DefaultBuildLifecycleController prepareToScheduleTasks ()V 11 <appendix> member <vmtarget> ; # org/gradle/internal/build/DefaultBuildLifecycleController$$Lambda+0x000001ae81ac5168
instanceKlass  @bci org/gradle/internal/build/DefaultBuildWorkGraphController$DefaultBuildWorkGraph createPlan ()V 28 <appendix> member <vmtarget> ; # org/gradle/internal/build/DefaultBuildWorkGraphController$DefaultBuildWorkGraph$$Lambda+0x000001ae81ac4f30
instanceKlass org/gradle/internal/build/DefaultBuildLifecycleController$DefaultBuildWorkPlan
instanceKlass org/gradle/execution/plan/OrdinalNodeAccess
instanceKlass  @bci org/gradle/execution/plan/DefaultExecutionPlan <init> (Ljava/lang/String;Lorg/gradle/execution/plan/TaskNodeFactory;Lorg/gradle/execution/plan/OrdinalGroupFactory;Lorg/gradle/execution/plan/TaskDependencyResolver;Lorg/gradle/execution/plan/ExecutionNodeAccessHierarchy;Lorg/gradle/execution/plan/ExecutionNodeAccessHierarchy;Lorg/gradle/internal/resources/ResourceLockCoordinationService;)V 57 <appendix> argL0 ; # org/gradle/execution/plan/DefaultExecutionPlan$$Lambda+0x000001ae81ac43b8
instanceKlass org/gradle/execution/plan/QueryableExecutionPlan$ScheduledNodes
instanceKlass org/gradle/execution/plan/DefaultExecutionPlan
instanceKlass org/gradle/execution/plan/QueryableExecutionPlan
instanceKlass  @bci org/gradle/internal/build/DefaultBuildWorkGraphController$DefaultBuildWorkGraph schedule (Ljava/util/Collection;)Z 134 <appendix> member <vmtarget> ; # org/gradle/internal/build/DefaultBuildWorkGraphController$DefaultBuildWorkGraph$$Lambda+0x000001ae81ac3660
instanceKlass org/gradle/internal/build/DefaultBuildWorkGraphController$DefaultBuildWorkGraph
instanceKlass org/gradle/composite/internal/DefaultBuildController
instanceKlass org/gradle/execution/plan/ResolveMutationsNode$2
instanceKlass org/gradle/api/internal/tasks/execution/ResolveTaskMutationsBuildOperationType$Result
instanceKlass org/gradle/execution/plan/NodeComparator
instanceKlass org/gradle/execution/plan/NodeSets
instanceKlass  @bci it/unimi/dsi/fastutil/objects/ObjectOpenHashSet <clinit> ()V 10 <appendix> argL0 ; # it/unimi/dsi/fastutil/objects/ObjectOpenHashSet$$Lambda+0x000001ae81ac1d78
instanceKlass  @bci it/unimi/dsi/fastutil/objects/ObjectOpenHashSet <clinit> ()V 5 <appendix> argL0 ; # it/unimi/dsi/fastutil/objects/ObjectOpenHashSet$$Lambda+0x000001ae81ac1b48
instanceKlass  @bci it/unimi/dsi/fastutil/objects/ObjectOpenHashSet <clinit> ()V 0 <appendix> argL0 ; # it/unimi/dsi/fastutil/objects/ObjectOpenHashSet$$Lambda+0x000001ae81ac1928
instanceKlass org/gradle/execution/plan/ConsumerState
instanceKlass org/gradle/execution/plan/MutationInfo
instanceKlass org/gradle/execution/plan/edges/DependentNodesSet$1
instanceKlass org/gradle/execution/plan/edges/DependentNodesSet
instanceKlass org/gradle/execution/plan/edges/DependencyNodesSet$1
instanceKlass org/gradle/execution/plan/edges/DependencyNodesSet
instanceKlass  @bci org/gradle/execution/plan/TaskNodeFactory$DefaultTypeOriginInspectorFactory forTask (Lorg/gradle/api/Task;)Lorg/gradle/execution/plan/TaskNodeFactory$DefaultTypeOriginInspectorFactory$ProjectScopedTypeOriginInspector; 11 <appendix> member <vmtarget> ; # org/gradle/execution/plan/TaskNodeFactory$DefaultTypeOriginInspectorFactory$$Lambda+0x000001ae81ab0aa8
instanceKlass org/gradle/execution/plan/TaskNodeFactory$DefaultTypeOriginInspectorFactory$ProjectScopedTypeOriginInspector
instanceKlass org/gradle/execution/plan/NodeGroup
instanceKlass  @bci org/gradle/execution/plan/TaskNodeFactory getOrCreateNode (Lorg/gradle/api/Task;)Lorg/gradle/execution/plan/TaskNode; 6 <appendix> member <vmtarget> ; # org/gradle/execution/plan/TaskNodeFactory$$Lambda+0x000001ae81ab1670
instanceKlass  @bci com/google/common/util/concurrent/Runnables <clinit> ()V 0 <appendix> argL0 ; # com/google/common/util/concurrent/Runnables$$Lambda+0x000001ae81ab1450
instanceKlass  @cpi com/google/common/util/concurrent/Runnables 31 form vmentry <vmtarget> ; # java/lang/invoke/LambdaForm$DMH+0x000001ae81ab0400
instanceKlass com/google/common/util/concurrent/Runnables
instanceKlass  @bci org/gradle/internal/build/DefaultBuildWorkGraphController doLocate (Lorg/gradle/composite/internal/TaskIdentifier;)Lorg/gradle/internal/build/DefaultBuildWorkGraphController$DefaultExportedTaskNode; 11 <appendix> member <vmtarget> ; # org/gradle/internal/build/DefaultBuildWorkGraphController$$Lambda+0x000001ae81ab1000
instanceKlass org/gradle/internal/build/DefaultBuildWorkGraphController$DefaultExportedTaskNode
instanceKlass  @bci org/gradle/composite/internal/DefaultIncludedBuildTaskGraph locateTask (Lorg/gradle/composite/internal/TaskIdentifier;)Lorg/gradle/composite/internal/IncludedBuildTaskResource; 3 <appendix> member <vmtarget> ; # org/gradle/composite/internal/DefaultIncludedBuildTaskGraph$$Lambda+0x000001ae81abab10
instanceKlass org/gradle/composite/internal/DefaultIncludedBuildTaskGraph$TaskBackedResource
instanceKlass org/gradle/composite/internal/IncludedBuildTaskResource
instanceKlass org/gradle/composite/internal/DefaultIncludedBuildTaskGraph$DefaultBuildTreeWorkGraphBuilder
instanceKlass org/gradle/composite/internal/DefaultIncludedBuildTaskGraph$DefaultBuildTreeWorkGraph$1$2
instanceKlass org/gradle/internal/taskgraph/CalculateTreeTaskGraphBuildOperationType$Details
instanceKlass org/gradle/composite/internal/DefaultIncludedBuildTaskGraph$DefaultBuildTreeWorkGraph$1
instanceKlass  @bci org/gradle/api/internal/initialization/DefaultBuildLogicBuildQueue lambda$doBuild$3 (Ljava/util/List;Lorg/gradle/internal/buildtree/BuildTreeWorkGraph;)Ljava/lang/Object; 2 <appendix> member <vmtarget> ; # org/gradle/api/internal/initialization/DefaultBuildLogicBuildQueue$$Lambda+0x000001ae81abf6d8
instanceKlass org/gradle/internal/buildtree/BuildTreeWorkGraph$Builder
instanceKlass  @bci org/gradle/composite/internal/DefaultBuildControllers idComparator ()Ljava/util/Comparator; 0 <appendix> argL0 ; # org/gradle/composite/internal/DefaultBuildControllers$$Lambda+0x000001ae81ab9f38
instanceKlass org/gradle/composite/internal/BuildController
instanceKlass org/gradle/composite/internal/DefaultBuildControllers
instanceKlass org/gradle/composite/internal/BuildControllers
instanceKlass org/gradle/composite/internal/DefaultIncludedBuildTaskGraph$DefaultBuildTreeWorkGraph
instanceKlass org/gradle/internal/buildtree/BuildTreeWorkGraph$FinalizedGraph
instanceKlass  @bci org/gradle/api/internal/initialization/DefaultBuildLogicBuildQueue doBuild (Ljava/util/List;Ljava/util/function/Supplier;)Ljava/lang/Object; 5 <appendix> member <vmtarget> ; # org/gradle/api/internal/initialization/DefaultBuildLogicBuildQueue$$Lambda+0x000001ae81abee90
instanceKlass org/gradle/internal/buildtree/BuildTreeWorkGraph
instanceKlass  @bci org/gradle/api/internal/initialization/DefaultBuildLogicBuildQueue withBuildLogicQueueLock (Ljava/util/function/Supplier;)Ljava/lang/Object; 6 <appendix> member <vmtarget> ; # org/gradle/api/internal/initialization/DefaultBuildLogicBuildQueue$$Lambda+0x000001ae81abea68
instanceKlass org/gradle/api/internal/initialization/DefaultBuildLogicBuildQueue$1
instanceKlass  @bci org/gradle/api/internal/initialization/DefaultBuildLogicBuildQueue build (Lorg/gradle/internal/build/BuildState;Ljava/util/List;Ljava/util/function/Supplier;)Ljava/lang/Object; 65 <appendix> member <vmtarget> ; # org/gradle/api/internal/initialization/DefaultBuildLogicBuildQueue$$Lambda+0x000001ae81abe5f0
instanceKlass  @bci org/gradle/api/internal/initialization/DefaultBuildLogicBuildQueue removeExecuted (Ljava/util/List;)Ljava/util/List; 6 <appendix> argL0 ; # org/gradle/api/internal/initialization/DefaultBuildLogicBuildQueue$$Lambda+0x000001ae81abe3a0
instanceKlass org/gradle/composite/internal/TaskIdentifier$1
instanceKlass org/gradle/composite/internal/TaskIdentifier$TaskBasedTaskIdentifier
instanceKlass org/gradle/composite/internal/TaskIdentifier
instanceKlass org/gradle/api/internal/artifacts/transform/TransformNodeDependency
instanceKlass  @bci org/gradle/api/internal/tasks/CachingTaskDependencyResolveContext$TaskGraphImpl getNodeValues (Ljava/lang/Object;Ljava/util/Collection;Ljava/util/Collection;)V 128 <appendix> member <vmtarget> ; # org/gradle/api/internal/tasks/CachingTaskDependencyResolveContext$TaskGraphImpl$$Lambda+0x000001ae81abd918
instanceKlass org/gradle/api/internal/artifacts/ivyservice/resolveengine/artifact/LocalFileDependencyBackedArtifactSet
instanceKlass org/gradle/api/internal/artifacts/ivyservice/resolveengine/artifact/LocalDependencyFiles
instanceKlass org/gradle/api/internal/artifacts/DefaultResolvableArtifact$ResolveAction
instanceKlass  @bci org/gradle/api/internal/artifacts/ivyservice/projectmodule/ProjectArtifactResolver resolveArtifact (Lorg/gradle/internal/component/model/ComponentArtifactResolveMetadata;Lorg/gradle/internal/component/model/ComponentArtifactMetadata;Lorg/gradle/internal/resolve/result/BuildableArtifactResolveResult;)V 121 <appendix> member <vmtarget> ; # org/gradle/api/internal/artifacts/ivyservice/projectmodule/ProjectArtifactResolver$$Lambda+0x000001ae81ab3630
instanceKlass org/gradle/api/internal/artifacts/ivyservice/projectmodule/ProjectArtifactResolver$ResolvingCalculator
instanceKlass  @bci org/gradle/api/internal/artifacts/publish/ArchivePublishArtifact getFile ()Ljava/io/File; 5 <appendix> member <vmtarget> ; # org/gradle/api/internal/artifacts/publish/ArchivePublishArtifact$$Lambda+0x000001ae81abd6f0
instanceKlass  @bci org/gradle/api/internal/artifacts/ivyservice/projectmodule/ProjectArtifactResolver resolveArtifact (Lorg/gradle/internal/component/model/ComponentArtifactResolveMetadata;Lorg/gradle/internal/component/model/ComponentArtifactMetadata;Lorg/gradle/internal/resolve/result/BuildableArtifactResolveResult;)V 55 <appendix> member <vmtarget> ; # org/gradle/api/internal/artifacts/ivyservice/projectmodule/ProjectArtifactResolver$$Lambda+0x000001ae81ab3158
instanceKlass  @bci org/gradle/api/internal/artifacts/publish/DecoratingPublishArtifact getExtension ()Ljava/lang/String; 13 <appendix> member <vmtarget> ; # org/gradle/api/internal/artifacts/publish/DecoratingPublishArtifact$$Lambda+0x000001ae81abd4c8
instanceKlass  @bci org/gradle/api/internal/artifacts/publish/DecoratingPublishArtifact getType ()Ljava/lang/String; 13 <appendix> member <vmtarget> ; # org/gradle/api/internal/artifacts/publish/DecoratingPublishArtifact$$Lambda+0x000001ae81abd2a0
instanceKlass org/gradle/api/internal/provider/ValueSupplier$TaskProducer
instanceKlass  @bci org/gradle/api/plugins/JavaBasePlugin lambda$createProcessResourcesTask$7 (Lorg/gradle/api/file/SourceDirectorySet;Lorg/gradle/api/tasks/SourceSet;Lorg/gradle/language/jvm/tasks/ProcessResources;)V 48 <appendix> member <vmtarget> ; # org/gradle/api/plugins/JavaBasePlugin$$Lambda+0x000001ae81ab2f30
instanceKlass  @bci org/gradle/language/jvm/tasks/ProcessResources_Decorated $gradleInit ()V 1 <appendix> member <vmtarget> ; # org/gradle/language/jvm/tasks/ProcessResources_Decorated$$Lambda+0x000001ae81ab2d08
instanceKlass  @bci org/gradle/api/internal/file/copy/DestinationRootCopySpec_Decorated $gradleInit ()V 1 <appendix> member <vmtarget> ; # org/gradle/api/internal/file/copy/DestinationRootCopySpec_Decorated$$Lambda+0x000001ae81abcdf0
instanceKlass org/gradle/api/internal/file/copy/DelegatingCopySpecInternal
instanceKlass  @bci org/gradle/api/internal/artifacts/publish/DecoratingPublishArtifact getName ()Ljava/lang/String; 13 <appendix> member <vmtarget> ; # org/gradle/api/internal/artifacts/publish/DecoratingPublishArtifact$$Lambda+0x000001ae81ab6478
instanceKlass  @bci org/gradle/internal/resolve/resolver/DefaultVariantArtifactResolver resolveVariantArtifactSet (Lorg/gradle/internal/component/model/ComponentArtifactResolveMetadata;Lorg/gradle/internal/component/model/VariantIdentifier;Lorg/gradle/internal/component/model/VariantResolveMetadata;)Lorg/gradle/api/internal/artifacts/ivyservice/resolveengine/artifact/ResolvedVariant; 92 <appendix> member <vmtarget> ; # org/gradle/internal/resolve/resolver/DefaultVariantArtifactResolver$$Lambda+0x000001ae81ab2ac0
instanceKlass org/gradle/internal/resolve/resolver/ResolvedVariantCache$CacheKey
instanceKlass  @bci org/gradle/api/internal/artifacts/publish/ArchivePublishArtifact getExtension ()Ljava/lang/String; 5 <appendix> member <vmtarget> ; # org/gradle/api/internal/artifacts/publish/ArchivePublishArtifact$$Lambda+0x000001ae81ab6250
instanceKlass  @bci org/gradle/api/internal/artifacts/publish/ArchivePublishArtifact getType ()Ljava/lang/String; 5 <appendix> member <vmtarget> ; # org/gradle/api/internal/artifacts/publish/ArchivePublishArtifact$$Lambda+0x000001ae81ab6028
instanceKlass  @bci org/gradle/api/internal/artifacts/publish/ArchivePublishArtifact getClassifier ()Ljava/lang/String; 5 <appendix> member <vmtarget> ; # org/gradle/api/internal/artifacts/publish/ArchivePublishArtifact$$Lambda+0x000001ae81ab5e00
instanceKlass org/gradle/api/internal/AbstractTask$TaskActionWrapper
instanceKlass org/gradle/api/internal/file/copy/MatchingCopyAction
instanceKlass  @bci org/gradle/plugin/devel/plugins/JavaGradlePluginPlugin lambda$configureJarTask$2 (Lorg/gradle/api/Project;Lorg/gradle/plugin/devel/GradlePluginDevelopmentExtension;Lorg/gradle/api/tasks/bundling/Jar;)V 30 <appendix> member <vmtarget> ; # org/gradle/plugin/devel/plugins/JavaGradlePluginPlugin$$Lambda+0x000001ae81ab2688
instanceKlass  @bci org/gradle/api/plugins/BasePlugin lambda$configureArchiveDefaults$1 (Lorg/gradle/api/plugins/BasePluginExtension;Lorg/gradle/api/Project;Lorg/gradle/api/tasks/bundling/AbstractArchiveTask;)V 22 <appendix> member <vmtarget> ; # org/gradle/api/plugins/BasePlugin$$Lambda+0x000001ae81ab2460
instanceKlass org/gradle/api/internal/project/taskfactory/DefaultTaskClassInfoStore$StandardTaskActionFactory
instanceKlass  @bci org/gradle/api/tasks/bundling/Jar_Decorated $gradleInit ()V 1 <appendix> member <vmtarget> ; # org/gradle/api/tasks/bundling/Jar_Decorated$$Lambda+0x000001ae81ab2238
instanceKlass org/gradle/internal/cc/impl/DefaultConfigurationCacheDegradationController$requireConfigurationCacheDegradation$1
instanceKlass  @bci org/gradle/internal/cc/impl/DefaultConfigurationCacheDegradationController <init> (Lorg/gradle/api/internal/provider/ConfigurationTimeBarrier;Lorg/gradle/vcs/internal/VcsMappingsStore;Lorg/gradle/internal/buildtree/BuildModelParameters;)V 59 <appendix> member <vmtarget> ; # org/gradle/internal/cc/impl/DefaultConfigurationCacheDegradationController$$Lambda+0x000001ae81aa3d28
instanceKlass org/gradle/internal/cc/impl/DefaultConfigurationCacheDegradationController$DegradationDecision
instanceKlass org/gradle/api/internal/ConfigurationCacheDegradation
instanceKlass  @bci org/gradle/jvm/tasks/Jar <init> ()V 114 <appendix> member <vmtarget> ; # org/gradle/jvm/tasks/Jar$$Lambda+0x000001ae81aa38f0
instanceKlass org/gradle/jvm/tasks/Jar$ExcludeManifestAction
instanceKlass org/gradle/api/internal/file/collections/GeneratedSingletonFileTree
instanceKlass org/gradle/api/internal/file/collections/GeneratedFiles
instanceKlass  @bci org/gradle/jvm/tasks/Jar manifestFileTree ()Lorg/gradle/api/internal/file/FileTreeInternal; 35 <appendix> member <vmtarget> ; # org/gradle/jvm/tasks/Jar$$Lambda+0x000001ae81aa3488
instanceKlass  @bci org/gradle/jvm/tasks/Jar manifestFileTree ()Lorg/gradle/api/internal/file/FileTreeInternal; 26 <appendix> member <vmtarget> ; # org/gradle/jvm/tasks/Jar$$Lambda+0x000001ae81aa3250
instanceKlass org/gradle/api/internal/file/temp/DefaultTemporaryFileProvider$1
instanceKlass  @bci org/gradle/jvm/tasks/Jar manifestFileTree ()Lorg/gradle/api/internal/file/FileTreeInternal; 1 <appendix> member <vmtarget> ; # org/gradle/jvm/tasks/Jar$$Lambda+0x000001ae81aa3028
instanceKlass org/gradle/api/java/archives/internal/DefaultAttributes
instanceKlass org/gradle/api/java/archives/Attributes
instanceKlass org/gradle/api/java/archives/internal/DefaultManifest
instanceKlass  @bci org/gradle/api/tasks/bundling/AbstractArchiveTask configureDefaultPermissions ()V 117 <appendix> member <vmtarget> ; # org/gradle/api/tasks/bundling/AbstractArchiveTask$$Lambda+0x000001ae81ab4690
instanceKlass  @bci org/gradle/api/tasks/bundling/AbstractArchiveTask configureDefaultPermissions ()V 93 <appendix> member <vmtarget> ; # org/gradle/api/tasks/bundling/AbstractArchiveTask$$Lambda+0x000001ae81ab4458
instanceKlass  @bci org/gradle/api/tasks/bundling/AbstractArchiveTask configureDefaultPermissions ()V 64 <appendix> argL0 ; # org/gradle/api/tasks/bundling/AbstractArchiveTask$$Lambda+0x000001ae81ab4228
instanceKlass  @bci org/gradle/api/internal/file/DefaultConfigurableFilePermissions_Decorated $gradleInit ()V 1 <appendix> member <vmtarget> ; # org/gradle/api/internal/file/DefaultConfigurableFilePermissions_Decorated$$Lambda+0x000001ae81ab4000
instanceKlass org/gradle/api/internal/file/AbstractUserClassFilePermissions
# instanceKlass java/lang/invoke/LambdaForm$MH+0x000001ae81ab0000
instanceKlass org/gradle/api/internal/file/ConfigurableUserClassFilePermissionsInternal
instanceKlass org/gradle/api/file/ConfigurableUserClassFilePermissions
instanceKlass org/gradle/api/file/UserClassFilePermissions
instanceKlass org/gradle/api/internal/file/AbstractFilePermissions
instanceKlass  @bci org/gradle/api/internal/file/DefaultFileSystemOperations permissions (I)Lorg/gradle/api/file/ConfigurableFilePermissions; 3 <appendix> member <vmtarget> ; # org/gradle/api/internal/file/DefaultFileSystemOperations$$Lambda+0x000001ae81aaef08
instanceKlass  @cpi org/gradle/api/internal/file/DefaultFileSystemOperations 220 form vmentry <vmtarget> ; # java/lang/invoke/LambdaForm$DMH+0x000001ae81aad400
instanceKlass  @bci org/gradle/api/internal/file/DefaultFileSystemOperations_Decorated $gradleInit ()V 1 <appendix> member <vmtarget> ; # org/gradle/api/internal/file/DefaultFileSystemOperations_Decorated$$Lambda+0x000001ae81aaece0
instanceKlass  @bci org/gradle/api/internal/file/DefaultFilePropertyFactory$DefaultDirectoryVar file (Lorg/gradle/api/provider/Provider;)Lorg/gradle/api/provider/Provider; 8 <appendix> argL0 ; # org/gradle/api/internal/file/DefaultFilePropertyFactory$DefaultDirectoryVar$$Lambda+0x000001ae81aae650
instanceKlass org/gradle/api/internal/lambdas/SerializableLambdas$SerializableBiFunction
instanceKlass  @bci org/gradle/api/tasks/bundling/AbstractArchiveTask <init> ()V 112 <appendix> member <vmtarget> ; # org/gradle/api/tasks/bundling/AbstractArchiveTask$$Lambda+0x000001ae81aae228
instanceKlass  @bci org/gradle/api/tasks/AbstractCopyTask lambda$new$1 (Lorg/gradle/api/internal/file/copy/CopySpecInternal$CopySpecAddress;Lorg/gradle/api/internal/file/copy/CopySpecInternal;)V 419 <appendix> member <vmtarget> ; # org/gradle/api/tasks/AbstractCopyTask$$Lambda+0x000001ae81aae000
instanceKlass  @bci org/gradle/api/tasks/AbstractCopyTask lambda$new$1 (Lorg/gradle/api/internal/file/copy/CopySpecInternal$CopySpecAddress;Lorg/gradle/api/internal/file/copy/CopySpecInternal;)V 363 <appendix> argL0 ; # org/gradle/api/tasks/AbstractCopyTask$$Lambda+0x000001ae81aabc18
instanceKlass  @bci org/gradle/api/tasks/AbstractCopyTask lambda$new$1 (Lorg/gradle/api/internal/file/copy/CopySpecInternal$CopySpecAddress;Lorg/gradle/api/internal/file/copy/CopySpecInternal;)V 307 <appendix> argL0 ; # org/gradle/api/tasks/AbstractCopyTask$$Lambda+0x000001ae81aab9e8
instanceKlass org/gradle/api/internal/lambdas/SerializableLambdas$SerializableTransformer
instanceKlass  @bci org/gradle/api/tasks/AbstractCopyTask lambda$new$1 (Lorg/gradle/api/internal/file/copy/CopySpecInternal$CopySpecAddress;Lorg/gradle/api/internal/file/copy/CopySpecInternal;)V 265 <appendix> member <vmtarget> ; # org/gradle/api/tasks/AbstractCopyTask$$Lambda+0x000001ae81aab5c0
instanceKlass  @bci org/gradle/api/tasks/AbstractCopyTask lambda$new$1 (Lorg/gradle/api/internal/file/copy/CopySpecInternal$CopySpecAddress;Lorg/gradle/api/internal/file/copy/CopySpecInternal;)V 223 <appendix> member <vmtarget> ; # org/gradle/api/tasks/AbstractCopyTask$$Lambda+0x000001ae81aab398
instanceKlass  @bci org/gradle/api/tasks/AbstractCopyTask lambda$new$1 (Lorg/gradle/api/internal/file/copy/CopySpecInternal$CopySpecAddress;Lorg/gradle/api/internal/file/copy/CopySpecInternal;)V 181 <appendix> member <vmtarget> ; # org/gradle/api/tasks/AbstractCopyTask$$Lambda+0x000001ae81aab170
instanceKlass org/gradle/api/internal/tasks/DefaultTaskInputPropertyRegistration
instanceKlass org/gradle/api/internal/tasks/TaskInputPropertyRegistration
instanceKlass  @bci org/gradle/api/internal/tasks/DefaultTaskInputs property (Ljava/lang/String;Ljava/lang/Object;)Lorg/gradle/api/tasks/TaskInputPropertyBuilder; 9 <appendix> member <vmtarget> ; # org/gradle/api/internal/tasks/DefaultTaskInputs$$Lambda+0x000001ae81aaaac8
instanceKlass  @bci org/gradle/api/tasks/AbstractCopyTask lambda$new$1 (Lorg/gradle/api/internal/file/copy/CopySpecInternal$CopySpecAddress;Lorg/gradle/api/internal/file/copy/CopySpecInternal;)V 139 <appendix> member <vmtarget> ; # org/gradle/api/tasks/AbstractCopyTask$$Lambda+0x000001ae81aaa8a0
instanceKlass org/gradle/api/internal/tasks/AbstractTaskFilePropertyRegistration
instanceKlass org/gradle/internal/properties/StaticValue
instanceKlass  @bci org/gradle/api/internal/tasks/DefaultTaskInputs files ([Ljava/lang/Object;)Lorg/gradle/api/internal/tasks/TaskInputFilePropertyBuilderInternal; 8 <appendix> member <vmtarget> ; # org/gradle/api/internal/tasks/DefaultTaskInputs$$Lambda+0x000001ae81aa9c68
instanceKlass  @bci org/gradle/api/tasks/AbstractCopyTask lambda$new$1 (Lorg/gradle/api/internal/file/copy/CopySpecInternal$CopySpecAddress;Lorg/gradle/api/internal/file/copy/CopySpecInternal;)V 74 <appendix> member <vmtarget> ; # org/gradle/api/tasks/AbstractCopyTask$$Lambda+0x000001ae81aa9a40
instanceKlass  @bci org/gradle/api/internal/file/copy/DefaultCopySpec addChildSpec (ILorg/gradle/api/internal/file/copy/CopySpecInternal;)V 57 <appendix> member <vmtarget> ; # org/gradle/api/internal/file/copy/DefaultCopySpec$$Lambda+0x000001ae81aa9818
instanceKlass org/gradle/api/internal/file/copy/DefaultCopySpec$DefaultCopySpecAddress
instanceKlass  @bci org/gradle/api/internal/file/copy/DefaultCopySpec addChildSpec (ILorg/gradle/api/internal/file/copy/CopySpecInternal;)V 35 <appendix> member <vmtarget> ; # org/gradle/api/internal/file/copy/DefaultCopySpec$$Lambda+0x000001ae81aa9360
instanceKlass  @cpi org/gradle/api/internal/file/copy/DefaultCopySpec 758 form vmentry <vmtarget> ; # java/lang/invoke/LambdaForm$DMH+0x000001ae81aad000
instanceKlass  @bci org/gradle/api/internal/file/copy/SingleParentCopySpec_Decorated $gradleInit ()V 1 <appendix> member <vmtarget> ; # org/gradle/api/internal/file/copy/SingleParentCopySpec_Decorated$$Lambda+0x000001ae81aa9138
# instanceKlass java/lang/invoke/LambdaForm$MH+0x000001ae81aacc00
# instanceKlass java/lang/invoke/LambdaForm$MH+0x000001ae81aac800
# instanceKlass java/lang/invoke/LambdaForm$MH+0x000001ae81aac400
# instanceKlass java/lang/invoke/LambdaForm$MH+0x000001ae81aac000
instanceKlass org/gradle/api/internal/file/copy/DefaultCopySpec$DefaultCopySpecResolver
instanceKlass  @bci org/gradle/api/tasks/AbstractCopyTask <init> ()V 34 <appendix> member <vmtarget> ; # org/gradle/api/tasks/AbstractCopyTask$$Lambda+0x000001ae81aa7150
instanceKlass  @bci org/gradle/api/tasks/AbstractCopyTask <init> ()V 17 <appendix> member <vmtarget> ; # org/gradle/api/tasks/AbstractCopyTask$$Lambda+0x000001ae81aa6f28
instanceKlass  @bci org/gradle/api/internal/file/copy/DefaultCopySpec_Decorated $gradleInit ()V 1 <appendix> member <vmtarget> ; # org/gradle/api/internal/file/copy/DefaultCopySpec_Decorated$$Lambda+0x000001ae81aa6d00
instanceKlass org/gradle/api/internal/file/copy/PathNotationConverter
instanceKlass org/gradle/api/file/FileCopyDetails
instanceKlass org/gradle/api/internal/file/copy/CopySpecInternal$CopySpecListener
instanceKlass org/gradle/api/internal/file/copy/CopySpecInternal$CopySpecVisitor
instanceKlass org/gradle/api/internal/file/copy/DefaultCopySpec
instanceKlass groovy/transform/Internal
instanceKlass org/gradle/api/internal/file/copy/CopySpecInternal$CopySpecAddress
instanceKlass org/gradle/api/internal/file/copy/CopySpecResolver
instanceKlass org/gradle/api/internal/file/copy/CopyActionExecuter
instanceKlass org/gradle/api/file/ConfigurableFilePermissions
instanceKlass org/gradle/api/java/archives/internal/ManifestInternal
instanceKlass org/gradle/api/internal/file/copy/ZipCompressor
instanceKlass org/gradle/api/internal/file/archive/compression/ArchiveOutputStreamFactory
instanceKlass  @bci org/gradle/api/internal/artifacts/ivyservice/moduleconverter/dependencies/DefaultLocalVariantGraphResolveStateBuilder lambda$getVariantArtifacts$1 (Ljava/util/Collection;Lorg/gradle/internal/model/ModelContainer;Lorg/gradle/api/artifacts/component/ComponentIdentifier;Lorg/gradle/api/internal/tasks/NodeExecutionContext;)Lcom/google/common/collect/ImmutableList; 16 <appendix> member <vmtarget> ; # org/gradle/api/internal/artifacts/ivyservice/moduleconverter/dependencies/DefaultLocalVariantGraphResolveStateBuilder$$Lambda+0x000001ae81aa0bb8
instanceKlass org/gradle/internal/component/local/model/DefaultLocalComponentGraphResolveState$LocalComponentArtifactResolveMetadata
instanceKlass org/gradle/api/internal/artifacts/ivyservice/resolveengine/artifact/FileDependencyArtifactSet
instanceKlass  @bci org/gradle/api/internal/artifacts/ivyservice/resolveengine/artifact/VariantArtifactSetCache getImplicitVariant (Lorg/gradle/internal/component/model/ComponentGraphResolveState;Lorg/gradle/internal/component/model/VariantGraphResolveState;)Lorg/gradle/api/internal/artifacts/ivyservice/resolveengine/artifact/ArtifactSet; 53 <appendix> member <vmtarget> ; # org/gradle/api/internal/artifacts/ivyservice/resolveengine/artifact/VariantArtifactSetCache$$Lambda+0x000001ae81aa04d0
instanceKlass org/gradle/api/internal/artifacts/result/AbstractDependencyResult
instanceKlass org/gradle/api/artifacts/result/ResolvedDependencyResult
instanceKlass org/gradle/api/internal/artifacts/ivyservice/moduleconverter/dependencies/DefaultLocalVariantGraphResolveStateBuilder$DefaultLocalFileDependencyMetadata
instanceKlass org/gradle/internal/component/local/model/LocalFileDependencyMetadata
instanceKlass org/gradle/internal/component/local/model/DefaultLocalComponentGraphResolveState$DefaultLocalComponentGraphSelectionCandidates
instanceKlass kotlin/ranges/IntRange$Companion
instanceKlass kotlin/ranges/IntProgression$Companion
instanceKlass kotlin/ranges/IntProgression
instanceKlass kotlin/jvm/internal/Ref$IntRef
instanceKlass org/jetbrains/kotlin/gradle/targets/js/npm/SemverKt
instanceKlass org/gradle/api/internal/artifacts/ivyservice/moduleconverter/dependencies/DefaultLocalVariantGraphResolveStateBuilder$NonImplicitArtifactVariantIdentifier
instanceKlass  @bci org/gradle/api/plugins/jvm/internal/DefaultJvmPluginServices lambda$configureClassesDirectoryVariant$6 (Lorg/gradle/api/file/FileCollection;Ljava/io/File;)Lorg/gradle/api/plugins/jvm/internal/DefaultJvmPluginServices$LazyJavaDirectoryArtifact; 16 <appendix> member <vmtarget> ; # org/gradle/api/plugins/jvm/internal/DefaultJvmPluginServices$$Lambda+0x000001ae81a9b4e8
instanceKlass  @bci org/gradle/api/plugins/jvm/internal/DefaultJvmPluginServices lambda$configureClassesDirectoryVariant$7 (Lorg/gradle/api/tasks/SourceSet;)Ljava/util/List; 25 <appendix> member <vmtarget> ; # org/gradle/api/plugins/jvm/internal/DefaultJvmPluginServices$$Lambda+0x000001ae81a9b2a0
instanceKlass  @bci org/gradle/api/internal/artifacts/ivyservice/moduleconverter/dependencies/DefaultLocalVariantGraphResolveStateBuilder getVariantArtifacts (Lorg/gradle/internal/DisplayName;Lorg/gradle/api/artifacts/component/ComponentIdentifier;Ljava/util/Collection;Lorg/gradle/internal/model/ModelContainer;Lorg/gradle/internal/model/CalculatedValueContainerFactory;)Lorg/gradle/internal/model/CalculatedValue; 11 <appendix> member <vmtarget> ; # org/gradle/api/internal/artifacts/ivyservice/moduleconverter/dependencies/DefaultLocalVariantGraphResolveStateBuilder$$Lambda+0x000001ae81a9ad80
instanceKlass org/gradle/api/internal/artifacts/ivyservice/moduleconverter/dependencies/DefaultLocalVariantGraphResolveStateBuilder$1
instanceKlass org/gradle/internal/Actions$FilteredAction
instanceKlass org/jetbrains/kotlin/gradle/internal/KotlinDependenciesManagementKt$allNonProjectDependencies$1
instanceKlass org/gradle/api/internal/CompositeDomainObjectSet$2
instanceKlass org/gradle/api/internal/CompositeDomainObjectSet$1
instanceKlass org/gradle/api/internal/CompositeDomainObjectSet$ItemNotInCompositeSpec
instanceKlass org/gradle/api/internal/CompositeDomainObjectSet$ItemIsUniqueInCompositeSpec
instanceKlass org/gradle/api/internal/CompositeDomainObjectSet$DomainObjectCompositeCollection
instanceKlass kotlin/jvm/internal/ArrayIterator
instanceKlass kotlin/jvm/internal/ArrayIteratorKt
instanceKlass kotlin/sequences/FlatteningSequence$iterator$1
instanceKlass kotlin/sequences/FlatteningSequence
instanceKlass kotlin/collections/ArraysKt___ArraysKt$asSequence$$inlined$Sequence$1
instanceKlass  @bci org/gradle/internal/component/local/model/LocalComponentGraphResolveStateFactory$ConfigurationsProviderVariantFactory lambda$visitConsumableVariants$1 (Ljava/util/function/Consumer;Ljava/lang/Object;)V 25 <appendix> member <vmtarget> ; # org/gradle/internal/component/local/model/LocalComponentGraphResolveStateFactory$ConfigurationsProviderVariantFactory$$Lambda+0x000001ae81a9a908
instanceKlass org/gradle/api/internal/artifacts/configurations/VariantIdentityUniquenessVerifier$VerificationReport
instanceKlass  @bci org/gradle/api/internal/artifacts/configurations/DefaultConfigurationContainer visitConsumable (Ljava/util/function/Consumer;)V 52 <appendix> member <vmtarget> ; # org/gradle/api/internal/artifacts/configurations/DefaultConfigurationContainer$$Lambda+0x000001ae81a9a4b0
instanceKlass  @bci org/gradle/api/internal/artifacts/configurations/DefaultConfigurationContainer visitConsumable (Ljava/util/function/Consumer;)V 36 <appendix> argL0 ; # org/gradle/api/internal/artifacts/configurations/DefaultConfigurationContainer$$Lambda+0x000001ae81a9a290
instanceKlass org/gradle/internal/component/external/model/ProjectDerivedCapability
instanceKlass org/gradle/api/internal/provider/MergeProvider$MergeValueProducer
instanceKlass  @bci org/gradle/api/plugins/jvm/internal/DefaultJvmLanguageUtilities getMaxTargetJvmVersion (Ljava/util/Set;)Lorg/gradle/api/internal/provider/ProviderInternal; 59 <appendix> argL0 ; # org/gradle/api/plugins/jvm/internal/DefaultJvmLanguageUtilities$$Lambda+0x000001ae81a99e00
instanceKlass  @bci org/gradle/api/plugins/jvm/internal/DefaultJvmLanguageUtilities lambda$getMaxTargetJvmVersion$3 (Lorg/gradle/api/tasks/TaskProvider;)Lorg/gradle/api/provider/Provider; 1 <appendix> argL0 ; # org/gradle/api/plugins/jvm/internal/DefaultJvmLanguageUtilities$$Lambda+0x000001ae81a99be0
instanceKlass  @bci org/gradle/api/plugins/jvm/internal/DefaultJvmLanguageUtilities getMaxTargetJvmVersion (Ljava/util/Set;)Lorg/gradle/api/internal/provider/ProviderInternal; 29 <appendix> argL0 ; # org/gradle/api/plugins/jvm/internal/DefaultJvmLanguageUtilities$$Lambda+0x000001ae81a999a0
instanceKlass org/gradle/api/internal/artifacts/configurations/VariantIdentityUniquenessVerifier$VariantIdentity
instanceKlass  @bci org/gradle/api/internal/artifacts/configurations/DefaultConfigurationContainer visitConsumable (Ljava/util/function/Consumer;)V 16 <appendix> member <vmtarget> ; # org/gradle/api/internal/artifacts/configurations/DefaultConfigurationContainer$$Lambda+0x000001ae81a99558
instanceKlass  @bci org/gradle/api/internal/artifacts/configurations/VariantIdentityUniquenessVerifier buildReport (Lorg/gradle/api/internal/artifacts/configurations/ConfigurationsProvider;)Lorg/gradle/api/internal/artifacts/configurations/VariantIdentityUniquenessVerifier$VerificationReport; 12 <appendix> member <vmtarget> ; # org/gradle/api/internal/artifacts/configurations/VariantIdentityUniquenessVerifier$$Lambda+0x000001ae81a99320
instanceKlass org/gradle/api/internal/artifacts/configurations/VariantIdentityUniquenessVerifier
instanceKlass  @bci org/gradle/internal/component/local/model/LocalComponentGraphResolveStateFactory$ConfigurationsProviderVariantFactory visitConsumableVariants (Ljava/util/function/Consumer;)V 6 <appendix> member <vmtarget> ; # org/gradle/internal/component/local/model/LocalComponentGraphResolveStateFactory$ConfigurationsProviderVariantFactory$$Lambda+0x000001ae81a98ee0
instanceKlass  @bci org/gradle/internal/component/local/model/DefaultLocalComponentGraphResolveState computeGraphSelectionCandidates (Lorg/gradle/internal/component/local/model/LocalVariantGraphResolveStateFactory;)Lorg/gradle/internal/component/local/model/LocalComponentGraphResolveState$LocalComponentGraphSelectionCandidates; 15 <appendix> member <vmtarget> ; # org/gradle/internal/component/local/model/DefaultLocalComponentGraphResolveState$$Lambda+0x000001ae81a98ca8
instanceKlass org/gradle/internal/component/local/model/LocalComponentGraphResolveStateFactory$ConfigurationsProviderVariantFactory
instanceKlass  @bci org/gradle/composite/internal/DefaultBuildTreeLocalComponentProvider lambda$loadOrCreateLocalComponentState$0 (Lorg/gradle/util/Path;)Lorg/gradle/internal/component/local/model/LocalComponentGraphResolveState; 19 <appendix> member <vmtarget> ; # org/gradle/composite/internal/DefaultBuildTreeLocalComponentProvider$$Lambda+0x000001ae81a98830
instanceKlass  @bci org/gradle/composite/internal/DefaultBuildTreeLocalComponentProvider loadOrCreateLocalComponentState (Lorg/gradle/util/Path;)Lorg/gradle/internal/component/local/model/LocalComponentGraphResolveState; 6 <appendix> member <vmtarget> ; # org/gradle/composite/internal/DefaultBuildTreeLocalComponentProvider$$Lambda+0x000001ae81a5fd30
instanceKlass  @bci org/gradle/internal/model/InMemoryCacheFactory$CalculatedValueCache lambda$new$1 (Lorg/gradle/internal/model/CalculatedValueContainerFactory;Lorg/gradle/internal/DisplayName;Ljava/util/function/Function;Ljava/lang/Object;)Lorg/gradle/internal/model/CalculatedValue; 8 <appendix> member <vmtarget> ; # org/gradle/internal/model/InMemoryCacheFactory$CalculatedValueCache$$Lambda+0x000001ae81a972f0
instanceKlass  @bci org/gradle/api/internal/artifacts/dependencies/DefaultProjectDependency_Decorated $gradleInit ()V 1 <appendix> member <vmtarget> ; # org/gradle/api/internal/artifacts/dependencies/DefaultProjectDependency_Decorated$$Lambda+0x000001ae81a5fb08
instanceKlass org/gradle/api/internal/artifacts/dependencies/ProjectDependencyInternal
instanceKlass org/gradle/composite/internal/plugins/CompositeBuildPluginResolverContributor$LocalPluginResolution
instanceKlass  @bci org/jetbrains/kotlin/com/intellij/openapi/diagnostic/Logger <clinit> ()V 11 <appendix> argL0 ; # org/jetbrains/kotlin/com/intellij/openapi/diagnostic/Logger$$Lambda+0x000001ae81a96a70
instanceKlass org/jetbrains/kotlin/com/intellij/openapi/diagnostic/Attachment
instanceKlass org/jetbrains/kotlin/com/intellij/openapi/diagnostic/Logger$DefaultFactory
instanceKlass org/jetbrains/kotlin/com/intellij/openapi/diagnostic/Logger$Factory
instanceKlass org/jetbrains/kotlin/com/intellij/openapi/diagnostic/Logger
instanceKlass org/jetbrains/kotlin/cli/jvm/compiler/KotlinCoreEnvironment$Companion
instanceKlass org/jetbrains/kotlin/cli/jvm/compiler/KotlinCoreEnvironment
instanceKlass org/jetbrains/kotlin/utils/exceptions/KotlinExceptionWithAttachments
instanceKlass org/jetbrains/kotlin/com/intellij/openapi/diagnostic/ExceptionWithAttachments
instanceKlass org/gradle/kotlin/dsl/support/KotlinCompilerKt
instanceKlass org/gradle/initialization/ProjectsEvaluatedNotifier$NotifyProjectsEvaluatedListeners$1
instanceKlass org/gradle/initialization/NotifyProjectsEvaluatedBuildOperationType$Details
instanceKlass org/gradle/initialization/ProjectsEvaluatedNotifier$NotifyProjectsEvaluatedListeners
instanceKlass org/gradle/initialization/ProjectsEvaluatedNotifier$1
instanceKlass org/gradle/initialization/NotifyProjectsEvaluatedBuildOperationType$Result
instanceKlass org/gradle/initialization/ProjectsEvaluatedNotifier
instanceKlass  @bci java/util/stream/Collectors toCollection (Ljava/util/function/Supplier;)Ljava/util/stream/Collector; 10 <appendix> argL0 ; # java/util/stream/Collectors$$Lambda+0x000001ae81957b40
instanceKlass  @bci java/util/stream/Collectors toCollection (Ljava/util/function/Supplier;)Ljava/util/stream/Collector; 5 <appendix> argL0 ; # java/util/stream/Collectors$$Lambda+0x000001ae81957910
instanceKlass  @bci org/gradle/api/internal/project/DefaultCrossProjectModelAccess getSubprojects (Lorg/gradle/api/internal/project/ProjectInternal;Lorg/gradle/api/internal/project/ProjectInternal;)Ljava/util/Set; 32 <appendix> argL0 ; # org/gradle/api/internal/project/DefaultCrossProjectModelAccess$$Lambda+0x000001ae81a94000
instanceKlass  @bci org/gradle/api/internal/project/DefaultCrossProjectModelAccess getSubprojects (Lorg/gradle/api/internal/project/ProjectInternal;Lorg/gradle/api/internal/project/ProjectInternal;)Ljava/util/Set; 22 <appendix> member <vmtarget> ; # org/gradle/api/internal/project/DefaultCrossProjectModelAccess$$Lambda+0x000001ae81a87c88
instanceKlass org/gradle/configuration/project/ConfigureProjectBuildOperationType$1
instanceKlass org/gradle/configuration/project/ConfigureProjectBuildOperationType$Result
instanceKlass org/gradle/configuration/project/ConfigureProjectBuildOperationType
instanceKlass org/gradle/configuration/project/NotifyProjectAfterEvaluatedBuildOperationType$1
instanceKlass org/gradle/configuration/project/NotifyProjectAfterEvaluatedBuildOperationType$Result
instanceKlass org/gradle/configuration/project/NotifyProjectAfterEvaluatedBuildOperationType
instanceKlass org/jetbrains/kotlin/gradle/plugin/diagnostics/ProblemsReporterKt
instanceKlass  @bci org/jetbrains/kotlin/gradle/plugin/diagnostics/DefaultProblemsReporter_Decorated $gradleInit ()V 1 <appendix> member <vmtarget> ; # org/jetbrains/kotlin/gradle/plugin/diagnostics/DefaultProblemsReporter_Decorated$$Lambda+0x000001ae81a92160
instanceKlass org/jetbrains/kotlin/gradle/plugin/diagnostics/DefaultProblemsReporter
instanceKlass org/jetbrains/kotlin/gradle/plugin/diagnostics/KotlinToolingDiagnosticsSetupActionKt$KotlinToolingDiagnosticsSetupAction$1$2$diagnostics$1
instanceKlass org/jetbrains/kotlin/gradle/plugin/KotlinPluginLifecycle$ProjectConfigurationResult
instanceKlass org/jetbrains/kotlin/gradle/plugin/statistics/KotlinBuildStatisticsUtilsKt$collectAppliedPluginsStatistics$2
instanceKlass org/jetbrains/kotlin/gradle/plugin/cocoapods/KotlinCocoapodsPlugin$Companion
instanceKlass org/jetbrains/kotlin/gradle/plugin/cocoapods/KotlinCocoapodsPlugin
instanceKlass org/jetbrains/kotlin/gradle/plugin/statistics/KotlinBuildStatisticsUtilsKt$collectAppliedPluginsStatistics$1
instanceKlass org/jetbrains/kotlin/gradle/plugin/statistics/KotlinProjectConfigurationMetrics
instanceKlass org/jetbrains/kotlin/gradle/plugin/statistics/FusMetrics
instanceKlass org/jetbrains/kotlin/gradle/plugin/statistics/ConfigurationMetricsBuildFusParameters
instanceKlass org/jetbrains/kotlin/gradle/plugin/diagnostics/checkers/CInteropInputChecker$runChecks$2
instanceKlass org/jetbrains/kotlin/gradle/internal/tasks/ProducesKlib
instanceKlass org/jetbrains/kotlin/gradle/plugin/abi/JvmOrAndroidKt$finalizeJvmOrAndroidVariant$$inlined$withMainCompilationIfExists$1
instanceKlass org/jetbrains/kotlin/gradle/plugin/abi/AbiValidationTaskSet$addSingleJvmTarget$1
instanceKlass org/jetbrains/kotlin/gradle/plugin/abi/AbiValidationTaskSet$setClasspath$2
instanceKlass org/jetbrains/kotlin/gradle/plugin/abi/AbiValidationTaskSet$setClasspath$1
instanceKlass org/jetbrains/kotlin/gradle/plugin/abi/AbiValidationTaskSet
instanceKlass org/jetbrains/kotlin/gradle/plugin/abi/JvmOrAndroidKt
instanceKlass org/jetbrains/kotlin/gradle/plugin/abi/AbiValidationActionKt$AbiValidationSetupAction$1$1
instanceKlass  @bci org/gradle/api/publish/internal/component/DefaultAdhocSoftwareComponent addVariantsFromConfiguration (Lorg/gradle/api/artifacts/Configuration;Lorg/gradle/api/Action;)V 13 <appendix> member <vmtarget> ; # org/gradle/api/publish/internal/component/DefaultAdhocSoftwareComponent$$Lambda+0x000001ae81a5f000
instanceKlass org/jetbrains/kotlin/gradle/plugin/mpp/KotlinTargetSoftwareComponentImplKt$KotlinTargetSoftwareComponent$1$1$1
instanceKlass org/jetbrains/kotlin/gradle/utils/GradleAttributesContainerUtilsKt$setAttributeProvider$1
instanceKlass org/jetbrains/kotlin/gradle/plugin/attributes/KlibPackaging$Companion
instanceKlass org/jetbrains/kotlin/gradle/plugin/attributes/KlibPackaging
instanceKlass org/jetbrains/kotlin/gradle/plugin/mpp/SyncLanguageSettingsWithKotlinExtensionSetupActionKt$SyncLanguageSettingsWithKotlinExtensionSetupAction$1$2
instanceKlass org/jetbrains/kotlin/gradle/plugin/mpp/SyncLanguageSettingsWithKotlinExtensionSetupActionKt$SyncLanguageSettingsWithKotlinExtensionSetupAction$1$1
instanceKlass org/jetbrains/kotlin/gradle/plugin/hierarchy/KotlinSourceSetTreeClassifier$Default
instanceKlass org/jetbrains/kotlin/tooling/core/ExtrasPropertyKt$extrasLazyProperty$1
instanceKlass org/jetbrains/kotlin/tooling/core/ExtrasLazyProperty
instanceKlass org/jetbrains/kotlin/tooling/core/ExtrasProperty
instanceKlass org/jetbrains/kotlin/tooling/core/ExtrasPropertyKt
instanceKlass org/jetbrains/kotlin/gradle/ExternalKotlinTargetApi
instanceKlass org/jetbrains/kotlin/gradle/plugin/hierarchy/KotlinSourceSetTreeClassifier
instanceKlass org/jetbrains/kotlin/gradle/plugin/hierarchy/KotlinSourceSetTreeClassifierKt
instanceKlass org/jetbrains/kotlin/gradle/plugin/KotlinSourceSetTree$Companion
instanceKlass org/jetbrains/kotlin/gradle/plugin/KotlinSourceSetTree
instanceKlass org/jetbrains/kotlin/gradle/plugin/mpp/KotlinMetadataCompilation
instanceKlass org/gradle/kotlin/dsl/plugins/embedded/EmbeddedKotlinPlugin$workAroundKgpEagerConfigurations$1$2$1
instanceKlass org/gradle/kotlin/dsl/plugins/embedded/EmbeddedKotlinPlugin$workAroundKgpEagerConfigurations$1$2
# instanceKlass java/lang/invoke/LambdaForm$MH+0x000001ae81a8c800
# instanceKlass java/lang/invoke/LambdaForm$MH+0x000001ae81a8c400
# instanceKlass java/lang/invoke/LambdaForm$MH+0x000001ae81a8c000
instanceKlass  @bci org/gradle/api/internal/DefaultNamedDomainObjectCollection convertNameToElementFilter (Lorg/gradle/api/specs/Spec;)Lorg/gradle/api/specs/Spec; 2 <appendix> member <vmtarget> ; # org/gradle/api/internal/DefaultNamedDomainObjectCollection$$Lambda+0x000001ae81a86e40
instanceKlass org/gradle/kotlin/dsl/plugins/embedded/EmbeddedKotlinPlugin$workAroundKgpEagerConfigurations$1$1
instanceKlass org/jetbrains/kotlin/gradle/scripting/internal/ScriptingGradleSubplugin$apply$1$2
instanceKlass org/jetbrains/kotlin/gradle/tasks/KaptGenerateStubs
instanceKlass org/jetbrains/kotlin/gradle/scripting/internal/ScriptingGradleSubplugin$configureForKotlinJvmPlugin$1
instanceKlass org/jetbrains/kotlin/gradle/scripting/internal/ScriptingGradleSubplugin$apply$1$1
instanceKlass org/jetbrains/kotlin/gradle/plugin/KotlinPluginLifecycleImpl$executeCurrentStageAndScheduleNext$3
instanceKlass org/jetbrains/kotlin/gradle/plugin/mpp/ApplyUserDefinedAttributesKt$UserDefinedAttributesSetupAction$1$1$3
instanceKlass org/jetbrains/kotlin/gradle/utils/GradleAttributesContainerUtilsKt
instanceKlass org/jetbrains/kotlin/gradle/plugin/mpp/KotlinSoftwareComponentKt
instanceKlass org/jetbrains/kotlin/gradle/plugin/mpp/InternalKotlinTargetComponentKt
instanceKlass org/jetbrains/kotlin/gradle/plugin/mpp/InternalKotlinTargetKt
instanceKlass org/jetbrains/kotlin/gradle/plugin/Kotlin2JvmSourceSetProcessor$doTargetSpecificProcessing$2$2$2$1
instanceKlass org/jetbrains/kotlin/gradle/plugin/Kotlin2JvmSourceSetProcessor$doTargetSpecificProcessing$2$2$2
instanceKlass org/jetbrains/kotlin/gradle/plugin/Kotlin2JvmSourceSetProcessor$doTargetSpecificProcessing$2$2$1$1
instanceKlass org/jetbrains/kotlin/gradle/plugin/Kotlin2JvmSourceSetProcessor$doTargetSpecificProcessing$2$2$1
instanceKlass org/jetbrains/kotlin/assignment/plugin/gradle/AssignmentSubplugin$applyToCompilation$1
instanceKlass org/jetbrains/kotlin/samWithReceiver/gradle/SamWithReceiverGradleSubplugin$applyToCompilation$1
instanceKlass org/jetbrains/kotlin/gradle/plugin/SubpluginEnvironmentKt$sam$org_gradle_api_Action$0
instanceKlass  @bci org/gradle/api/internal/tasks/DefaultTaskCollection$ExistingTaskProvider_Decorated $gradleInit ()V 1 <appendix> member <vmtarget> ; # org/gradle/api/internal/tasks/DefaultTaskCollection$ExistingTaskProvider_Decorated$$Lambda+0x000001ae81a86c18
instanceKlass org/jetbrains/kotlin/gradle/plugin/SubpluginEnvironment$addSubpluginOptions$compilerOptions$1
instanceKlass org/jetbrains/kotlin/gradle/scripting/internal/ScriptingKotlinGradleSubplugin$applyToCompilation$1
instanceKlass  @bci org/jetbrains/kotlin/gradle/scripting/ScriptingExtension_Decorated $gradleInit ()V 1 <appendix> member <vmtarget> ; # org/jetbrains/kotlin/gradle/scripting/ScriptingExtension_Decorated$$Lambda+0x000001ae81a7e028
instanceKlass org/jetbrains/kotlin/gradle/scripting/ScriptingExtension
instanceKlass org/jetbrains/kotlin/gradle/plugin/SubpluginEnvironment$Companion
instanceKlass org/jetbrains/kotlin/gradle/plugin/SubpluginEnvironment
instanceKlass  @bci org/gradle/api/internal/provider/sources/SystemPropertyValueSource$Inject_ $gradleInit ()V 1 <appendix> member <vmtarget> ; # org/gradle/api/internal/provider/sources/SystemPropertyValueSource$Inject_$$Lambda+0x000001ae81a85ec8
instanceKlass  @bci org/gradle/api/internal/provider/sources/SystemPropertyValueSource$Parameters$Inject_ $gradleInit ()V 1 <appendix> member <vmtarget> ; # org/gradle/api/internal/provider/sources/SystemPropertyValueSource$Parameters$Inject_$$Lambda+0x000001ae81a85940
instanceKlass org/gradle/api/internal/provider/sources/SystemPropertyValueSource$Parameters$Inject_
instanceKlass org/jetbrains/kotlin/gradle/utils/FailuresKt$ideaSyncClasspathModeUtil$1
instanceKlass org/jetbrains/kotlin/gradle/utils/FailuresKt
instanceKlass  @bci org/gradle/plugin/devel/plugins/JavaGradlePluginPlugin$TestKitAndPluginClasspathDependenciesAction execute (Lorg/gradle/api/Project;)V 47 <appendix> member <vmtarget> ; # org/gradle/plugin/devel/plugins/JavaGradlePluginPlugin$TestKitAndPluginClasspathDependenciesAction$$Lambda+0x000001ae81a5eb78
instanceKlass  @bci org/gradle/normalization/internal/DefaultInputNormalizationHandler_Decorated $gradleInit ()V 1 <appendix> member <vmtarget> ; # org/gradle/normalization/internal/DefaultInputNormalizationHandler_Decorated$$Lambda+0x000001ae81a853e8
instanceKlass org/gradle/normalization/internal/InputNormalizationHandlerInternal$CachedState
instanceKlass org/gradle/normalization/internal/DefaultInputNormalizationHandler
instanceKlass  @bci org/gradle/normalization/internal/DefaultRuntimeClasspathNormalization_Decorated $gradleInit ()V 1 <appendix> member <vmtarget> ; # org/gradle/normalization/internal/DefaultRuntimeClasspathNormalization_Decorated$$Lambda+0x000001ae81a84b38
instanceKlass  @bci org/gradle/normalization/internal/DefaultRuntimeClasspathNormalization$DefaultPropertiesFileFilter <init> ()V 21 <appendix> argL0 ; # org/gradle/normalization/internal/DefaultRuntimeClasspathNormalization$DefaultPropertiesFileFilter$$Lambda+0x000001ae81a848f8
instanceKlass  @bci org/gradle/normalization/internal/DefaultRuntimeClasspathNormalization <init> ()V 32 <appendix> argL0 ; # org/gradle/normalization/internal/DefaultRuntimeClasspathNormalization$$Lambda+0x000001ae81a846b8
instanceKlass org/gradle/api/internal/changedetection/state/IgnoringResourceEntryFilter
instanceKlass  @bci org/gradle/normalization/internal/DefaultRuntimeClasspathNormalization$EvaluatableFilter <init> (Ljava/util/function/Function;Ljava/lang/Object;)V 15 <appendix> member <vmtarget> ; # org/gradle/normalization/internal/DefaultRuntimeClasspathNormalization$EvaluatableFilter$$Lambda+0x000001ae81a84240
instanceKlass  @bci org/gradle/normalization/internal/DefaultRuntimeClasspathNormalization <init> ()V 17 <appendix> argL0 ; # org/gradle/normalization/internal/DefaultRuntimeClasspathNormalization$$Lambda+0x000001ae81a84000
instanceKlass org/gradle/api/internal/changedetection/state/IgnoringResourceFilter
instanceKlass org/gradle/normalization/internal/DefaultRuntimeClasspathNormalization$RuntimeMetaInfNormalization
instanceKlass org/gradle/normalization/internal/DefaultRuntimeClasspathNormalization$DefaultPropertiesFileFilter
instanceKlass org/gradle/normalization/PropertiesFileNormalization
instanceKlass org/gradle/normalization/internal/DefaultRuntimeClasspathNormalization$EvaluatableFilter
instanceKlass org/gradle/normalization/internal/RuntimeClasspathNormalizationInternal$CachedState
instanceKlass org/gradle/normalization/MetaInfNormalization
instanceKlass org/gradle/normalization/internal/DefaultRuntimeClasspathNormalization
instanceKlass  @cpi org/gradle/execution/plan/ValuedVfsHierarchy 277 form vmentry <vmtarget> ; # java/lang/invoke/LambdaForm$DMH+0x000001ae81a81000
instanceKlass org/gradle/configuration/project/LifecycleProjectEvaluator$NotifyAfterEvaluate$1
instanceKlass org/gradle/configuration/project/LifecycleProjectEvaluator$NotifyProjectAfterEvaluatedDetails
instanceKlass org/gradle/configuration/project/NotifyProjectAfterEvaluatedBuildOperationType$Details
instanceKlass org/gradle/configuration/project/LifecycleProjectEvaluator$NotifyAfterEvaluate
instanceKlass org/gradle/configuration/project/DefaultProjectConfigurationActionContainer
instanceKlass org/gradle/kotlin/dsl/TestImplementationConfigurationAccessorsKt
instanceKlass org/gradle/kotlin/dsl/ImplementationConfigurationAccessorsKt
instanceKlass org/gradle/kotlin/dsl/CompileOnlyConfigurationAccessorsKt
instanceKlass  @bci Build_gradle <init> (Lorg/gradle/kotlin/dsl/support/KotlinScriptHost;Lorg/gradle/api/Project;)V 224 <appendix> argL0 ; # Build_gradle$$Lambda+0x000001ae81a80000
instanceKlass  @bci Build_gradle _init_$lambda$3 (Lorg/jetbrains/kotlin/gradle/tasks/KotlinCompile;)Lkotlin/Unit; 7 <appendix> argL0 ; # Build_gradle$$Lambda+0x000001ae81a45cc8
instanceKlass org/gradle/kotlin/dsl/precompile/v1/PrecompiledPluginsBlock
instanceKlass org/gradle/api/internal/AbstractTask$11
instanceKlass org/gradle/kotlin/dsl/provider/KotlinDslPluginSupport
instanceKlass org/jetbrains/kotlin/gradle/tasks/KotlinCompilationTask$DefaultImpls
instanceKlass  @bci org/gradle/kotlin/dsl/plugins/dsl/KotlinDslCompilerPlugins$apply$1$3 execute (Lorg/jetbrains/kotlin/gradle/tasks/KotlinCompile;)V 7 <appendix> argL0 ; # org/gradle/kotlin/dsl/plugins/dsl/KotlinDslCompilerPlugins$apply$1$3$$Lambda+0x000001ae81a7c5f0
instanceKlass org/gradle/api/internal/AbstractTask$12
instanceKlass org/jetbrains/kotlin/gradle/tasks/configuration/BaseKotlinCompileConfig$2$1$1$2
instanceKlass org/jetbrains/kotlin/gradle/tasks/configuration/BaseKotlinCompileConfig$2$1$1$1
instanceKlass org/jetbrains/kotlin/gradle/tasks/configuration/BaseKotlinCompileConfig$1$1$3
instanceKlass org/jetbrains/kotlin/gradle/tasks/configuration/BaseKotlinCompileConfig$1$1$2
instanceKlass org/jetbrains/kotlin/gradle/tasks/configuration/BaseKotlinCompileConfig$1$1$1
instanceKlass org/gradle/api/internal/file/DefaultFilePropertyFactory$ToFileTransformer
instanceKlass org/jetbrains/kotlin/gradle/tasks/configuration/AbstractKotlinCompileConfig$getClasspathSnapshotDir$1
instanceKlass  @bci org/jetbrains/kotlin/gradle/tasks/KotlinCompile$ClasspathSnapshotProperties_Decorated $gradleInit ()V 1 <appendix> member <vmtarget> ; # org/jetbrains/kotlin/gradle/tasks/KotlinCompile$ClasspathSnapshotProperties_Decorated$$Lambda+0x000001ae81a7b4a8
instanceKlass org/jetbrains/kotlin/gradle/tasks/configuration/BaseKotlinCompileConfig$1$1$classpathEntrySnapshotFiles$1
instanceKlass org/jetbrains/kotlin/gradle/tasks/configuration/AbstractKotlinCompileConfig$2$4
instanceKlass org/jetbrains/kotlin/gradle/tasks/configuration/AbstractKotlinCompileConfig$2$3
instanceKlass org/jetbrains/kotlin/gradle/tasks/configuration/AbstractKotlinCompileConfig$2$2$1
instanceKlass org/jetbrains/kotlin/gradle/tasks/configuration/AbstractKotlinCompileConfig$1$6
instanceKlass org/jetbrains/kotlin/gradle/tasks/configuration/AbstractKotlinCompileConfig$1$5
instanceKlass org/jetbrains/kotlin/gradle/tasks/configuration/AbstractKotlinCompileConfig$1$4
instanceKlass org/jetbrains/kotlin/gradle/tasks/KotlinCompilerExecutionStrategy$Companion
instanceKlass org/jetbrains/kotlin/compilerRunner/KotlinCompilerArgumentsLogLevel$Companion
instanceKlass org/jetbrains/kotlin/gradle/plugin/PropertiesProvider$kotlinCompilerArgumentsLogLevel$1
instanceKlass org/jetbrains/kotlin/gradle/tasks/configuration/AbstractKotlinCompileConfig$1$2
instanceKlass org/jetbrains/kotlin/gradle/tasks/configuration/AbstractKotlinCompileConfig$1$1
instanceKlass org/jetbrains/kotlin/gradle/plugin/mpp/KotlinCompilationsKt$sam$java_util_concurrent_Callable$0
instanceKlass org/jetbrains/kotlin/gradle/internal/Kapt3KotlinGradleSubpluginKt
instanceKlass org/jetbrains/kotlin/gradle/tasks/DefaultKotlinJavaToolchain$DefaultJavaToolchainSetter$useAsConvention$1
instanceKlass org/jetbrains/kotlin/gradle/tasks/UsesKotlinJavaToolchain$DefaultImpls
instanceKlass org/jetbrains/kotlin/gradle/tasks/KotlinJvmCompile$DefaultImpls
instanceKlass org/jetbrains/kotlin/gradle/dsl/KotlinJvmCompile$DefaultImpls
instanceKlass  @bci org/gradle/api/internal/tasks/DefaultTaskRequiredServices registerServiceUsage (Lorg/gradle/api/provider/Provider;)V 8 <appendix> member <vmtarget> ; # org/gradle/api/internal/tasks/DefaultTaskRequiredServices$$Lambda+0x000001ae81a70b50
instanceKlass sun/reflect/annotation/AnnotationInvocationHandler$1
instanceKlass  @bci org/jetbrains/kotlin/gradle/tasks/KotlinCompile_Decorated $gradleInit ()V 1 <appendix> member <vmtarget> ; # org/jetbrains/kotlin/gradle/tasks/KotlinCompile_Decorated$$Lambda+0x000001ae81a777b0
instanceKlass org/jetbrains/kotlin/gradle/tasks/KotlinCompile$androidLayoutResources$1
instanceKlass org/jetbrains/kotlin/gradle/tasks/KotlinCompile$javaSources$1
instanceKlass  @bci org/gradle/api/internal/file/FileCollectionBackedFileTree matching (Lorg/gradle/api/tasks/util/PatternFilterable;)Lorg/gradle/api/internal/file/FileTreeInternal; 15 <appendix> member <vmtarget> ; # org/gradle/api/internal/file/FileCollectionBackedFileTree$$Lambda+0x000001ae81a70928
instanceKlass org/jetbrains/kotlin/gradle/tasks/KotlinCompile$ScriptFilterSpec
instanceKlass org/jetbrains/kotlin/gradle/tasks/KotlinCompile$scriptSources$1
instanceKlass  @bci org/jetbrains/kotlin/gradle/tasks/K2MultiplatformStructure_Decorated $gradleInit ()V 1 <appendix> member <vmtarget> ; # org/jetbrains/kotlin/gradle/tasks/K2MultiplatformStructure_Decorated$$Lambda+0x000001ae81a76860
instanceKlass org/jetbrains/kotlin/gradle/tasks/K2MultiplatformStructure$RefinesEdge
instanceKlass org/jetbrains/kotlin/gradle/tasks/K2MultiplatformStructure$Fragment
instanceKlass org/jetbrains/kotlin/gradle/tasks/internal/KotlinJvmOptionsCompat
instanceKlass org/jetbrains/kotlin/gradle/tasks/AbstractKotlinCompile$compilerRunner$1
instanceKlass  @bci org/jetbrains/kotlin/gradle/tasks/DefaultKotlinJavaToolchain_Decorated $gradleInit ()V 1 <appendix> member <vmtarget> ; # org/jetbrains/kotlin/gradle/tasks/DefaultKotlinJavaToolchain_Decorated$$Lambda+0x000001ae81a756c8
instanceKlass org/jetbrains/kotlin/gradle/tasks/DefaultKotlinJavaToolchain$DefaultJavaToolchainSetter
instanceKlass org/jetbrains/kotlin/gradle/tasks/DefaultKotlinJavaToolchain$DefaultJdkSetter
instanceKlass org/jetbrains/kotlin/gradle/tasks/DefaultKotlinJavaToolchain$currentJvmJdkToolsJar$1
instanceKlass org/jetbrains/kotlin/gradle/tasks/DefaultKotlinJavaToolchain$getToolsJarFromJvm$1
instanceKlass org/jetbrains/kotlin/gradle/tasks/DefaultKotlinJavaToolchain$javaExecutable$1
instanceKlass org/jetbrains/kotlin/gradle/tasks/DefaultKotlinJavaToolchain$javaVersion$1
instanceKlass org/jetbrains/kotlin/gradle/tasks/KotlinJavaToolchain$JavaToolchainSetter
instanceKlass org/jetbrains/kotlin/gradle/tasks/KotlinJavaToolchain$JdkSetter
instanceKlass  @bci org/jetbrains/kotlin/gradle/tasks/GradleCompileTaskProvider_Decorated $gradleInit ()V 1 <appendix> member <vmtarget> ; # org/jetbrains/kotlin/gradle/tasks/GradleCompileTaskProvider_Decorated$$Lambda+0x000001ae81a6fcb8
instanceKlass org/jetbrains/kotlin/gradle/tasks/GradleCompileTaskProviderKt
instanceKlass kotlin/collections/CharIterator
instanceKlass kotlin/internal/ProgressionUtilKt
instanceKlass kotlin/ranges/CharRange$Companion
instanceKlass kotlin/ranges/CharProgression$Companion
instanceKlass kotlin/ranges/CharProgression
instanceKlass kotlin/ranges/OpenEndRange
instanceKlass kotlin/ranges/ClosedRange
instanceKlass org/jetbrains/kotlin/compilerRunner/GradleCompilerRunner$Companion
# instanceKlass java/lang/invoke/LambdaForm$MH+0x000001ae81a6d800
# instanceKlass java/lang/invoke/LambdaForm$MH+0x000001ae81a6d400
# instanceKlass java/lang/invoke/LambdaForm$MH+0x000001ae81a6d000
# instanceKlass java/lang/invoke/LambdaForm$MH+0x000001ae81a6cc00
instanceKlass org/jetbrains/kotlin/gradle/tasks/CacheableTasksKt$cacheOnlyIfEnabledForKotlin$1
instanceKlass  @bci org/gradle/api/internal/provider/sources/SystemPropertyValueSource$Parameters_Decorated $gradleInit ()V 1 <appendix> member <vmtarget> ; # org/gradle/api/internal/provider/sources/SystemPropertyValueSource$Parameters_Decorated$$Lambda+0x000001ae81a5ae48
instanceKlass org/gradle/api/internal/provider/sources/SystemPropertyValueSource$Parameters_Decorated
instanceKlass org/gradle/api/internal/provider/sources/SystemPropertyValueSource$Parameters
instanceKlass org/gradle/api/internal/provider/sources/AbstractPropertyValueSource$Parameters
instanceKlass  @bci org/gradle/api/internal/provider/DefaultProviderFactory systemProperty (Lorg/gradle/api/provider/Provider;)Lorg/gradle/api/provider/Provider; 4 <appendix> member <vmtarget> ; # org/gradle/api/internal/provider/DefaultProviderFactory$$Lambda+0x000001ae81a5a430
instanceKlass org/gradle/api/internal/provider/sources/AbstractPropertyValueSource
instanceKlass org/jetbrains/kotlin/gradle/tasks/CacheableTasksKt
instanceKlass org/jetbrains/kotlin/build/report/metrics/GcMetrics
instanceKlass org/jetbrains/kotlin/build/report/metrics/BuildAttribute$Companion
instanceKlass org/jetbrains/kotlin/build/report/metrics/BuildAttributeKind$Companion
instanceKlass org/jetbrains/kotlin/build/report/metrics/BuildAttributes$Companion
instanceKlass org/jetbrains/kotlin/build/report/metrics/BuildAttributes
instanceKlass org/jetbrains/kotlin/build/report/metrics/BuildPerformanceMetrics$Companion
instanceKlass org/jetbrains/kotlin/build/report/metrics/BuildPerformanceMetrics
instanceKlass org/jetbrains/kotlin/build/report/metrics/BuildTimes$Companion
instanceKlass org/jetbrains/kotlin/build/report/metrics/BuildTimes
instanceKlass org/jetbrains/kotlin/build/report/metrics/BuildMetricsReporterImpl
instanceKlass org/jetbrains/kotlin/gradle/internal/build/SourcesUtilsKt
instanceKlass  @bci org/gradle/workers/internal/DefaultWorkerExecutor_Decorated $gradleInit ()V 1 <appendix> member <vmtarget> ; # org/gradle/workers/internal/DefaultWorkerExecutor_Decorated$$Lambda+0x000001ae81a5e950
instanceKlass org/gradle/internal/work/DefaultConditionalExecutionQueue
# instanceKlass java/lang/invoke/LambdaForm$MH+0x000001ae81a6c800
# instanceKlass java/lang/invoke/LambdaForm$MH+0x000001ae81a6c400
# instanceKlass java/lang/invoke/LambdaForm$MH+0x000001ae81a6c000
# instanceKlass java/lang/invoke/LambdaForm$MH+0x000001ae81a6bc00
# instanceKlass java/lang/invoke/LambdaForm$MH+0x000001ae81a6b800
# instanceKlass java/lang/invoke/LambdaForm$MH+0x000001ae81a6b400
# instanceKlass java/lang/invoke/LambdaForm$MH+0x000001ae81a6b000
# instanceKlass java/lang/invoke/LambdaForm$MH+0x000001ae81a6ac00
# instanceKlass java/lang/invoke/LambdaForm$MH+0x000001ae81a6a800
# instanceKlass java/lang/invoke/LambdaForm$MH+0x000001ae81a6a400
# instanceKlass java/lang/invoke/LambdaForm$MH+0x000001ae81a6a000
# instanceKlass java/lang/invoke/LambdaForm$MH+0x000001ae81a69c00
# instanceKlass java/lang/invoke/LambdaForm$MH+0x000001ae81a69800
instanceKlass org/gradle/workers/internal/DefaultWorkResult
instanceKlass org/gradle/workers/internal/IsolatedParametersActionExecutionSpec
instanceKlass org/gradle/workers/WorkerSpec
instanceKlass org/gradle/workers/WorkQueue
instanceKlass org/gradle/internal/work/AsyncWorkCompletion
instanceKlass org/gradle/internal/work/ConditionalExecution
instanceKlass org/gradle/workers/internal/WorkerRequirement
instanceKlass org/gradle/workers/internal/DefaultWorkerExecutor
instanceKlass org/gradle/workers/internal/DefaultWorkerServer
instanceKlass org/gradle/workers/WorkParameters$None
instanceKlass org/gradle/workers/WorkParameters
instanceKlass org/gradle/workers/WorkAction
instanceKlass org/gradle/workers/internal/Worker
instanceKlass org/gradle/workers/internal/NoIsolationWorkerFactory
# instanceKlass java/lang/invoke/LambdaForm$MH+0x000001ae81a69400
# instanceKlass java/lang/invoke/LambdaForm$MH+0x000001ae81a69000
# instanceKlass java/lang/invoke/LambdaForm$MH+0x000001ae81a68c00
# instanceKlass java/lang/invoke/LambdaForm$MH+0x000001ae81a68800
# instanceKlass java/lang/invoke/LambdaForm$MH+0x000001ae81a68400
# instanceKlass java/lang/invoke/LambdaForm$MH+0x000001ae81a68000
# instanceKlass java/lang/invoke/LambdaForm$MH+0x000001ae81a67c00
# instanceKlass java/lang/invoke/LambdaForm$MH+0x000001ae81a67800
# instanceKlass java/lang/invoke/LambdaForm$MH+0x000001ae81a67400
# instanceKlass java/lang/invoke/LambdaForm$MH+0x000001ae81a67000
# instanceKlass java/lang/invoke/LambdaForm$MH+0x000001ae81a66c00
# instanceKlass java/lang/invoke/LambdaForm$MH+0x000001ae81a66800
# instanceKlass java/lang/invoke/LambdaForm$MH+0x000001ae81a66400
# instanceKlass java/lang/invoke/LambdaForm$MH+0x000001ae81a66000
# instanceKlass java/lang/invoke/LambdaForm$MH+0x000001ae81a65c00
instanceKlass org/gradle/internal/work/ConditionalExecutionQueue
instanceKlass org/gradle/internal/work/DefaultConditionalExecutionQueueFactory
instanceKlass org/gradle/workers/internal/ClassLoaderStructure
# instanceKlass java/lang/invoke/LambdaForm$MH+0x000001ae81a65800
# instanceKlass java/lang/invoke/LambdaForm$MH+0x000001ae81a65400
# instanceKlass java/lang/invoke/LambdaForm$MH+0x000001ae81a65000
# instanceKlass java/lang/invoke/LambdaForm$MH+0x000001ae81a64c00
# instanceKlass java/lang/invoke/LambdaForm$MH+0x000001ae81a64800
# instanceKlass java/lang/invoke/LambdaForm$MH+0x000001ae81a64400
# instanceKlass java/lang/invoke/LambdaForm$MH+0x000001ae81a64000
instanceKlass org/jetbrains/kotlin/gradle/plugin/CompilerPluginConfig
instanceKlass org/jetbrains/kotlin/build/report/metrics/BuildMetricsReporter
instanceKlass org/jetbrains/kotlin/gradle/tasks/KotlinCompilerPluginData
instanceKlass org/jetbrains/kotlin/tooling/core/KotlinToolingVersion
instanceKlass org/jetbrains/kotlin/gradle/incremental/IncrementalModuleInfoProvider
instanceKlass org/jetbrains/kotlin/gradle/tasks/GradleCompileTaskProvider
instanceKlass org/jetbrains/kotlin/compilerRunner/GradleCompilerRunner
instanceKlass org/jetbrains/kotlin/daemon/common/MultiModuleICSettings
instanceKlass org/jetbrains/kotlin/buildtools/api/SourcesChanges
instanceKlass org/jetbrains/kotlin/gradle/plugin/KotlinCompilerArgumentsProducer$CreateCompilerArgumentsContext
instanceKlass org/jetbrains/kotlin/gradle/tasks/TaskOutputsBackup
instanceKlass org/jetbrains/kotlin/cli/common/arguments/Freezable
instanceKlass org/jetbrains/kotlin/gradle/tasks/K2MultiplatformStructure
instanceKlass org/jetbrains/kotlin/incremental/ClasspathChanges
instanceKlass org/jetbrains/kotlin/gradle/tasks/KotlinCompile$ClasspathSnapshotProperties
instanceKlass org/jetbrains/kotlin/incremental/IncrementalCompilationFeatures
instanceKlass  @bci Build_gradle <init> (Lorg/gradle/kotlin/dsl/support/KotlinScriptHost;Lorg/gradle/api/Project;)V 186 <appendix> argL0 ; # Build_gradle$$Lambda+0x000001ae81a45aa8
instanceKlass  @bci Build_gradle <init> (Lorg/gradle/kotlin/dsl/support/KotlinScriptHost;Lorg/gradle/api/Project;)V 162 <appendix> argL0 ; # Build_gradle$$Lambda+0x000001ae81a45888
instanceKlass  @bci org/gradle/api/plugins/JavaBasePlugin getToolchainTool (Lorg/gradle/api/Project;Ljava/util/function/BiFunction;Lorg/gradle/api/provider/Provider;)Lorg/gradle/api/provider/Provider; 53 <appendix> member <vmtarget> ; # org/gradle/api/plugins/JavaBasePlugin$$Lambda+0x000001ae81a5c230
instanceKlass  @bci org/gradle/api/plugins/JavaBasePlugin lambda$createCompileJavaTask$5 (Lorg/gradle/api/tasks/SourceSet;Lorg/gradle/api/file/SourceDirectorySet;Lorg/gradle/api/Project;Lorg/gradle/api/tasks/compile/JavaCompile;)V 100 <appendix> argL0 ; # org/gradle/api/plugins/JavaBasePlugin$$Lambda+0x000001ae81a5c000
instanceKlass  @bci org/gradle/api/plugins/JavaBasePlugin lambda$createCompileJavaTask$5 (Lorg/gradle/api/tasks/SourceSet;Lorg/gradle/api/file/SourceDirectorySet;Lorg/gradle/api/Project;Lorg/gradle/api/tasks/compile/JavaCompile;)V 81 <appendix> member <vmtarget> ; # org/gradle/api/plugins/JavaBasePlugin$$Lambda+0x000001ae81a53dc0
instanceKlass  @bci org/gradle/api/plugins/internal/JvmPluginsHelper configureAnnotationProcessorPath (Lorg/gradle/api/tasks/SourceSet;Lorg/gradle/api/file/SourceDirectorySet;Lorg/gradle/api/tasks/compile/CompileOptions;Lorg/gradle/api/Project;)V 23 <appendix> member <vmtarget> ; # org/gradle/api/plugins/internal/JvmPluginsHelper$$Lambda+0x000001ae81a53b98
instanceKlass  @bci org/gradle/api/plugins/JavaBasePlugin lambda$createCompileJavaTask$5 (Lorg/gradle/api/tasks/SourceSet;Lorg/gradle/api/file/SourceDirectorySet;Lorg/gradle/api/Project;Lorg/gradle/api/tasks/compile/JavaCompile;)V 18 <appendix> member <vmtarget> ; # org/gradle/api/plugins/JavaBasePlugin$$Lambda+0x000001ae81a53970
instanceKlass  @bci org/gradle/api/plugins/internal/JvmPluginsHelper configureCompileDefaults (Lorg/gradle/api/tasks/compile/AbstractCompile;Lorg/gradle/api/plugins/internal/DefaultJavaPluginExtension;Ljava/util/function/BiFunction;)V 27 <appendix> member <vmtarget> ; # org/gradle/api/plugins/internal/JvmPluginsHelper$$Lambda+0x000001ae81a53748
instanceKlass  @bci org/gradle/api/plugins/internal/JvmPluginsHelper configureCompileDefaults (Lorg/gradle/api/tasks/compile/AbstractCompile;Lorg/gradle/api/plugins/internal/DefaultJavaPluginExtension;Ljava/util/function/BiFunction;)V 10 <appendix> member <vmtarget> ; # org/gradle/api/plugins/internal/JvmPluginsHelper$$Lambda+0x000001ae81a53520
instanceKlass  @bci org/gradle/api/plugins/JavaBasePlugin lambda$configureCompileDefaults$17 (Lorg/gradle/api/plugins/internal/DefaultJavaPluginExtension;Lorg/gradle/api/tasks/compile/AbstractCompile;)V 3 <appendix> member <vmtarget> ; # org/gradle/api/plugins/JavaBasePlugin$$Lambda+0x000001ae81a532e8
instanceKlass  @bci org/gradle/api/internal/project/taskfactory/AnnotationProcessingTaskFactory process (Lorg/gradle/api/Task;)Lorg/gradle/api/Task; 98 <appendix> member <vmtarget> ; # org/gradle/api/internal/project/taskfactory/AnnotationProcessingTaskFactory$$Lambda+0x000001ae81a58c08
instanceKlass  @bci org/gradle/api/internal/tasks/DefaultTaskOutputs cacheIf (Ljava/lang/String;Lorg/gradle/api/specs/Spec;)V 9 <appendix> member <vmtarget> ; # org/gradle/api/internal/tasks/DefaultTaskOutputs$$Lambda+0x000001ae81a589e0
instanceKlass org/gradle/api/internal/project/taskfactory/StandardTaskAction
instanceKlass  @bci org/gradle/api/internal/project/taskfactory/DefaultTaskClassInfoStore createTaskClassInfo (Ljava/lang/Class;)Lorg/gradle/api/internal/project/taskfactory/TaskClassInfo; 111 <appendix> argL0 ; # org/gradle/api/internal/project/taskfactory/DefaultTaskClassInfoStore$$Lambda+0x000001ae81a58230
instanceKlass org/gradle/api/internal/project/taskfactory/DefaultTaskClassInfoStore$IncrementalTaskActionFactory
instanceKlass  @bci org/gradle/api/internal/project/taskfactory/DefaultTaskClassInfoStore createTaskClassInfo (Ljava/lang/Class;)Lorg/gradle/api/internal/project/taskfactory/TaskClassInfo; 89 <appendix> member <vmtarget> ; # org/gradle/api/internal/project/taskfactory/DefaultTaskClassInfoStore$$Lambda+0x000001ae81a55c90
instanceKlass  @bci org/gradle/api/internal/project/taskfactory/DefaultTaskClassInfoStore createTaskClassInfo (Ljava/lang/Class;)Lorg/gradle/api/internal/project/taskfactory/TaskClassInfo; 73 <appendix> argL0 ; # org/gradle/api/internal/project/taskfactory/DefaultTaskClassInfoStore$$Lambda+0x000001ae81a55a40
instanceKlass  @bci org/gradle/api/internal/project/taskfactory/DefaultTaskClassInfoStore createTaskClassInfo (Ljava/lang/Class;)Lorg/gradle/api/internal/project/taskfactory/TaskClassInfo; 38 <appendix> argL0 ; # org/gradle/api/internal/project/taskfactory/DefaultTaskClassInfoStore$$Lambda+0x000001ae81a55800
instanceKlass org/gradle/internal/properties/annotations/DefaultTypeMetadataStore$DefaultFunctionMetadata
instanceKlass org/gradle/internal/reflect/annotations/FunctionAnnotationMetadata
instanceKlass  @bci org/gradle/internal/reflect/annotations/impl/DefaultTypeAnnotationMetadataStore getOrCreateFunctionBuilder (Ljava/lang/reflect/Method;Lorg/gradle/internal/reflect/validation/TypeValidationContext;Ljava/util/Map;)Lorg/gradle/internal/reflect/annotations/impl/DefaultTypeAnnotationMetadataStore$FunctionAnnotationMetadataBuilder; 8 <appendix> member <vmtarget> ; # org/gradle/internal/reflect/annotations/impl/DefaultTypeAnnotationMetadataStore$$Lambda+0x000001ae81a57670
instanceKlass org/gradle/internal/reflect/annotations/impl/DefaultTypeAnnotationMetadataStore$MethodSignature
instanceKlass com/google/common/collect/AbstractMapBasedMultimap$Itr
instanceKlass  @bci org/gradle/internal/reflect/annotations/impl/DefaultTypeAnnotationMetadataStore convertMethodToPropertyBuilders (Ljava/util/Map;)Lcom/google/common/collect/ImmutableList; 120 <appendix> member <vmtarget> ; # org/gradle/internal/reflect/annotations/impl/DefaultTypeAnnotationMetadataStore$$Lambda+0x000001ae81a568b8
instanceKlass  @bci org/gradle/internal/reflect/validation/ReplayingTypeValidationContext visitTypeProblem (Lorg/gradle/api/Action;)V 5 <appendix> member <vmtarget> ; # org/gradle/internal/reflect/validation/ReplayingTypeValidationContext$$Lambda+0x000001ae81a56680
instanceKlass  @bci org/gradle/internal/reflect/annotations/impl/DefaultTypeAnnotationMetadataStore validateNotAnnotatedForProperty (Lorg/gradle/internal/reflect/annotations/impl/DefaultTypeAnnotationMetadataStore$MethodKind;Ljava/lang/reflect/Method;Ljava/util/Set;Lorg/gradle/internal/reflect/validation/TypeValidationContext;)V 13 <appendix> member <vmtarget> ; # org/gradle/internal/reflect/annotations/impl/DefaultTypeAnnotationMetadataStore$$Lambda+0x000001ae81a56458
instanceKlass org/gradle/internal/reflect/validation/TypeAwareProblemBuilder
instanceKlass  @bci org/gradle/internal/reflect/annotations/impl/DefaultTypeAnnotationMetadataStore isSetterProhibitedForType (Ljava/lang/Class;)Z 8 <appendix> member <vmtarget> ; # org/gradle/internal/reflect/annotations/impl/DefaultTypeAnnotationMetadataStore$$Lambda+0x000001ae81a56000
instanceKlass  @bci org/gradle/api/internal/project/taskfactory/DefaultTaskClassInfoStore getTaskClassInfo (Ljava/lang/Class;)Lorg/gradle/api/internal/project/taskfactory/TaskClassInfo; 6 <appendix> member <vmtarget> ; # org/gradle/api/internal/project/taskfactory/DefaultTaskClassInfoStore$$Lambda+0x000001ae81a4fd38
instanceKlass org/gradle/api/internal/project/taskfactory/TaskClassInfo
instanceKlass  @bci org/gradle/api/tasks/compile/JavaCompile_Decorated $gradleInit ()V 1 <appendix> member <vmtarget> ; # org/gradle/api/tasks/compile/JavaCompile_Decorated$$Lambda+0x000001ae81a530c0
instanceKlass  @bci org/gradle/api/internal/tasks/DefaultTaskOutputs doNotCacheIf (Ljava/lang/String;Lorg/gradle/api/specs/Spec;)V 9 <appendix> member <vmtarget> ; # org/gradle/api/internal/tasks/DefaultTaskOutputs$$Lambda+0x000001ae81a4f8e0
instanceKlass  @bci org/gradle/api/internal/tasks/compile/CompilerForkUtils doNotCacheIfForkingViaExecutable (Lorg/gradle/api/tasks/compile/CompileOptions;Lorg/gradle/api/tasks/TaskOutputs;)V 4 <appendix> member <vmtarget> ; # org/gradle/api/internal/tasks/compile/CompilerForkUtils$$Lambda+0x000001ae81a52e88
instanceKlass org/gradle/api/internal/tasks/compile/CompilerForkUtils
instanceKlass  @bci org/gradle/api/tasks/compile/CompileOptions_Decorated $gradleInit ()V 1 <appendix> member <vmtarget> ; # org/gradle/api/tasks/compile/CompileOptions_Decorated$$Lambda+0x000001ae81a52a58
instanceKlass  @bci org/gradle/api/tasks/compile/ForkOptions_Decorated $gradleInit ()V 1 <appendix> member <vmtarget> ; # org/gradle/api/tasks/compile/ForkOptions_Decorated$$Lambda+0x000001ae81a52830
instanceKlass org/gradle/api/tasks/compile/DebugOptions
instanceKlass org/gradle/api/tasks/compile/BaseForkOptions
instanceKlass  @bci org/gradle/jvm/toolchain/internal/DefaultJavaToolchainService compilerFor (Lorg/gradle/jvm/toolchain/JavaToolchainSpec;)Lorg/gradle/api/provider/Provider; 30 <appendix> member <vmtarget> ; # org/gradle/jvm/toolchain/internal/DefaultJavaToolchainService$$Lambda+0x000001ae81a51390
instanceKlass  @bci org/gradle/jvm/toolchain/internal/DefaultJavaToolchainService compilerFor (Lorg/gradle/jvm/toolchain/JavaToolchainSpec;)Lorg/gradle/api/provider/Provider; 19 <appendix> member <vmtarget> ; # org/gradle/jvm/toolchain/internal/DefaultJavaToolchainService$$Lambda+0x000001ae81a51168
instanceKlass  @bci org/gradle/api/tasks/compile/JavaCompile <init> ()V 93 <appendix> argL0 ; # org/gradle/api/tasks/compile/JavaCompile$$Lambda+0x000001ae81a50f48
instanceKlass  @bci org/gradle/api/tasks/compile/JavaCompile <init> ()V 82 <appendix> member <vmtarget> ; # org/gradle/api/tasks/compile/JavaCompile$$Lambda+0x000001ae81a50d20
instanceKlass  @bci org/gradle/api/tasks/compile/JavaCompile <init> ()V 66 <appendix> member <vmtarget> ; # org/gradle/api/tasks/compile/JavaCompile$$Lambda+0x000001ae81a50af8
instanceKlass  @bci org/gradle/api/tasks/compile/JavaCompile <init> ()V 23 <appendix> member <vmtarget> ; # org/gradle/api/tasks/compile/JavaCompile$$Lambda+0x000001ae81a508d0
instanceKlass org/gradle/internal/cc/impl/AbstractTaskProjectAccessChecker
instanceKlass org/gradle/internal/cc/impl/ConfigurationCacheServices$TaskExecutionAccessCheckerProvider$workGraphLoadingStateFrom$1
# instanceKlass java/lang/invoke/LambdaForm$MH+0x000001ae81a55400
# instanceKlass java/lang/invoke/LambdaForm$MH+0x000001ae81a55000
# instanceKlass java/lang/invoke/LambdaForm$MH+0x000001ae81a54c00
# instanceKlass java/lang/invoke/LambdaForm$MH+0x000001ae81a54800
# instanceKlass java/lang/invoke/LambdaForm$MH+0x000001ae81a54400
# instanceKlass java/lang/invoke/LambdaForm$MH+0x000001ae81a54000
instanceKlass org/gradle/internal/cc/impl/BuildTreeConfigurationCache
instanceKlass org/gradle/api/internal/tasks/DefaultTaskRequiredServices
instanceKlass org/gradle/api/internal/tasks/DefaultTaskLocalState
instanceKlass org/gradle/api/internal/tasks/DefaultTaskDestroyables
instanceKlass org/gradle/api/internal/tasks/TaskDestroyablesInternal
instanceKlass org/gradle/api/internal/tasks/properties/OutputUnpacker$UnpackedOutputConsumer
instanceKlass org/gradle/api/tasks/TaskOutputFilePropertyBuilder
instanceKlass org/gradle/api/internal/tasks/DefaultTaskOutputs
instanceKlass org/gradle/api/internal/TaskOutputsEnterpriseInternal
instanceKlass org/gradle/api/internal/tasks/TaskInputsDeprecationSupport
instanceKlass org/gradle/api/internal/FilePropertyContainer
instanceKlass org/gradle/api/tasks/TaskInputPropertyBuilder
instanceKlass org/gradle/api/internal/tasks/TaskInputFilePropertyRegistration
instanceKlass org/gradle/api/internal/tasks/TaskPropertyRegistration
instanceKlass org/gradle/api/internal/tasks/TaskInputFilePropertyBuilderInternal
instanceKlass org/gradle/api/internal/tasks/TaskFilePropertyBuilderInternal
instanceKlass org/gradle/api/tasks/TaskInputFilePropertyBuilder
instanceKlass org/gradle/api/tasks/TaskFilePropertyBuilder
instanceKlass org/gradle/api/tasks/TaskPropertyBuilder
instanceKlass org/gradle/api/internal/tasks/DefaultTaskInputs
instanceKlass org/gradle/internal/logging/slf4j/DefaultContextAwareTaskLogger
instanceKlass org/gradle/api/internal/tasks/execution/SelfDescribingSpec
instanceKlass org/gradle/api/internal/AbstractTask$10
instanceKlass  @bci sun/reflect/annotation/AnnotationParser parseAnnotationArray (ILjava/lang/Class;Ljava/nio/ByteBuffer;Ljdk/internal/reflect/ConstantPool;Ljava/lang/Class;)Ljava/lang/Object; 15 <appendix> member <vmtarget> ; # sun/reflect/annotation/AnnotationParser$$Lambda+0x000001ae819569c8
instanceKlass org/gradle/internal/instrumentation/api/annotations/ReplacesEagerProperty$DefaultValue
instanceKlass org/gradle/internal/instrumentation/api/annotations/ReplacedDeprecation
instanceKlass org/gradle/internal/instrumentation/api/annotations/ReplacedAccessor
instanceKlass org/gradle/api/internal/tasks/TaskMutator
instanceKlass org/gradle/internal/snapshot/impl/ImplementationSnapshot
instanceKlass org/gradle/api/internal/tasks/properties/ServiceReferenceSpec
instanceKlass org/gradle/api/internal/tasks/properties/PropertySpec
instanceKlass org/gradle/api/internal/tasks/TaskStateInternal
instanceKlass org/gradle/api/internal/tasks/compile/incremental/recomp/AbstractRecompilationSpecProvider
instanceKlass org/gradle/api/internal/tasks/compile/DefaultJvmLanguageCompileSpec
instanceKlass org/gradle/api/internal/tasks/compile/CleaningJavaCompiler
instanceKlass org/gradle/api/internal/AbstractTask$TaskInfo
instanceKlass org/gradle/api/internal/project/taskfactory/TaskFactory$1
instanceKlass org/gradle/api/internal/tasks/DefaultTaskContainer$RealizeDetails
instanceKlass org/gradle/api/internal/tasks/DefaultTaskContainer$TaskCreatingProvider$1
instanceKlass Build_gradle$inlined$sam$i$org_gradle_api_Action$0
instanceKlass  @bci Build_gradle <init> (Lorg/gradle/kotlin/dsl/support/KotlinScriptHost;Lorg/gradle/api/Project;)V 101 <appendix> argL0 ; # Build_gradle$$Lambda+0x000001ae81a45440
instanceKlass Build_gradle$2$1$2
instanceKlass org/gradle/api/internal/artifacts/ivyservice/projectmodule/DefaultProjectPublicationRegistry$DefaultPublicationForProject
instanceKlass org/gradle/api/internal/artifacts/ivyservice/projectmodule/ProjectPublicationRegistry$PublicationForProject
instanceKlass  @bci org/gradle/plugin/devel/PluginDeclaration_Decorated $gradleInit ()V 1 <appendix> member <vmtarget> ; # org/gradle/plugin/devel/PluginDeclaration_Decorated$$Lambda+0x000001ae81a3db38
instanceKlass Build_gradle$2$1$1
instanceKlass Build_gradle$2$1
instanceKlass org/gradle/kotlin/dsl/Accessorsdd8x911oz2huoy5zr6r0lhdvaKt
instanceKlass Build_gradle$2
instanceKlass org/gradle/kotlin/dsl/NamedDomainObjectProviderExtensionsKt$sam$org_gradle_api_Action$0
instanceKlass org/gradle/kotlin/dsl/NamedDomainObjectProviderExtensionsKt
instanceKlass  @bci Build_gradle <init> (Lorg/gradle/kotlin/dsl/support/KotlinScriptHost;Lorg/gradle/api/Project;)V 67 <appendix> argL0 ; # Build_gradle$$Lambda+0x000001ae81a445d0
instanceKlass org/gradle/kotlin/dsl/support/ProjectScriptHost
instanceKlass org/gradle/kotlin/dsl/support/DefaultKotlinScriptKt
instanceKlass java/lang/foreign/MemorySegment
instanceKlass  @bci org/gradle/kotlin/dsl/execution/Interpreter$ProgramHost compileSecondStageOf (Lorg/gradle/kotlin/dsl/execution/ExecutableProgram$StagedProgram;Lorg/gradle/kotlin/dsl/support/KotlinScriptHost;Lorg/gradle/kotlin/dsl/execution/ProgramId;Lorg/gradle/kotlin/dsl/execution/ProgramKind;Lorg/gradle/kotlin/dsl/execution/ProgramTarget;Lorg/gradle/internal/classpath/ClassPath;)Lorg/gradle/kotlin/dsl/execution/CompiledScript; 134 <appendix> member <vmtarget> ; # org/gradle/kotlin/dsl/execution/Interpreter$ProgramHost$$Lambda+0x000001ae81a43040
instanceKlass org/gradle/kotlin/dsl/accessors/GenerateProjectAccessors$identify$1
instanceKlass org/gradle/kotlin/dsl/accessors/GenerateProjectAccessors$visitImmutableInputs$3
instanceKlass org/gradle/kotlin/dsl/accessors/GenerateProjectAccessors$visitImmutableInputs$2
instanceKlass org/gradle/kotlin/dsl/accessors/GenerateProjectAccessors$visitImmutableInputs$1
instanceKlass org/gradle/kotlin/dsl/accessors/GenerateProjectAccessors$Companion
instanceKlass org/gradle/kotlin/dsl/accessors/GenerateProjectAccessors
instanceKlass org/gradle/kotlin/dsl/internal/sharedruntime/codegen/PrimitiveKotlinTypeStringsKt
instanceKlass org/gradle/model/internal/type/GenericArrayTypeWrapper
instanceKlass org/gradle/kotlin/dsl/accessors/KotlinTypeStringsKt
instanceKlass org/gradle/kotlin/dsl/accessors/SchemaType$Companion
instanceKlass org/gradle/kotlin/dsl/accessors/SchemaType
instanceKlass org/gradle/kotlin/dsl/accessors/ProjectSchema
instanceKlass org/gradle/kotlin/dsl/accessors/ConfigurationEntry
instanceKlass  @bci org/gradle/api/internal/artifacts/dsl/LazyPublishArtifact getBuildDependencies ()Lorg/gradle/api/tasks/TaskDependency; 5 <appendix> member <vmtarget> ; # org/gradle/api/internal/artifacts/dsl/LazyPublishArtifact$$Lambda+0x000001ae81a3d148
instanceKlass org/gradle/api/internal/artifacts/ProjectBackedModule
instanceKlass  @bci org/gradle/testing/base/plugins/TestSuiteBasePlugin lambda$apply$1 (Lorg/gradle/testing/base/TestSuiteTarget;Lorg/gradle/api/artifacts/ConsumableConfiguration;)V 12 <appendix> argL0 ; # org/gradle/testing/base/plugins/TestSuiteBasePlugin$$Lambda+0x000001ae81a3ccc8
instanceKlass org/gradle/api/attributes/TestSuiteName$Impl
instanceKlass org/gradle/api/attributes/TestSuiteName
instanceKlass  @bci org/gradle/testing/base/plugins/TestSuiteBasePlugin lambda$addTestResultsVariant$5 (Lorg/gradle/testing/base/TestSuite;Lorg/gradle/api/Project;Lorg/gradle/api/artifacts/ConsumableConfiguration;)V 46 <appendix> member <vmtarget> ; # org/gradle/testing/base/plugins/TestSuiteBasePlugin$$Lambda+0x000001ae81a3caa0
instanceKlass  @bci org/gradle/api/internal/artifacts/configurations/DefaultConfigurationPublications artifacts (Lorg/gradle/api/provider/Provider;Lorg/gradle/api/Action;)V 7 <appendix> member <vmtarget> ; # org/gradle/api/internal/artifacts/configurations/DefaultConfigurationPublications$$Lambda+0x000001ae81a3c878
instanceKlass  @bci org/gradle/api/plugins/jvm/internal/DefaultJvmFeature lambda$withSourceElements$6 (Lorg/gradle/api/artifacts/ConsumableConfiguration;)V 74 <appendix> argL0 ; # org/gradle/api/plugins/jvm/internal/DefaultJvmFeature$$Lambda+0x000001ae81a3c658
instanceKlass  @bci org/gradle/api/plugins/jvm/internal/DefaultJvmFeature lambda$withSourceElements$6 (Lorg/gradle/api/artifacts/ConsumableConfiguration;)V 64 <appendix> member <vmtarget> ; # org/gradle/api/plugins/jvm/internal/DefaultJvmFeature$$Lambda+0x000001ae81a3c430
instanceKlass org/gradle/api/internal/file/AbstractFileCollection$FileCollectionElementsFactory
instanceKlass org/gradle/api/attributes/VerificationType$Impl
instanceKlass org/gradle/api/attributes/VerificationType
instanceKlass  @bci org/gradle/api/plugins/jvm/internal/DefaultJvmPluginServices configureAsSources (Lorg/gradle/api/attributes/HasConfigurableAttributes;)V 2 <appendix> argL0 ; # org/gradle/api/plugins/jvm/internal/DefaultJvmPluginServices$$Lambda+0x000001ae81a3c210
instanceKlass org/gradle/kotlin/dsl/provider/plugins/TargetTypedSchema
instanceKlass kotlin/reflect/jvm/internal/impl/load/kotlin/KotlinClassFinderKt
instanceKlass org/gradle/kotlin/dsl/provider/plugins/ProjectSchemaNamedDomainObjectSchema
instanceKlass org/gradle/api/internal/tasks/DefaultTaskCollection$1$2$1
instanceKlass com/google/common/collect/Iterators$ConcatenatedIterator
instanceKlass org/gradle/api/internal/tasks/DefaultTaskCollection$1$2
instanceKlass org/gradle/api/internal/tasks/DefaultTaskCollection$1$1
instanceKlass org/gradle/api/internal/tasks/DefaultTaskCollection$1
instanceKlass kotlin/reflect/jvm/internal/impl/serialization/deserialization/descriptors/DeserializedClassDescriptor$$Lambda$5
instanceKlass kotlin/reflect/jvm/internal/impl/serialization/deserialization/descriptors/DeserializedAnnotations
instanceKlass kotlin/reflect/jvm/internal/impl/load/java/structure/JavaTypeParameter
instanceKlass org/gradle/api/internal/DefaultNamedDomainObjectCollection$1$1$1
instanceKlass org/gradle/api/internal/DefaultNamedDomainObjectCollection$1$1
instanceKlass org/gradle/api/internal/DefaultNamedDomainObjectCollection$1
instanceKlass org/gradle/kotlin/dsl/accessors/ProjectSchemaEntry
instanceKlass kotlin/coroutines/jvm/internal/SpillingKt
instanceKlass kotlin/reflect/jvm/internal/impl/load/java/JavaDescriptorVisibilities
instanceKlass kotlin/reflect/jvm/internal/impl/load/java/UtilsKt
instanceKlass kotlin/reflect/jvm/internal/impl/load/java/lazy/descriptors/LazyJavaClassDescriptor$$Lambda$2
instanceKlass kotlin/reflect/jvm/internal/impl/load/java/lazy/descriptors/LazyJavaClassDescriptor$$Lambda$1
instanceKlass kotlin/reflect/jvm/internal/impl/load/java/lazy/descriptors/LazyJavaClassMemberScope$$Lambda$4
instanceKlass kotlin/reflect/jvm/internal/impl/load/java/lazy/descriptors/LazyJavaClassMemberScope$$Lambda$3
instanceKlass kotlin/reflect/jvm/internal/impl/load/java/lazy/descriptors/LazyJavaClassMemberScope$$Lambda$2
instanceKlass kotlin/reflect/jvm/internal/impl/load/java/lazy/descriptors/LazyJavaClassMemberScope$$Lambda$1
instanceKlass kotlin/reflect/jvm/internal/impl/load/java/lazy/descriptors/LazyJavaClassMemberScope$$Lambda$0
instanceKlass kotlin/reflect/jvm/internal/impl/load/java/lazy/descriptors/LazyJavaClassDescriptor$LazyJavaClassTypeConstructor$$Lambda$0
instanceKlass kotlin/reflect/jvm/internal/impl/descriptors/runtime/structure/Java16SealedRecordLoader$Cache
instanceKlass kotlin/reflect/jvm/internal/impl/descriptors/runtime/structure/Java16SealedRecordLoader
instanceKlass kotlin/reflect/jvm/internal/impl/load/java/lazy/descriptors/LazyJavaClassDescriptor$$Lambda$0
instanceKlass kotlin/reflect/jvm/internal/impl/load/java/lazy/LazyJavaTypeParameterResolver$$Lambda$0
instanceKlass kotlin/reflect/jvm/internal/impl/load/java/lazy/LazyJavaTypeParameterResolver
instanceKlass kotlin/reflect/jvm/internal/impl/descriptors/runtime/components/RuntimeSourceElementFactory$RuntimeSourceElement
instanceKlass kotlin/reflect/jvm/internal/impl/load/java/sources/JavaSourceElement
instanceKlass kotlin/reflect/jvm/internal/impl/load/java/lazy/descriptors/LazyJavaClassDescriptor$Companion
instanceKlass kotlin/reflect/jvm/internal/impl/load/java/descriptors/JavaClassDescriptor
instanceKlass kotlin/reflect/jvm/internal/impl/load/java/structure/JavaClass
instanceKlass kotlin/reflect/jvm/internal/impl/load/java/structure/JavaTypeParameterListOwner
instanceKlass kotlin/reflect/jvm/internal/impl/load/java/structure/JavaClassifier
instanceKlass kotlin/reflect/jvm/internal/impl/load/java/structure/JavaNamedElement
instanceKlass kotlin/reflect/jvm/internal/impl/descriptors/runtime/structure/ReflectJavaModifierListOwner
instanceKlass kotlin/reflect/jvm/internal/impl/load/java/structure/JavaModifierListOwner
instanceKlass kotlin/reflect/jvm/internal/impl/descriptors/runtime/structure/ReflectJavaAnnotationOwner
instanceKlass kotlin/reflect/jvm/internal/impl/load/java/JavaClassFinder$Request
instanceKlass kotlin/sequences/SequenceScope
instanceKlass kotlin/sequences/SequencesKt__SequenceBuilderKt$sequence$$inlined$Sequence$1
instanceKlass org/gradle/kotlin/dsl/provider/plugins/DefaultProjectSchemaProviderKt
instanceKlass org/gradle/kotlin/dsl/accessors/ProjectAccessorsClassPathGenerator$projectAccessorsClassPath$1
# instanceKlass java/lang/invoke/LambdaForm$MH+0x000001ae81a34c00
# instanceKlass java/lang/invoke/LambdaForm$MH+0x000001ae81a34800
# instanceKlass java/lang/invoke/LambdaForm$MH+0x000001ae81a34400
# instanceKlass java/lang/invoke/LambdaForm$MH+0x000001ae81a34000
instanceKlass  @bci org/gradle/kotlin/dsl/concurrent/JavaSystemPropertiesAsyncIOScopeSettings <init> ()V 6 <appendix> member <vmtarget> ; # org/gradle/kotlin/dsl/concurrent/JavaSystemPropertiesAsyncIOScopeSettings$$Lambda+0x000001ae81a30000
instanceKlass  @cpi org/gradle/kotlin/dsl/concurrent/JavaSystemPropertiesAsyncIOScopeSettings 17 form vmentry <vmtarget> ; # java/lang/invoke/LambdaForm$DMH+0x000001ae81a2c400
instanceKlass org/gradle/kotlin/dsl/concurrent/JavaSystemPropertiesAsyncIOScopeSettings$Companion
instanceKlass org/gradle/kotlin/dsl/concurrent/JavaSystemPropertiesAsyncIOScopeSettings
instanceKlass org/gradle/kotlin/dsl/concurrent/AsyncIOScopeSettings
instanceKlass  @bci org/gradle/kotlin/dsl/concurrent/BuildServices createAsyncIOScopeFactory (Lorg/gradle/internal/concurrent/ExecutorFactory;)Lorg/gradle/kotlin/dsl/concurrent/AsyncIOScopeFactory; 12 <appendix> member <vmtarget> ; # org/gradle/kotlin/dsl/concurrent/BuildServices$$Lambda+0x000001ae81a2dbf8
instanceKlass org/gradle/kotlin/dsl/concurrent/DefaultAsyncIOScopeFactory
instanceKlass org/gradle/kotlin/dsl/provider/plugins/DefaultProjectSchemaProvider
instanceKlass org/gradle/kotlin/dsl/provider/plugins/DefaultKotlinDslDclSchemaCollector
instanceKlass org/gradle/kotlin/dsl/provider/plugins/CrossBuildInMemoryKotlinDslDclSchemaCache
instanceKlass org/gradle/kotlin/dsl/provider/plugins/KotlinDslDclSchemaCache
instanceKlass org/gradle/kotlin/dsl/provider/plugins/CachedKotlinDslDclSchemaCollector
instanceKlass  @bci org/gradle/kotlin/dsl/provider/plugins/KotlinScriptBasePlugin_Decorated $gradleInit ()V 1 <appendix> member <vmtarget> ; # org/gradle/kotlin/dsl/provider/plugins/KotlinScriptBasePlugin_Decorated$$Lambda+0x000001ae81a25768
instanceKlass org/gradle/kotlin/dsl/provider/plugins/KotlinScriptBasePlugin
instanceKlass org/gradle/api/tasks/util/internal/CachingPatternSpecFactory$CachingSpec$1
instanceKlass org/gradle/api/file/FilePermissions
instanceKlass org/gradle/api/internal/file/AbstractFileTreeElement
instanceKlass org/gradle/api/file/FileVisitDetails
instanceKlass org/gradle/api/internal/file/AttributeBasedFileVisitDetailsFactory
instanceKlass java/nio/file/FileTreeWalker$1
instanceKlass org/gradle/api/internal/file/collections/PathVisitor
instanceKlass org/gradle/api/file/ReproducibleFileVisitor
instanceKlass org/gradle/api/specs/CompositeSpec
instanceKlass org/gradle/api/file/RelativePath
instanceKlass org/gradle/api/file/EmptyFileVisitor
instanceKlass org/gradle/api/internal/file/collections/FileTreeAdapter$1
instanceKlass org/gradle/api/internal/file/collections/MinimalFileTree$MinimalFileTreeStructureVisitor
instanceKlass  @bci java/util/Comparator thenComparing (Ljava/util/Comparator;)Ljava/util/Comparator; 7 <appendix> member <vmtarget> ; # java/util/Comparator$$Lambda+0x000001ae81956128
instanceKlass  @cpi java/util/Comparator 251 form vmentry <vmtarget> ; # java/lang/invoke/LambdaForm$DMH+0x000001ae81a2c000
instanceKlass  @bci org/gradle/api/internal/file/collections/ReproducibleDirectoryWalker <clinit> ()V 8 <appendix> argL0 ; # org/gradle/api/internal/file/collections/ReproducibleDirectoryWalker$$Lambda+0x000001ae81a2a100
instanceKlass  @bci org/gradle/api/internal/file/collections/ReproducibleDirectoryWalker <clinit> ()V 0 <appendix> argL0 ; # org/gradle/api/internal/file/collections/ReproducibleDirectoryWalker$$Lambda+0x000001ae81a29ec0
instanceKlass org/gradle/api/internal/file/collections/ReproducibleDirectoryWalker$PathWithAttributes
instanceKlass org/gradle/api/internal/file/collections/ReproducibleDirectoryWalker
instanceKlass org/gradle/internal/nativeintegration/services/FileSystems
instanceKlass org/gradle/api/internal/file/collections/DefaultDirectoryWalker
instanceKlass org/gradle/api/internal/file/collections/DirectoryWalker
instanceKlass  @bci org/gradle/api/internal/file/CompositeFileTree visitContentsAsFileTrees (Ljava/util/function/Consumer;)V 2 <appendix> member <vmtarget> ; # org/gradle/api/internal/file/CompositeFileTree$$Lambda+0x000001ae81a29208
instanceKlass  @bci org/gradle/api/internal/file/FilteredFileTree visitChildren (Ljava/util/function/Consumer;)V 11 <appendix> member <vmtarget> ; # org/gradle/api/internal/file/FilteredFileTree$$Lambda+0x000001ae81a28fd0
instanceKlass org/gradle/kotlin/dsl/provider/plugins/precompiled/DefaultPrecompiledScriptPluginsSupportKt$collectScriptPluginFiles$2
instanceKlass  @bci org/gradle/api/internal/file/CompositeFileTree matching (Lorg/gradle/api/Action;)Lorg/gradle/api/file/FileTree; 3 <appendix> member <vmtarget> ; # org/gradle/api/internal/file/CompositeFileTree$$Lambda+0x000001ae81a28208
instanceKlass org/gradle/kotlin/dsl/provider/plugins/precompiled/DefaultPrecompiledScriptPluginsSupportKt$collectScriptPluginFiles$1
instanceKlass  @bci org/gradle/kotlin/dsl/provider/plugins/precompiled/DefaultPrecompiledScriptPluginsSupportKt <clinit> ()V 84 <appendix> argL0 ; # org/gradle/kotlin/dsl/provider/plugins/precompiled/DefaultPrecompiledScriptPluginsSupportKt$$Lambda+0x000001ae81a24af8
instanceKlass org/gradle/kotlin/dsl/provider/plugins/precompiled/DefaultPrecompiledScriptPluginsSupportKt
instanceKlass org/gradle/kotlin/dsl/plugins/precompiled/PrecompiledScriptPluginsKt
instanceKlass org/gradle/kotlin/dsl/provider/plugins/precompiled/DefaultPrecompiledScriptPluginsSupport$Companion
instanceKlass org/gradle/kotlin/dsl/provider/plugins/precompiled/DefaultPrecompiledScriptPluginsSupport
instanceKlass org/gradle/kotlin/dsl/plugins/precompiled/PrecompiledScriptPlugins$registerCompileKotlinPluginsBlocks$3
instanceKlass org/jetbrains/kotlin/gradle/plugin/KotlinBaseApiPlugin$registerKotlinJvmCompileTask$3
instanceKlass org/gradle/kotlin/dsl/plugins/precompiled/PrecompiledScriptPlugins$registerCompileKotlinPluginsBlocks$2
instanceKlass org/gradle/kotlin/dsl/DependencyHandlerScope$Companion
instanceKlass  @bci org/gradle/kotlin/dsl/plugins/precompiled/PrecompiledScriptPlugins registerCompileKotlinPluginsBlocks (Lorg/gradle/api/Project;Lorg/jetbrains/kotlin/gradle/plugin/KotlinBaseApiPlugin;)V 94 <appendix> member <vmtarget> ; # org/gradle/kotlin/dsl/plugins/precompiled/PrecompiledScriptPlugins$$Lambda+0x000001ae81a21820
instanceKlass  @bci org/gradle/api/internal/artifacts/configurations/DefaultConfigurationContainer resolvable (Ljava/lang/String;Lorg/gradle/api/Action;)Lorg/gradle/api/NamedDomainObjectProvider; 12 <appendix> member <vmtarget> ; # org/gradle/api/internal/artifacts/configurations/DefaultConfigurationContainer$$Lambda+0x000001ae81a24000
instanceKlass org/gradle/kotlin/dsl/plugins/precompiled/PrecompiledScriptPlugins$registerCompileKotlinPluginsBlocks$pluginClasspath$1
instanceKlass  @bci org/gradle/api/internal/artifacts/configurations/DefaultConfigurationContainer dependencyScope (Ljava/lang/String;)Lorg/gradle/api/NamedDomainObjectProvider; 13 <appendix> member <vmtarget> ; # org/gradle/api/internal/artifacts/configurations/DefaultConfigurationContainer$$Lambda+0x000001ae819dbcc8
instanceKlass org/gradle/kotlin/dsl/plugins/precompiled/PrecompiledScriptPlugins$apply$1$1
instanceKlass org/gradle/kotlin/dsl/plugins/precompiled/PrecompiledScriptPlugins$apply$lambda$0$$inlined$apply$2
instanceKlass  @bci org/jetbrains/kotlin/gradle/plugin/KotlinBaseApiPlugin_Decorated $gradleInit ()V 1 <appendix> member <vmtarget> ; # org/jetbrains/kotlin/gradle/plugin/KotlinBaseApiPlugin_Decorated$$Lambda+0x000001ae81a20f88
instanceKlass org/jetbrains/kotlin/gradle/plugin/KaptExtension
instanceKlass org/jetbrains/kotlin/gradle/dsl/KaptExtensionConfig
instanceKlass org/gradle/kotlin/dsl/plugins/precompiled/PrecompiledScriptPlugins$apply$lambda$0$$inlined$apply$1
instanceKlass  @bci org/gradle/kotlin/dsl/plugins/precompiled/PrecompiledScriptPlugins_Decorated $gradleInit ()V 1 <appendix> member <vmtarget> ; # org/gradle/kotlin/dsl/plugins/precompiled/PrecompiledScriptPlugins_Decorated$$Lambda+0x000001ae81a1fad0
instanceKlass org/gradle/kotlin/dsl/support/delegates/DependencyHandlerDelegate
instanceKlass org/jetbrains/kotlin/gradle/plugin/KotlinJvmFactory
instanceKlass org/gradle/kotlin/dsl/plugins/precompiled/PrecompiledScriptPlugins$Target
instanceKlass org/gradle/kotlin/dsl/provider/PrecompiledScriptPluginsSupport$Target
instanceKlass org/gradle/kotlin/dsl/plugins/precompiled/PrecompiledScriptPlugins
instanceKlass org/gradle/kotlin/dsl/plugins/dsl/KotlinDslPlugin$apply$lambda$0$$inlined$apply$3
instanceKlass org/gradle/kotlin/dsl/ProjectExtensionsKt
instanceKlass org/gradle/kotlin/dsl/plugins/dsl/KotlinDslCompilerPlugins$apply$1$3
instanceKlass org/gradle/kotlin/dsl/plugins/dsl/KotlinDslCompilerPlugins$apply$1$2
instanceKlass org/jetbrains/kotlin/assignment/plugin/gradle/model/builder/AssignmentModelBuilder
instanceKlass  @bci org/jetbrains/kotlin/assignment/plugin/gradle/AssignmentExtension_Decorated $gradleInit ()V 1 <appendix> member <vmtarget> ; # org/jetbrains/kotlin/assignment/plugin/gradle/AssignmentExtension_Decorated$$Lambda+0x000001ae81a1e260
instanceKlass org/jetbrains/kotlin/assignment/plugin/gradle/AssignmentExtension
instanceKlass org/jetbrains/kotlin/assignment/plugin/gradle/AssignmentSubplugin$Companion
instanceKlass org/jetbrains/kotlin/assignment/plugin/gradle/AssignmentSubplugin
instanceKlass org/gradle/kotlin/dsl/plugins/dsl/KotlinDslCompilerPlugins$apply$1$1
instanceKlass org/jetbrains/kotlin/noarg/gradle/model/builder/SamWithReceiverModelBuilder
instanceKlass  @bci org/jetbrains/kotlin/samWithReceiver/gradle/SamWithReceiverExtension_Decorated $gradleInit ()V 1 <appendix> member <vmtarget> ; # org/jetbrains/kotlin/samWithReceiver/gradle/SamWithReceiverExtension_Decorated$$Lambda+0x000001ae81a1d1d8
instanceKlass org/jetbrains/kotlin/samWithReceiver/gradle/SamWithReceiverExtension
instanceKlass org/jetbrains/kotlin/samWithReceiver/gradle/SamWithReceiverGradleSubplugin$Companion
instanceKlass org/jetbrains/kotlin/samWithReceiver/gradle/SamWithReceiverGradleSubplugin
instanceKlass  @bci org/gradle/kotlin/dsl/plugins/dsl/KotlinDslCompilerPlugins_Decorated $gradleInit ()V 1 <appendix> member <vmtarget> ; # org/gradle/kotlin/dsl/plugins/dsl/KotlinDslCompilerPlugins_Decorated$$Lambda+0x000001ae81a1c598
instanceKlass org/gradle/kotlin/dsl/plugins/dsl/KotlinDslCompilerPlugins
instanceKlass org/gradle/kotlin/dsl/plugins/base/KotlinDslBasePlugin$apply$lambda$0$$inlined$apply$2
instanceKlass  @bci org/gradle/kotlin/dsl/plugins/dsl/KotlinDslPluginOptions_Decorated $gradleInit ()V 1 <appendix> member <vmtarget> ; # org/gradle/kotlin/dsl/plugins/dsl/KotlinDslPluginOptions_Decorated$$Lambda+0x000001ae81a1bb40
instanceKlass org/gradle/kotlin/dsl/plugins/dsl/KotlinDslPluginOptions
instanceKlass org/gradle/kotlin/dsl/plugins/embedded/EmbeddedKotlinPlugin$workAroundKgpEagerConfigurations$1
instanceKlass org/gradle/kotlin/dsl/plugins/embedded/EmbeddedKotlinPluginKt
instanceKlass org/jetbrains/kotlin/gradle/scripting/internal/ScriptingGradleSubplugin$apply$1
instanceKlass org/jetbrains/kotlin/gradle/plugin/KotlinCompilerPluginSupportPlugin$DefaultImpls
instanceKlass org/jetbrains/kotlin/gradle/plugin/SubpluginArtifact
instanceKlass org/jetbrains/kotlin/gradle/scripting/internal/ScriptingKotlinGradleSubplugin$Companion
instanceKlass org/jetbrains/kotlin/gradle/scripting/internal/ScriptingKotlinGradleSubplugin
instanceKlass org/gradle/internal/build/event/types/DefaultBinaryPluginIdentifier
instanceKlass  @bci org/gradle/tooling/internal/provider/runner/PluginApplicationTracker started (Lorg/gradle/internal/operations/BuildOperationDescriptor;Lorg/gradle/internal/operations/OperationStartEvent;)V 34 <appendix> member <vmtarget> ; # org/gradle/tooling/internal/provider/runner/PluginApplicationTracker$$Lambda+0x000001ae819dbaa0
instanceKlass org/jetbrains/kotlin/gradle/internal/abi/ConfigsKt$configureLegacyTasks$2
instanceKlass org/jetbrains/kotlin/gradle/tasks/abi/KotlinLegacyAbiUpdateTask$Companion
instanceKlass org/jetbrains/kotlin/gradle/internal/abi/ConfigsKt$configureLegacyTasks$1
instanceKlass org/jetbrains/kotlin/gradle/tasks/abi/KotlinLegacyAbiCheckTaskImpl$Companion
instanceKlass org/jetbrains/kotlin/gradle/internal/abi/ConfigsKt$configureLegacyTasks$dumpTaskProvider$1
instanceKlass org/jetbrains/kotlin/gradle/tasks/abi/KotlinLegacyAbiDumpTaskImpl$Companion
instanceKlass org/jetbrains/kotlin/gradle/tasks/abi/AbiToolsTask$Companion
instanceKlass org/jetbrains/kotlin/gradle/internal/abi/ConfigsKt
instanceKlass  @bci org/jetbrains/kotlin/gradle/internal/abi/AbiValidationExtensionImpl_Decorated $gradleInit ()V 1 <appendix> member <vmtarget> ; # org/jetbrains/kotlin/gradle/internal/abi/AbiValidationExtensionImpl_Decorated$$Lambda+0x000001ae81a16a08
instanceKlass org/jetbrains/kotlin/gradle/internal/abi/AbiValidationExtensionImpl$variants$1
instanceKlass  @bci org/jetbrains/kotlin/gradle/internal/abi/AbiValidationLegacyDumpExtensionImpl_Decorated $gradleInit ()V 1 <appendix> member <vmtarget> ; # org/jetbrains/kotlin/gradle/internal/abi/AbiValidationLegacyDumpExtensionImpl_Decorated$$Lambda+0x000001ae81a165b8
instanceKlass org/jetbrains/kotlin/gradle/tasks/abi/KotlinLegacyAbiDumpTask
instanceKlass org/jetbrains/kotlin/gradle/tasks/abi/KotlinLegacyAbiCheckTask
instanceKlass org/jetbrains/kotlin/gradle/internal/abi/AbiValidationLegacyDumpExtensionImpl
instanceKlass  @bci org/jetbrains/kotlin/gradle/internal/abi/AbiFiltersSpecImpl_Decorated $gradleInit ()V 1 <appendix> member <vmtarget> ; # org/jetbrains/kotlin/gradle/internal/abi/AbiFiltersSpecImpl_Decorated$$Lambda+0x000001ae81a15968
instanceKlass  @bci org/jetbrains/kotlin/gradle/dsl/abi/AbiFilterSetSpec_Decorated $gradleInit ()V 1 <appendix> member <vmtarget> ; # org/jetbrains/kotlin/gradle/dsl/abi/AbiFilterSetSpec_Decorated$$Lambda+0x000001ae81a15740
instanceKlass org/jetbrains/kotlin/gradle/dsl/abi/AbiFilterSetSpec_Decorated
instanceKlass org/jetbrains/kotlin/gradle/dsl/abi/AbiFilterSetSpec
instanceKlass org/jetbrains/kotlin/gradle/internal/abi/AbiFiltersSpecImpl
instanceKlass org/jetbrains/kotlin/gradle/internal/abi/AbiFiltersSpecImplKt
instanceKlass org/jetbrains/kotlin/gradle/dsl/abi/ExperimentalAbiValidation
instanceKlass org/jetbrains/kotlin/gradle/dsl/abi/AbiValidationVariantSpec$Companion
instanceKlass org/jetbrains/kotlin/gradle/dsl/abi/AbiFiltersSpec
instanceKlass org/jetbrains/kotlin/gradle/dsl/abi/AbiValidationLegacyDumpExtension
instanceKlass org/jetbrains/kotlin/gradle/internal/abi/AbiValidationVariantSpecImpl
instanceKlass org/jetbrains/kotlin/gradle/dsl/abi/AbiValidationExtension
instanceKlass org/jetbrains/kotlin/gradle/dsl/abi/AbiValidationVariantSpec
instanceKlass org/jetbrains/kotlin/gradle/internal/abi/AbiValidationExtensionKt
instanceKlass org/jetbrains/kotlin/gradle/plugin/abi/UtilsKt$prepareAbiClasspath$1$1
instanceKlass org/jetbrains/kotlin/gradle/plugin/abi/UtilsKt
instanceKlass org/jetbrains/kotlin/gradle/targets/native/internal/CommonizerTasksKt
instanceKlass org/jetbrains/kotlin/gradle/internal/StdlibDependencyManagementKt$configureStdlibVersionAlignment$1$1
instanceKlass org/jetbrains/kotlin/gradle/internal/StdlibDependencyManagementKt$configureStdlibVersionAlignment$1
instanceKlass org/jetbrains/kotlin/gradle/internal/KotlinDependenciesManagementKt$configureDefaultVersionsResolutionStrategy$1$1
instanceKlass org/jetbrains/kotlin/gradle/internal/KotlinDependenciesManagementKt$configureDefaultVersionsResolutionStrategy$1
instanceKlass org/jetbrains/kotlin/gradle/internal/KotlinDomApiDependencyManagementKt$addKotlinDomApiDependency$1
instanceKlass org/jetbrains/kotlin/gradle/internal/KotlinDomApiDependencyManagementKt
instanceKlass org/jetbrains/kotlin/gradle/internal/KotlinTestDependencyManagementKt$maybeAddTestDependencyCapability$1
instanceKlass org/jetbrains/kotlin/gradle/internal/KotlinTestDependencyManagementKt$configureKotlinTestDependency$2
instanceKlass org/jetbrains/kotlin/gradle/internal/KotlinTestDependencyManagementKt
instanceKlass org/jetbrains/kotlin/gradle/internal/StdlibDependencyManagementKt$addStdlibDependency$1$1$1
instanceKlass org/jetbrains/kotlin/gradle/plugin/sources/KotlinDependencyScopeKt$WhenMappings
instanceKlass org/jetbrains/kotlin/gradle/plugin/sources/KotlinDependencyScopeKt
instanceKlass org/jetbrains/kotlin/gradle/plugin/sources/KotlinDependencyScope$Companion
instanceKlass org/jetbrains/kotlin/gradle/internal/StdlibDependencyManagementKt$addStdlibDependency$1
instanceKlass org/jetbrains/kotlin/gradle/utils/KotlinExtensionUtilsKt
instanceKlass org/jetbrains/kotlin/gradle/targets/js/npm/SemVer$Companion
instanceKlass org/jetbrains/kotlin/gradle/targets/js/npm/SemVer
instanceKlass org/jetbrains/kotlin/gradle/internal/StdlibDependencyManagementKt
instanceKlass org/jetbrains/kotlin/gradle/utils/ProviderApiUtilsKt$providerWithLazyConvention$1
instanceKlass org/jetbrains/kotlin/gradle/plugin/diagnostics/KotlinToolingDiagnosticsSetupActionKt$KotlinToolingDiagnosticsSetupAction$1$3
instanceKlass org/jetbrains/kotlin/gradle/plugin/diagnostics/CheckKotlinGradlePluginConfigurationErrorsKt$addDependsOnFromTasksThatShouldFailWhenErrorsReported$1
instanceKlass org/jetbrains/kotlin/gradle/plugin/diagnostics/CheckKotlinGradlePluginConfigurationErrorsKt$locateOrRegisterCheckKotlinGradlePluginErrorsTask$taskProvider$1
instanceKlass org/jetbrains/kotlin/gradle/plugin/diagnostics/CheckKotlinGradlePluginConfigurationErrorsKt
instanceKlass org/jetbrains/kotlin/gradle/plugin/diagnostics/checkers/KmpPartiallyResolvedDependenciesCheckerKt
instanceKlass org/jetbrains/kotlin/gradle/internal/properties/NativePropertiesLoader$konanDataDirProperty$1$1
instanceKlass  @bci org/jetbrains/kotlin/gradle/plugin/diagnostics/checkers/OverriddenKotlinNativeHomeChecker$StdlibExistenceCheckerValueSource$Inject_ $gradleInit ()V 1 <appendix> member <vmtarget> ; # org/jetbrains/kotlin/gradle/plugin/diagnostics/checkers/OverriddenKotlinNativeHomeChecker$StdlibExistenceCheckerValueSource$Inject_$$Lambda+0x000001ae81a0b418
instanceKlass org/jetbrains/kotlin/gradle/plugin/diagnostics/checkers/OverriddenKotlinNativeHomeChecker$StdlibExistenceCheckerValueSource$Companion
instanceKlass  @bci org/jetbrains/kotlin/gradle/plugin/diagnostics/checkers/OverriddenKotlinNativeHomeChecker$StdlibExistenceCheckerValueSource$Params$Inject_ $gradleInit ()V 1 <appendix> member <vmtarget> ; # org/jetbrains/kotlin/gradle/plugin/diagnostics/checkers/OverriddenKotlinNativeHomeChecker$StdlibExistenceCheckerValueSource$Params$Inject_$$Lambda+0x000001ae81a0acb0
instanceKlass org/jetbrains/kotlin/gradle/plugin/diagnostics/checkers/OverriddenKotlinNativeHomeChecker$StdlibExistenceCheckerValueSource$Params$Inject_
instanceKlass org/gradle/api/internal/provider/OrElseValueProducer
instanceKlass org/jetbrains/kotlin/gradle/internal/properties/PropertiesBuildServiceKt$propertyWithDeprecatedName$1
instanceKlass org/jetbrains/kotlin/gradle/internal/properties/NativeProperties$Companion
instanceKlass org/jetbrains/kotlin/gradle/plugin/diagnostics/checkers/OverriddenKotlinNativeHomeChecker$allKonanMainSubdirectoriesExist$1$1
instanceKlass  @bci org/jetbrains/kotlin/gradle/plugin/diagnostics/checkers/OverriddenKotlinNativeHomeChecker$StdlibExistenceCheckerValueSource$Params_Decorated $gradleInit ()V 1 <appendix> member <vmtarget> ; # org/jetbrains/kotlin/gradle/plugin/diagnostics/checkers/OverriddenKotlinNativeHomeChecker$StdlibExistenceCheckerValueSource$Params_Decorated$$Lambda+0x000001ae81a09ec8
instanceKlass org/jetbrains/kotlin/gradle/plugin/diagnostics/checkers/OverriddenKotlinNativeHomeChecker$StdlibExistenceCheckerValueSource$Params_Decorated
instanceKlass org/jetbrains/kotlin/gradle/plugin/diagnostics/checkers/OverriddenKotlinNativeHomeChecker$StdlibExistenceCheckerValueSource$Params
instanceKlass org/jetbrains/kotlin/gradle/plugin/diagnostics/checkers/OverriddenKotlinNativeHomeChecker$allKonanMainSubdirectoriesExist$1
instanceKlass org/jetbrains/kotlin/gradle/plugin/diagnostics/checkers/OverriddenKotlinNativeHomeChecker$StdlibExistenceCheckerValueSource
instanceKlass kotlin/sequences/DropSequence$iterator$1
instanceKlass kotlin/sequences/DropSequence
instanceKlass kotlin/sequences/DropTakeSequence
instanceKlass kotlin/sequences/SequencesKt__SequenceBuilderKt
instanceKlass kotlin/collections/CollectionsKt___CollectionsKt$asSequence$$inlined$Sequence$1
instanceKlass kotlin/sequences/Sequence
instanceKlass org/jetbrains/kotlin/konan/target/UtilsKt
instanceKlass org/jetbrains/kotlin/gradle/dsl/PlatformSourceSetConventionsChecker$CheckedPlatformInfo
instanceKlass  @bci org/jetbrains/kotlin/gradle/plugin/diagnostics/KotlinToolingDiagnosticsCollector$Inject_ $gradleInit ()V 1 <appendix> member <vmtarget> ; # org/jetbrains/kotlin/gradle/plugin/diagnostics/KotlinToolingDiagnosticsCollector$Inject_$$Lambda+0x000001ae81a012a0
instanceKlass  @bci org/jetbrains/kotlin/gradle/plugin/diagnostics/KotlinToolingDiagnosticsCollector$Parameter$Inject_ $gradleInit ()V 1 <appendix> member <vmtarget> ; # org/jetbrains/kotlin/gradle/plugin/diagnostics/KotlinToolingDiagnosticsCollector$Parameter$Inject_$$Lambda+0x000001ae81a00da8
instanceKlass org/jetbrains/kotlin/gradle/plugin/diagnostics/KotlinToolingDiagnosticsCollector$Parameter$Inject_
instanceKlass org/jetbrains/kotlin/gradle/plugin/diagnostics/KotlinGradleProjectCheckerContext
instanceKlass org/jetbrains/kotlin/gradle/plugin/diagnostics/KotlinGradleProjectCheckersRunnerKt
instanceKlass org/jetbrains/kotlin/gradle/plugin/diagnostics/KotlinToolingDiagnosticsSetupActionKt$KotlinToolingDiagnosticsSetupAction$1$1
instanceKlass org/jetbrains/kotlin/gradle/plugin/diagnostics/KotlinToolingDiagnosticsSetupActionKt$KotlinToolingDiagnosticsSetupAction$1$reporterProvider$2
instanceKlass org/jetbrains/kotlin/gradle/plugin/diagnostics/KotlinToolingDiagnosticsSetupActionKt$KotlinToolingDiagnosticsSetupAction$1$reporterProvider$1
instanceKlass org/jetbrains/kotlin/gradle/targets/js/npm/PeerNpmDependencyExtension
instanceKlass org/jetbrains/kotlin/gradle/targets/js/npm/DevNpmDependencyExtension
instanceKlass org/jetbrains/kotlin/gradle/targets/js/npm/NpmDependency
instanceKlass org/codehaus/groovy/runtime/callsite/BooleanClosureWrapper
instanceKlass com/sun/beans/finder/FinderUtils
instanceKlass com/sun/beans/finder/AbstractFinder
instanceKlass sun/reflect/generics/reflectiveObjects/GenericArrayTypeImpl
instanceKlass  @bci java/lang/reflect/Executable sharedToGenericString (IZ)Ljava/lang/String; 33 <appendix> argL0 ; # java/lang/reflect/Executable$$Lambda+0x000001ae81955440
instanceKlass org/gradle/internal/classpath/InstrumentableClosure
instanceKlass org/jetbrains/kotlin/gradle/targets/js/npm/NpmDependencyExtension
instanceKlass org/jetbrains/kotlin/gradle/targets/js/npm/NpmDirectoryDependencyWithExternalsExtension
instanceKlass org/jetbrains/kotlin/gradle/targets/js/npm/NpmDirectoryDependencyExtension
instanceKlass org/jetbrains/kotlin/gradle/targets/js/npm/NpmDependencyWithExternalsExtension
instanceKlass org/jetbrains/kotlin/gradle/targets/js/npm/BaseNpmDependencyExtension
instanceKlass org/jetbrains/kotlin/gradle/targets/js/npm/NpmDependencyExtensionKt$AddNpmDependencyExtensionProjectSetupAction$1$WhenMappings
instanceKlass org/jetbrains/kotlin/gradle/tasks/DefaultKotlinJavaToolchain$Companion$wireJvmTargetToJvm$1
instanceKlass org/jetbrains/kotlin/gradle/tasks/DefaultKotlinJavaToolchain$Companion$wireJvmTargetToToolchain$1
instanceKlass org/jetbrains/kotlin/gradle/tasks/DefaultKotlinJavaToolchain$Companion$wireJvmTargetToToolchain$2
instanceKlass org/jetbrains/kotlin/gradle/tasks/DefaultKotlinJavaToolchain$Companion
instanceKlass org/jetbrains/kotlin/gradle/tasks/DefaultKotlinJavaToolchain
instanceKlass org/jetbrains/kotlin/gradle/tasks/KotlinJavaToolchain
instanceKlass  @bci org/gradle/api/publish/internal/component/DefaultAdhocSoftwareComponent_Decorated $gradleInit ()V 1 <appendix> member <vmtarget> ; # org/gradle/api/publish/internal/component/DefaultAdhocSoftwareComponent_Decorated$$Lambda+0x000001ae819db878
instanceKlass org/gradle/api/publish/internal/component/DefaultSoftwareComponentFactory
instanceKlass org/jetbrains/kotlin/gradle/plugin/mpp/KotlinTargetSoftwareComponentImplKt
instanceKlass org/jetbrains/kotlin/gradle/plugin/mpp/KotlinTargetComponentWithCoordinatesAndPublication
instanceKlass org/gradle/process/internal/health/memory/JvmMemoryStatusSnapshot
instanceKlass  @bci java/util/Comparator comparingInt (Ljava/util/function/ToIntFunction;)Ljava/util/Comparator; 6 <appendix> member <vmtarget> ; # java/util/Comparator$$Lambda+0x000001ae819551a0
instanceKlass  @bci org/gradle/workers/internal/WorkerDaemonClientsManager selectIdleClientsToStop (Lorg/gradle/api/Transformer;)V 11 <appendix> argL0 ; # org/gradle/workers/internal/WorkerDaemonClientsManager$$Lambda+0x000001ae819daff0
instanceKlass org/gradle/workers/internal/WorkerDaemonExpiration$SimpleMemoryExpirationSelector
instanceKlass org/gradle/process/internal/health/memory/OsMemoryStatusAspect$Unavailable
instanceKlass org/jetbrains/kotlin/gradle/internal/utils/CollectionsKt
instanceKlass org/jetbrains/kotlin/gradle/plugin/KotlinPluginLifecycleImplKt
instanceKlass org/jetbrains/kotlin/gradle/plugin/mpp/MppSourcesJarKt
instanceKlass org/jetbrains/kotlin/gradle/plugin/mpp/AbstractKotlinTargetKt
instanceKlass org/jetbrains/kotlin/gradle/plugin/mpp/DefaultKotlinUsageContext$1
instanceKlass org/jetbrains/kotlin/gradle/plugin/mpp/DefaultKotlinUsageContext$PublishOnlyIf
instanceKlass org/jetbrains/kotlin/gradle/model/builder/KotlinModelBuilder$Companion
instanceKlass org/jetbrains/kotlin/gradle/model/builder/KotlinModelBuilder
instanceKlass org/jetbrains/kotlin/gradle/plugin/AbstractKotlinPlugin$rewriteMppDependenciesInPom$1
instanceKlass org/gradle/api/plugins/JavaTestFixturesPlugin
instanceKlass org/jetbrains/kotlin/gradle/targets/jvm/KotlinJvmTargetTestFixturesSideEffectKt$ConfigureJavaTestFixturesSideEffect$1$1
instanceKlass  @bci org/gradle/api/internal/artifacts/publish/DecoratingPublishArtifact_Decorated $gradleInit ()V 1 <appendix> member <vmtarget> ; # org/gradle/api/internal/artifacts/publish/DecoratingPublishArtifact_Decorated$$Lambda+0x000001ae819f4000
instanceKlass org/gradle/api/internal/artifacts/publish/AbstractPublishArtifact
instanceKlass  @bci org/gradle/api/plugins/jvm/internal/DefaultJvmFeature lambda$createRuntimeElements$1 (Lorg/gradle/api/tasks/TaskProvider;Lorg/gradle/api/artifacts/PublishArtifact;Lorg/gradle/api/artifacts/ConsumableConfiguration;)V 36 <appendix> member <vmtarget> ; # org/gradle/api/plugins/jvm/internal/DefaultJvmFeature$$Lambda+0x000001ae819da680
instanceKlass  @bci org/gradle/api/plugins/jvm/internal/DefaultJvmPluginServices configureAsRuntimeElements (Lorg/gradle/api/attributes/HasConfigurableAttributes;)V 2 <appendix> argL0 ; # org/gradle/api/plugins/jvm/internal/DefaultJvmPluginServices$$Lambda+0x000001ae819da460
instanceKlass org/jetbrains/kotlin/gradle/tasks/TasksProviderKt$sam$org_gradle_api_Action$0
instanceKlass org/jetbrains/kotlin/gradle/plugin/KotlinSourceSetProcessor$addKotlinDirectoriesToJavaSourceSet$kotlinSrcDirsToAdd$1
instanceKlass kotlin/coroutines/jvm/internal/CompletedContinuation
instanceKlass org/jetbrains/kotlin/gradle/plugin/KotlinPluginLifecycleImpl$WhenMappings
instanceKlass kotlin/coroutines/CoroutineContext$Element$DefaultImpls
instanceKlass kotlin/coroutines/ContinuationInterceptor$Key
instanceKlass kotlin/coroutines/ContinuationInterceptor
instanceKlass kotlin/coroutines/jvm/internal/DebugProbesKt
instanceKlass kotlin/coroutines/intrinsics/IntrinsicsKt__IntrinsicsJvmKt
instanceKlass kotlin/coroutines/SafeContinuation$Companion
instanceKlass kotlin/coroutines/SafeContinuation
instanceKlass kotlin/coroutines/ContinuationKt
instanceKlass org/jetbrains/kotlin/gradle/plugin/KotlinPluginLifecycleCoroutineContextElement$Key
instanceKlass kotlin/coroutines/CoroutineContext$Key
instanceKlass org/jetbrains/kotlin/gradle/plugin/KotlinPluginLifecycleCoroutineContextElement
instanceKlass kotlin/coroutines/CoroutineContext$Element
instanceKlass kotlin/coroutines/EmptyCoroutineContext
instanceKlass kotlin/coroutines/CoroutineContext
instanceKlass org/jetbrains/kotlin/gradle/plugin/KotlinPluginLifecycleImpl$launch$coroutine$1
instanceKlass org/jetbrains/kotlin/gradle/scripting/internal/ScriptingGradleSubpluginKt$registerDiscoverScriptExtensionsTransform$2
instanceKlass  @bci org/jetbrains/kotlin/gradle/scripting/internal/DiscoverScriptExtensionsTransformAction$Parameters_Decorated $gradleInit ()V 1 <appendix> member <vmtarget> ; # org/jetbrains/kotlin/gradle/scripting/internal/DiscoverScriptExtensionsTransformAction$Parameters_Decorated$$Lambda+0x000001ae819ecc00
instanceKlass org/jetbrains/kotlin/gradle/scripting/internal/DiscoverScriptExtensionsTransformAction$Parameters_Decorated
instanceKlass org/jetbrains/kotlin/gradle/scripting/internal/DiscoverScriptExtensionsTransformAction$Parameters
instanceKlass org/jetbrains/kotlin/gradle/scripting/internal/ScriptingGradleSubpluginKt$registerDiscoverScriptExtensionsTransform$1
instanceKlass org/jetbrains/kotlin/gradle/scripting/internal/DiscoverScriptExtensionsTransformAction
instanceKlass org/jetbrains/kotlin/gradle/scripting/internal/ScriptingGradleSubplugin$Companion
instanceKlass org/jetbrains/kotlin/gradle/scripting/internal/ScriptingGradleSubplugin
instanceKlass org/jetbrains/kotlin/gradle/plugin/KotlinSourceSetProcessor$prepareKotlinCompileTask$1$3
instanceKlass org/jetbrains/kotlin/gradle/plugin/KotlinSourceSetProcessor$sam$java_util_function_Function$0
instanceKlass org/jetbrains/kotlin/gradle/plugin/KotlinSourceSetProcessor$prepareKotlinCompileTask$1$1
instanceKlass org/jetbrains/kotlin/gradle/tasks/configuration/KaptGenerateStubsConfig$Companion
instanceKlass org/jetbrains/kotlin/gradle/tasks/configuration/BaseKotlinCompileConfig$2$1
instanceKlass org/jetbrains/kotlin/gradle/tasks/configuration/BaseKotlinCompileConfig$1$1
instanceKlass org/jetbrains/kotlin/gradle/tasks/configuration/BaseKotlinCompileConfig$1$classpathConfiguration$1
instanceKlass org/jetbrains/kotlin/gradle/tasks/configuration/BaseKotlinCompileConfig$registerBuildToolsApiTransformations$2
instanceKlass org/jetbrains/kotlin/gradle/plugin/diagnostics/ToolingDiagnostic
instanceKlass java/io/Console$1
instanceKlass jdk/internal/access/JavaIOAccess
instanceKlass  @bci java/io/Console lambda$instantiateConsole$3 (Z)Ljava/io/Console; 66 <appendix> argL0 ; # java/io/Console$$Lambda+0x000001ae81954b28
instanceKlass java/util/AbstractMap$2$1
instanceKlass jdk/internal/org/jline/JdkConsoleProviderImpl
instanceKlass jdk/jshell/execution/impl/ConsoleImpl$ConsoleProviderImpl
instanceKlass  @bci java/io/Console lambda$instantiateConsole$3 (Z)Ljava/io/Console; 51 <appendix> argL0 ; # java/io/Console$$Lambda+0x000001ae819542f8
instanceKlass  @bci java/io/Console lambda$instantiateConsole$3 (Z)Ljava/io/Console; 41 <appendix> member <vmtarget> ; # java/io/Console$$Lambda+0x000001ae819540b8
instanceKlass  @cpi java/io/Console 279 form vmentry <vmtarget> ; # java/lang/invoke/LambdaForm$DMH+0x000001ae819ec800
# instanceKlass java/lang/invoke/LambdaForm$DMH+0x000001ae819ec400
instanceKlass jdk/internal/io/JdkConsole
instanceKlass  @bci java/io/Console lambda$instantiateConsole$3 (Z)Ljava/io/Console; 30 <appendix> member <vmtarget> ; # java/io/Console$$Lambda+0x000001ae81953c60
instanceKlass  @bci java/io/Console lambda$instantiateConsole$3 (Z)Ljava/io/Console; 19 <appendix> argL0 ; # java/io/Console$$Lambda+0x000001ae81953a20
instanceKlass java/util/ServiceLoader$ProviderSpliterator
instanceKlass java/util/ServiceLoader$LayerLookupIterator
instanceKlass jdk/internal/io/JdkConsoleProvider
instanceKlass  @bci java/io/Console instantiateConsole (Z)Ljava/io/Console; 1 <appendix> member <vmtarget> ; # java/io/Console$$Lambda+0x000001ae81944238
instanceKlass  @cpi java/io/Console 259 form vmentry <vmtarget> ; # java/lang/invoke/LambdaForm$DMH+0x000001ae819ec000
instanceKlass java/io/Console
instanceKlass  @bci org/jetbrains/kotlin/gradle/plugin/diagnostics/IsAttachedToTerminalValueSource$Inject_ $gradleInit ()V 1 <appendix> member <vmtarget> ; # org/jetbrains/kotlin/gradle/plugin/diagnostics/IsAttachedToTerminalValueSource$Inject_$$Lambda+0x000001ae819eb5e8
instanceKlass org/jetbrains/kotlin/gradle/plugin/diagnostics/ToolingDiagnosticRenderingOptionsKt$isAttachedToTerminal$2
instanceKlass org/jetbrains/kotlin/gradle/plugin/diagnostics/ToolingDiagnosticRenderingOptionsKt$isAttachedToTerminal$1
instanceKlass org/jetbrains/kotlin/gradle/plugin/diagnostics/ToolingDiagnosticRenderingOptionsKt$WhenMappings
instanceKlass org/jetbrains/kotlin/gradle/plugin/diagnostics/ToolingDiagnosticRenderingOptionsKt
instanceKlass org/jetbrains/kotlin/konan/target/KonanTarget$Companion
instanceKlass org/jetbrains/kotlin/konan/target/KonanTarget
instanceKlass org/jetbrains/kotlin/konan/target/HostManager$Companion
instanceKlass org/jetbrains/kotlin/konan/target/HostManager
instanceKlass  @bci org/jetbrains/kotlin/gradle/internal/IsInIdeaEnvironmentValueSource$Inject_ $gradleInit ()V 1 <appendix> member <vmtarget> ; # org/jetbrains/kotlin/gradle/internal/IsInIdeaEnvironmentValueSource$Inject_$$Lambda+0x000001ae819e8720
instanceKlass org/jetbrains/kotlin/gradle/internal/IdeaKt$isInIdeaEnvironment$2
instanceKlass org/jetbrains/kotlin/gradle/utils/ConfigurationCacheOpaqueValue
instanceKlass org/jetbrains/kotlin/gradle/internal/IdeaKt$isInIdeaEnvironment$1
instanceKlass org/jetbrains/kotlin/gradle/utils/ConfigurationCacheOpaqueValueSource
instanceKlass org/jetbrains/kotlin/gradle/plugin/diagnostics/ToolingDiagnosticRenderingOptions$Companion
instanceKlass org/jetbrains/kotlin/gradle/plugin/diagnostics/KotlinToolingDiagnosticsCollectorKt$kotlinToolingDiagnosticsCollectorProvider$1$execute$$inlined$variantImplementationFactoryProvider$1
instanceKlass  @bci org/jetbrains/kotlin/gradle/plugin/diagnostics/KotlinToolingDiagnosticsCollector$Parameter_Decorated $gradleInit ()V 1 <appendix> member <vmtarget> ; # org/jetbrains/kotlin/gradle/plugin/diagnostics/KotlinToolingDiagnosticsCollector$Parameter_Decorated$$Lambda+0x000001ae819e7100
instanceKlass org/jetbrains/kotlin/gradle/plugin/diagnostics/KotlinToolingDiagnosticsCollector$Parameter_Decorated
instanceKlass org/jetbrains/kotlin/gradle/plugin/diagnostics/KotlinToolingDiagnosticsCollector$Parameter
instanceKlass org/jetbrains/kotlin/gradle/plugin/diagnostics/KotlinToolingDiagnosticsCollectorKt$kotlinToolingDiagnosticsCollectorProvider$1
instanceKlass org/jetbrains/kotlin/gradle/plugin/diagnostics/KotlinToolingDiagnosticsCollectorKt
instanceKlass org/jetbrains/kotlin/gradle/plugin/diagnostics/UsesKotlinToolingDiagnosticsKt
instanceKlass org/jetbrains/kotlin/gradle/tasks/configuration/BaseKotlinCompileConfig$configureCommonParameters$2
instanceKlass org/jetbrains/kotlin/gradle/tasks/configuration/BaseKotlinCompileConfig$configureCommonParameters$1
instanceKlass  @bci org/jetbrains/kotlin/gradle/internal/transforms/BuildToolsApiClasspathEntrySnapshotTransform$Parameters_Decorated $gradleInit ()V 1 <appendix> member <vmtarget> ; # org/jetbrains/kotlin/gradle/internal/transforms/BuildToolsApiClasspathEntrySnapshotTransform$Parameters_Decorated$$Lambda+0x000001ae819e5e78
instanceKlass org/jetbrains/kotlin/gradle/plugin/diagnostics/KotlinToolingDiagnosticsCollector
instanceKlass org/jetbrains/kotlin/gradle/plugin/diagnostics/ToolingDiagnosticRenderingOptions
instanceKlass org/jetbrains/kotlin/gradle/internal/transforms/BuildToolsApiClasspathEntrySnapshotTransform$Parameters
instanceKlass org/jetbrains/kotlin/gradle/plugin/diagnostics/TransformActionUsingKotlinToolingDiagnostics$Parameters
instanceKlass org/jetbrains/kotlin/gradle/tasks/configuration/BaseKotlinCompileConfig$registerBuildToolsApiTransformations$1
instanceKlass org/jetbrains/kotlin/gradle/internal/transforms/BuildToolsApiClasspathEntrySnapshotTransform
instanceKlass org/jetbrains/kotlin/gradle/plugin/diagnostics/TransformActionUsingKotlinToolingDiagnostics
instanceKlass org/jetbrains/kotlin/gradle/tasks/configuration/BaseKotlinCompileConfig$1$jvmToolchain$1
instanceKlass org/jetbrains/kotlin/gradle/tasks/configuration/AbstractKotlinCompileConfigKt$sam$org_gradle_api_Action$0
instanceKlass org/jetbrains/kotlin/gradle/tasks/TasksProviderKt
instanceKlass org/jetbrains/kotlin/gradle/dsl/KotlinJvmCompile
instanceKlass org/jetbrains/kotlin/gradle/tasks/KotlinJvmCompile
instanceKlass org/jetbrains/kotlin/gradle/tasks/K2MultiplatformCompilationTask
instanceKlass org/jetbrains/kotlin/gradle/plugin/internal/BuildIdService$Companion$registerIfAbsent$1$1
instanceKlass org/jetbrains/kotlin/gradle/plugin/internal/BuildIdService$Companion
instanceKlass org/jetbrains/kotlin/gradle/plugin/internal/BuildIdService
instanceKlass org/jetbrains/kotlin/compilerRunner/CompilerSystemPropertiesService$Companion$registerIfAbsent$2$1$1
instanceKlass  @bci org/jetbrains/kotlin/compilerRunner/CompilerSystemPropertiesService$Parameters_Decorated $gradleInit ()V 1 <appendix> member <vmtarget> ; # org/jetbrains/kotlin/compilerRunner/CompilerSystemPropertiesService$Parameters_Decorated$$Lambda+0x000001ae819e0808
instanceKlass org/jetbrains/kotlin/compilerRunner/CompilerSystemPropertiesService$Parameters_Decorated
instanceKlass org/jetbrains/kotlin/compilerRunner/CompilerSystemPropertiesService$Parameters
instanceKlass org/jetbrains/kotlin/compilerRunner/CompilerSystemPropertiesService$Companion$registerIfAbsent$1
instanceKlass org/jetbrains/kotlin/compilerRunner/CompilerSystemPropertiesService$Companion
instanceKlass org/jetbrains/kotlin/compilerRunner/CompilerSystemPropertiesService
instanceKlass org/jetbrains/kotlin/gradle/tasks/configuration/AbstractKotlinCompileConfigKt$explicitApiMode$1
instanceKlass org/jetbrains/kotlin/gradle/tasks/configuration/AbstractKotlinCompileConfigKt
instanceKlass org/jetbrains/kotlin/gradle/tasks/configuration/BaseKotlinCompileConfig$Companion
instanceKlass org/jetbrains/kotlin/gradle/tasks/configuration/TaskConfigAction
instanceKlass org/jetbrains/kotlin/gradle/plugin/KotlinTarget$DefaultImpls
instanceKlass org/jetbrains/kotlin/gradle/plugin/mpp/InternalKotlinTarget$DefaultImpls
instanceKlass org/jetbrains/kotlin/gradle/plugin/KotlinCompilationInfo
instanceKlass org/jetbrains/kotlin/gradle/plugin/KotlinCompilationInfoKt
instanceKlass org/jetbrains/kotlin/gradle/plugin/KotlinCompilationProcessor
instanceKlass org/jetbrains/kotlin/gradle/plugin/AbstractKotlinPlugin$Companion$configureSourceSetDefaults$1
instanceKlass org/jetbrains/kotlin/gradle/plugin/AbstractKotlinPlugin$Companion$setUpJavaSourceSets$2
# instanceKlass java/lang/invoke/LambdaForm$MH+0x000001ae819de000
instanceKlass org/jetbrains/kotlin/gradle/plugin/internal/CompatibilityConventionRegistrarKt
instanceKlass org/jetbrains/kotlin/gradle/plugin/AbstractKotlinPlugin$Companion$setUpJavaSourceSets$1$2$1
instanceKlass  @bci org/gradle/api/plugins/jvm/internal/DefaultJvmPluginServices configureClassesDirectoryVariant (Lorg/gradle/api/artifacts/Configuration;Lorg/gradle/api/tasks/SourceSet;)Lorg/gradle/api/artifacts/ConfigurationVariant; 103 <appendix> member <vmtarget> ; # org/gradle/api/plugins/jvm/internal/DefaultJvmPluginServices$$Lambda+0x000001ae819da238
instanceKlass  @bci org/gradle/api/internal/artifacts/configurations/DefaultVariant_Decorated $gradleInit ()V 1 <appendix> member <vmtarget> ; # org/gradle/api/internal/artifacts/configurations/DefaultVariant_Decorated$$Lambda+0x000001ae819da010
# instanceKlass java/lang/invoke/LambdaForm$MH+0x000001ae819ddc00
# instanceKlass java/lang/invoke/LambdaForm$MH+0x000001ae819dd800
# instanceKlass java/lang/invoke/LambdaForm$MH+0x000001ae819dd400
# instanceKlass java/lang/invoke/LambdaForm$MH+0x000001ae819dd000
# instanceKlass java/lang/invoke/LambdaForm$MH+0x000001ae819dcc00
# instanceKlass java/lang/invoke/LambdaForm$MH+0x000001ae819dc800
# instanceKlass java/lang/invoke/LambdaForm$MH+0x000001ae819dc400
# instanceKlass java/lang/invoke/LambdaForm$MH+0x000001ae819dc000
instanceKlass  @bci org/gradle/api/internal/artifacts/configurations/DefaultConfigurationPublications getVariants ()Lorg/gradle/api/NamedDomainObjectContainer; 36 <appendix> member <vmtarget> ; # org/gradle/api/internal/artifacts/configurations/DefaultConfigurationPublications$$Lambda+0x000001ae819d9918
instanceKlass  @bci org/gradle/api/internal/artifacts/configurations/DefaultConfigurationPublications getVariants ()Lorg/gradle/api/NamedDomainObjectContainer; 15 <appendix> member <vmtarget> ; # org/gradle/api/internal/artifacts/configurations/DefaultConfigurationPublications$$Lambda+0x000001ae819d96f0
instanceKlass  @bci org/gradle/api/plugins/jvm/internal/DefaultJvmFeature lambda$createApiElements$0 (Lorg/gradle/api/tasks/TaskProvider;Lorg/gradle/api/artifacts/PublishArtifact;Lorg/gradle/api/artifacts/ConsumableConfiguration;)V 36 <appendix> member <vmtarget> ; # org/gradle/api/plugins/jvm/internal/DefaultJvmFeature$$Lambda+0x000001ae819d94b8
instanceKlass  @bci org/gradle/api/plugins/jvm/internal/DefaultJvmPluginServices configureAsApiElements (Lorg/gradle/api/attributes/HasConfigurableAttributes;)V 2 <appendix> argL0 ; # org/gradle/api/plugins/jvm/internal/DefaultJvmPluginServices$$Lambda+0x000001ae81927db0
instanceKlass  @bci org/gradle/api/internal/artifacts/configurations/DefaultConsumableConfiguration_Decorated $gradleInit ()V 1 <appendix> member <vmtarget> ; # org/gradle/api/internal/artifacts/configurations/DefaultConsumableConfiguration_Decorated$$Lambda+0x000001ae81927b88
instanceKlass org/jetbrains/kotlin/gradle/plugin/mpp/KotlinCompilationsKt$moduleNameForCompilation$1
instanceKlass org/jetbrains/kotlin/gradle/dsl/KotlinCommonCompilerToolOptionsHelper
instanceKlass org/jetbrains/kotlin/gradle/dsl/KotlinCommonCompilerOptionsHelper
instanceKlass org/jetbrains/kotlin/gradle/dsl/KotlinJvmCompilerOptionsHelper
instanceKlass org/jetbrains/kotlin/gradle/internal/CompilerOptionsDslHelpersKt
instanceKlass org/jetbrains/kotlin/gradle/plugin/mpp/InternalKotlinCompilationKt
instanceKlass  @bci org/jetbrains/kotlin/gradle/plugin/mpp/KotlinWithJavaCompilation_Decorated $gradleInit ()V 1 <appendix> member <vmtarget> ; # org/jetbrains/kotlin/gradle/plugin/mpp/KotlinWithJavaCompilation_Decorated$$Lambda+0x000001ae819d52e0
instanceKlass org/jetbrains/kotlin/gradle/tasks/KotlinCompilationTask
instanceKlass org/jetbrains/kotlin/gradle/plugin/KotlinCompilation$Companion
instanceKlass org/jetbrains/kotlin/gradle/dsl/KotlinCompile
instanceKlass org/jetbrains/kotlin/gradle/plugin/mpp/compilationImpl/factory/KotlinCompilationImplFactory$create$1
instanceKlass kotlin/jvm/internal/Ref$ObjectRef
instanceKlass org/jetbrains/kotlin/gradle/plugin/KotlinCompilation$DefaultImpls
instanceKlass org/jetbrains/kotlin/gradle/plugin/mpp/InternalKotlinCompilation$DefaultImpls
instanceKlass org/jetbrains/kotlin/gradle/internal/Kapt3GradleSubplugin$Kapt3SubpluginContext
instanceKlass org/jetbrains/kotlin/gradle/internal/Kapt3GradleSubplugin$Companion
instanceKlass org/jetbrains/kotlin/gradle/internal/Kapt3GradleSubplugin
instanceKlass org/jetbrains/kotlin/gradle/plugin/KotlinCompilerPluginSupportPlugin
instanceKlass org/jetbrains/kotlin/gradle/plugin/mpp/KotlinCompilationsKt$addSourcesToKotlinCompileTask$1
instanceKlass org/jetbrains/kotlin/gradle/tasks/BaseKotlinCompile
instanceKlass org/jetbrains/kotlin/gradle/plugin/internal/UsesBuildIdProviderService
instanceKlass org/jetbrains/kotlin/compilerRunner/UsesCompilerSystemPropertiesService
instanceKlass org/jetbrains/kotlin/gradle/incremental/UsesIncrementalModuleInfoBuildService
instanceKlass org/jetbrains/kotlin/gradle/report/UsesBuildMetricsService
instanceKlass org/jetbrains/kotlin/gradle/tasks/CompileUsingKotlinDaemonWithNormalization
instanceKlass org/jetbrains/kotlin/gradle/tasks/CompileUsingKotlinDaemon
instanceKlass org/jetbrains/kotlin/gradle/plugin/mpp/KotlinCompilationsKt
instanceKlass org/jetbrains/kotlin/gradle/plugin/sources/DefaultKotlinSourceSet$special$$inlined$Iterable$1
instanceKlass org/jetbrains/kotlin/tooling/core/Extras$Entry$Companion
instanceKlass org/jetbrains/kotlin/tooling/core/Extras$Entry
instanceKlass org/jetbrains/kotlin/gradle/plugin/mpp/KotlinWithJavaCompilationOutput
instanceKlass org/jetbrains/kotlin/gradle/plugin/KotlinCompilationOutput
instanceKlass org/jetbrains/kotlin/gradle/plugin/mpp/compilationImpl/KotlinCompilationTaskNamesContainer
instanceKlass org/jetbrains/kotlin/gradle/plugin/mpp/compilationImpl/factory/DefaultKotlinCompilationTaskNamesContainerFactory
instanceKlass org/jetbrains/kotlin/gradle/plugin/mpp/compilationImpl/DefaultKotlinCompilationConfigurationsContainer
instanceKlass org/jetbrains/kotlin/gradle/plugin/mpp/compilationImpl/KotlinCompilationConfigurationsContainer
instanceKlass org/jetbrains/kotlin/gradle/targets/js/dsl/KotlinWasmSubTargetContainerDsl
instanceKlass org/jetbrains/kotlin/gradle/targets/js/dsl/KotlinJsSubTargetContainerDsl
instanceKlass org/jetbrains/kotlin/gradle/targets/js/dsl/KotlinWasmWasiTargetDsl
instanceKlass org/jetbrains/kotlin/gradle/targets/js/dsl/KotlinWasmJsTargetDsl
instanceKlass org/jetbrains/kotlin/gradle/targets/js/dsl/KotlinWasmTargetDsl
instanceKlass org/jetbrains/kotlin/gradle/targets/js/dsl/KotlinJsTargetDsl
instanceKlass org/jetbrains/kotlin/gradle/plugin/mpp/HasBinaries
instanceKlass org/jetbrains/kotlin/gradle/targets/js/dsl/KotlinTargetWithNodeJsDsl
instanceKlass org/jetbrains/kotlin/gradle/plugin/KotlinTargetConfiguratorKt$WhenMappings
instanceKlass org/jetbrains/kotlin/gradle/plugin/ProjectLocalConfigurationsKt
instanceKlass kotlin/jvm/internal/SpreadBuilder
instanceKlass org/jetbrains/kotlin/gradle/plugin/mpp/compilationImpl/factory/ConfigurationNaming$Default
instanceKlass org/jetbrains/kotlin/gradle/plugin/mpp/compilationImpl/factory/ConfigurationNaming
instanceKlass org/jetbrains/kotlin/gradle/plugin/mpp/compilationImpl/factory/KotlinCompilationDependencyConfigurationsFactoriesKt
instanceKlass kotlin/jvm/internal/AdaptedFunctionReference
instanceKlass org/jetbrains/kotlin/gradle/plugin/sources/InternalKotlinSourceSetKt
instanceKlass org/jetbrains/kotlin/gradle/plugin/mpp/compilationImpl/DefaultKotlinCompilationSourceSetsContainer
instanceKlass org/jetbrains/kotlin/gradle/plugin/mpp/compilationImpl/KotlinCompilationSourceSetsContainer
instanceKlass org/jetbrains/kotlin/gradle/plugin/mpp/compilationImpl/KotlinCompilationSourceSetsContainerKt
# instanceKlass java/lang/invoke/LambdaForm$MH+0x000001ae819ccc00
# instanceKlass java/lang/invoke/LambdaForm$MH+0x000001ae819cc800
# instanceKlass java/lang/invoke/LambdaForm$MH+0x000001ae819cc400
# instanceKlass java/lang/invoke/LambdaForm$MH+0x000001ae819cc000
# instanceKlass java/lang/invoke/LambdaForm$MH+0x000001ae819cbc00
# instanceKlass java/lang/invoke/LambdaForm$MH+0x000001ae819cb800
# instanceKlass java/lang/invoke/LambdaForm$MH+0x000001ae819cb400
# instanceKlass java/lang/invoke/LambdaForm$MH+0x000001ae819cb000
# instanceKlass java/lang/invoke/LambdaForm$MH+0x000001ae819cac00
# instanceKlass java/lang/invoke/LambdaForm$MH+0x000001ae819ca800
# instanceKlass java/lang/invoke/LambdaForm$MH+0x000001ae819ca400
# instanceKlass java/lang/invoke/LambdaForm$MH+0x000001ae819ca000
# instanceKlass java/lang/invoke/LambdaForm$MH+0x000001ae819c9c00
# instanceKlass java/lang/invoke/LambdaForm$MH+0x000001ae819c9800
# instanceKlass java/lang/invoke/LambdaForm$MH+0x000001ae819c9400
# instanceKlass java/lang/invoke/LambdaForm$MH+0x000001ae819c9000
# instanceKlass java/lang/invoke/LambdaForm$MH+0x000001ae819c8c00
# instanceKlass java/lang/invoke/LambdaForm$BMH+0x000001ae819c8800
# instanceKlass java/lang/invoke/LambdaForm$DMH+0x000001ae819c8400
# instanceKlass java/lang/invoke/LambdaForm$DMH+0x000001ae819c8000
instanceKlass  @bci org/gradle/internal/service/scopes/ProjectScopeServices createTemporaryFileProvider ()Lorg/gradle/api/internal/file/temp/TemporaryFileProvider; 5 <appendix> member <vmtarget> ; # org/gradle/internal/service/scopes/ProjectScopeServices$$Lambda+0x000001ae819c0200
instanceKlass  @bci org/jetbrains/kotlin/gradle/plugin/sources/DefaultKotlinSourceSet_Decorated $gradleInit ()V 1 <appendix> member <vmtarget> ; # org/jetbrains/kotlin/gradle/plugin/sources/DefaultKotlinSourceSet_Decorated$$Lambda+0x000001ae819c6338
instanceKlass org/jetbrains/kotlin/gradle/plugin/sources/DefaultLanguageSettingsBuilder
instanceKlass org/jetbrains/kotlin/gradle/plugin/sources/ConsistencyCheck
instanceKlass org/jetbrains/kotlin/gradle/dsl/KotlinVersion$Companion
instanceKlass org/jetbrains/kotlin/gradle/plugin/sources/FragmentConsistencyChecks
instanceKlass org/jetbrains/kotlin/gradle/plugin/sources/FragmentConsistencyChecker
instanceKlass org/jetbrains/kotlin/gradle/plugin/sources/DefaultKotlinSourceSetKt
instanceKlass org/jetbrains/kotlin/gradle/plugin/sources/DefaultKotlinSourceSet$MetadataDependencyTransformation
instanceKlass org/jetbrains/kotlin/gradle/plugin/KotlinSourceSet$Companion
instanceKlass org/jetbrains/kotlin/gradle/utils/MutableObservableSetImpl
instanceKlass org/jetbrains/kotlin/gradle/utils/MutableObservableSet
instanceKlass kotlin/jvm/internal/markers/KMutableSet
instanceKlass org/jetbrains/kotlin/gradle/utils/ObservableSet
instanceKlass org/jetbrains/kotlin/gradle/plugin/LanguageSettingsBuilder
instanceKlass org/jetbrains/kotlin/project/model/LanguageSettings
instanceKlass org/jetbrains/kotlin/gradle/plugin/sources/AbstractKotlinSourceSet
instanceKlass org/jetbrains/kotlin/gradle/plugin/sources/InternalKotlinSourceSet
instanceKlass org/jetbrains/kotlin/util/capitalizeDecapitalize/CapitalizeDecapitalizeKt
instanceKlass org/jetbrains/kotlin/gradle/utils/StringUtilsKt
instanceKlass org/jetbrains/kotlin/gradle/plugin/mpp/compilationImpl/KotlinCompilationImpl$Params
instanceKlass org/jetbrains/kotlin/gradle/plugin/mpp/compilationImpl/KotlinCompilationImpl
instanceKlass org/jetbrains/kotlin/gradle/plugin/mpp/compilationImpl/factory/KotlinCompilationImplFactory$KotlinCompilerOptionsFactory$Options
instanceKlass org/jetbrains/kotlin/gradle/plugin/mpp/KotlinWithJavaTargetKt$KotlinWithJavaTargetForJvm$2$1
instanceKlass org/jetbrains/kotlin/gradle/plugin/mpp/KotlinWithJavaTargetKt$KotlinWithJavaTargetForJvm$1$1
instanceKlass org/jetbrains/kotlin/gradle/plugin/mpp/compilationImpl/factory/CompositePostConfigure
instanceKlass org/jetbrains/kotlin/gradle/plugin/mpp/compilationImpl/KotlinCompilationCompilerOptionsFromTargetConfigurator
instanceKlass org/jetbrains/kotlin/gradle/plugin/mpp/compilationImpl/KotlinCompilationRegisterInSourceSetsConfigurator
instanceKlass org/jetbrains/kotlin/gradle/plugin/mpp/compilationImpl/factory/KotlinCompilationImplFactory$PostConfigure$Companion
instanceKlass org/jetbrains/kotlin/gradle/plugin/mpp/compilationImpl/factory/KotlinCompilationImplFactory$PostConfigure
instanceKlass org/jetbrains/kotlin/gradle/plugin/mpp/compilationImpl/DefaultKotlinCompilationPostConfigureKt
instanceKlass org/jetbrains/kotlin/gradle/plugin/mpp/compilationImpl/KotlinCompilationSourceSetInclusion$DefaultAddSourcesToCompileTask
instanceKlass org/jetbrains/kotlin/gradle/plugin/mpp/compilationImpl/KotlinCompilationSourceSetInclusion$AddSourcesToCompileTask
instanceKlass org/jetbrains/kotlin/gradle/plugin/mpp/compilationImpl/KotlinCompilationSourceSetInclusion$Companion
instanceKlass org/jetbrains/kotlin/gradle/plugin/mpp/compilationImpl/KotlinCompilationSourceSetInclusion
instanceKlass org/jetbrains/kotlin/gradle/plugin/mpp/compilationImpl/factory/DefaultKotlinCompilationSourceSetsContainerFactory$DefaultDefaultSourceSetNaming
instanceKlass org/jetbrains/kotlin/gradle/plugin/mpp/compilationImpl/factory/DefaultKotlinCompilationSourceSetsContainerFactory$DefaultSourceSetNaming
instanceKlass org/jetbrains/kotlin/gradle/plugin/mpp/compilationImpl/factory/DefaultKotlinCompilationSourceSetsContainerFactory
instanceKlass org/jetbrains/kotlin/gradle/plugin/mpp/compilationImpl/factory/KotlinCompilationImplFactory$KotlinCompilationSourceSetsContainerFactory
instanceKlass org/jetbrains/kotlin/gradle/plugin/mpp/compilationImpl/factory/KotlinCompilationImplFactory
instanceKlass org/jetbrains/kotlin/gradle/plugin/mpp/compilationImpl/factory/CompositePreConfigure
instanceKlass org/jetbrains/kotlin/gradle/plugin/mpp/compilationImpl/factory/KotlinCompilationImplFactoryKt
instanceKlass org/jetbrains/kotlin/gradle/plugin/mpp/KotlinWithJavaCompilationFactory$create$compilationImplFactory$4
instanceKlass org/jetbrains/kotlin/gradle/plugin/mpp/compilationImpl/KotlinCompilationLanguageSettingsConfigurator
instanceKlass org/jetbrains/kotlin/gradle/plugin/mpp/compilationImpl/factory/KotlinCompilationImplFactory$PreConfigure
instanceKlass org/jetbrains/kotlin/gradle/plugin/mpp/compilationImpl/factory/JvmWithJavaCompilationTaskNamesContainerFactory
instanceKlass org/jetbrains/kotlin/gradle/plugin/mpp/compilationImpl/factory/KotlinCompilationImplFactory$KotlinCompilationTaskNamesContainerFactory
instanceKlass org/jetbrains/kotlin/gradle/plugin/mpp/compilationImpl/factory/JvmWithJavaCompilationDependencyConfigurationsFactory
instanceKlass org/jetbrains/kotlin/gradle/plugin/mpp/compilationImpl/factory/KotlinCompilationImplFactory$KotlinCompilationDependencyConfigurationsFactory
instanceKlass org/jetbrains/kotlin/gradle/plugin/mpp/KotlinWithJavaCompilationFactory$create$compilationImplFactory$3
instanceKlass org/jetbrains/kotlin/gradle/plugin/mpp/compilationImpl/factory/KotlinCompilationImplFactory$KotlinCompilationOutputFactory
instanceKlass org/jetbrains/kotlin/gradle/plugin/mpp/compilationImpl/DefaultKotlinCompilationFriendPathsResolver$CompositeFriendArtifactResolver
instanceKlass org/jetbrains/kotlin/gradle/plugin/mpp/compilationImpl/DefaultKotlinCompilationFriendPathsResolver$AdditionalJvmFriendArtifactResolver
instanceKlass org/jetbrains/kotlin/gradle/plugin/mpp/compilationImpl/DefaultKotlinCompilationFriendPathsResolver$DefaultFriendArtifactResolver
instanceKlass org/jetbrains/kotlin/gradle/plugin/mpp/compilationImpl/DefaultKotlinCompilationFriendPathsResolver$FriendArtifactResolver$Companion
instanceKlass org/jetbrains/kotlin/gradle/plugin/mpp/compilationImpl/DefaultKotlinCompilationFriendPathsResolver$FriendArtifactResolver
instanceKlass org/jetbrains/kotlin/gradle/plugin/mpp/compilationImpl/DefaultKotlinCompilationFriendPathsResolver
instanceKlass org/jetbrains/kotlin/gradle/plugin/mpp/compilationImpl/KotlinCompilationFriendPathsResolver
instanceKlass org/jetbrains/kotlin/gradle/plugin/mpp/compilationImpl/KotlinJvmCompilationAssociator
instanceKlass org/jetbrains/kotlin/gradle/plugin/mpp/compilationImpl/KotlinCompilationAssociator
instanceKlass org/jetbrains/kotlin/gradle/plugin/mpp/KotlinWithJavaCompilationFactory$create$compilationImplFactory$2
instanceKlass org/jetbrains/kotlin/gradle/plugin/mpp/compilationImpl/factory/KotlinCompilationImplFactory$KotlinCompilerOptionsFactory
instanceKlass org/jetbrains/kotlin/gradle/plugin/mpp/KotlinWithJavaCompilationFactory$create$compilationImplFactory$1
instanceKlass org/jetbrains/kotlin/gradle/plugin/mpp/compilationImpl/factory/KotlinCompilationImplFactory$ProcessResourcesTaskNameFactory
instanceKlass org/jetbrains/kotlin/gradle/plugin/mpp/KotlinCompilationFactory$DefaultImpls
instanceKlass org/jetbrains/kotlin/gradle/plugin/AbstractKotlinPlugin$Companion$setUpJavaSourceSets$1
instanceKlass org/jetbrains/kotlin/gradle/plugin/KotlinTargetWithTests
instanceKlass org/jetbrains/kotlin/gradle/targets/jvm/KotlinJvmCompilationWireJavaSourcesSideEffectKt$WhenMappings
instanceKlass org/jetbrains/kotlin/gradle/utils/ProjectExtensionsKt
instanceKlass kotlin/ResultKt
instanceKlass  @bci org/jetbrains/kotlin/gradle/plugin/mpp/KotlinWithJavaTarget_Decorated $gradleInit ()V 1 <appendix> member <vmtarget> ; # org/jetbrains/kotlin/gradle/plugin/mpp/KotlinWithJavaTarget_Decorated$$Lambda+0x000001ae819b3628
instanceKlass org/jetbrains/kotlin/gradle/plugin/mpp/KotlinWithJavaTarget$defaultArtifactClassesListFile$1
instanceKlass org/jetbrains/kotlin/gradle/plugin/mpp/KotlinWithJavaCompilationFactory
instanceKlass org/jetbrains/kotlin/gradle/plugin/mpp/KotlinCompilationFactory
# instanceKlass java/lang/invoke/LambdaForm$MH+0x000001ae819b4800
# instanceKlass java/lang/invoke/LambdaForm$MH+0x000001ae819b4400
# instanceKlass java/lang/invoke/LambdaForm$MH+0x000001ae819b4000
instanceKlass org/jetbrains/kotlin/gradle/plugin/HasCompilerOptions
instanceKlass org/jetbrains/kotlin/gradle/InternalKotlinGradlePluginApi
instanceKlass org/jetbrains/kotlin/gradle/plugin/mpp/KotlinTargetSoftwareComponent
instanceKlass org/gradle/api/component/ComponentWithCoordinates
instanceKlass org/gradle/api/component/ComponentWithVariants
instanceKlass org/jetbrains/kotlin/gradle/plugin/mpp/DecoratedKotlinCompilation
instanceKlass org/jetbrains/kotlin/gradle/plugin/mpp/InternalKotlinCompilation
instanceKlass org/jetbrains/kotlin/gradle/plugin/KotlinCompilationToRunnableFiles
instanceKlass org/jetbrains/kotlin/gradle/plugin/KotlinCompilationWithResources
instanceKlass org/jetbrains/kotlin/gradle/plugin/mpp/HierarchyAttributeContainer
instanceKlass org/jetbrains/kotlin/gradle/plugin/mpp/InternalKotlinTargetComponent
instanceKlass org/jetbrains/kotlin/gradle/plugin/mpp/KotlinTargetComponentWithPublication
instanceKlass org/jetbrains/kotlin/gradle/plugin/KotlinTargetComponent
instanceKlass org/jetbrains/kotlin/gradle/plugin/KotlinTargetPreset
instanceKlass org/jetbrains/kotlin/gradle/plugin/mpp/DefaultKotlinUsageContext
instanceKlass org/jetbrains/kotlin/gradle/plugin/mpp/KotlinUsageContext
instanceKlass org/jetbrains/kotlin/gradle/targets/android/internal/InternalKotlinTargetPreset
instanceKlass org/jetbrains/kotlin/konan/util/Named
instanceKlass org/jetbrains/kotlin/gradle/plugin/KotlinCompilation
instanceKlass org/jetbrains/kotlin/gradle/plugin/mpp/KotlinWithJavaTargetKt
instanceKlass org/jetbrains/kotlin/gradle/utils/WhenEvaluatedKt$whenEvaluated$4
instanceKlass kotlin/jvm/internal/TypeIntrinsics
instanceKlass org/jetbrains/kotlin/gradle/utils/WhenEvaluatedKt$whenEvaluated$afterAndroidDispatchQueue$1$1$1
instanceKlass org/jetbrains/kotlin/gradle/utils/WhenEvaluatedKt
instanceKlass kotlin/collections/MapWithDefault
instanceKlass kotlin/collections/ArrayDeque$Companion
instanceKlass kotlin/jvm/internal/markers/KMutableList
instanceKlass kotlin/jvm/internal/markers/KMutableCollection
instanceKlass kotlin/jvm/internal/markers/KMutableIterable
instanceKlass kotlin/collections/ArrayAsCollection
instanceKlass org/jetbrains/kotlin/gradle/plugin/KotlinPluginLifecycle$Stage$Companion
instanceKlass org/jetbrains/kotlin/gradle/plugin/KotlinPluginLifecycleImpl
instanceKlass org/jetbrains/kotlin/gradle/plugin/KotlinPluginLifecycle
instanceKlass org/jetbrains/kotlin/gradle/plugin/KotlinPluginLifecycleKt
instanceKlass org/jetbrains/kotlin/gradle/plugin/diagnostics/checkers/KmpPartiallyResolvedDependenciesChecker
instanceKlass org/jetbrains/kotlin/gradle/plugin/diagnostics/checkers/KonanHomeConflictDeclarationChecker
instanceKlass org/jetbrains/kotlin/gradle/plugin/diagnostics/checkers/AndroidPublicationNotConfiguredChecker
instanceKlass org/jetbrains/kotlin/gradle/plugin/diagnostics/checkers/ComposePluginSuggestApplyChecker
instanceKlass org/jetbrains/kotlin/gradle/plugin/diagnostics/checkers/OverriddenKotlinNativeHomeChecker
instanceKlass org/jetbrains/kotlin/gradle/plugin/diagnostics/checkers/GradleDeprecatedPropertyChecker$DeprecatedProperty
instanceKlass org/jetbrains/kotlin/gradle/plugin/diagnostics/checkers/GradleDeprecatedPropertyChecker
instanceKlass org/jetbrains/kotlin/gradle/plugin/diagnostics/checkers/IncorrectCompileOnlyDependenciesChecker
instanceKlass org/jetbrains/kotlin/gradle/plugin/diagnostics/checkers/CInteropInputChecker
instanceKlass org/jetbrains/kotlin/gradle/plugin/diagnostics/checkers/DuplicateSourceSetChecker
instanceKlass org/jetbrains/kotlin/gradle/plugin/diagnostics/checkers/WasmSourceSetsNotFoundChecker
instanceKlass org/jetbrains/kotlin/gradle/plugin/diagnostics/checkers/InternalGradlePropertiesUsageChecker
instanceKlass org/jetbrains/kotlin/gradle/plugin/diagnostics/checkers/KotlinTargetAlreadyDeclaredChecker
instanceKlass org/jetbrains/kotlin/gradle/dsl/IosSourceSetConventionChecker
instanceKlass org/jetbrains/kotlin/gradle/dsl/AndroidMainSourceSetConventionsChecker
instanceKlass org/jetbrains/kotlin/gradle/dsl/PlatformSourceSetConventionsChecker
instanceKlass org/jetbrains/kotlin/gradle/plugin/diagnostics/checkers/KotlinSourceSetTreeDependsOnMismatchChecker
instanceKlass org/jetbrains/kotlin/gradle/plugin/diagnostics/checkers/ExperimentalTryNextUsageChecker
instanceKlass org/jetbrains/kotlin/gradle/plugin/diagnostics/checkers/PreHmppDependenciesUsageChecker
instanceKlass org/jetbrains/kotlin/gradle/plugin/diagnostics/KotlinToolingDiagnostics
instanceKlass org/jetbrains/kotlin/gradle/plugin/diagnostics/DiagnosticGroup$Base
instanceKlass org/jetbrains/kotlin/gradle/plugin/diagnostics/DiagnosticGroup
instanceKlass org/jetbrains/kotlin/gradle/plugin/diagnostics/ToolingDiagnosticFactory
instanceKlass org/jetbrains/kotlin/gradle/plugin/diagnostics/checkers/JsLikeEnvironmentChecker
instanceKlass org/jetbrains/kotlin/gradle/plugin/diagnostics/checkers/DisabledNativeTargetsChecker
instanceKlass org/jetbrains/kotlin/gradle/plugin/diagnostics/checkers/DisabledCinteropCommonizationInHmppProjectChecker
instanceKlass org/jetbrains/kotlin/gradle/plugin/diagnostics/checkers/NoKotlinTargetsDeclaredChecker
instanceKlass org/jetbrains/kotlin/gradle/plugin/diagnostics/checkers/AndroidPluginWithoutAndroidTargetChecker
instanceKlass org/jetbrains/kotlin/gradle/plugin/diagnostics/checkers/AndroidSourceSetLayoutV1SourceSetsNotFoundChecker
instanceKlass org/jetbrains/kotlin/gradle/plugin/diagnostics/checkers/UnusedSourceSetsChecker
instanceKlass org/jetbrains/kotlin/gradle/plugin/diagnostics/checkers/MissingNativeStdlibChecker
instanceKlass org/jetbrains/kotlin/gradle/plugin/diagnostics/checkers/DeprecatedKotlinNativeTargetsChecker
instanceKlass org/jetbrains/kotlin/gradle/plugin/diagnostics/checkers/CommonMainOrTestWithDependsOnChecker
instanceKlass org/jetbrains/kotlin/gradle/plugin/diagnostics/KotlinGradleProjectChecker$Companion
instanceKlass org/jetbrains/kotlin/gradle/plugin/diagnostics/KotlinGradleProjectChecker
instanceKlass org/jetbrains/kotlin/gradle/artifacts/KotlinNativeHostSpecificMetadataArtifactKt$KotlinNativeHostSpecificMetadataArtifact$1
instanceKlass org/jetbrains/kotlin/gradle/artifacts/KotlinNativeHostSpecificMetadataArtifactKt
instanceKlass org/jetbrains/kotlin/gradle/artifacts/KotlinNativeKlibArtifactKt$KotlinNativeKlibArtifact$1
instanceKlass org/jetbrains/kotlin/gradle/artifacts/KotlinNativeKlibArtifactKt
instanceKlass org/jetbrains/kotlin/gradle/artifacts/KotlinJsKlibArtifactKt$KotlinJsKlibArtifact$1
instanceKlass org/jetbrains/kotlin/gradle/artifacts/KotlinJsKlibArtifactKt
instanceKlass org/jetbrains/kotlin/gradle/artifacts/KotlinJvmJarArtifactKt$KotlinJvmJarArtifact$1
instanceKlass org/jetbrains/kotlin/gradle/artifacts/KotlinJvmJarArtifactKt
instanceKlass org/jetbrains/kotlin/gradle/artifacts/KotlinMetadataArtifactKt$KotlinMetadataArtifact$1
instanceKlass org/jetbrains/kotlin/gradle/artifacts/KotlinMetadataArtifactKt
instanceKlass org/jetbrains/kotlin/gradle/artifacts/KotlinTargetArtifact$Companion
instanceKlass org/jetbrains/kotlin/gradle/artifacts/KotlinTargetArtifact
instanceKlass org/jetbrains/kotlin/gradle/targets/jvm/KotlinJvmCompilationWireJavaSourcesSideEffectKt$KotlinJvmCompilationWireJavaSourcesSideEffect$1
instanceKlass org/jetbrains/kotlin/gradle/targets/jvm/KotlinJvmCompilationWireJavaSourcesSideEffectKt
instanceKlass org/jetbrains/kotlin/gradle/plugin/mpp/compilationImpl/KotlinCreateCompilationArchiveTaskKt$KotlinCreateCompilationArchivesTask$1
instanceKlass org/jetbrains/kotlin/gradle/plugin/mpp/compilationImpl/KotlinCreateCompilationArchiveTaskKt$KotlinRegisterCompilationArchiveTasksExtension$1
instanceKlass org/jetbrains/kotlin/gradle/plugin/mpp/compilationImpl/KotlinCreateCompilationArchiveTaskKt
instanceKlass org/jetbrains/kotlin/gradle/plugin/mpp/compilationImpl/CreateCInteropTasksSideEffectKt$special$$inlined$KotlinCompilationSideEffect$1
instanceKlass org/jetbrains/kotlin/gradle/plugin/mpp/compilationImpl/CreateCInteropTasksSideEffectKt
instanceKlass org/jetbrains/kotlin/gradle/plugin/mpp/compilationImpl/KotlinCompilationProcessorSideEffectKt$KotlinCompilationProcessorSideEffect$1
instanceKlass org/jetbrains/kotlin/gradle/plugin/mpp/compilationImpl/KotlinCompilationProcessorSideEffectKt
instanceKlass org/jetbrains/kotlin/gradle/plugin/mpp/compilationImpl/KotlinCreateNativeCompileTasksSideEffectKt$special$$inlined$KotlinCompilationSideEffect$1
instanceKlass org/jetbrains/kotlin/gradle/plugin/mpp/compilationImpl/KotlinCreateNativeCompileTasksSideEffectKt
instanceKlass org/jetbrains/kotlin/gradle/plugin/mpp/compilationImpl/KotlinCreateLifecycleTasksSideEffectKt$KotlinCreateLifecycleTasksSideEffect$1
instanceKlass org/jetbrains/kotlin/gradle/plugin/mpp/compilationImpl/KotlinCreateLifecycleTasksSideEffectKt
instanceKlass org/jetbrains/kotlin/gradle/plugin/mpp/compilationImpl/KotlinCreateResourcesTaskSideEffectKt$KotlinCreateResourcesTaskSideEffect$1
instanceKlass org/jetbrains/kotlin/gradle/plugin/mpp/compilationImpl/KotlinCreateResourcesTaskSideEffectKt
instanceKlass org/jetbrains/kotlin/gradle/plugin/mpp/compilationImpl/KotlinCreateSourcesJarTaskSideEffectKt$KotlinCreateSourcesJarTaskSideEffect$1
instanceKlass org/jetbrains/kotlin/gradle/plugin/mpp/compilationImpl/KotlinCreateSourcesJarTaskSideEffectKt
instanceKlass org/jetbrains/kotlin/gradle/plugin/mpp/compilationImpl/KotlinCompilationSideEffect$Companion
instanceKlass org/jetbrains/kotlin/gradle/plugin/mpp/compilationImpl/KotlinCompilationSideEffect
instanceKlass org/jetbrains/kotlin/gradle/targets/ConfigureNonPackedKlibConsumingSideEffectKt$ConfigureNonPackedKlibConsumingSideEffect$1
instanceKlass org/jetbrains/kotlin/gradle/targets/ConfigureNonPackedKlibConsumingSideEffectKt
instanceKlass org/jetbrains/kotlin/gradle/targets/CreateNonPackedKlibVariantsSideEffectKt$CreateNonPackedKlibVariantsSideEffect$1
instanceKlass org/jetbrains/kotlin/gradle/targets/CreateNonPackedKlibVariantsSideEffectKt
instanceKlass org/jetbrains/kotlin/gradle/targets/jvm/KotlinJvmTargetTestFixturesSideEffectKt$ConfigureJavaTestFixturesSideEffect$1
instanceKlass org/jetbrains/kotlin/gradle/targets/jvm/KotlinJvmTargetTestFixturesSideEffectKt
instanceKlass org/jetbrains/kotlin/gradle/targets/native/SetupEmbedAndSignAppleFrameworkTaskSideEffectKt$special$$inlined$KotlinTargetSideEffect$1
instanceKlass org/jetbrains/kotlin/gradle/targets/native/SetupEmbedAndSignAppleFrameworkTaskSideEffectKt
instanceKlass org/jetbrains/kotlin/gradle/targets/native/internal/CInteropConfigurationsKt$special$$inlined$KotlinTargetSideEffect$2
instanceKlass org/jetbrains/kotlin/gradle/targets/native/internal/CInteropConfigurationsKt$special$$inlined$KotlinTargetSideEffect$1
instanceKlass org/jetbrains/kotlin/gradle/targets/native/internal/CInteropConfigurationsKt
instanceKlass org/jetbrains/kotlin/gradle/targets/native/ConfigureFrameworkExportSideEffectKt$special$$inlined$KotlinTargetSideEffect$1
instanceKlass org/jetbrains/kotlin/gradle/targets/native/ConfigureFrameworkExportSideEffectKt
instanceKlass org/jetbrains/kotlin/gradle/targets/CreateDefaultTestRunSideEffectKt$special$$inlined$KotlinTargetSideEffect$1
instanceKlass org/jetbrains/kotlin/gradle/targets/CreateDefaultTestRunSideEffectKt
instanceKlass org/jetbrains/kotlin/gradle/targets/native/KotilnNativeConfigureBinariesSideEffectKt$special$$inlined$KotlinTargetSideEffect$1
instanceKlass org/jetbrains/kotlin/gradle/targets/native/KotilnNativeConfigureBinariesSideEffectKt
instanceKlass org/jetbrains/kotlin/gradle/targets/ConfigureBuildSideEffectKt$ConfigureBuildSideEffect$1
instanceKlass org/jetbrains/kotlin/gradle/targets/ConfigureBuildSideEffectKt
instanceKlass org/jetbrains/kotlin/gradle/targets/CreateArtifactsSideEffectKt$CreateArtifactsSideEffect$1
instanceKlass org/jetbrains/kotlin/gradle/targets/CreateArtifactsSideEffectKt
instanceKlass org/jetbrains/kotlin/gradle/targets/NativeForwardImplementationToApiElementsSideEffectKt$special$$inlined$KotlinTargetSideEffect$1
instanceKlass org/jetbrains/kotlin/gradle/targets/NativeForwardImplementationToApiElementsSideEffectKt
instanceKlass org/jetbrains/kotlin/gradle/targets/CreateTargetConfigurationsSideEffectKt$CreateTargetConfigurationsSideEffect$1
instanceKlass org/jetbrains/kotlin/gradle/targets/CreateTargetConfigurationsSideEffectKt
instanceKlass org/jetbrains/kotlin/gradle/targets/CreateDefaultCompilationsSideEffectKt$CreateDefaultCompilationsSideEffect$1
instanceKlass org/jetbrains/kotlin/gradle/targets/CreateDefaultCompilationsSideEffectKt
instanceKlass org/jetbrains/kotlin/gradle/targets/KotlinTargetSideEffect$Companion
instanceKlass org/jetbrains/kotlin/gradle/targets/KotlinTargetSideEffect
instanceKlass org/jetbrains/kotlin/gradle/scripting/internal/ScriptingGradleSubpluginKt$ScriptingGradleSubpluginSetupAction$1
instanceKlass org/jetbrains/kotlin/gradle/scripting/internal/ScriptingGradleSubpluginKt
instanceKlass org/jetbrains/kotlin/gradle/plugin/abi/AbiValidationActionKt
instanceKlass org/jetbrains/kotlin/gradle/plugin/statistics/FinalizeConfigurationFusMetricActionKt
instanceKlass org/jetbrains/kotlin/gradle/targets/native/internal/SetupKotlinNativePlatformDependenciesAndStdlibKt$SetupKotlinNativePlatformDependenciesAndStdlib$1
instanceKlass org/jetbrains/kotlin/gradle/targets/native/internal/SetupKotlinNativePlatformDependenciesAndStdlibKt
instanceKlass org/jetbrains/kotlin/gradle/targets/native/internal/AddKotlinPlatformIntegersSupportLibraryKt
instanceKlass org/jetbrains/kotlin/gradle/internal/KotlinDependenciesManagementKt$CustomizeKotlinDependenciesSetupAction$1
instanceKlass org/jetbrains/kotlin/gradle/internal/KotlinDependenciesManagementKt
instanceKlass org/jetbrains/kotlin/gradle/plugin/mpp/ApplyUserDefinedAttributesKt
instanceKlass org/jetbrains/kotlin/gradle/plugin/KotlinProjectSetupActionKt$KotlinProjectSetupCoroutine$1
instanceKlass org/jetbrains/kotlin/gradle/plugin/KotlinProjectSetupActionKt
instanceKlass kotlin/coroutines/jvm/internal/BaseContinuationImpl
instanceKlass kotlin/coroutines/jvm/internal/CoroutineStackFrame
instanceKlass kotlin/coroutines/jvm/internal/SuspendFunction
instanceKlass org/jetbrains/kotlin/gradle/plugin/mpp/SyncLanguageSettingsWithKotlinExtensionSetupActionKt
instanceKlass org/jetbrains/kotlin/gradle/plugin/diagnostics/KotlinToolingDiagnosticsSetupActionKt$KotlinToolingDiagnosticsSetupAction$1
instanceKlass org/jetbrains/kotlin/gradle/plugin/diagnostics/KotlinToolingDiagnosticsSetupActionKt
instanceKlass org/jetbrains/kotlin/gradle/tooling/BuildKotlinToolingMetadataTaskKt$RegisterBuildKotlinToolingMetadataTask$1
instanceKlass org/jetbrains/kotlin/gradle/tooling/BuildKotlinToolingMetadataTaskKt
instanceKlass org/jetbrains/kotlin/gradle/targets/js/npm/NpmDependencyExtensionKt$AddNpmDependencyExtensionProjectSetupAction$1
instanceKlass org/jetbrains/kotlin/gradle/targets/js/npm/NpmDependencyExtensionKt
instanceKlass kotlin/reflect/jvm/internal/KProperty2Impl$$Lambda$1
instanceKlass kotlin/reflect/jvm/internal/KProperty2Impl$$Lambda$0
instanceKlass org/jetbrains/kotlin/gradle/plugin/KotlinGradlePluginExtensionPointInternal
instanceKlass org/jetbrains/kotlin/gradle/plugin/KotlinGradlePluginExtensionPoint
instanceKlass org/jetbrains/kotlin/gradle/plugin/KotlinGradlePluginExtensionPointInternalKt
instanceKlass org/jetbrains/kotlin/gradle/plugin/KotlinProjectSetupAction$Companion
instanceKlass org/jetbrains/kotlin/gradle/plugin/KotlinProjectSetupAction
instanceKlass org/jetbrains/kotlin/gradle/plugin/RegisterKotlinPluginExtensionsKt
instanceKlass org/jetbrains/kotlin/gradle/utils/WhenPluginEnabledKt$whenPluginsEnabled$1
instanceKlass kotlin/jvm/internal/Ref$BooleanRef
instanceKlass org/jetbrains/kotlin/gradle/utils/WhenPluginEnabledKt
instanceKlass org/jetbrains/kotlin/gradle/plugin/ProjectLocalConfigurations$ProjectLocalDisambiguation
instanceKlass org/jetbrains/kotlin/gradle/plugin/ProjectLocalConfigurations$ProjectLocalCompatibility
instanceKlass org/jetbrains/kotlin/gradle/plugin/ProjectLocalConfigurations$setupAttributesMatchingStrategy$1$1
instanceKlass org/jetbrains/kotlin/gradle/plugin/ProjectLocalConfigurations
instanceKlass org/jetbrains/kotlin/gradle/plugin/mpp/KotlinUsages$KotlinMetadataDisambiguation
instanceKlass org/jetbrains/kotlin/gradle/plugin/mpp/KotlinUsages$KotlinMetadataCompatibility
instanceKlass org/jetbrains/kotlin/gradle/plugin/mpp/KotlinUsages$KotlinCinteropDisambiguation
instanceKlass org/jetbrains/kotlin/gradle/plugin/mpp/KotlinUsages$KotlinCinteropCompatibility
instanceKlass org/jetbrains/kotlin/gradle/plugin/mpp/KotlinUsages$KotlinUsagesDisambiguation
instanceKlass org/jetbrains/kotlin/gradle/plugin/mpp/KotlinUsages$KotlinUsagesCompatibility
instanceKlass org/jetbrains/kotlin/gradle/plugin/mpp/KotlinUsages$setupAttributesMatchingStrategy$1
instanceKlass org/jetbrains/kotlin/gradle/plugin/mpp/KotlinUsages
instanceKlass org/jetbrains/kotlin/gradle/plugin/KotlinPlatformType$DisambiguationRule
instanceKlass org/jetbrains/kotlin/gradle/plugin/KotlinPlatformType$CompatibilityRule
instanceKlass org/jetbrains/kotlin/gradle/plugin/KotlinPlatformType$Companion
instanceKlass org/jetbrains/kotlin/gradle/tasks/KotlinTasksProvider
instanceKlass org/jetbrains/kotlin/gradle/plugin/KotlinJvmPlugin$Companion
instanceKlass org/jetbrains/kotlin/gradle/plugin/AbstractKotlinPlugin$Companion
instanceKlass org/jetbrains/kotlin/gradle/plugin/AbstractKotlinPlugin
instanceKlass org/jetbrains/kotlin/gradle/testing/internal/KotlinTestsRegistry$Companion
instanceKlass  @bci org/jetbrains/kotlin/gradle/dsl/KotlinJvmProjectExtension_Decorated $gradleInit ()V 1 <appendix> member <vmtarget> ; # org/jetbrains/kotlin/gradle/dsl/KotlinJvmProjectExtension_Decorated$$Lambda+0x000001ae8198f340
instanceKlass org/jetbrains/kotlin/gradle/dsl/KotlinJvmPublishingDsl
instanceKlass org/jetbrains/kotlin/gradle/utils/ProviderApiUtilsKt$mapOrNull$1
instanceKlass  @bci org/jetbrains/kotlin/gradle/dsl/KotlinJvmCompilerOptionsDefault_Decorated $gradleInit ()V 1 <appendix> member <vmtarget> ; # org/jetbrains/kotlin/gradle/dsl/KotlinJvmCompilerOptionsDefault_Decorated$$Lambda+0x000001ae8198ea78
instanceKlass org/jetbrains/kotlin/gradle/dsl/JvmTarget$Companion
instanceKlass org/jetbrains/kotlin/gradle/dsl/KotlinCommonCompilerToolOptionsDefault
instanceKlass org/jetbrains/kotlin/gradle/utils/CompilerOptionsKt
instanceKlass org/jetbrains/kotlin/gradle/utils/Completable
instanceKlass org/jetbrains/kotlin/gradle/utils/FutureImpl
instanceKlass org/jetbrains/kotlin/gradle/utils/FutureKt
instanceKlass org/jetbrains/kotlin/gradle/utils/ProviderApiUtilsKt
instanceKlass  @bci org/jetbrains/kotlin/gradle/dsl/DefaultToolchainSupport_Decorated $gradleInit ()V 1 <appendix> member <vmtarget> ; # org/jetbrains/kotlin/gradle/dsl/DefaultToolchainSupport_Decorated$$Lambda+0x000001ae8198c520
instanceKlass org/jetbrains/kotlin/gradle/dsl/DefaultToolchainSupport$wireToolchainToTasks$1$1
instanceKlass org/jetbrains/kotlin/gradle/tasks/UsesKotlinJavaToolchain
instanceKlass  @bci org/gradle/jvm/toolchain/internal/DefaultJavaToolchainService launcherFor (Lorg/gradle/jvm/toolchain/JavaToolchainSpec;)Lorg/gradle/api/provider/Provider; 19 <appendix> argL0 ; # org/gradle/jvm/toolchain/internal/DefaultJavaToolchainService$$Lambda+0x000001ae81927968
instanceKlass org/gradle/jvm/toolchain/internal/DefaultToolchainJavaLauncher
instanceKlass org/gradle/jvm/toolchain/JavaLauncher
instanceKlass  @bci org/gradle/jvm/toolchain/internal/DefaultJavaToolchainService launcherFor (Lorg/gradle/jvm/toolchain/JavaToolchainSpec;)Lorg/gradle/api/provider/Provider; 9 <appendix> member <vmtarget> ; # org/gradle/jvm/toolchain/internal/DefaultJavaToolchainService$$Lambda+0x000001ae81927500
instanceKlass  @bci org/gradle/jvm/toolchain/internal/JavaToolchainQueryService findMatchingToolchain (Lorg/gradle/jvm/toolchain/JavaToolchainSpec;Ljava/util/Set;)Lorg/gradle/api/internal/provider/ProviderInternal; 15 <appendix> member <vmtarget> ; # org/gradle/jvm/toolchain/internal/JavaToolchainQueryService$$Lambda+0x000001ae8193f3f8
instanceKlass  @bci org/gradle/api/internal/DefaultCollectionCallbackActionDecorator$1 isSatisfiedBy (Ljava/lang/Object;)Z 9 <appendix> member <vmtarget> ; # org/gradle/api/internal/DefaultCollectionCallbackActionDecorator$1$$Lambda+0x000001ae8193f1d0
instanceKlass org/gradle/api/internal/DefaultCollectionCallbackActionDecorator$1
instanceKlass org/gradle/api/internal/plugins/DefaultPluginContainer$2$1
instanceKlass org/jetbrains/kotlin/gradle/dsl/DefaultToolchainSupport$wireToolchainToTasks$1
instanceKlass org/jetbrains/kotlin/gradle/dsl/DefaultToolchainSupport
instanceKlass org/jetbrains/kotlin/gradle/dsl/ToolchainSupport$Companion
instanceKlass org/gradle/api/reflect/TypeOf$3
instanceKlass org/jetbrains/kotlin/gradle/plugin/sources/KotlinSourceSetFactory$Companion
instanceKlass org/jetbrains/kotlin/gradle/plugin/sources/KotlinSourceSetFactory
instanceKlass org/jetbrains/kotlin/tooling/core/MutableExtrasImpl$Companion
instanceKlass org/jetbrains/kotlin/tooling/core/AbstractExtras
instanceKlass org/jetbrains/kotlin/tooling/core/ExtrasUtilsKt
instanceKlass org/jetbrains/kotlin/buildtools/api/ExperimentalBuildToolsApi
instanceKlass org/jetbrains/kotlin/gradle/ExperimentalKotlinGradlePluginApi
instanceKlass org/jetbrains/kotlin/gradle/dsl/KotlinGradlePluginDsl
instanceKlass org/jetbrains/kotlin/gradle/dsl/KotlinGradlePluginPublicDsl
instanceKlass org/jetbrains/kotlin/gradle/dsl/KotlinJvmOptions
instanceKlass org/jetbrains/kotlin/gradle/dsl/KotlinCommonOptions
instanceKlass org/jetbrains/kotlin/gradle/dsl/KotlinCommonToolOptions
instanceKlass org/jetbrains/kotlin/gradle/plugin/KotlinSourceSet
instanceKlass org/jetbrains/kotlin/gradle/plugin/HasKotlinDependencies
instanceKlass org/gradle/internal/reflect/MethodSet$1
instanceKlass org/jetbrains/kotlin/gradle/dsl/ToolchainSupport
instanceKlass org/jetbrains/kotlin/tooling/core/MutableExtras
instanceKlass org/jetbrains/kotlin/tooling/core/Extras
instanceKlass org/jetbrains/kotlin/gradle/plugin/KotlinPublishing
instanceKlass org/jetbrains/kotlin/gradle/utils/CompletableFuture
instanceKlass org/jetbrains/kotlin/gradle/utils/Future
instanceKlass org/jetbrains/kotlin/gradle/dsl/KotlinJvmCompilerOptions
instanceKlass org/jetbrains/kotlin/gradle/dsl/KotlinCommonCompilerOptions
instanceKlass org/jetbrains/kotlin/gradle/dsl/KotlinCommonCompilerToolOptions
instanceKlass org/jetbrains/kotlin/gradle/plugin/mpp/AbstractKotlinTarget
instanceKlass org/jetbrains/kotlin/gradle/plugin/mpp/InternalKotlinTarget
instanceKlass org/jetbrains/kotlin/gradle/plugin/KotlinTarget
instanceKlass org/jetbrains/kotlin/gradle/dsl/KotlinMultiplatformSourceSetConventions
instanceKlass org/jetbrains/kotlin/gradle/dsl/KotlinHierarchyDsl
instanceKlass org/jetbrains/kotlin/gradle/dsl/KotlinTargetContainerWithWasmPresetFunctions
instanceKlass org/jetbrains/kotlin/gradle/dsl/KotlinTargetContainerWithJsPresetFunctions
instanceKlass org/jetbrains/kotlin/gradle/plugin/KotlinJsCompilerTypeHolder
instanceKlass org/jetbrains/kotlin/gradle/dsl/KotlinTargetContainerWithPresetFunctions
instanceKlass org/jetbrains/kotlin/gradle/plugin/KotlinTargetsContainer
instanceKlass org/jetbrains/kotlin/gradle/dsl/KotlinProjectExtensionKt
instanceKlass org/jetbrains/kotlin/gradle/dsl/KotlinAndroidExtension
instanceKlass org/gradle/plugins/signing/SigningPlugin
instanceKlass org/jetbrains/kotlin/gradle/tasks/publishing/HelpersKt$addSigningValidationHelpers$1
instanceKlass org/jetbrains/kotlin/gradle/tasks/publishing/HelpersKt$inlined$sam$i$org_gradle_api_Action$0
instanceKlass org/jetbrains/kotlin/gradle/plugin/diagnostics/UsesKotlinToolingDiagnostics
instanceKlass org/jetbrains/kotlin/gradle/plugin/diagnostics/UsesKotlinToolingDiagnosticsParameters
instanceKlass org/jetbrains/kotlin/gradle/tasks/publishing/HelpersKt$addPomValidationHelpers$1
instanceKlass org/jetbrains/kotlin/gradle/tasks/publishing/HelpersKt$addPgpSignatureHelpers$2
instanceKlass  @bci org/gradle/tooling/internal/provider/runner/PluginApplicationTracker findRunningPluginApplication (Lorg/gradle/internal/operations/OperationIdentifier;)Lorg/gradle/tooling/internal/provider/runner/PluginApplicationTracker$PluginApplication; 14 <appendix> member <vmtarget> ; # org/gradle/tooling/internal/provider/runner/PluginApplicationTracker$$Lambda+0x000001ae81927020
instanceKlass org/gradle/tooling/internal/provider/runner/PluginApplicationTracker$PluginApplication
instanceKlass  @bci org/gradle/tooling/internal/provider/runner/TaskOriginTracker storeOrigin (Lorg/gradle/internal/operations/BuildOperationDescriptor;J)V 10 <appendix> member <vmtarget> ; # org/gradle/tooling/internal/provider/runner/TaskOriginTracker$$Lambda+0x000001ae81926bb8
instanceKlass org/jetbrains/kotlin/gradle/tasks/publishing/HelpersKt$addPgpSignatureHelpers$1
instanceKlass org/jetbrains/kotlin/gradle/tasks/publishing/HelpersKt$maybeCreateBcConfiguration$1$1
instanceKlass org/jetbrains/kotlin/gradle/tasks/publishing/HelpersKt
instanceKlass org/gradle/api/internal/tasks/compile/CompileJavaBuildOperationType$Result
instanceKlass org/jetbrains/kotlin/gradle/plugin/mpp/apple/swiftexport/internal/SwiftExportInitKt$maybeCreateSwiftExportClasspathDependenciesConfiguration$1$1
instanceKlass org/gradle/api/internal/tasks/RealizeTaskBuildOperationType$Details
instanceKlass  @bci org/gradle/api/internal/artifacts/configurations/DefaultConfigurationContainer dependencyScope (Ljava/lang/String;Lorg/gradle/api/Action;)Lorg/gradle/api/NamedDomainObjectProvider; 13 <appendix> member <vmtarget> ; # org/gradle/api/internal/artifacts/configurations/DefaultConfigurationContainer$$Lambda+0x000001ae81926770
instanceKlass org/jetbrains/kotlin/gradle/plugin/mpp/apple/swiftexport/internal/SwiftExportInitKt
instanceKlass org/jetbrains/kotlin/compilerRunner/GradleCliCommonizerKt$maybeCreateCommonizerClasspathConfiguration$1$1
instanceKlass org/jetbrains/kotlin/gradle/plugin/KotlinTargetConfiguratorKt
instanceKlass org/jetbrains/kotlin/compilerRunner/GradleCliCommonizerKt
instanceKlass org/jetbrains/kotlin/gradle/plugin/statistics/BuildFinishFlowProviderManager$subscribeForBuildResults$1$1
instanceKlass  @bci org/jetbrains/kotlin/gradle/plugin/statistics/BuildFinishFlowAction$Parameters_Decorated $gradleInit ()V 1 <appendix> member <vmtarget> ; # org/jetbrains/kotlin/gradle/plugin/statistics/BuildFinishFlowAction$Parameters_Decorated$$Lambda+0x000001ae8193bc68
instanceKlass org/jetbrains/kotlin/gradle/plugin/statistics/BuildFinishFlowAction$Parameters_Decorated
instanceKlass org/jetbrains/kotlin/gradle/plugin/statistics/BuildFinishFlowAction$Parameters
instanceKlass org/jetbrains/kotlin/gradle/plugin/statistics/BuildFinishFlowProviderManager$subscribeForBuildResults$1
instanceKlass org/jetbrains/kotlin/gradle/plugin/statistics/BuildFinishFlowAction
instanceKlass  @bci org/jetbrains/kotlin/gradle/plugin/statistics/BuildFinishFlowProviderManager_Decorated $gradleInit ()V 1 <appendix> member <vmtarget> ; # org/jetbrains/kotlin/gradle/plugin/statistics/BuildFinishFlowProviderManager_Decorated$$Lambda+0x000001ae8193b3e8
instanceKlass org/jetbrains/kotlin/gradle/plugin/statistics/BuildFinishFlowProviderManager$Companion
instanceKlass org/jetbrains/kotlin/gradle/plugin/statistics/BuildFinishFlowProviderManager
instanceKlass  @bci org/jetbrains/kotlin/gradle/plugin/statistics/BuildFinishBuildService$Inject_ $gradleInit ()V 1 <appendix> member <vmtarget> ; # org/jetbrains/kotlin/gradle/plugin/statistics/BuildFinishBuildService$Inject_$$Lambda+0x000001ae8193aa40
instanceKlass  @bci org/jetbrains/kotlin/gradle/plugin/statistics/BuildFinishBuildService$Parameters$Inject_ $gradleInit ()V 1 <appendix> member <vmtarget> ; # org/jetbrains/kotlin/gradle/plugin/statistics/BuildFinishBuildService$Parameters$Inject_$$Lambda+0x000001ae8193a528
instanceKlass org/jetbrains/kotlin/gradle/plugin/statistics/BuildFinishBuildService$Parameters$Inject_
instanceKlass org/gradle/api/internal/provider/Collectors$ElementsFromCollection
instanceKlass  @bci org/gradle/api/internal/provider/AbstractCollectionProperty$CollectingSupplier calculateOwnValue (Lorg/gradle/api/internal/provider/ValueSupplier$ValueConsumer;)Lorg/gradle/api/internal/provider/ValueSupplier$Value; 20 <appendix> argL0 ; # org/gradle/api/internal/provider/AbstractCollectionProperty$CollectingSupplier$$Lambda+0x000001ae8193e238
instanceKlass  @bci org/gradle/api/internal/provider/AbstractCollectionProperty$CollectingSupplier calculateOwnValue (Lorg/gradle/api/internal/provider/ValueSupplier$ValueConsumer;)Lorg/gradle/api/internal/provider/ValueSupplier$Value; 3 <appendix> member <vmtarget> ; # org/gradle/api/internal/provider/AbstractCollectionProperty$CollectingSupplier$$Lambda+0x000001ae8193e000
instanceKlass org/jetbrains/kotlin/gradle/plugin/statistics/BuildFinishBuildService$Companion$registerIfAbsent$1$1
instanceKlass  @bci org/jetbrains/kotlin/gradle/plugin/statistics/BuildFinishBuildService$Parameters_Decorated $gradleInit ()V 1 <appendix> member <vmtarget> ; # org/jetbrains/kotlin/gradle/plugin/statistics/BuildFinishBuildService$Parameters_Decorated$$Lambda+0x000001ae81939d90
instanceKlass org/jetbrains/kotlin/gradle/plugin/statistics/BuildFinishBuildService$Parameters_Decorated
# instanceKlass java/lang/invoke/LambdaForm$MH+0x000001ae8193c000
instanceKlass org/jetbrains/kotlin/gradle/plugin/statistics/BuildFinishBuildService$Parameters
instanceKlass org/jetbrains/kotlin/gradle/plugin/statistics/BuildFinishBuildService$Companion$registerIfAbsent$1
instanceKlass org/jetbrains/kotlin/gradle/plugin/statistics/BuildFinishBuildService$Companion
instanceKlass org/jetbrains/kotlin/gradle/plugin/statistics/BuildFinishBuildService
instanceKlass org/jetbrains/kotlin/gradle/targets/native/toolchain/KotlinNativeBundleBuildService$Companion$registerIfAbsent$2$1$1
instanceKlass org/jetbrains/kotlin/gradle/targets/native/toolchain/UsesKotlinNativeBundleBuildService
instanceKlass  @bci org/jetbrains/kotlin/gradle/targets/native/toolchain/KotlinNativeBundleBuildService$Parameters_Decorated $gradleInit ()V 1 <appendix> member <vmtarget> ; # org/jetbrains/kotlin/gradle/targets/native/toolchain/KotlinNativeBundleBuildService$Parameters_Decorated$$Lambda+0x000001ae81938850
instanceKlass org/jetbrains/kotlin/gradle/targets/native/toolchain/KotlinNativeBundleBuildService$Parameters_Decorated
instanceKlass org/jetbrains/kotlin/gradle/targets/native/toolchain/KotlinNativeBundleBuildService$Parameters
instanceKlass org/jetbrains/kotlin/gradle/targets/native/toolchain/KotlinNativeBundleBuildService$Companion$registerIfAbsent$1
instanceKlass org/jetbrains/kotlin/gradle/targets/native/internal/PlatformLibrariesGenerator$GeneratedPlatformLibrariesService
instanceKlass org/jetbrains/kotlin/gradle/targets/native/internal/PlatformLibrariesGenerator$Companion
instanceKlass org/jetbrains/kotlin/gradle/targets/native/internal/PlatformLibrariesGenerator
instanceKlass org/jetbrains/kotlin/gradle/targets/native/KonanPropertiesBuildService$Companion$registerIfAbsent$2$1$1
instanceKlass org/jetbrains/kotlin/gradle/targets/native/UsesKonanPropertiesBuildService
instanceKlass org/gradle/api/internal/file/DefaultFilePropertyFactory$AbstractFileVar$1
instanceKlass org/jetbrains/kotlin/gradle/internal/properties/NativePropertiesLoader$nativeCacheKind$1
instanceKlass org/jetbrains/kotlin/gradle/internal/properties/NativePropertiesLoader$actualNativeHomeDirectory$3
instanceKlass org/jetbrains/kotlin/gradle/internal/properties/NativePropertiesLoader$actualNativeHomeDirectory$2
instanceKlass org/jetbrains/kotlin/gradle/internal/properties/NativePropertiesLoader$actualNativeHomeDirectory$1
instanceKlass org/jetbrains/kotlin/gradle/internal/properties/NativePropertiesLoader$userProvidedNativeHome$1
instanceKlass org/jetbrains/kotlin/gradle/internal/properties/NativePropertiesLoader$isToolchainEnabled$1
instanceKlass org/jetbrains/kotlin/gradle/internal/properties/NativePropertiesLoader$downloadFromMaven$1
instanceKlass org/jetbrains/kotlin/gradle/internal/properties/NativePropertiesLoader$konanDataDirProperty$1
instanceKlass org/jetbrains/kotlin/gradle/internal/properties/NativePropertiesLoader$forceDisableRunningInProcess$1
instanceKlass org/jetbrains/kotlin/gradle/internal/properties/NativePropertiesLoader$jvmArgs$1
instanceKlass org/jetbrains/kotlin/gradle/internal/properties/NativePropertiesLoader$kotlinNativeVersion$1
instanceKlass org/jetbrains/kotlin/gradle/internal/properties/NativePropertiesLoader$isUseXcodeMessageStyleEnabled$1
instanceKlass org/jetbrains/kotlin/gradle/internal/properties/PropertiesBuildService$NullableStringGradleProperty
instanceKlass org/jetbrains/kotlin/gradle/internal/properties/NativePropertiesLoader$Companion
instanceKlass org/jetbrains/kotlin/gradle/internal/properties/NativePropertiesLoader
instanceKlass org/jetbrains/kotlin/gradle/internal/properties/NativeProperties
instanceKlass org/jetbrains/kotlin/gradle/internal/properties/NativePropertiesKt
instanceKlass  @bci org/jetbrains/kotlin/gradle/targets/native/KonanPropertiesBuildService$Parameters_Decorated $gradleInit ()V 1 <appendix> member <vmtarget> ; # org/jetbrains/kotlin/gradle/targets/native/KonanPropertiesBuildService$Parameters_Decorated$$Lambda+0x000001ae81937bb0
instanceKlass org/jetbrains/kotlin/gradle/targets/native/KonanPropertiesBuildService$Parameters_Decorated
instanceKlass org/jetbrains/kotlin/gradle/targets/native/KonanPropertiesBuildService$Parameters
instanceKlass org/jetbrains/kotlin/gradle/targets/native/KonanPropertiesBuildService$Companion$registerIfAbsent$1
instanceKlass org/jetbrains/kotlin/gradle/targets/native/KonanPropertiesBuildService$Companion
instanceKlass org/jetbrains/kotlin/gradle/targets/native/KonanPropertiesBuildService
instanceKlass org/jetbrains/kotlin/gradle/internal/ClassLoadersCachingBuildService$Companion$registerIfAbsent$2$1$1
instanceKlass org/jetbrains/kotlin/gradle/internal/UsesClassLoadersCachingBuildService
instanceKlass org/jetbrains/kotlin/gradle/plugin/PropertiesProvider$classLoaderCacheTimeoutInSeconds$1
instanceKlass  @bci org/jetbrains/kotlin/gradle/internal/ClassLoadersCachingBuildService$Parameters_Decorated $gradleInit ()V 1 <appendix> member <vmtarget> ; # org/jetbrains/kotlin/gradle/internal/ClassLoadersCachingBuildService$Parameters_Decorated$$Lambda+0x000001ae819364b0
instanceKlass org/jetbrains/kotlin/gradle/internal/ClassLoadersCachingBuildService$Parameters_Decorated
instanceKlass org/jetbrains/kotlin/gradle/internal/ClassLoadersCachingBuildService$Parameters
instanceKlass org/jetbrains/kotlin/gradle/internal/ClassLoadersCachingBuildService$Companion$registerIfAbsent$1
instanceKlass org/jetbrains/kotlin/gradle/internal/ClassLoadersCachingBuildService$Companion
instanceKlass org/jetbrains/kotlin/gradle/internal/ClassLoadersCachingBuildService
instanceKlass org/jetbrains/kotlin/gradle/targets/native/toolchain/KotlinNativeBundleBuildService$Companion
instanceKlass org/jetbrains/kotlin/gradle/targets/native/toolchain/KotlinNativeBundleBuildService
instanceKlass org/jetbrains/kotlin/gradle/report/BuildMetricsService$Companion
instanceKlass org/jetbrains/kotlin/gradle/report/BuildMetricsService
instanceKlass org/jetbrains/kotlin/gradle/plugin/KotlinGradleBuildServices$detectKotlinPluginLoadedInMultipleProjects$onRegister$1$1
instanceKlass  @bci org/gradle/api/internal/project/LifecycleAwareProject wrap (Lorg/gradle/api/internal/project/ProjectInternal;Lorg/gradle/api/internal/project/ProjectInternal;Lorg/gradle/internal/reflect/Instantiator;Lorg/gradle/invocation/GradleLifecycleActionExecutor;)Lorg/gradle/api/internal/project/ProjectInternal; 6 <appendix> member <vmtarget> ; # org/gradle/api/internal/project/LifecycleAwareProject$$Lambda+0x000001ae8192bbb8
instanceKlass org/gradle/api/internal/project/MutableStateAccessAwareProject
instanceKlass  @bci org/jetbrains/kotlin/gradle/plugin/KotlinGradleBuildServices$Inject_ $gradleInit ()V 1 <appendix> member <vmtarget> ; # org/jetbrains/kotlin/gradle/plugin/KotlinGradleBuildServices$Inject_$$Lambda+0x000001ae81934918
instanceKlass org/jetbrains/kotlin/gradle/plugin/KotlinGradleFinishBuildHandler$Companion
instanceKlass org/jetbrains/kotlin/gradle/plugin/KotlinGradleFinishBuildHandler
instanceKlass org/jetbrains/kotlin/gradle/plugin/KotlinPluginInMultipleProjectsHolder
instanceKlass  @bci org/jetbrains/kotlin/gradle/plugin/KotlinGradleBuildServices$Parameters$Inject_ $gradleInit ()V 1 <appendix> member <vmtarget> ; # org/jetbrains/kotlin/gradle/plugin/KotlinGradleBuildServices$Parameters$Inject_$$Lambda+0x000001ae8192fc60
instanceKlass org/jetbrains/kotlin/gradle/plugin/KotlinGradleBuildServices$Parameters$Inject_
instanceKlass org/jetbrains/kotlin/gradle/plugin/KotlinGradleBuildServices$Companion$registerIfAbsent$2$1$1
instanceKlass org/jetbrains/kotlin/gradle/plugin/UsesKotlinGradleBuildServices
instanceKlass org/jetbrains/kotlin/gradle/utils/PersistentCachesKt
instanceKlass  @bci org/jetbrains/kotlin/gradle/plugin/KotlinGradleBuildServices$Parameters_Decorated $gradleInit ()V 1 <appendix> member <vmtarget> ; # org/jetbrains/kotlin/gradle/plugin/KotlinGradleBuildServices$Parameters_Decorated$$Lambda+0x000001ae8192eea0
instanceKlass org/jetbrains/kotlin/gradle/plugin/KotlinGradleBuildServices$Parameters_Decorated
instanceKlass org/jetbrains/kotlin/gradle/plugin/KotlinGradleBuildServices$Parameters
instanceKlass org/jetbrains/kotlin/gradle/plugin/KotlinGradleBuildServices$Companion$registerIfAbsent$1
instanceKlass org/jetbrains/kotlin/gradle/plugin/KotlinGradleBuildServices$Companion
instanceKlass org/jetbrains/kotlin/gradle/plugin/KotlinGradleBuildServices
instanceKlass org/jetbrains/kotlin/gradle/utils/GradleConfigurationUtilsKt$addGradlePluginMetadataAttributes$1
instanceKlass org/jetbrains/kotlin/gradle/utils/GradleConfigurationUtilsKt
instanceKlass org/jetbrains/kotlin/gradle/plugin/DefaultKotlinBasePlugin$addKotlinCompilerConfiguration$3
instanceKlass org/jetbrains/kotlin/gradle/internal/tasks/TaskWithLocalState
instanceKlass org/jetbrains/kotlin/gradle/internal/CompilerArgumentAware
instanceKlass org/jetbrains/kotlin/gradle/plugin/KotlinCompilerArgumentsProducer
instanceKlass org/jetbrains/kotlin/gradle/tasks/KotlinCompileTool
instanceKlass org/jetbrains/kotlin/gradle/plugin/DefaultKotlinBasePlugin$addKotlinCompilerConfiguration$2$1
instanceKlass  @bci org/gradle/api/internal/artifacts/configurations/DefaultConfiguration defaultDependencies (Lorg/gradle/api/Action;)Lorg/gradle/api/artifacts/Configuration; 39 <appendix> member <vmtarget> ; # org/gradle/api/internal/artifacts/configurations/DefaultConfiguration$$Lambda+0x000001ae81926548
instanceKlass org/jetbrains/kotlin/gradle/plugin/DefaultKotlinBasePlugin$addKotlinCompilerConfiguration$1
instanceKlass org/jetbrains/kotlin/gradle/utils/ConfigurationsKt$sam$org_gradle_api_Action$0
instanceKlass org/jetbrains/kotlin/gradle/utils/ConfigurationsKt
instanceKlass org/jetbrains/kotlin/gradle/plugin/DefaultKotlinBasePlugin$apply$1
instanceKlass org/jetbrains/kotlin/gradle/plugin/statistics/BuildFusService$Companion$registerIfAbsent$1$1$1
instanceKlass org/jetbrains/kotlin/gradle/plugin/statistics/UsesBuildFusService
instanceKlass  @bci org/gradle/internal/build/event/DefaultBuildEventsListenerRegistry processIfBuildService (Lorg/gradle/api/provider/Provider;)V 17 <appendix> member <vmtarget> ; # org/gradle/internal/build/event/DefaultBuildEventsListenerRegistry$$Lambda+0x000001ae81929250
instanceKlass org/gradle/workers/internal/ExecuteWorkItemBuildOperationType$Details
instanceKlass org/gradle/api/internal/artifacts/transform/ExecutePlannedTransformStepBuildOperationDetails
instanceKlass org/gradle/operations/dependencies/transforms/ExecutePlannedTransformStepBuildOperationType$Details
instanceKlass org/gradle/api/internal/tasks/testing/operations/ExecuteTestBuildOperationType$Details
instanceKlass org/gradle/internal/resource/ExternalResourceReadBuildOperationType$Details
instanceKlass org/gradle/tooling/internal/provider/runner/ClientBuildEventGenerator$Mapper
instanceKlass org/gradle/tooling/internal/provider/runner/ClientBuildEventGenerator$Operation
instanceKlass org/gradle/tooling/internal/provider/runner/ClientBuildEventGenerator
instanceKlass org/gradle/tooling/internal/protocol/events/InternalWorkItemDescriptor
instanceKlass org/gradle/tooling/internal/provider/runner/WorkItemOperationMapper
instanceKlass org/gradle/tooling/internal/protocol/events/InternalProjectConfigurationDescriptor
instanceKlass org/gradle/tooling/internal/protocol/events/InternalProjectConfigurationResult
instanceKlass org/gradle/tooling/internal/provider/runner/ProjectConfigurationOperationMapper
instanceKlass org/gradle/tooling/internal/protocol/events/InternalTestFailureResult
instanceKlass org/gradle/tooling/internal/protocol/events/InternalTestSkippedResult
instanceKlass org/gradle/tooling/internal/protocol/events/InternalTestSuccessResult
instanceKlass org/gradle/tooling/internal/protocol/events/InternalTestResult
instanceKlass org/gradle/tooling/internal/provider/runner/TestOperationMapper
instanceKlass org/gradle/tooling/internal/protocol/events/InternalNotFoundFileDownloadResult
instanceKlass org/gradle/tooling/internal/protocol/events/InternalFileDownloadResult
instanceKlass org/gradle/tooling/internal/protocol/events/InternalFileDownloadDescriptor
instanceKlass org/gradle/tooling/internal/provider/runner/FileDownloadOperationMapper
instanceKlass org/gradle/tooling/internal/provider/runner/TaskOperationMapper$PostProcessors
instanceKlass org/gradle/tooling/internal/protocol/events/InternalTaskFailureResult
instanceKlass org/gradle/tooling/internal/protocol/events/InternalTaskSkippedResult
instanceKlass org/gradle/tooling/internal/provider/runner/TaskOperationMapper
instanceKlass org/gradle/tooling/internal/protocol/events/InternalJavaCompileTaskOperationResult$InternalAnnotationProcessorResult
instanceKlass org/gradle/tooling/internal/protocol/events/InternalTaskCachedResult
instanceKlass org/gradle/tooling/internal/protocol/events/InternalTaskSuccessResult
instanceKlass org/gradle/tooling/internal/protocol/events/InternalJavaCompileTaskOperationResult
instanceKlass org/gradle/tooling/internal/protocol/events/InternalIncrementalTaskResult
instanceKlass org/gradle/api/internal/tasks/compile/tooling/JavaCompileTaskSuccessResultPostProcessor
instanceKlass org/gradle/internal/build/event/OperationResultPostProcessor
instanceKlass  @bci org/gradle/tooling/internal/provider/runner/ToolingApiBuildEventListenerFactory createPostProcessors (Lorg/gradle/internal/build/event/BuildEventSubscriptions;Lorg/gradle/initialization/BuildEventConsumer;)Ljava/util/List; 21 <appendix> argL0 ; # org/gradle/tooling/internal/provider/runner/ToolingApiBuildEventListenerFactory$$Lambda+0x000001ae81853990
instanceKlass  @bci org/gradle/tooling/internal/provider/runner/ToolingApiBuildEventListenerFactory createPostProcessors (Lorg/gradle/internal/build/event/BuildEventSubscriptions;Lorg/gradle/initialization/BuildEventConsumer;)Ljava/util/List; 11 <appendix> member <vmtarget> ; # org/gradle/tooling/internal/provider/runner/ToolingApiBuildEventListenerFactory$$Lambda+0x000001ae81853748
instanceKlass org/gradle/tooling/internal/protocol/events/InternalTransformDescriptor
instanceKlass org/gradle/tooling/internal/provider/runner/TransformOperationMapper
instanceKlass org/gradle/tooling/internal/provider/runner/BuildOperationMapper
instanceKlass org/gradle/tooling/internal/provider/runner/TaskOriginTracker
instanceKlass org/gradle/tooling/internal/provider/runner/ProjectConfigurationTracker
instanceKlass org/gradle/tooling/internal/provider/runner/TaskForTestEventTracker
instanceKlass org/gradle/tooling/internal/protocol/events/InternalBinaryPluginIdentifier
instanceKlass org/gradle/tooling/internal/protocol/events/InternalScriptPluginIdentifier
instanceKlass org/gradle/tooling/internal/protocol/events/InternalPluginIdentifier
instanceKlass org/gradle/tooling/internal/provider/runner/PluginApplicationTracker
instanceKlass org/gradle/tooling/internal/provider/runner/BuildOperationTracker
instanceKlass org/gradle/tooling/internal/provider/runner/OperationDependenciesResolver
instanceKlass  @bci org/gradle/tooling/internal/provider/runner/ToolingApiBuildEventListenerFactory createBuildOperationListener (Lorg/gradle/internal/build/event/BuildEventSubscriptions;Lorg/gradle/tooling/internal/provider/runner/ProgressEventConsumer;)Lorg/gradle/internal/operations/BuildOperationListener; 7 <appendix> member <vmtarget> ; # org/gradle/tooling/internal/provider/runner/ToolingApiBuildEventListenerFactory$$Lambda+0x000001ae81852288
instanceKlass org/gradle/tooling/internal/protocol/events/InternalSuccessResult
instanceKlass org/gradle/tooling/internal/protocol/events/InternalFailureResult
instanceKlass org/gradle/internal/build/event/types/AbstractResult
instanceKlass org/gradle/tooling/internal/protocol/events/InternalOperationFinishedProgressEvent
instanceKlass org/gradle/tooling/internal/protocol/events/InternalRootOperationDescriptor
instanceKlass org/gradle/internal/build/event/types/DefaultOperationDescriptor
instanceKlass org/gradle/tooling/internal/protocol/events/InternalOperationDescriptor
instanceKlass org/gradle/tooling/internal/protocol/events/InternalOperationStartedProgressEvent
instanceKlass org/gradle/tooling/internal/protocol/events/InternalProgressEvent
instanceKlass org/gradle/tooling/internal/provider/runner/ClientForwardingBuildOperationListener
instanceKlass org/gradle/tooling/internal/provider/runner/ProgressEventConsumer
instanceKlass  @bci org/gradle/internal/build/event/DefaultBuildEventsListenerRegistry$AbstractListener <init> (Lorg/gradle/internal/code/UserCodeSource;Lorg/gradle/internal/concurrent/ExecutorFactory;)V 48 <appendix> member <vmtarget> ; # org/gradle/internal/build/event/DefaultBuildEventsListenerRegistry$AbstractListener$$Lambda+0x000001ae8191def8
instanceKlass org/gradle/tooling/events/task/TaskOperationDescriptor
instanceKlass org/gradle/tooling/events/OperationDescriptor
instanceKlass org/gradle/tooling/internal/protocol/events/InternalTaskResult
instanceKlass org/gradle/tooling/internal/protocol/events/InternalOperationResult
instanceKlass  @bci org/gradle/internal/build/event/DefaultBuildEventsListenerRegistry onTaskCompletion (Lorg/gradle/api/provider/Provider;)V 3 <appendix> member <vmtarget> ; # org/gradle/internal/build/event/DefaultBuildEventsListenerRegistry$$Lambda+0x000001ae8191d4b0
instanceKlass org/gradle/internal/build/event/DefaultBuildEventsListenerRegistry$AbstractListener
instanceKlass  @bci org/jetbrains/kotlin/gradle/plugin/BuildEventsListenerRegistryHolder_Decorated $gradleInit ()V 1 <appendix> member <vmtarget> ; # org/jetbrains/kotlin/gradle/plugin/BuildEventsListenerRegistryHolder_Decorated$$Lambda+0x000001ae81913340
# instanceKlass java/lang/invoke/LambdaForm$MH+0x000001ae8191a800
# instanceKlass java/lang/invoke/LambdaForm$MH+0x000001ae8191a400
# instanceKlass java/lang/invoke/LambdaForm$MH+0x000001ae8191a000
# instanceKlass java/lang/invoke/LambdaForm$MH+0x000001ae81919c00
# instanceKlass java/lang/invoke/LambdaForm$MH+0x000001ae81919800
instanceKlass org/jetbrains/kotlin/gradle/plugin/BuildEventsListenerRegistryHolder$Companion
instanceKlass org/jetbrains/kotlin/gradle/plugin/BuildEventsListenerRegistryHolder
instanceKlass org/gradle/internal/flow/services/DefaultFlowScopeRegistration
instanceKlass org/gradle/internal/flow/services/RegisteredFlowAction
instanceKlass  @bci org/gradle/api/internal/provider/AbstractCollectingSupplier$1 visitDependencies (Lorg/gradle/api/internal/tasks/TaskDependencyResolveContext;)V 8 <appendix> member <vmtarget> ; # org/gradle/api/internal/provider/AbstractCollectingSupplier$1$$Lambda+0x000001ae8191cb00
instanceKlass  @bci org/gradle/api/internal/provider/AbstractCollectingSupplier getProducers ()Ljava/util/stream/Stream; 7 <appendix> argL0 ; # org/gradle/api/internal/provider/AbstractCollectingSupplier$$Lambda+0x000001ae8191c8c0
instanceKlass java/util/ArrayList$SubList$2
instanceKlass org/gradle/api/internal/provider/AbstractCollectingSupplier$1
instanceKlass  @bci org/gradle/internal/execution/model/annotations/ServiceReferencePropertyAnnotationHandler visitPropertyValue (Ljava/lang/String;Lorg/gradle/internal/properties/PropertyValue;Lorg/gradle/internal/properties/annotations/PropertyMetadata;Lorg/gradle/internal/properties/PropertyVisitor;)V 13 <appendix> member <vmtarget> ; # org/gradle/internal/execution/model/annotations/ServiceReferencePropertyAnnotationHandler$$Lambda+0x000001ae8191c400
instanceKlass org/gradle/internal/flow/services/FlowParametersInstantiator$validate$3
instanceKlass org/gradle/internal/flow/services/FlowParametersInstantiator$validate$2
instanceKlass org/jetbrains/kotlin/gradle/plugin/statistics/FlowActionBuildFusService$getConfigurationTimeMetrics$1
instanceKlass  @bci org/jetbrains/kotlin/gradle/plugin/statistics/FlowActionBuildFusService$Inject_ $gradleInit ()V 1 <appendix> member <vmtarget> ; # org/jetbrains/kotlin/gradle/plugin/statistics/FlowActionBuildFusService$Inject_$$Lambda+0x000001ae81912770
instanceKlass org/jetbrains/kotlin/gradle/fus/internal/SynchronizedConfigurationMetrics$Companion
instanceKlass org/jetbrains/kotlin/statistics/BuildSession
instanceKlass org/jetbrains/kotlin/gradle/plugin/statistics/NonSynchronizedMetricsContainer
instanceKlass org/gradle/tooling/events/FinishEvent
instanceKlass org/gradle/tooling/events/ProgressEvent
instanceKlass org/jetbrains/kotlin/gradle/fus/internal/SynchronizedConfigurationMetrics
instanceKlass  @bci org/jetbrains/kotlin/gradle/plugin/statistics/BuildFusService$Parameters$Inject_ $gradleInit ()V 1 <appendix> member <vmtarget> ; # org/jetbrains/kotlin/gradle/plugin/statistics/BuildFusService$Parameters$Inject_$$Lambda+0x000001ae81911508
instanceKlass org/jetbrains/kotlin/gradle/plugin/statistics/BuildFusService$Parameters$Inject_
instanceKlass java/util/HashMap$UnsafeHolder
instanceKlass java/io/ObjectStreamClass$ExceptionInfo
instanceKlass org/gradle/configuration/internal/DefaultListenerBuildOperationDecorator$BuildOperationEmittingInvocationHandler
instanceKlass  @bci org/apache/commons/lang3/ClassUtils <clinit> ()V 522 <appendix> argL0 ; # org/apache/commons/lang3/ClassUtils$$Lambda+0x000001ae81917930
instanceKlass  @bci org/apache/commons/lang3/ClassUtils <clinit> ()V 517 <appendix> argL0 ; # org/apache/commons/lang3/ClassUtils$$Lambda+0x000001ae819176f0
instanceKlass  @bci org/apache/commons/lang3/ClassUtils <clinit> ()V 353 <appendix> argL0 ; # org/apache/commons/lang3/ClassUtils$$Lambda+0x000001ae819174c0
instanceKlass  @bci org/apache/commons/lang3/ClassUtils <clinit> ()V 0 <appendix> argL0 ; # org/apache/commons/lang3/ClassUtils$$Lambda+0x000001ae81917228
instanceKlass org/apache/commons/lang3/ClassUtils
instanceKlass  @bci org/gradle/execution/taskgraph/DefaultTaskExecutionGraph whenReady (Lorg/gradle/api/Action;)V 13 <appendix> member <vmtarget> ; # org/gradle/execution/taskgraph/DefaultTaskExecutionGraph$$Lambda+0x000001ae81917000
instanceKlass org/jetbrains/kotlin/gradle/plugin/statistics/KotlinBuildStatisticsUtilsKt$collectGeneralConfigurationTimeMetrics$statisticOverhead$1$2
instanceKlass org/gradle/execution/plan/FinalizedExecutionPlan$1
instanceKlass org/gradle/execution/plan/FinalizedExecutionPlan
instanceKlass org/gradle/api/execution/TaskExecutionListener
instanceKlass org/gradle/execution/taskgraph/TaskExecutionGraphExecutionListener
instanceKlass org/gradle/api/internal/tasks/TaskExecutionContext
instanceKlass org/gradle/execution/plan/DefaultNodeExecutor
instanceKlass org/gradle/execution/taskgraph/DefaultTaskExecutionGraph
# instanceKlass java/lang/invoke/LambdaForm$MH+0x000001ae81916c00
# instanceKlass java/lang/invoke/LambdaForm$MH+0x000001ae81916800
# instanceKlass java/lang/invoke/LambdaForm$MH+0x000001ae81916400
# instanceKlass java/lang/invoke/LambdaForm$MH+0x000001ae81916000
# instanceKlass java/lang/invoke/LambdaForm$MH+0x000001ae81915c00
# instanceKlass java/lang/invoke/LambdaForm$MH+0x000001ae81915800
# instanceKlass java/lang/invoke/LambdaForm$MH+0x000001ae81915400
instanceKlass org/jetbrains/kotlin/gradle/plugin/statistics/KotlinBuildStatisticsUtilsKt
instanceKlass java/io/SerialCallbackContext
instanceKlass  @bci jdk/internal/reflect/MethodHandleLongFieldAccessorImpl getLong (Ljava/lang/Object;)J 11 <adapter> ; # java/lang/invoke/LambdaForm$MH+0x000001ae81914800
# instanceKlass java/lang/invoke/LambdaForm$DMH+0x000001ae81914400
instanceKlass  @bci org/jetbrains/kotlin/gradle/fus/BuildUidService$Inject_ $gradleInit ()V 1 <appendix> member <vmtarget> ; # org/jetbrains/kotlin/gradle/fus/BuildUidService$Inject_$$Lambda+0x000001ae81910b60
instanceKlass org/jetbrains/kotlin/gradle/plugin/StatisticsBuildFlowManager$subscribeForBuildResultAndConfigurationTimeMetrics$1$1
instanceKlass  @bci org/gradle/internal/flow/services/DefaultFlowActionSpec_Decorated $gradleInit ()V 1 <appendix> member <vmtarget> ; # org/gradle/internal/flow/services/DefaultFlowActionSpec_Decorated$$Lambda+0x000001ae81850e40
instanceKlass org/gradle/internal/flow/services/DefaultFlowActionSpec
instanceKlass org/gradle/api/flow/FlowActionSpec
instanceKlass  @bci org/jetbrains/kotlin/gradle/plugin/BuildFinishAndConfigurationTimeMetricsFlowAction$Parameters_Decorated $gradleInit ()V 1 <appendix> member <vmtarget> ; # org/jetbrains/kotlin/gradle/plugin/BuildFinishAndConfigurationTimeMetricsFlowAction$Parameters_Decorated$$Lambda+0x000001ae81910428
instanceKlass org/jetbrains/kotlin/gradle/plugin/BuildFinishAndConfigurationTimeMetricsFlowAction$Parameters_Decorated
instanceKlass  @bci org/gradle/internal/flow/services/BuildFlowScope configureParametersFor (Ljava/lang/Class;Lorg/gradle/api/Action;)Lorg/gradle/api/flow/FlowParameters; 20 <appendix> member <vmtarget> ; # org/gradle/internal/flow/services/BuildFlowScope$$Lambda+0x000001ae81850678
instanceKlass org/jetbrains/kotlin/gradle/plugin/BuildFinishAndConfigurationTimeMetricsFlowAction$Parameters
instanceKlass org/gradle/api/flow/FlowParameters$None
instanceKlass org/jetbrains/kotlin/gradle/plugin/StatisticsBuildFlowManager$subscribeForBuildResultAndConfigurationTimeMetrics$1
instanceKlass org/jetbrains/kotlin/gradle/plugin/BuildFinishAndConfigurationTimeMetricsFlowAction
instanceKlass org/gradle/api/flow/FlowAction
instanceKlass  @bci org/jetbrains/kotlin/gradle/plugin/StatisticsBuildFlowManager_Decorated $gradleInit ()V 1 <appendix> member <vmtarget> ; # org/jetbrains/kotlin/gradle/plugin/StatisticsBuildFlowManager_Decorated$$Lambda+0x000001ae8190f598
instanceKlass org/jetbrains/kotlin/gradle/internal/report/BuildScanApi
instanceKlass org/jetbrains/kotlin/gradle/plugin/StatisticsBuildFlowManager$Companion
instanceKlass org/jetbrains/kotlin/gradle/plugin/StatisticsBuildFlowManager
instanceKlass org/jetbrains/kotlin/gradle/plugin/statistics/FlowActionBuildFusService$Companion$registerIfAbsentImpl$1$1
instanceKlass  @bci org/jetbrains/kotlin/gradle/plugin/statistics/BuildFusService$Parameters_Decorated $gradleInit ()V 1 <appendix> member <vmtarget> ; # org/jetbrains/kotlin/gradle/plugin/statistics/BuildFusService$Parameters_Decorated$$Lambda+0x000001ae8190e7d0
instanceKlass org/jetbrains/kotlin/gradle/plugin/statistics/BuildFusService$Parameters_Decorated
instanceKlass org/jetbrains/kotlin/gradle/plugin/statistics/MetricContainer
instanceKlass org/jetbrains/kotlin/gradle/plugin/statistics/BuildFusService$Parameters
instanceKlass org/jetbrains/kotlin/gradle/plugin/statistics/FlowActionBuildFusService$Companion$registerIfAbsentImpl$1
instanceKlass org/jetbrains/kotlin/gradle/plugin/statistics/FlowActionBuildFusService$Companion
instanceKlass org/jetbrains/kotlin/gradle/plugin/statistics/BuildFusService$Companion$registerIfAbsentImpl$generalConfigurationMetricsProvider$1
instanceKlass org/jetbrains/kotlin/gradle/report/ReportingSettings$Companion
instanceKlass org/jetbrains/kotlin/gradle/report/ReportingSettings
instanceKlass org/jetbrains/kotlin/gradle/report/BuildReportType$Companion
instanceKlass org/jetbrains/kotlin/gradle/report/BuildReportMode$Companion
instanceKlass  @bci org/jetbrains/kotlin/build/report/metrics/GradleBuildPerformanceMetric <clinit> ()V 877 <appendix> argL0 ; # org/jetbrains/kotlin/build/report/metrics/GradleBuildPerformanceMetric$$Lambda+0x000001ae8190c408
instanceKlass org/jetbrains/kotlin/build/report/metrics/GradleBuildPerformanceMetric$Companion
instanceKlass org/jetbrains/kotlin/build/report/metrics/BuildPerformanceMetric
instanceKlass  @bci org/jetbrains/kotlin/build/report/metrics/GradleBuildTime <clinit> ()V 1661 <appendix> argL0 ; # org/jetbrains/kotlin/build/report/metrics/GradleBuildTime$$Lambda+0x000001ae8190b2d8
instanceKlass org/jetbrains/kotlin/build/report/metrics/GradleBuildTime$Companion
instanceKlass org/jetbrains/kotlin/build/report/metrics/BuildTime
instanceKlass org/jetbrains/kotlin/gradle/report/ConfigureReporingKt
instanceKlass org/jetbrains/kotlin/gradle/plugin/statistics/old/Pre232IdeaKotlinBuildStatsMXBean
instanceKlass org/jetbrains/kotlin/statistics/metrics/NumericalMetrics$Companion
instanceKlass org/jetbrains/kotlin/statistics/metrics/BooleanMetrics$Companion
instanceKlass org/jetbrains/kotlin/statistics/metrics/StringMetrics$Companion
instanceKlass org/jetbrains/kotlin/statistics/metrics/StringAnonymizationPolicy$AllowedListAnonymizer$Companion
instanceKlass org/jetbrains/kotlin/statistics/metrics/StringAnonymizationPolicy
instanceKlass org/jetbrains/kotlin/statistics/ValueAnonymizer
instanceKlass org/jetbrains/kotlin/statistics/metrics/IMetricContainerFactory
instanceKlass kotlin/text/Charsets
instanceKlass org/jetbrains/kotlin/statistics/fileloggers/MetricsContainer$Companion
instanceKlass org/jetbrains/kotlin/statistics/fileloggers/MetricsContainer
instanceKlass org/jetbrains/kotlin/statistics/BuildSessionLogger$Companion
instanceKlass org/jetbrains/kotlin/statistics/BuildSessionLogger
instanceKlass org/jetbrains/kotlin/gradle/internal/properties/PropertiesBuildServiceKt
instanceKlass org/jetbrains/kotlin/gradle/plugin/statistics/KotlinBuildStatsConfiguration$Companion
instanceKlass org/jetbrains/kotlin/gradle/plugin/statistics/KotlinBuildStatsConfiguration
instanceKlass org/jetbrains/kotlin/gradle/plugin/statistics/KotlinBuildStatsLoggerService$Companion
instanceKlass org/jetbrains/kotlin/gradle/plugin/statistics/KotlinBuildStatsLoggerService
instanceKlass org/jetbrains/kotlin/gradle/plugin/statistics/KotlinBuildStatsMXBean
instanceKlass jdk/jfr/FlightRecorder
instanceKlass jdk/management/jfr/FlightRecorderMXBeanImpl$MXBeanListener
instanceKlass jdk/jfr/FlightRecorderListener
instanceKlass javax/management/NotificationFilter
instanceKlass javax/management/NotificationListener
instanceKlass jdk/jfr/Recording
instanceKlass javax/management/StandardMBean$MBeanInfoSafeAction
instanceKlass jdk/jfr/internal/management/StreamManager
instanceKlass jdk/management/jfr/EventTypeInfo
instanceKlass jdk/management/jfr/ConfigurationInfo
instanceKlass jdk/management/jfr/RecordingInfo
instanceKlass sun/reflect/generics/tree/LongSignature
instanceKlass jdk/management/jfr/SettingDescriptorInfo$1
instanceKlass jdk/management/jfr/SettingDescriptorInfo
instanceKlass  @bci java/lang/management/DefaultPlatformMBeanProvider$10 nameToMBeanMap ()Ljava/util/Map; 36 <appendix> member <vmtarget> ; # java/lang/management/DefaultPlatformMBeanProvider$10$$Lambda+0x000001ae8194f138
instanceKlass sun/management/ManagementFactoryHelper$1
instanceKlass  @bci sun/management/ManagementFactoryHelper getBufferPoolMXBeans ()Ljava/util/List; 25 <appendix> argL0 ; # sun/management/ManagementFactoryHelper$$Lambda+0x000001ae8194ec78
instanceKlass java/lang/management/BufferPoolMXBean
instanceKlass sun/nio/ch/FileChannelImpl$3
instanceKlass sun/nio/ch/FileChannelImpl$2
instanceKlass jdk/internal/misc/VM$BufferPoolsHolder
instanceKlass com/sun/management/VMOption
instanceKlass com/sun/management/internal/HotSpotDiagnostic
instanceKlass com/sun/management/HotSpotDiagnosticMXBean
instanceKlass com/sun/management/GcInfo
instanceKlass javax/management/openmbean/CompositeDataView
instanceKlass  @bci jdk/jfr/internal/dcmd/DCmdCheck printHelp ()[Ljava/lang/String; 6 <appendix> argL0 ; # jdk/jfr/internal/dcmd/DCmdCheck$$Lambda+0x000001ae8194d160
instanceKlass  @bci jdk/jfr/internal/dcmd/DCmdDump printHelp ()[Ljava/lang/String; 27 <appendix> argL0 ; # jdk/jfr/internal/dcmd/DCmdDump$$Lambda+0x000001ae8194cf40
instanceKlass  @bci jdk/jfr/internal/dcmd/DCmdStart printHelp ()[Ljava/lang/String; 26 <appendix> argL0 ; # jdk/jfr/internal/dcmd/DCmdStart$$Lambda+0x000001ae8194cd20
instanceKlass  @bci jdk/jfr/internal/jfc/model/JFCModel add (Ljdk/jfr/internal/jfc/model/ControlElement;)V 10 <appendix> argL0 ; # jdk/jfr/internal/jfc/model/JFCModel$$Lambda+0x000001ae8194cae0
instanceKlass  @bci jdk/jfr/internal/jfc/model/JFCModel <init> (Ljdk/jfr/internal/jfc/model/XmlConfiguration;)V 25 <appendix> argL0 ; # jdk/jfr/internal/jfc/model/JFCModel$$Lambda+0x000001ae8194c8b0
instanceKlass jdk/jfr/internal/jfc/model/ControlElement
# instanceKlass java/lang/invoke/LambdaForm$DMH+0x000001ae81903800
# instanceKlass java/lang/invoke/LambdaForm$DMH+0x000001ae81903400
instanceKlass jdk/jfr/internal/jfc/model/SettingsLog
instanceKlass jdk/jfr/internal/jfc/model/Utilities
instanceKlass jdk/jfr/internal/jfc/model/XmlElement
instanceKlass jdk/internal/util/xml/impl/Input
instanceKlass jdk/internal/org/xml/sax/InputSource
instanceKlass jdk/internal/org/xml/sax/helpers/DefaultHandler
instanceKlass jdk/internal/org/xml/sax/ErrorHandler
instanceKlass jdk/internal/org/xml/sax/ContentHandler
instanceKlass jdk/internal/org/xml/sax/DTDHandler
instanceKlass jdk/internal/org/xml/sax/EntityResolver
instanceKlass jdk/internal/util/xml/impl/Pair
instanceKlass jdk/internal/util/xml/impl/Attrs
instanceKlass jdk/internal/org/xml/sax/Attributes
instanceKlass jdk/internal/util/xml/impl/Parser
instanceKlass jdk/internal/org/xml/sax/Locator
instanceKlass jdk/internal/org/xml/sax/XMLReader
instanceKlass jdk/internal/util/xml/SAXParser
instanceKlass jdk/jfr/internal/jfc/model/Parser
instanceKlass  @bci jdk/jfr/internal/SecuritySupport newFileInputStream (Ljdk/jfr/internal/SecuritySupport$SafePath;)Ljava/io/InputStream; 1 <appendix> member <vmtarget> ; # jdk/jfr/internal/SecuritySupport$$Lambda+0x000001ae81946950
instanceKlass  @bci jdk/jfr/internal/SecuritySupport getFileSize (Ljdk/jfr/internal/SecuritySupport$SafePath;)J 1 <appendix> member <vmtarget> ; # jdk/jfr/internal/SecuritySupport$$Lambda+0x000001ae81946728
instanceKlass jdk/jfr/internal/jfc/JFC$KnownConfiguration
instanceKlass jdk/jfr/internal/jfc/model/JFCModel
instanceKlass  @bci jdk/jfr/internal/dcmd/DCmdStart jfcOptions ()Ljava/lang/String; 45 <appendix> argL0 ; # jdk/jfr/internal/dcmd/DCmdStart$$Lambda+0x000001ae819460d8
instanceKlass jdk/jfr/internal/jfc/JFC
instanceKlass  @bci jdk/jfr/internal/SecuritySupport isDirectory (Ljdk/jfr/internal/SecuritySupport$SafePath;)Z 1 <appendix> member <vmtarget> ; # jdk/jfr/internal/SecuritySupport$$Lambda+0x000001ae81945ca8
instanceKlass jdk/jfr/internal/SecuritySupport$1
instanceKlass  @bci jdk/jfr/internal/SecuritySupport getPredefinedJFCFiles ()Ljava/util/List; 8 <appendix> argL0 ; # jdk/jfr/internal/SecuritySupport$$Lambda+0x000001ae81945858
instanceKlass jdk/jfr/internal/consumer/FileAccess
instanceKlass jdk/jfr/internal/SecuritySupport$4
instanceKlass  @bci jdk/jfr/internal/SecuritySupport getPathInProperty (Ljava/lang/String;Ljava/lang/String;)Ljdk/jfr/internal/SecuritySupport$SafePath; 2 <appendix> member <vmtarget> ; # jdk/jfr/internal/SecuritySupport$$Lambda+0x000001ae81944ad0
instanceKlass jdk/jfr/internal/SecuritySupport$SafePath
instanceKlass jdk/jfr/internal/SecuritySupport$CallableWithoutCheckException
instanceKlass jdk/jfr/internal/SecuritySupport
instanceKlass  @bci jdk/jfr/internal/dcmd/DCmdStop printHelp ()[Ljava/lang/String; 19 <appendix> argL0 ; # jdk/jfr/internal/dcmd/DCmdStop$$Lambda+0x000001ae81943e10
instanceKlass  @bci jdk/jfr/internal/dcmd/DCmdView printHelp ()[Ljava/lang/String; 111 <appendix> argL0 ; # jdk/jfr/internal/dcmd/DCmdView$$Lambda+0x000001ae81943bf0
instanceKlass jdk/jfr/internal/util/Columnizer$Column
instanceKlass jdk/jfr/internal/util/Tokenizer
instanceKlass  @bci jdk/internal/module/SystemModuleFinders$SystemModuleReader open (Ljava/lang/String;)Ljava/util/Optional; 6 <appendix> member <vmtarget> ; # jdk/internal/module/SystemModuleFinders$SystemModuleReader$$Lambda+0x000001ae81943360
instanceKlass jdk/jfr/internal/query/ViewFile
instanceKlass jdk/jfr/internal/util/Columnizer
instanceKlass jdk/jfr/internal/query/ViewPrinter
instanceKlass  @bci java/util/stream/ReferencePipeline toArray ()[Ljava/lang/Object; 1 <appendix> argL0 ; # java/util/stream/ReferencePipeline$$Lambda+0x000001ae81942b10
instanceKlass java/util/ImmutableCollections$Access$1
instanceKlass jdk/internal/access/JavaUtilCollectionAccess
instanceKlass java/util/ImmutableCollections$Access
instanceKlass java/lang/StringLatin1$LinesSpliterator
instanceKlass com/sun/management/internal/DiagnosticCommandImpl$Wrapper
instanceKlass jdk/jfr/internal/util/Output$LinePrinter
instanceKlass jdk/jfr/internal/util/Output
instanceKlass jdk/jfr/internal/dcmd/AbstractDCmd
instanceKlass com/sun/management/internal/DiagnosticCommandArgumentInfo
instanceKlass com/sun/management/internal/DiagnosticCommandInfo
instanceKlass com/sun/management/internal/DiagnosticCommandImpl$OperationInfoComparator
instanceKlass sun/management/ClassLoadingImpl
instanceKlass java/lang/management/ClassLoadingMXBean
instanceKlass javax/management/MBeanInfo$ArrayGettersSafeAction
instanceKlass javax/management/openmbean/OpenMBeanOperationInfo
instanceKlass java/util/logging/Logging
instanceKlass java/util/logging/LoggingMXBean
instanceKlass sun/management/ManagementFactoryHelper$PlatformLoggingImpl
instanceKlass java/lang/management/PlatformLoggingMXBean
instanceKlass sun/management/CompilationImpl
instanceKlass java/lang/management/CompilationMXBean
instanceKlass sun/management/VMManagementImpl$1
instanceKlass  @bci java/lang/management/DefaultPlatformMBeanProvider$5 nameToMBeanMap ()Ljava/util/Map; 21 <appendix> argL0 ; # java/lang/management/DefaultPlatformMBeanProvider$5$$Lambda+0x000001ae818fd448
instanceKlass  @bci java/lang/management/DefaultPlatformMBeanProvider$5 nameToMBeanMap ()Ljava/util/Map; 11 <appendix> member <vmtarget> ; # java/lang/management/DefaultPlatformMBeanProvider$5$$Lambda+0x000001ae818fd1f0
instanceKlass javax/management/DescriptorKey
instanceKlass sun/management/BaseOperatingSystemImpl
instanceKlass com/sun/management/OperatingSystemMXBean
instanceKlass java/lang/management/OperatingSystemMXBean
instanceKlass com/sun/jmx/mbeanserver/PerInterface$MethodAndSig
instanceKlass  @bci com/android/build/gradle/internal/cxx/settings/BuiltInSettingsJsonKt getNdkMetaSettingsJson (Lcom/android/build/gradle/internal/cxx/model/CxxAbiModel;)Lcom/android/build/gradle/internal/cxx/settings/Settings; 493 <appendix> form vmentry <vmtarget> ; # java/lang/invoke/LambdaForm$MH+0x000001ae81903000
instanceKlass  @bci com/android/build/gradle/internal/cxx/settings/BuiltInSettingsJsonKt getNdkMetaSettingsJson (Lcom/android/build/gradle/internal/cxx/model/CxxAbiModel;)Lcom/android/build/gradle/internal/cxx/settings/Settings; 493 <appendix> argL3 form vmentry <vmtarget> ; # java/lang/invoke/LambdaForm$MH+0x000001ae81902c00
# instanceKlass java/lang/invoke/LambdaForm$MH+0x000001ae81902800
# instanceKlass java/lang/invoke/LambdaForm$MH+0x000001ae81902400
instanceKlass  @bci com/android/build/gradle/internal/dependency/DexingRegistration$ComponentSpecificParameters toString ()Ljava/lang/String; 48 <appendix> argL1 argL0 argL0 form vmentry <vmtarget> ; # java/lang/invoke/LambdaForm$MH+0x000001ae81902000
# instanceKlass java/lang/invoke/LambdaForm$MH+0x000001ae81901c00
instanceKlass java/lang/management/LockInfo
instanceKlass java/lang/management/ThreadInfo
instanceKlass sun/management/ThreadImpl
instanceKlass com/sun/management/ThreadMXBean
instanceKlass java/lang/management/ThreadMXBean
instanceKlass com/sun/jmx/mbeanserver/WeakIdentityHashMap
instanceKlass com/sun/jmx/mbeanserver/MXBeanLookup
instanceKlass com/sun/jmx/mbeanserver/PerInterface$InitMaps
instanceKlass com/sun/jmx/mbeanserver/PerInterface
instanceKlass javax/management/openmbean/OpenMBeanAttributeInfo
instanceKlass javax/management/openmbean/OpenMBeanParameterInfo
instanceKlass com/sun/jmx/mbeanserver/MBeanIntrospector$MBeanInfoMaker
instanceKlass com/sun/jmx/mbeanserver/MBeanAnalyzer$MBeanVisitor
instanceKlass  @bci com/flutter/gradle/FlutterPlugin$Companion$addFlutterDeps$compileTaskProvider$1 execute (Lcom/flutter/gradle/tasks/FlutterTask;)V 198 <appendix> form vmentry <vmtarget> ; # java/lang/invoke/LambdaForm$MH+0x000001ae81901800
# instanceKlass java/lang/invoke/LambdaForm$MH+0x000001ae81901400
instanceKlass  @bci com/flutter/gradle/FlutterPlugin$Companion$addFlutterDeps$compileTaskProvider$1 execute (Lcom/flutter/gradle/tasks/FlutterTask;)V 198 <appendix> argL3 form vmentry <vmtarget> ; # java/lang/invoke/LambdaForm$MH+0x000001ae81901000
# instanceKlass java/lang/invoke/LambdaForm$MH+0x000001ae81900c00
instanceKlass  @bci com/flutter/gradle/FlutterPlugin$Companion$addFlutterDeps$compileTaskProvider$1 execute (Lcom/flutter/gradle/tasks/FlutterTask;)V 198 <appendix> argL2 form vmentry <vmtarget> ; # java/lang/invoke/LambdaForm$MH+0x000001ae81900800
# instanceKlass java/lang/invoke/LambdaForm$MH+0x000001ae81900400
# instanceKlass java/lang/invoke/LambdaForm$MH+0x000001ae81900000
instanceKlass com/sun/jmx/mbeanserver/MBeanAnalyzer$AttrMethods
# instanceKlass java/lang/invoke/LambdaForm$MH+0x000001ae818e9c00
instanceKlass com/sun/jmx/mbeanserver/MXBeanMapping
instanceKlass javax/management/openmbean/TabularData
instanceKlass javax/management/openmbean/CompositeData
instanceKlass javax/management/openmbean/OpenType
instanceKlass com/sun/jmx/mbeanserver/MXBeanMappingFactory
instanceKlass com/sun/jmx/mbeanserver/ConvertingMethod
instanceKlass com/sun/jmx/mbeanserver/MBeanAnalyzer$MethodOrder
instanceKlass com/sun/jmx/mbeanserver/MBeanAnalyzer
instanceKlass com/sun/jmx/mbeanserver/MBeanIntrospector
instanceKlass javax/management/MXBean
instanceKlass com/sun/jmx/mbeanserver/MBeanSupport
instanceKlass com/sun/jmx/mbeanserver/DescriptorCache
instanceKlass javax/management/JMX
instanceKlass javax/management/StandardMBean
instanceKlass  @bci java/lang/management/ManagementFactory addMXBean (Ljavax/management/MBeanServer;Ljava/lang/String;Ljava/lang/Object;)V 8 <appendix> member <vmtarget> ; # java/lang/management/ManagementFactory$$Lambda+0x000001ae818f30a8
instanceKlass sun/management/RuntimeImpl
instanceKlass java/lang/management/RuntimeMXBean
instanceKlass  @bci java/lang/management/ManagementFactory getPlatformMBeanServer ()Ljavax/management/MBeanServer; 63 <appendix> argL0 ; # java/lang/management/ManagementFactory$$Lambda+0x000001ae818f2920
instanceKlass  @bci java/lang/management/ManagementFactory getPlatformMBeanServer ()Ljavax/management/MBeanServer; 53 <appendix> argL0 ; # java/lang/management/ManagementFactory$$Lambda+0x000001ae818f26e0
instanceKlass  @bci java/lang/management/ManagementFactory getPlatformMBeanServer ()Ljavax/management/MBeanServer; 43 <appendix> argL0 ; # java/lang/management/ManagementFactory$$Lambda+0x000001ae818f2490
instanceKlass com/sun/jmx/mbeanserver/JmxMBeanServer$3
instanceKlass javax/management/ObjectInstance
instanceKlass com/sun/jmx/mbeanserver/NamedObject
instanceKlass com/sun/jmx/interceptor/DefaultMBeanServerInterceptor$ResourceContext$1
instanceKlass com/sun/jmx/interceptor/DefaultMBeanServerInterceptor$ResourceContext
instanceKlass com/sun/jmx/mbeanserver/Repository$RegistrationContext
instanceKlass com/sun/jmx/mbeanserver/DynamicMBean2
instanceKlass com/sun/jmx/defaults/JmxProperties
instanceKlass com/sun/jmx/mbeanserver/Introspector
instanceKlass com/sun/jmx/mbeanserver/JmxMBeanServer$2
instanceKlass com/sun/jmx/interceptor/DefaultMBeanServerInterceptor
instanceKlass com/sun/jmx/interceptor/MBeanServerInterceptor
instanceKlass com/sun/jmx/mbeanserver/Repository
instanceKlass com/sun/jmx/mbeanserver/JmxMBeanServer$1
instanceKlass com/sun/jmx/mbeanserver/SecureClassLoaderRepository
instanceKlass com/sun/jmx/mbeanserver/MBeanInstantiator
instanceKlass com/sun/jmx/mbeanserver/ClassLoaderRepositorySupport$LoaderEntry
instanceKlass com/sun/jmx/mbeanserver/ClassLoaderRepositorySupport
instanceKlass com/sun/jmx/mbeanserver/ModifiableClassLoaderRepository
instanceKlass javax/management/loading/ClassLoaderRepository
instanceKlass javax/management/ImmutableDescriptor
instanceKlass javax/management/Descriptor
instanceKlass com/sun/jmx/remote/util/ClassLogger
instanceKlass javax/management/NotificationBroadcasterSupport$1
instanceKlass javax/management/NotificationBroadcasterSupport
instanceKlass javax/management/MBeanInfo
instanceKlass javax/management/MBeanFeatureInfo
instanceKlass javax/management/DescriptorRead
instanceKlass javax/management/MBeanServerDelegate
instanceKlass javax/management/MBeanServerDelegateMBean
instanceKlass javax/management/MBeanRegistration
instanceKlass com/sun/jmx/mbeanserver/JmxMBeanServer
instanceKlass com/sun/jmx/mbeanserver/SunJmxMBeanServer
instanceKlass javax/management/MBeanServer
instanceKlass javax/management/MBeanServerConnection
instanceKlass javax/management/MBeanServerBuilder
instanceKlass javax/management/MBeanServerFactory
instanceKlass org/jetbrains/kotlin/gradle/plugin/statistics/KotlinBuildStatsServicesRegistry$Companion
instanceKlass org/jetbrains/kotlin/gradle/plugin/statistics/KotlinBuildStatsServicesRegistry
instanceKlass org/jetbrains/kotlin/gradle/utils/ReportUtilsKt
instanceKlass org/jetbrains/kotlin/gradle/plugin/statistics/KotlinBuildStatsBeanService$Companion
instanceKlass org/jetbrains/kotlin/gradle/plugin/statistics/KotlinBuildStatsBeanService
instanceKlass org/jetbrains/kotlin/statistics/metrics/StatisticsValuesConsumer
instanceKlass  @bci org/jetbrains/kotlin/gradle/plugin/internal/DefaultConfigurationCacheStartParameterAccessor_Decorated $gradleInit ()V 1 <appendix> member <vmtarget> ; # org/jetbrains/kotlin/gradle/plugin/internal/DefaultConfigurationCacheStartParameterAccessor_Decorated$$Lambda+0x000001ae818ee280
instanceKlass org/jetbrains/kotlin/gradle/plugin/internal/DefaultConfigurationCacheStartParameterAccessor
instanceKlass org/jetbrains/kotlin/gradle/plugin/internal/ConfigurationCacheStartParameterAccessorKt
instanceKlass  @bci org/jetbrains/kotlin/gradle/plugin/internal/DefaultProjectIsolationStartParameterAccessor_Decorated $gradleInit ()V 1 <appendix> member <vmtarget> ; # org/jetbrains/kotlin/gradle/plugin/internal/DefaultProjectIsolationStartParameterAccessor_Decorated$$Lambda+0x000001ae818ed880
instanceKlass org/jetbrains/kotlin/gradle/plugin/internal/DefaultProjectIsolationStartParameterAccessor
instanceKlass  @bci org/jetbrains/kotlin/gradle/plugin/VariantImplementationFactories$Inject_ $gradleInit ()V 1 <appendix> member <vmtarget> ; # org/jetbrains/kotlin/gradle/plugin/VariantImplementationFactories$Inject_$$Lambda+0x000001ae818ed088
instanceKlass  @bci org/jetbrains/kotlin/gradle/plugin/VariantImplementationFactories$Parameters$Inject_ $gradleInit ()V 1 <appendix> member <vmtarget> ; # org/jetbrains/kotlin/gradle/plugin/VariantImplementationFactories$Parameters$Inject_$$Lambda+0x000001ae818ecb40
instanceKlass org/jetbrains/kotlin/gradle/plugin/VariantImplementationFactories$Parameters$Inject_
instanceKlass java/io/ObjectInputStream$GetField
instanceKlass  @bci java/io/ObjectInputFilter$Config <clinit> ()V 368 <appendix> argL0 ; # java/io/ObjectInputFilter$Config$$Lambda+0x000001ae815f97c8
instanceKlass jdk/internal/access/JavaObjectInputFilterAccess
instanceKlass java/io/ObjectInputFilter$Config$BuiltinFilterFactory
instanceKlass  @bci java/io/ObjectInputFilter$Config <clinit> ()V 80 <appendix> argL0 ; # java/io/ObjectInputFilter$Config$$Lambda+0x000001ae815f9160
instanceKlass  @bci java/io/ObjectInputFilter$Config <clinit> ()V 56 <appendix> argL0 ; # java/io/ObjectInputFilter$Config$$Lambda+0x000001ae815f8f40
instanceKlass sun/util/logging/PlatformLogger$ConfigurableBridge$LoggerConfiguration
instanceKlass jdk/internal/logger/LoggerFinderLoader
instanceKlass  @bci java/lang/System$LoggerFinder accessProvider ()Ljava/lang/System$LoggerFinder; 8 <appendix> argL0 ; # java/lang/System$LoggerFinder$$Lambda+0x000001ae815f83b0
instanceKlass jdk/internal/logger/LazyLoggers$LazyLoggerFactories
instanceKlass jdk/internal/logger/LazyLoggers$1
instanceKlass jdk/internal/logger/LazyLoggers
instanceKlass java/io/ObjectInputFilter
instanceKlass java/io/ObjectInputFilter$Config
instanceKlass java/io/ObjectInputStream$ValidationList
instanceKlass java/io/ObjectInputStream$HandleTable$HandleList
instanceKlass java/io/ObjectInputStream$HandleTable
instanceKlass  @bci java/io/ObjectInputStream <clinit> ()V 100 <appendix> argL0 ; # java/io/ObjectInputStream$$Lambda+0x000001ae815f67d8
instanceKlass jdk/internal/access/JavaObjectInputStreamReadString
instanceKlass  @bci java/io/ObjectInputStream <clinit> ()V 92 <appendix> argL0 ; # java/io/ObjectInputStream$$Lambda+0x000001ae815f63b8
instanceKlass  @cpi java/io/ObjectInputStream 1214 form vmentry <vmtarget> ; # java/lang/invoke/LambdaForm$DMH+0x000001ae818e9400
instanceKlass jdk/internal/access/JavaObjectInputStreamAccess
instanceKlass org/jetbrains/kotlin/gradle/plugin/internal/ConfigurationCacheStartParameterAccessor
instanceKlass org/jetbrains/kotlin/gradle/plugin/internal/DefaultCompatibilityConventionRegistrar
instanceKlass org/jetbrains/kotlin/gradle/plugin/internal/CompatibilityConventionRegistrar
instanceKlass org/jetbrains/kotlin/gradle/plugin/diagnostics/ProblemsReporter
instanceKlass org/jetbrains/kotlin/gradle/plugin/internal/DefaultMavenPublicationComponentAccessor
instanceKlass org/jetbrains/kotlin/gradle/plugin/internal/MavenPublicationComponentAccessor
instanceKlass org/jetbrains/kotlin/gradle/plugin/internal/JavaExecTaskParametersCompatibility
instanceKlass org/gradle/internal/classloader/ImplementationHashAware
instanceKlass java/io/ObjectStreamClass$ClassDataSlot
instanceKlass java/io/ObjectStreamClass$5
instanceKlass java/io/ObjectStreamClass$4
instanceKlass java/io/ObjectStreamClass$3
instanceKlass java/io/ObjectStreamClass$MemberSignature
instanceKlass java/io/ObjectStreamClass$1
instanceKlass java/io/ObjectStreamClass$FieldReflector
instanceKlass java/io/ObjectStreamClass$FieldReflectorKey
instanceKlass  @bci java/lang/Class methodToString (Ljava/lang/String;[Ljava/lang/Class;)Ljava/lang/String; 42 <appendix> argL0 ; # java/lang/Class$$Lambda+0x000001ae815f4448
instanceKlass org/jetbrains/kotlin/gradle/plugin/internal/ProjectIsolationStartParameterAccessor
instanceKlass java/io/ObjectStreamClass$2
instanceKlass java/io/ClassCache
instanceKlass java/io/ObjectStreamClass$Caches
instanceKlass java/io/ObjectStreamClass
instanceKlass java/io/ObjectOutputStream$ReplaceTable
instanceKlass java/io/ObjectOutputStream$HandleTable
instanceKlass org/gradle/internal/snapshot/impl/ImplementationValue
instanceKlass org/gradle/internal/snapshot/impl/MapEntrySnapshot
instanceKlass org/jetbrains/kotlin/gradle/plugin/VariantImplementationFactories$Companion$getProvider$2$1$1
instanceKlass org/jetbrains/kotlin/gradle/plugin/UsesVariantImplementationFactories
instanceKlass  @bci org/jetbrains/kotlin/gradle/plugin/VariantImplementationFactories$Parameters_Decorated $gradleInit ()V 1 <appendix> member <vmtarget> ; # org/jetbrains/kotlin/gradle/plugin/VariantImplementationFactories$Parameters_Decorated$$Lambda+0x000001ae818e7d30
instanceKlass org/jetbrains/kotlin/gradle/plugin/VariantImplementationFactories$Parameters_Decorated
instanceKlass org/jetbrains/kotlin/gradle/plugin/VariantImplementationFactories$Parameters
instanceKlass org/jetbrains/kotlin/gradle/plugin/VariantImplementationFactories$Companion$getProvider$1
instanceKlass org/jetbrains/kotlin/gradle/plugin/VariantImplementationFactories$Companion
instanceKlass org/jetbrains/kotlin/gradle/plugin/VariantImplementationFactories
instanceKlass org/jetbrains/kotlin/gradle/plugin/internal/ProjectIsolationStartParameterAccessorKt
instanceKlass org/jetbrains/kotlin/gradle/fus/internal/CiUtilKt
instanceKlass org/jetbrains/kotlin/gradle/plugin/statistics/FusUtilKt
instanceKlass org/jetbrains/kotlin/gradle/plugin/GradleUtilsKt
instanceKlass org/jetbrains/kotlin/gradle/plugin/PropertiesProvider$booleanProvider$1
instanceKlass org/jetbrains/kotlin/gradle/plugin/PropertiesProvider$propertyWithValueReporting$1
instanceKlass org/jetbrains/kotlin/gradle/internal/properties/PropertiesBuildService$property$1$1
instanceKlass org/jetbrains/kotlin/gradle/internal/properties/PropertiesBuildService$property$1$valueFromGradleAndLocalProperties$1
instanceKlass org/jetbrains/kotlin/gradle/internal/properties/PropertiesBuildService$MemoizedCallable
instanceKlass org/jetbrains/kotlin/gradle/internal/properties/PropertiesBuildService$property$1
instanceKlass org/jetbrains/kotlin/gradle/plugin/PropertiesProvider$PropertyNames
instanceKlass kotlin/time/DurationUnitKt__DurationUnitJvmKt
instanceKlass kotlin/time/DurationKt
instanceKlass kotlin/time/DurationJvmKt
instanceKlass kotlin/time/Duration$Companion
instanceKlass kotlin/time/Duration
instanceKlass  @bci org/jetbrains/kotlin/gradle/internal/properties/PropertiesBuildService$Inject_ $gradleInit ()V 1 <appendix> member <vmtarget> ; # org/jetbrains/kotlin/gradle/internal/properties/PropertiesBuildService$Inject_$$Lambda+0x000001ae818e2a48
instanceKlass org/jetbrains/kotlin/gradle/internal/properties/PropertiesBuildService$NullableBooleanGradleProperty
instanceKlass org/jetbrains/kotlin/gradle/internal/properties/PropertiesBuildService$BooleanGradleProperty
instanceKlass org/jetbrains/kotlin/gradle/internal/properties/PropertiesBuildService$IntGradleProperty
instanceKlass org/jetbrains/kotlin/gradle/internal/properties/PropertiesBuildService$GradleProperty
instanceKlass  @bci org/jetbrains/kotlin/gradle/internal/properties/PropertiesBuildService$Params$Inject_ $gradleInit ()V 1 <appendix> member <vmtarget> ; # org/jetbrains/kotlin/gradle/internal/properties/PropertiesBuildService$Params$Inject_$$Lambda+0x000001ae818e1a78
instanceKlass org/jetbrains/kotlin/gradle/internal/properties/PropertiesBuildService$Params$Inject_
instanceKlass org/gradle/api/internal/provider/MapCollectors$EntriesFromMap
instanceKlass org/gradle/internal/classpath/declarations/FileInterceptorsDeclaration
instanceKlass  @bci org/jetbrains/kotlin/gradle/plugin/internal/CustomPropertiesFileValueSource$Inject_ $gradleInit ()V 1 <appendix> member <vmtarget> ; # org/jetbrains/kotlin/gradle/plugin/internal/CustomPropertiesFileValueSource$Inject_$$Lambda+0x000001ae818e1530
instanceKlass  @bci org/jetbrains/kotlin/gradle/plugin/internal/CustomPropertiesFileValueSource$Parameters$Inject_ $gradleInit ()V 1 <appendix> member <vmtarget> ; # org/jetbrains/kotlin/gradle/plugin/internal/CustomPropertiesFileValueSource$Parameters$Inject_$$Lambda+0x000001ae818e0fb0
instanceKlass org/jetbrains/kotlin/gradle/plugin/internal/CustomPropertiesFileValueSource$Parameters$Inject_
instanceKlass org/gradle/api/internal/provider/MapCollectors$EntriesFromMapProvider
instanceKlass kotlin/text/CharsKt__CharJVMKt
instanceKlass  @bci org/jetbrains/kotlin/gradle/plugin/internal/CustomPropertiesFileValueSource$Parameters_Decorated $gradleInit ()V 1 <appendix> member <vmtarget> ; # org/jetbrains/kotlin/gradle/plugin/internal/CustomPropertiesFileValueSource$Parameters_Decorated$$Lambda+0x000001ae818e0a68
instanceKlass org/jetbrains/kotlin/gradle/plugin/internal/CustomPropertiesFileValueSource$Parameters_Decorated
instanceKlass org/jetbrains/kotlin/gradle/plugin/internal/CustomPropertiesFileValueSource$Parameters
instanceKlass org/jetbrains/kotlin/gradle/utils/FileUtilsKt$localProperties$1
instanceKlass org/jetbrains/kotlin/gradle/plugin/internal/CustomPropertiesFileValueSource
instanceKlass org/jetbrains/kotlin/gradle/utils/FileUtilsKt
instanceKlass  @bci org/jetbrains/kotlin/gradle/internal/properties/PropertiesBuildService$Params_Decorated $gradleInit ()V 1 <appendix> member <vmtarget> ; # org/jetbrains/kotlin/gradle/internal/properties/PropertiesBuildService$Params_Decorated$$Lambda+0x000001ae818dba18
instanceKlass org/jetbrains/kotlin/gradle/internal/properties/PropertiesBuildService$Params_Decorated
instanceKlass org/jetbrains/kotlin/gradle/internal/properties/PropertiesBuildService$Params
instanceKlass org/jetbrains/kotlin/gradle/internal/properties/PropertiesBuildService$Companion$registerIfAbsent$1
instanceKlass org/jetbrains/kotlin/gradle/internal/properties/PropertiesBuildService$Companion
instanceKlass org/jetbrains/kotlin/gradle/internal/properties/PropertiesBuildService
instanceKlass org/jetbrains/kotlin/gradle/plugin/PropertiesProvider$kotlinExperimentalTryNext$1
instanceKlass org/jetbrains/kotlin/gradle/plugin/PropertiesProvider$Companion
instanceKlass org/jetbrains/kotlin/gradle/plugin/PropertiesProvider
instanceKlass org/gradle/api/internal/provider/DefaultValueSourceProviderFactory$ObtainedValueHolder
instanceKlass org/gradle/api/internal/provider/DefaultValueSourceProviderFactory$DefaultObtainedValue
instanceKlass  @bci org/jetbrains/kotlin/gradle/internal/IsInIdeaSyncValueSource$Inject_ $gradleInit ()V 1 <appendix> member <vmtarget> ; # org/jetbrains/kotlin/gradle/internal/IsInIdeaSyncValueSource$Inject_$$Lambda+0x000001ae818da568
instanceKlass  @bci org/gradle/api/internal/provider/DefaultValueSourceProviderFactory instantiateValueSource (Ljava/lang/Class;Ljava/lang/Class;Lorg/gradle/api/provider/ValueSourceParameters;)Lorg/gradle/api/provider/ValueSource; 11 <appendix> member <vmtarget> ; # org/gradle/api/internal/provider/DefaultValueSourceProviderFactory$$Lambda+0x000001ae818dc918
instanceKlass  @bci org/gradle/api/internal/provider/DefaultValueSourceProviderFactory$LazilyObtainedValue <init> (Lorg/gradle/api/internal/provider/DefaultValueSourceProviderFactory;Ljava/lang/Class;Ljava/lang/Class;Lorg/gradle/api/provider/ValueSourceParameters;)V 48 <appendix> member <vmtarget> ; # org/gradle/api/internal/provider/DefaultValueSourceProviderFactory$LazilyObtainedValue$$Lambda+0x000001ae818dc4c0
instanceKlass org/gradle/api/internal/provider/ValueSourceProviderFactory$ValueListener$ObtainedValue
instanceKlass org/gradle/api/internal/provider/DefaultValueSourceProviderFactory$LazilyObtainedValue
instanceKlass  @bci org/gradle/api/internal/provider/DefaultValueSourceProviderFactory$DefaultValueSourceSpec_Decorated $gradleInit ()V 1 <appendix> member <vmtarget> ; # org/gradle/api/internal/provider/DefaultValueSourceProviderFactory$DefaultValueSourceSpec_Decorated$$Lambda+0x000001ae818d3998
instanceKlass org/gradle/api/internal/provider/DefaultValueSourceProviderFactory$DefaultValueSourceSpec
instanceKlass org/jetbrains/kotlin/gradle/internal/IdeaKt$isInIdeaSync$1
instanceKlass org/jetbrains/kotlin/gradle/internal/IsInIdeaSyncValueSource
instanceKlass org/jetbrains/kotlin/gradle/internal/IdeaKt
instanceKlass org/jetbrains/kotlin/gradle/plugin/statistics/BuildFusServiceKt
instanceKlass org/jetbrains/kotlin/gradle/plugin/statistics/BuildFusService$Companion
instanceKlass org/jetbrains/kotlin/gradle/plugin/statistics/BuildFusService
instanceKlass org/gradle/tooling/events/OperationCompletionListener
instanceKlass org/jetbrains/kotlin/gradle/fus/BuildUidService$Companion$registerIfAbsent$1
instanceKlass org/jetbrains/kotlin/gradle/fus/BuildUidService$Companion
instanceKlass org/jetbrains/kotlin/gradle/fus/BuildUidService
instanceKlass org/jetbrains/kotlin/gradle/plugin/BuildFinishedListenerService$Companion$registerIfAbsent$1$1$1
instanceKlass org/jetbrains/kotlin/gradle/utils/SingleAction$PerformedActions
instanceKlass org/jetbrains/kotlin/gradle/plugin/UsesBuildFinishedListenerService
instanceKlass org/jetbrains/kotlin/gradle/utils/SingleAction
instanceKlass org/jetbrains/kotlin/gradle/utils/GradleUtilsKt$registerClassLoaderScopedBuildService$1
instanceKlass org/jetbrains/kotlin/gradle/utils/GradleUtilsKt
instanceKlass org/jetbrains/kotlin/gradle/plugin/BuildFinishedListenerService$Companion
instanceKlass org/jetbrains/kotlin/gradle/plugin/BuildFinishedListenerService
instanceKlass org/gradle/api/internal/plugins/DefaultPluginContainer$2
instanceKlass org/jetbrains/kotlin/gradle/internal/diagnostics/AgpCompatibilityCheck$runAgpCompatibilityCheckIfAgpIsApplied$1$1
instanceKlass org/jetbrains/kotlin/gradle/utils/AndroidPluginIdsKt
instanceKlass org/jetbrains/kotlin/gradle/internal/diagnostics/AgpCompatibilityCheck$AndroidGradlePluginVersionProvider$Default
instanceKlass org/jetbrains/kotlin/gradle/internal/diagnostics/AgpCompatibilityCheck$AndroidGradlePluginVersionProvider
instanceKlass com/google/common/base/Throwables
instanceKlass org/jetbrains/kotlin/gradle/plugin/AndroidGradlePluginVersion$Companion
instanceKlass org/jetbrains/kotlin/gradle/plugin/AndroidGradlePluginVersion
instanceKlass org/jetbrains/kotlin/gradle/internal/diagnostics/AgpCompatibilityCheck
instanceKlass org/jetbrains/kotlin/gradle/internal/diagnostics/GradleCompatibilityCheck$DefaultCurrentGradleVersionProvider
instanceKlass org/jetbrains/kotlin/gradle/internal/diagnostics/GradleCompatibilityCheck$CurrentGradleVersionProvider
instanceKlass org/jetbrains/kotlin/gradle/internal/diagnostics/GradleCompatibilityCheck
instanceKlass org/jetbrains/kotlin/gradle/plugin/internal/DefaultJavaExecTaskParametersCompatibility$Factory
instanceKlass org/jetbrains/kotlin/gradle/plugin/internal/JavaExecTaskParametersCompatibility$Factory
instanceKlass org/jetbrains/kotlin/gradle/plugin/internal/DefaultMavenPublicationComponentAccessorFactory
instanceKlass org/jetbrains/kotlin/gradle/plugin/internal/MavenPublicationComponentAccessor$Factory
instanceKlass org/jetbrains/kotlin/gradle/plugin/internal/DefaultConfigurationCacheStartParameterAccessorVariantFactory
instanceKlass org/jetbrains/kotlin/gradle/plugin/internal/ConfigurationCacheStartParameterAccessor$Factory
instanceKlass org/jetbrains/kotlin/gradle/plugin/internal/DefaultCompatibilityConventionRegistrar$Factory
instanceKlass org/jetbrains/kotlin/gradle/plugin/internal/CompatibilityConventionRegistrar$Factory
instanceKlass org/jetbrains/kotlin/gradle/plugin/internal/DefaultProjectIsolationStartParameterAccessor$Factory
instanceKlass org/jetbrains/kotlin/gradle/plugin/internal/ProjectIsolationStartParameterAccessor$Factory
instanceKlass org/jetbrains/kotlin/gradle/plugin/diagnostics/DefaultProblemsReporter$Factory
instanceKlass org/jetbrains/kotlin/gradle/plugin/diagnostics/ProblemsReporter$Factory
instanceKlass  @bci org/jetbrains/kotlin/gradle/plugin/VariantImplementationFactoriesConfigurator$Inject_ $gradleInit ()V 1 <appendix> member <vmtarget> ; # org/jetbrains/kotlin/gradle/plugin/VariantImplementationFactoriesConfigurator$Inject_$$Lambda+0x000001ae818d48f8
instanceKlass org/jetbrains/kotlin/gradle/plugin/VariantImplementationFactories$VariantImplementationFactory
instanceKlass org/jetbrains/kotlin/gradle/plugin/VariantImplementationFactoriesConfigurator$Companion$getProvider$1
instanceKlass org/jetbrains/kotlin/gradle/plugin/VariantImplementationFactoriesConfigurator$Companion
instanceKlass org/jetbrains/kotlin/gradle/plugin/VariantImplementationFactoriesConfigurator
instanceKlass org/jetbrains/kotlin/gradle/internal/diagnostics/KotlinCompilerEmbeddableCheck
instanceKlass org/jetbrains/kotlin/gradle/plugin/PluginWrappersKt
instanceKlass org/jetbrains/kotlin/gradle/utils/ResourceUtilsKt
instanceKlass org/jetbrains/kotlin/gradle/plugin/KotlinPluginWrapperKt$kotlinPluginVersionFromResources$1$1
instanceKlass org/jetbrains/kotlin/gradle/logging/GradleLoggingUtilsKt
instanceKlass org/jetbrains/kotlin/gradle/utils/StoredLazyProperty
instanceKlass org/jetbrains/kotlin/gradle/utils/StoredProperty
instanceKlass kotlin/reflect/jvm/internal/impl/types/IntersectionTypeConstructor
instanceKlass kotlin/reflect/jvm/internal/impl/types/model/IntersectionTypeConstructorMarker
instanceKlass kotlin/reflect/jvm/internal/impl/types/checker/NewTypeVariableConstructor
instanceKlass kotlin/reflect/jvm/internal/impl/descriptors/TypeParameterDescriptor
instanceKlass kotlin/reflect/jvm/internal/impl/types/model/TypeParameterMarker
instanceKlass kotlin/reflect/jvm/internal/impl/types/SpecialTypesKt
instanceKlass kotlin/reflect/jvm/internal/impl/types/model/FlexibleTypeMarker
instanceKlass kotlin/reflect/jvm/internal/impl/types/FlexibleTypesKt
instanceKlass kotlin/reflect/jvm/internal/UtilKt
instanceKlass org/jetbrains/kotlin/tooling/core/TypeUtils
instanceKlass kotlin/reflect/jvm/internal/KTypeImpl$$Lambda$1
instanceKlass kotlin/reflect/jvm/internal/KTypeImpl$$Lambda$0
instanceKlass kotlin/reflect/jvm/internal/impl/serialization/deserialization/descriptors/DeserializedClassDescriptor$DeserializedClassMemberScope$$Lambda$2
instanceKlass kotlin/reflect/jvm/internal/impl/serialization/deserialization/descriptors/DeserializedClassDescriptor$DeserializedClassMemberScope$$Lambda$1
instanceKlass kotlin/reflect/jvm/internal/impl/serialization/deserialization/descriptors/DeserializedMemberScope$$Lambda$1
instanceKlass kotlin/reflect/jvm/internal/impl/serialization/deserialization/descriptors/DeserializedMemberScope$$Lambda$0
instanceKlass kotlin/reflect/jvm/internal/impl/serialization/deserialization/descriptors/DeserializedMemberScope$OptimizedImplementation$$Lambda$4
instanceKlass kotlin/reflect/jvm/internal/impl/serialization/deserialization/descriptors/DeserializedMemberScope$OptimizedImplementation$$Lambda$3
instanceKlass kotlin/reflect/jvm/internal/impl/serialization/deserialization/descriptors/DeserializedMemberScope$OptimizedImplementation$$Lambda$2
instanceKlass kotlin/reflect/jvm/internal/impl/serialization/deserialization/descriptors/DeserializedMemberScope$OptimizedImplementation$$Lambda$1
instanceKlass kotlin/reflect/jvm/internal/impl/serialization/deserialization/descriptors/DeserializedMemberScope$OptimizedImplementation$$Lambda$0
instanceKlass kotlin/reflect/jvm/internal/impl/protobuf/SmallSortedMap$EntryIterator
instanceKlass kotlin/reflect/jvm/internal/impl/protobuf/GeneratedMessageLite$ExtendableMessage$ExtensionWriter
instanceKlass kotlin/reflect/jvm/internal/impl/serialization/deserialization/descriptors/DeserializedMemberScope$OptimizedImplementation
instanceKlass kotlin/reflect/jvm/internal/impl/serialization/deserialization/descriptors/DeserializedMemberScope$Implementation
instanceKlass kotlin/reflect/jvm/internal/impl/serialization/deserialization/descriptors/DeserializedClassDescriptor$DeserializedClassMemberScope$$Lambda$0
instanceKlass kotlin/reflect/jvm/internal/impl/types/model/DefinitelyNotNullTypeMarker
instanceKlass kotlin/reflect/jvm/internal/impl/types/CustomTypeParameter
instanceKlass kotlin/reflect/jvm/internal/AbstractKType
instanceKlass kotlin/jvm/internal/KTypeBase
instanceKlass kotlin/reflect/jvm/internal/impl/descriptors/TypeParameterUtilsKt
instanceKlass kotlin/reflect/jvm/internal/impl/load/java/lazy/descriptors/LazyJavaPackageScope$KotlinClassLookupResult
instanceKlass kotlin/reflect/jvm/internal/impl/serialization/deserialization/ProtoContainer
instanceKlass kotlin/reflect/jvm/internal/impl/serialization/deserialization/descriptors/DeserializedClassDescriptor$$Lambda$4
instanceKlass kotlin/reflect/jvm/internal/impl/serialization/deserialization/descriptors/DeserializedClassDescriptor$$Lambda$3
instanceKlass kotlin/reflect/jvm/internal/impl/serialization/deserialization/descriptors/DeserializedClassDescriptor$$Lambda$2
instanceKlass kotlin/reflect/jvm/internal/impl/serialization/deserialization/descriptors/DeserializedClassDescriptor$$Lambda$1
instanceKlass kotlin/reflect/jvm/internal/impl/serialization/deserialization/descriptors/DeserializedClassDescriptor$$Lambda$0
instanceKlass kotlin/reflect/jvm/internal/impl/descriptors/ScopesHolderForClass$$Lambda$0
instanceKlass kotlin/reflect/jvm/internal/impl/descriptors/ScopesHolderForClass$Companion
instanceKlass kotlin/reflect/jvm/internal/impl/descriptors/ScopesHolderForClass
instanceKlass kotlin/reflect/jvm/internal/impl/serialization/deserialization/descriptors/DeserializedClassDescriptor$DeserializedClassTypeConstructor$$Lambda$0
instanceKlass kotlin/reflect/jvm/internal/impl/metadata/deserialization/VersionSpecificBehaviorKt
instanceKlass kotlin/reflect/jvm/internal/impl/serialization/deserialization/ProtoEnumFlagsUtilsKt$WhenMappings
instanceKlass kotlin/reflect/jvm/internal/impl/serialization/deserialization/ProtoEnumFlagsUtilsKt
instanceKlass kotlin/reflect/jvm/internal/impl/serialization/deserialization/ProtoEnumFlags$WhenMappings
instanceKlass kotlin/reflect/jvm/internal/impl/metadata/ProtoBuf$MemberKind$1
instanceKlass kotlin/reflect/jvm/internal/impl/metadata/ProtoBuf$Class$Kind$1
instanceKlass kotlin/reflect/jvm/internal/impl/metadata/ProtoBuf$Modality$1
instanceKlass kotlin/reflect/jvm/internal/impl/metadata/ProtoBuf$Visibility$1
instanceKlass kotlin/reflect/jvm/internal/impl/metadata/deserialization/Flags$FlagField
instanceKlass kotlin/reflect/jvm/internal/impl/metadata/deserialization/Flags
instanceKlass kotlin/reflect/jvm/internal/impl/serialization/deserialization/ProtoEnumFlags
instanceKlass kotlin/reflect/jvm/internal/impl/metadata/jvm/deserialization/JvmNameResolverBase$WhenMappings
instanceKlass kotlin/reflect/jvm/internal/impl/serialization/deserialization/NameResolverUtilKt
instanceKlass kotlin/reflect/jvm/internal/impl/descriptors/DeserializedDescriptor
instanceKlass kotlin/reflect/jvm/internal/impl/serialization/deserialization/MemberDeserializer
instanceKlass kotlin/reflect/jvm/internal/impl/serialization/deserialization/TypeDeserializer$$Lambda$1
instanceKlass kotlin/reflect/jvm/internal/impl/serialization/deserialization/TypeDeserializer$$Lambda$0
instanceKlass kotlin/reflect/jvm/internal/impl/serialization/deserialization/TypeDeserializer
instanceKlass kotlin/reflect/jvm/internal/impl/serialization/deserialization/DeserializationContext
instanceKlass kotlin/reflect/jvm/internal/impl/metadata/deserialization/VersionRequirementTable$Companion
instanceKlass kotlin/reflect/jvm/internal/impl/metadata/deserialization/VersionRequirementTable
instanceKlass kotlin/reflect/jvm/internal/impl/metadata/deserialization/TypeTable
instanceKlass kotlin/reflect/jvm/internal/impl/serialization/deserialization/ClassDeserializer$ClassKey
instanceKlass kotlin/reflect/jvm/internal/impl/serialization/deserialization/ClassData
instanceKlass kotlin/reflect/jvm/internal/impl/serialization/deserialization/descriptors/PreReleaseInfo$Companion
instanceKlass kotlin/reflect/jvm/internal/impl/serialization/deserialization/descriptors/PreReleaseInfo
instanceKlass kotlin/reflect/jvm/internal/impl/load/kotlin/KotlinJvmBinarySourceElement
instanceKlass kotlin/reflect/jvm/internal/impl/serialization/deserialization/descriptors/DeserializedContainerSource
instanceKlass kotlin/reflect/jvm/internal/impl/metadata/ProtoBuf$Type$Argument$Projection$1
instanceKlass kotlin/reflect/jvm/internal/impl/metadata/ProtoBuf$Type$ArgumentOrBuilder
instanceKlass kotlin/reflect/jvm/internal/impl/protobuf/SmallSortedMap$Entry
instanceKlass kotlin/reflect/jvm/internal/impl/protobuf/FieldSet$1
instanceKlass kotlin/reflect/jvm/internal/impl/protobuf/AbstractMessageLite$Builder
instanceKlass kotlin/reflect/jvm/internal/impl/protobuf/GeneratedMessageLite$1
instanceKlass kotlin/reflect/jvm/internal/impl/metadata/jvm/deserialization/JvmNameResolverKt
instanceKlass kotlin/reflect/jvm/internal/impl/metadata/jvm/JvmProtoBuf$StringTableTypes$Record$Operation$1
instanceKlass kotlin/reflect/jvm/internal/impl/metadata/jvm/JvmProtoBuf$StringTableTypes$RecordOrBuilder
instanceKlass kotlin/reflect/jvm/internal/impl/protobuf/WireFormat
instanceKlass kotlin/reflect/jvm/internal/impl/protobuf/CodedOutputStream
instanceKlass kotlin/reflect/jvm/internal/impl/protobuf/CodedInputStream
instanceKlass kotlin/reflect/jvm/internal/impl/metadata/jvm/JvmProtoBuf$StringTableTypesOrBuilder
instanceKlass kotlin/collections/IndexedValue
instanceKlass kotlin/collections/IndexingIterator
instanceKlass  @bci kotlin/collections/CollectionsKt___CollectionsKt withIndex (Ljava/lang/Iterable;)Ljava/lang/Iterable; 11 <appendix> member <vmtarget> ; # kotlin/collections/CollectionsKt___CollectionsKt$$Lambda+0x000001ae818c0248
instanceKlass kotlin/collections/IndexingIterable
instanceKlass kotlin/reflect/jvm/internal/impl/metadata/jvm/deserialization/JvmNameResolverBase$Companion
instanceKlass kotlin/reflect/jvm/internal/impl/metadata/jvm/deserialization/JvmNameResolverBase
instanceKlass kotlin/reflect/jvm/internal/impl/metadata/deserialization/NameResolver
instanceKlass kotlin/reflect/jvm/internal/impl/metadata/jvm/deserialization/UtfEncodingKt
instanceKlass kotlin/reflect/jvm/internal/impl/metadata/jvm/deserialization/BitEncoding
instanceKlass kotlin/reflect/jvm/internal/impl/load/kotlin/KotlinClassFinder$Result
instanceKlass kotlin/reflect/jvm/internal/impl/load/kotlin/header/KotlinClassHeader
instanceKlass kotlin/reflect/jvm/internal/impl/load/kotlin/header/ReadKotlinClassHeaderAnnotationVisitor$CollectStringArrayAnnotationVisitor
instanceKlass kotlin/reflect/jvm/internal/impl/descriptors/runtime/components/ReflectKotlinClassKt
instanceKlass kotlin/reflect/jvm/internal/impl/load/kotlin/KotlinJvmBinaryClass$AnnotationArrayArgumentVisitor
instanceKlass kotlin/reflect/jvm/internal/impl/load/kotlin/header/ReadKotlinClassHeaderAnnotationVisitor$KotlinMetadataArgumentVisitor
instanceKlass kotlin/reflect/jvm/internal/impl/descriptors/runtime/components/ReflectAnnotationSource
instanceKlass kotlin/reflect/jvm/internal/impl/descriptors/runtime/components/ReflectClassStructure
instanceKlass kotlin/reflect/jvm/internal/impl/load/kotlin/KotlinJvmBinaryClass$AnnotationArgumentVisitor
instanceKlass kotlin/reflect/jvm/internal/impl/load/kotlin/header/ReadKotlinClassHeaderAnnotationVisitor
instanceKlass kotlin/reflect/jvm/internal/impl/load/kotlin/KotlinJvmBinaryClass$AnnotationVisitor
instanceKlass kotlin/reflect/jvm/internal/impl/descriptors/runtime/components/ReflectKotlinClass$Factory
instanceKlass kotlin/reflect/jvm/internal/impl/descriptors/runtime/components/ReflectKotlinClass
instanceKlass kotlin/reflect/jvm/internal/impl/load/kotlin/KotlinJvmBinaryClass
instanceKlass kotlin/reflect/jvm/internal/impl/descriptors/runtime/components/ReflectJavaClassFinderKt
instanceKlass kotlin/reflect/jvm/internal/impl/descriptors/runtime/components/ReflectKotlinClassFinderKt
instanceKlass kotlin/reflect/jvm/internal/impl/load/java/lazy/descriptors/LazyJavaPackageScope$FindClassRequest
instanceKlass kotlin/reflect/jvm/internal/impl/incremental/UtilsKt
instanceKlass kotlin/reflect/jvm/internal/impl/resolve/scopes/ChainedMemberScope$Companion
instanceKlass kotlin/reflect/jvm/internal/impl/resolve/scopes/ChainedMemberScope
instanceKlass kotlin/reflect/jvm/internal/impl/load/java/lazy/descriptors/LazyJavaPackageFragment$$Lambda$2
instanceKlass kotlin/reflect/jvm/internal/impl/load/java/lazy/LazyJavaAnnotations$$Lambda$0
instanceKlass kotlin/reflect/jvm/internal/impl/load/java/lazy/LazyJavaAnnotations
instanceKlass kotlin/reflect/jvm/internal/impl/load/java/lazy/LazyJavaAnnotationsKt
instanceKlass kotlin/reflect/jvm/internal/impl/load/java/lazy/descriptors/LazyJavaPackageFragment$$Lambda$1
instanceKlass kotlin/reflect/jvm/internal/impl/load/java/lazy/descriptors/JvmPackageScope$$Lambda$0
instanceKlass kotlin/reflect/jvm/internal/impl/load/java/lazy/descriptors/LazyJavaPackageScope$$Lambda$1
instanceKlass kotlin/reflect/jvm/internal/impl/load/java/lazy/descriptors/LazyJavaPackageScope$$Lambda$0
instanceKlass kotlin/reflect/jvm/internal/impl/load/java/lazy/descriptors/LazyJavaScope$$Lambda$8
instanceKlass kotlin/reflect/jvm/internal/impl/load/java/lazy/descriptors/LazyJavaScope$$Lambda$7
instanceKlass kotlin/reflect/jvm/internal/impl/load/java/lazy/descriptors/LazyJavaScope$$Lambda$6
instanceKlass kotlin/reflect/jvm/internal/impl/load/java/lazy/descriptors/LazyJavaScope$$Lambda$5
instanceKlass kotlin/reflect/jvm/internal/impl/load/java/lazy/descriptors/LazyJavaScope$$Lambda$4
instanceKlass kotlin/reflect/jvm/internal/impl/load/java/lazy/descriptors/LazyJavaScope$$Lambda$3
instanceKlass kotlin/reflect/jvm/internal/impl/load/java/lazy/descriptors/LazyJavaScope$$Lambda$2
instanceKlass kotlin/reflect/jvm/internal/impl/load/java/lazy/descriptors/LazyJavaScope$$Lambda$1
instanceKlass kotlin/reflect/jvm/internal/impl/load/java/lazy/descriptors/LazyJavaScope$$Lambda$0
instanceKlass kotlin/reflect/jvm/internal/impl/load/java/lazy/descriptors/JvmPackageScope
instanceKlass kotlin/reflect/jvm/internal/impl/load/java/lazy/descriptors/LazyJavaPackageFragment$$Lambda$0
instanceKlass kotlin/reflect/jvm/internal/impl/load/java/lazy/ContextKt$$Lambda$0
instanceKlass kotlin/reflect/jvm/internal/impl/load/java/lazy/ContextKt
instanceKlass kotlin/reflect/jvm/internal/impl/storage/LockBasedStorageManager$KeyWithComputation
instanceKlass kotlin/reflect/jvm/internal/impl/load/java/lazy/LazyJavaPackageFragmentProvider$$Lambda$0
instanceKlass kotlin/reflect/jvm/internal/impl/descriptors/runtime/structure/ReflectJavaElement
instanceKlass kotlin/reflect/jvm/internal/impl/load/java/structure/JavaPackage
instanceKlass kotlin/reflect/jvm/internal/impl/load/java/structure/JavaAnnotationOwner
instanceKlass kotlin/reflect/jvm/internal/impl/load/java/structure/JavaElement
instanceKlass kotlin/reflect/jvm/internal/impl/load/java/JavaClassFinder$$Util
instanceKlass kotlin/reflect/jvm/internal/impl/descriptors/PackageFragmentProviderKt
instanceKlass kotlin/reflect/jvm/internal/impl/resolve/scopes/LazyScopeAdapter$$Lambda$0
instanceKlass kotlin/reflect/jvm/internal/impl/descriptors/impl/LazyPackageViewDescriptorImpl$$Lambda$2
instanceKlass kotlin/reflect/jvm/internal/impl/resolve/scopes/AbstractScopeAdapter
instanceKlass kotlin/reflect/jvm/internal/impl/descriptors/impl/LazyPackageViewDescriptorImpl$$Lambda$1
instanceKlass kotlin/reflect/jvm/internal/impl/descriptors/impl/LazyPackageViewDescriptorImpl$$Lambda$0
instanceKlass kotlin/reflect/jvm/internal/impl/resolve/ResolutionAnchorProviderKt
instanceKlass kotlin/reflect/jvm/internal/impl/descriptors/FindClassInModuleKt
instanceKlass kotlin/reflect/jvm/internal/impl/descriptors/runtime/components/PackagePartScopeCache
instanceKlass kotlin/reflect/jvm/internal/impl/load/kotlin/DeserializationComponentsForJava$Companion$ModuleData
instanceKlass kotlin/reflect/jvm/internal/impl/descriptors/impl/CompositePackageFragmentProvider
instanceKlass kotlin/reflect/jvm/internal/impl/descriptors/impl/ModuleDependenciesImpl
instanceKlass kotlin/reflect/jvm/internal/impl/descriptors/impl/ModuleDependencies
instanceKlass kotlin/reflect/jvm/internal/impl/builtins/jvm/JvmBuiltInClassDescriptorFactory$$Lambda$0
instanceKlass kotlin/reflect/jvm/internal/impl/builtins/jvm/JvmBuiltInClassDescriptorFactory$$Lambda$1
instanceKlass kotlin/reflect/jvm/internal/impl/builtins/jvm/JvmBuiltInClassDescriptorFactory$Companion
instanceKlass kotlin/reflect/jvm/internal/impl/builtins/jvm/JvmBuiltInClassDescriptorFactory
instanceKlass kotlin/reflect/jvm/internal/impl/builtins/functions/BuiltInFictitiousFunctionClassFactory
instanceKlass kotlin/reflect/jvm/internal/impl/descriptors/deserialization/ClassDescriptorFactory
instanceKlass kotlin/reflect/jvm/internal/impl/serialization/deserialization/FlexibleTypeDeserializer$ThrowException
instanceKlass kotlin/reflect/jvm/internal/impl/serialization/deserialization/ErrorReporter$1
instanceKlass kotlin/reflect/jvm/internal/impl/metadata/ProtoBuf$EnumEntryOrBuilder
instanceKlass kotlin/reflect/jvm/internal/impl/metadata/builtins/BuiltInsProtoBuf
instanceKlass kotlin/reflect/jvm/internal/impl/serialization/SerializerExtensionProtocol
instanceKlass kotlin/reflect/jvm/internal/impl/serialization/deserialization/AbstractAnnotationLoader
instanceKlass kotlin/reflect/jvm/internal/impl/serialization/deserialization/DeserializedClassDataFinder
instanceKlass kotlin/reflect/jvm/internal/impl/serialization/deserialization/AbstractDeserializedPackageFragmentProvider$$Lambda$0
instanceKlass kotlin/reflect/jvm/internal/impl/builtins/jvm/JvmBuiltInsPackageFragmentProvider$Companion
instanceKlass kotlin/reflect/jvm/internal/impl/serialization/deserialization/AbstractDeserializedPackageFragmentProvider
instanceKlass kotlin/reflect/jvm/internal/impl/resolve/jvm/JavaDescriptorResolver
instanceKlass kotlin/reflect/jvm/internal/impl/serialization/deserialization/ClassDeserializer$$Lambda$0
instanceKlass kotlin/reflect/jvm/internal/impl/serialization/deserialization/ClassDeserializer$Companion
instanceKlass kotlin/reflect/jvm/internal/impl/serialization/deserialization/ClassDeserializer
instanceKlass kotlin/reflect/jvm/internal/impl/serialization/deserialization/JvmEnumEntriesDeserializationSupport
instanceKlass kotlin/reflect/jvm/internal/impl/serialization/deserialization/EnumEntriesDeserializationSupport
instanceKlass kotlin/reflect/jvm/internal/impl/protobuf/ExtensionRegistryLite$ObjectIntPair
instanceKlass kotlin/reflect/jvm/internal/impl/metadata/ProtoBuf$PackageOrBuilder
instanceKlass kotlin/reflect/jvm/internal/impl/metadata/ProtoBuf$VersionRequirementTableOrBuilder
instanceKlass kotlin/reflect/jvm/internal/impl/metadata/ProtoBuf$ClassOrBuilder
instanceKlass kotlin/reflect/jvm/internal/impl/metadata/ProtoBuf$TypeParameter$Variance$1
instanceKlass kotlin/reflect/jvm/internal/impl/metadata/ProtoBuf$TypeParameterOrBuilder
instanceKlass kotlin/reflect/jvm/internal/impl/metadata/jvm/JvmProtoBuf$JvmFieldSignatureOrBuilder
instanceKlass kotlin/reflect/jvm/internal/impl/metadata/jvm/JvmProtoBuf$JvmPropertySignatureOrBuilder
instanceKlass kotlin/reflect/jvm/internal/impl/metadata/ProtoBuf$AnnotationOrBuilder
instanceKlass kotlin/reflect/jvm/internal/impl/metadata/ProtoBuf$Annotation$Argument$Value$Type$1
instanceKlass kotlin/reflect/jvm/internal/impl/protobuf/Internal$EnumLiteMap
instanceKlass kotlin/reflect/jvm/internal/impl/metadata/ProtoBuf$Annotation$Argument$ValueOrBuilder
instanceKlass kotlin/reflect/jvm/internal/impl/metadata/ProtoBuf$ValueParameterOrBuilder
instanceKlass kotlin/reflect/jvm/internal/impl/metadata/ProtoBuf$PropertyOrBuilder
instanceKlass kotlin/reflect/jvm/internal/impl/metadata/ProtoBuf$ContractOrBuilder
instanceKlass kotlin/reflect/jvm/internal/impl/metadata/ProtoBuf$TypeTableOrBuilder
instanceKlass kotlin/reflect/jvm/internal/impl/metadata/ProtoBuf$TypeOrBuilder
instanceKlass kotlin/reflect/jvm/internal/impl/metadata/ProtoBuf$FunctionOrBuilder
instanceKlass kotlin/reflect/jvm/internal/impl/protobuf/Internal$EnumLite
instanceKlass kotlin/reflect/jvm/internal/impl/protobuf/GeneratedMessageLite$ExtensionDescriptor
instanceKlass kotlin/reflect/jvm/internal/impl/protobuf/GeneratedMessageLite$GeneratedExtension
instanceKlass kotlin/reflect/jvm/internal/impl/metadata/jvm/JvmProtoBuf$JvmMethodSignatureOrBuilder
instanceKlass kotlin/reflect/jvm/internal/impl/protobuf/ByteString$ByteIterator
instanceKlass kotlin/reflect/jvm/internal/impl/protobuf/ByteString
instanceKlass kotlin/reflect/jvm/internal/impl/protobuf/SmallSortedMap$EmptySet$2
instanceKlass kotlin/reflect/jvm/internal/impl/protobuf/SmallSortedMap$EmptySet$1
instanceKlass kotlin/reflect/jvm/internal/impl/protobuf/SmallSortedMap$EmptySet
instanceKlass kotlin/reflect/jvm/internal/impl/protobuf/LazyFieldLite
instanceKlass kotlin/reflect/jvm/internal/impl/protobuf/FieldSet
instanceKlass kotlin/reflect/jvm/internal/impl/protobuf/AbstractParser
instanceKlass kotlin/reflect/jvm/internal/impl/protobuf/MessageLite$Builder
instanceKlass kotlin/reflect/jvm/internal/impl/protobuf/Parser
instanceKlass kotlin/reflect/jvm/internal/impl/protobuf/FieldSet$FieldDescriptorLite
instanceKlass kotlin/reflect/jvm/internal/impl/protobuf/AbstractMessageLite
instanceKlass kotlin/reflect/jvm/internal/impl/metadata/ProtoBuf$ConstructorOrBuilder
instanceKlass kotlin/reflect/jvm/internal/impl/protobuf/GeneratedMessageLite$ExtendableMessageOrBuilder
instanceKlass kotlin/reflect/jvm/internal/impl/protobuf/MessageLite
instanceKlass kotlin/reflect/jvm/internal/impl/protobuf/MessageLiteOrBuilder
instanceKlass kotlin/reflect/jvm/internal/impl/metadata/jvm/JvmProtoBuf
instanceKlass kotlin/reflect/jvm/internal/impl/protobuf/ExtensionRegistryLite
instanceKlass kotlin/reflect/jvm/internal/impl/metadata/jvm/deserialization/JvmProtoBufUtil
instanceKlass kotlin/reflect/jvm/internal/impl/utils/WrappedValues$ThrowableWrapper
instanceKlass kotlin/reflect/jvm/internal/impl/builtins/jvm/JvmBuiltInsCustomizer$$Lambda$2
instanceKlass kotlin/reflect/jvm/internal/impl/builtins/jvm/JvmBuiltInsCustomizer$$Lambda$1
instanceKlass kotlin/reflect/jvm/internal/impl/builtins/jvm/JvmBuiltInsCustomizer$$Lambda$0
instanceKlass kotlin/reflect/jvm/internal/impl/types/KotlinTypeFactory$EMPTY_REFINED_TYPE_FACTORY$1
instanceKlass kotlin/reflect/jvm/internal/impl/types/KotlinTypeFactory
instanceKlass kotlin/reflect/jvm/internal/impl/util/ArrayMap
instanceKlass kotlin/reflect/jvm/internal/impl/util/TypeRegistry
instanceKlass kotlin/reflect/jvm/internal/impl/util/AbstractArrayMapOwner
instanceKlass kotlin/jvm/internal/CollectionToArray
instanceKlass kotlin/reflect/jvm/internal/impl/descriptors/FieldDescriptor
instanceKlass kotlin/reflect/jvm/internal/impl/descriptors/PropertySetterDescriptor
instanceKlass kotlin/reflect/jvm/internal/impl/descriptors/PropertyGetterDescriptor
instanceKlass kotlin/reflect/jvm/internal/impl/types/error/ErrorPropertyDescriptor
instanceKlass kotlin/reflect/jvm/internal/impl/descriptors/PropertyDescriptor
instanceKlass kotlin/reflect/jvm/internal/impl/descriptors/VariableDescriptorWithAccessors
instanceKlass kotlin/reflect/jvm/internal/impl/descriptors/VariableDescriptor
instanceKlass kotlin/jvm/internal/StringCompanionObject
instanceKlass kotlin/reflect/jvm/internal/impl/types/error/ErrorTypeConstructor
instanceKlass kotlin/reflect/jvm/internal/impl/types/error/ErrorScope
instanceKlass kotlin/reflect/jvm/internal/impl/util/ModuleVisibilityHelper$EMPTY
instanceKlass kotlin/reflect/jvm/internal/impl/descriptors/DescriptorVisibilities$12
instanceKlass kotlin/reflect/jvm/internal/impl/descriptors/DescriptorVisibilities$11
instanceKlass kotlin/reflect/jvm/internal/impl/descriptors/DescriptorVisibilities$10
instanceKlass kotlin/reflect/jvm/internal/impl/util/ModuleVisibilityHelper
instanceKlass kotlin/reflect/jvm/internal/impl/descriptors/DescriptorVisibility
instanceKlass kotlin/reflect/jvm/internal/impl/descriptors/Visibility
instanceKlass kotlin/reflect/jvm/internal/impl/descriptors/DescriptorVisibilities
instanceKlass kotlin/reflect/jvm/internal/impl/descriptors/FunctionDescriptor$CopyBuilder
instanceKlass kotlin/reflect/jvm/internal/impl/resolve/scopes/receivers/ReceiverValue
instanceKlass kotlin/reflect/jvm/internal/impl/descriptors/ClassConstructorDescriptor
instanceKlass kotlin/reflect/jvm/internal/impl/descriptors/ConstructorDescriptor
instanceKlass kotlin/reflect/jvm/internal/impl/types/error/ErrorModuleDescriptor$$Lambda$0
instanceKlass kotlin/reflect/jvm/internal/impl/types/error/ErrorModuleDescriptor
instanceKlass kotlin/reflect/jvm/internal/impl/types/error/ErrorUtils
instanceKlass kotlin/reflect/jvm/internal/impl/types/TypeProjection
instanceKlass kotlin/reflect/jvm/internal/impl/types/model/TypeArgumentMarker
instanceKlass kotlin/reflect/jvm/internal/impl/types/TypeUtils
instanceKlass kotlin/reflect/jvm/internal/impl/descriptors/impl/AbstractClassDescriptor$1$1
instanceKlass kotlin/reflect/jvm/internal/impl/types/checker/KotlinTypeRefinerKt
instanceKlass kotlin/reflect/jvm/internal/impl/resolve/descriptorUtil/DescriptorUtilsKt
instanceKlass kotlin/reflect/jvm/internal/impl/resolve/DescriptorUtils
instanceKlass kotlin/reflect/jvm/internal/impl/resolve/scopes/MemberScopeImpl
instanceKlass kotlin/reflect/jvm/internal/impl/types/AbstractTypeConstructor$$Lambda$2
instanceKlass kotlin/reflect/jvm/internal/impl/types/AbstractTypeConstructor$$Lambda$1
instanceKlass kotlin/reflect/jvm/internal/impl/types/AbstractTypeConstructor$$Lambda$0
instanceKlass kotlin/reflect/jvm/internal/impl/types/ClassifierBasedTypeConstructor
instanceKlass kotlin/reflect/jvm/internal/impl/descriptors/ReceiverParameterDescriptor
instanceKlass kotlin/reflect/jvm/internal/impl/descriptors/ParameterDescriptor
instanceKlass kotlin/reflect/jvm/internal/impl/descriptors/ValueDescriptor
instanceKlass kotlin/reflect/jvm/internal/impl/descriptors/impl/AbstractClassDescriptor$3
instanceKlass kotlin/reflect/jvm/internal/impl/descriptors/impl/AbstractClassDescriptor$2
instanceKlass kotlin/reflect/jvm/internal/impl/descriptors/impl/AbstractClassDescriptor$1
instanceKlass kotlin/reflect/jvm/internal/impl/descriptors/Modality$Companion
instanceKlass kotlin/reflect/jvm/internal/impl/descriptors/impl/ModuleAwareClassDescriptor$Companion
instanceKlass kotlin/reflect/jvm/internal/impl/types/TypeConstructor
instanceKlass kotlin/reflect/jvm/internal/impl/types/model/TypeConstructorMarker
instanceKlass kotlin/reflect/jvm/internal/impl/resolve/scopes/MemberScope
instanceKlass kotlin/reflect/jvm/internal/impl/resolve/scopes/ResolutionScope
instanceKlass kotlin/reflect/jvm/internal/impl/descriptors/impl/ModuleAwareClassDescriptor
instanceKlass kotlin/reflect/jvm/internal/impl/descriptors/ClassDescriptor
instanceKlass kotlin/reflect/jvm/internal/impl/descriptors/ClassifierDescriptorWithTypeParameters
instanceKlass kotlin/reflect/jvm/internal/impl/builtins/jvm/JvmBuiltInsCustomizer$$Lambda$3
instanceKlass kotlin/reflect/jvm/internal/impl/descriptors/PackageViewDescriptor
instanceKlass kotlin/reflect/jvm/internal/impl/renderer/KeywordStringsGenerated
instanceKlass kotlin/reflect/jvm/internal/impl/renderer/RenderingUtilsKt
instanceKlass kotlin/reflect/jvm/internal/impl/descriptors/ModuleDescriptor$DefaultImpls
instanceKlass kotlin/reflect/jvm/internal/impl/renderer/DescriptorRendererImpl$RenderDeclarationDescriptorVisitor
instanceKlass kotlin/reflect/jvm/internal/impl/descriptors/DeclarationDescriptorVisitor
instanceKlass kotlin/reflect/jvm/internal/impl/renderer/DescriptorRenderer$$Lambda$10
instanceKlass kotlin/reflect/jvm/internal/impl/renderer/ClassifierNamePolicy$FULLY_QUALIFIED
instanceKlass kotlin/reflect/jvm/internal/impl/renderer/DescriptorRenderer$$Lambda$9
instanceKlass kotlin/reflect/jvm/internal/impl/renderer/DescriptorRenderer$$Lambda$8
instanceKlass kotlin/reflect/jvm/internal/impl/renderer/DescriptorRenderer$$Lambda$7
instanceKlass kotlin/reflect/jvm/internal/impl/renderer/DescriptorRenderer$$Lambda$6
instanceKlass kotlin/reflect/jvm/internal/impl/renderer/DescriptorRenderer$$Lambda$5
instanceKlass kotlin/reflect/jvm/internal/impl/renderer/ClassifierNamePolicy$SHORT
instanceKlass kotlin/reflect/jvm/internal/impl/renderer/DescriptorRenderer$$Lambda$4
instanceKlass kotlin/reflect/jvm/internal/impl/renderer/DescriptorRenderer$$Lambda$3
instanceKlass kotlin/reflect/jvm/internal/impl/renderer/DescriptorRenderer$$Lambda$2
instanceKlass kotlin/reflect/jvm/internal/impl/renderer/DescriptorRenderer$$Lambda$1
instanceKlass kotlin/reflect/jvm/internal/impl/renderer/DescriptorRendererImpl$$Lambda$0
instanceKlass kotlin/reflect/jvm/internal/impl/renderer/ExcludedTypeAnnotations
instanceKlass kotlin/reflect/jvm/internal/impl/renderer/DescriptorRenderer$ValueParametersHandler$DEFAULT
instanceKlass kotlin/reflect/jvm/internal/impl/renderer/DescriptorRenderer$ValueParametersHandler
instanceKlass kotlin/reflect/jvm/internal/impl/renderer/DescriptorRendererOptionsImpl$$Lambda$1
instanceKlass kotlin/reflect/jvm/internal/impl/renderer/DescriptorRendererOptionsImpl$$Lambda$0
instanceKlass kotlin/reflect/jvm/internal/impl/renderer/DescriptorRendererModifier$Companion
instanceKlass kotlin/properties/ObservableProperty
instanceKlass kotlin/properties/ReadWriteProperty
instanceKlass kotlin/properties/ReadOnlyProperty
instanceKlass kotlin/properties/Delegates
instanceKlass kotlin/reflect/jvm/internal/impl/renderer/ClassifierNamePolicy$SOURCE_CODE_QUALIFIED
instanceKlass kotlin/reflect/jvm/internal/impl/renderer/ClassifierNamePolicy
instanceKlass kotlin/reflect/jvm/internal/impl/renderer/DescriptorRendererOptionsImpl
instanceKlass kotlin/reflect/jvm/internal/impl/renderer/DescriptorRendererOptions
instanceKlass kotlin/reflect/jvm/internal/impl/renderer/DescriptorRenderer$$Lambda$0
instanceKlass kotlin/reflect/jvm/internal/impl/renderer/DescriptorRenderer$Companion
instanceKlass kotlin/reflect/jvm/internal/impl/renderer/DescriptorRenderer
instanceKlass kotlin/reflect/jvm/internal/impl/descriptors/SourceElement$1
instanceKlass kotlin/reflect/jvm/internal/impl/descriptors/SourceElement
instanceKlass kotlin/reflect/jvm/internal/impl/descriptors/PackageFragmentDescriptor
instanceKlass kotlin/reflect/jvm/internal/impl/descriptors/ClassOrPackageFragmentDescriptor
instanceKlass kotlin/reflect/jvm/internal/impl/builtins/jvm/JavaToKotlinClassMapper
instanceKlass kotlin/reflect/jvm/internal/impl/builtins/jvm/JvmBuiltIns$$Lambda$2
instanceKlass kotlin/reflect/jvm/internal/impl/utils/DFS$Neighbors
instanceKlass kotlin/reflect/jvm/internal/impl/builtins/jvm/JvmBuiltInsCustomizer
instanceKlass kotlin/reflect/jvm/internal/impl/storage/StorageKt
instanceKlass kotlin/reflect/jvm/internal/impl/load/kotlin/JavaFlexibleTypeDeserializer
instanceKlass kotlin/reflect/jvm/internal/impl/serialization/deserialization/FlexibleTypeDeserializer
instanceKlass kotlin/reflect/jvm/internal/impl/serialization/deserialization/LocalClassifierTypeSettings$Default
instanceKlass kotlin/reflect/jvm/internal/impl/serialization/deserialization/LocalClassifierTypeSettings
instanceKlass kotlin/reflect/jvm/internal/impl/serialization/deserialization/DeserializationComponents
instanceKlass kotlin/reflect/jvm/internal/impl/types/DefaultTypeAttributeTranslator
instanceKlass kotlin/reflect/jvm/internal/impl/types/TypeAttributeTranslator
instanceKlass kotlin/reflect/jvm/internal/impl/types/extensions/TypeAttributeTranslators
instanceKlass kotlin/reflect/jvm/internal/impl/serialization/deserialization/ContractDeserializer$Companion$DEFAULT$1
instanceKlass kotlin/reflect/jvm/internal/impl/serialization/deserialization/ContractDeserializer$Companion
instanceKlass kotlin/reflect/jvm/internal/impl/serialization/deserialization/ContractDeserializer
instanceKlass kotlin/reflect/jvm/internal/impl/serialization/deserialization/DeserializationConfiguration$Default
instanceKlass kotlin/reflect/jvm/internal/impl/serialization/deserialization/DeserializationConfiguration
instanceKlass kotlin/reflect/jvm/internal/impl/resolve/constants/ConstantValue
instanceKlass kotlin/reflect/jvm/internal/impl/serialization/deserialization/AnnotationDeserializer
instanceKlass kotlin/reflect/jvm/internal/impl/load/kotlin/AbstractBinaryClassAnnotationAndConstantLoader$$Lambda$0
instanceKlass kotlin/reflect/jvm/internal/impl/load/kotlin/AbstractBinaryClassAnnotationLoader$Companion
instanceKlass kotlin/reflect/jvm/internal/impl/load/kotlin/AbstractBinaryClassAnnotationLoader
instanceKlass kotlin/reflect/jvm/internal/impl/serialization/deserialization/AnnotationAndConstantLoader
instanceKlass kotlin/reflect/jvm/internal/impl/serialization/deserialization/AnnotationLoader
instanceKlass kotlin/reflect/jvm/internal/impl/load/kotlin/BinaryClassAnnotationAndConstantLoaderImplKt
instanceKlass kotlin/reflect/jvm/internal/impl/load/kotlin/JavaClassDataFinder
instanceKlass kotlin/reflect/jvm/internal/impl/serialization/deserialization/ClassDataFinder
instanceKlass kotlin/reflect/jvm/internal/impl/types/TypeParameterUpperBoundEraser$$Lambda$1
instanceKlass kotlin/reflect/jvm/internal/impl/types/TypeParameterUpperBoundEraser$$Lambda$0
instanceKlass kotlin/reflect/jvm/internal/impl/types/TypeParameterErasureOptions
instanceKlass kotlin/reflect/jvm/internal/impl/types/TypeParameterUpperBoundEraser$Companion
instanceKlass kotlin/reflect/jvm/internal/impl/types/TypeParameterUpperBoundEraser
instanceKlass kotlin/reflect/jvm/internal/impl/types/ErasureProjectionComputer
instanceKlass kotlin/reflect/jvm/internal/impl/load/java/lazy/types/JavaTypeResolver
instanceKlass kotlin/InitializedLazyImpl
instanceKlass kotlin/reflect/jvm/internal/impl/load/java/lazy/TypeParameterResolver$EMPTY
instanceKlass kotlin/reflect/jvm/internal/impl/load/java/lazy/TypeParameterResolver
instanceKlass kotlin/reflect/jvm/internal/impl/load/java/lazy/LazyJavaResolverContext
instanceKlass kotlin/reflect/jvm/internal/impl/load/java/lazy/LazyJavaPackageFragmentProvider
instanceKlass kotlin/reflect/jvm/internal/impl/descriptors/PackageFragmentProviderOptimized
instanceKlass kotlin/reflect/jvm/internal/impl/descriptors/PackageFragmentProvider
instanceKlass kotlin/reflect/jvm/internal/impl/resolve/jvm/CompositeSyntheticJavaPartsProvider
instanceKlass kotlin/reflect/jvm/internal/impl/resolve/jvm/SyntheticJavaPartsProvider$Companion
instanceKlass kotlin/reflect/jvm/internal/impl/resolve/jvm/SyntheticJavaPartsProvider
instanceKlass kotlin/reflect/jvm/internal/impl/load/kotlin/DeserializationComponentsForJavaKt$makeLazyJavaPackageFragmentProvider$javaResolverComponents$1
instanceKlass kotlin/reflect/jvm/internal/impl/load/java/JavaModuleAnnotationsProvider
instanceKlass kotlin/reflect/jvm/internal/impl/resolve/OverridingUtil$1
instanceKlass kotlin/reflect/jvm/internal/impl/load/java/JavaIncompatibilityRulesOverridabilityCondition$Companion
instanceKlass kotlin/reflect/jvm/internal/impl/load/java/JavaIncompatibilityRulesOverridabilityCondition
instanceKlass kotlin/reflect/jvm/internal/impl/load/java/ErasedOverridabilityCondition
instanceKlass kotlin/reflect/jvm/internal/impl/load/java/FieldOverridabilityCondition
instanceKlass kotlin/reflect/jvm/internal/impl/resolve/ExternalOverridabilityCondition
instanceKlass kotlin/reflect/jvm/internal/impl/descriptors/PropertyAccessorDescriptor
instanceKlass kotlin/reflect/jvm/internal/impl/descriptors/VariableAccessorDescriptor
instanceKlass kotlin/reflect/jvm/internal/impl/descriptors/FunctionDescriptor
instanceKlass kotlin/reflect/jvm/internal/impl/descriptors/CallableMemberDescriptor
instanceKlass kotlin/reflect/jvm/internal/impl/descriptors/MemberDescriptor
instanceKlass kotlin/reflect/jvm/internal/impl/descriptors/CallableDescriptor
instanceKlass kotlin/reflect/jvm/internal/impl/descriptors/Substitutable
instanceKlass kotlin/reflect/jvm/internal/impl/descriptors/DeclarationDescriptorWithVisibility
instanceKlass kotlin/reflect/jvm/internal/impl/types/checker/KotlinTypeChecker$TypeConstructorEquality
instanceKlass kotlin/reflect/jvm/internal/impl/resolve/OverridingUtil
instanceKlass kotlin/reflect/jvm/internal/impl/types/AbstractTypePreparator
instanceKlass kotlin/reflect/jvm/internal/impl/types/AbstractTypeRefiner
instanceKlass kotlin/reflect/jvm/internal/impl/types/checker/NewKotlinTypeCheckerImpl
instanceKlass kotlin/reflect/jvm/internal/impl/types/checker/NewKotlinTypeChecker$Companion
instanceKlass kotlin/reflect/jvm/internal/impl/types/checker/NewKotlinTypeChecker
instanceKlass kotlin/reflect/jvm/internal/impl/types/checker/KotlinTypeChecker
instanceKlass kotlin/reflect/jvm/internal/impl/load/java/JavaClassesTracker$Default
instanceKlass kotlin/reflect/jvm/internal/impl/load/java/JavaClassesTracker
instanceKlass kotlin/reflect/jvm/internal/impl/load/java/lazy/JavaResolverSettings$Default
instanceKlass kotlin/reflect/jvm/internal/impl/load/java/lazy/JavaResolverSettings
instanceKlass kotlin/reflect/jvm/internal/impl/load/java/typeEnhancement/JavaTypeEnhancement
instanceKlass kotlin/reflect/jvm/internal/impl/load/java/typeEnhancement/SignatureEnhancement
instanceKlass kotlin/reflect/jvm/internal/impl/load/java/AbstractAnnotationTypeQualifierResolver$Companion
instanceKlass kotlin/reflect/jvm/internal/impl/load/java/AbstractAnnotationTypeQualifierResolver
instanceKlass kotlin/reflect/jvm/internal/impl/builtins/ReflectionTypes$ClassLookup
instanceKlass kotlin/reflect/jvm/internal/impl/builtins/ReflectionTypes$$Lambda$0
instanceKlass kotlin/reflect/jvm/internal/impl/builtins/ReflectionTypes$Companion
instanceKlass kotlin/reflect/jvm/internal/impl/builtins/ReflectionTypes
instanceKlass kotlin/reflect/jvm/internal/impl/incremental/components/LookupTracker$DO_NOTHING
instanceKlass kotlin/reflect/jvm/internal/impl/incremental/components/LookupTracker
instanceKlass kotlin/reflect/jvm/internal/impl/descriptors/SupertypeLoopChecker$EMPTY
instanceKlass kotlin/reflect/jvm/internal/impl/descriptors/SupertypeLoopChecker
instanceKlass kotlin/reflect/jvm/internal/impl/storage/LockBasedStorageManager$CacheWithNullableValuesBasedOnMemoizedFunction$1
instanceKlass kotlin/reflect/jvm/internal/impl/resolve/sam/SamConversionResolverImpl
instanceKlass kotlin/reflect/jvm/internal/impl/resolve/sam/SamConversionResolver
instanceKlass kotlin/reflect/jvm/internal/impl/load/java/components/JavaPropertyInitializerEvaluator$DoNothing
instanceKlass kotlin/reflect/jvm/internal/impl/load/java/components/JavaPropertyInitializerEvaluator
instanceKlass kotlin/reflect/jvm/internal/impl/load/java/components/JavaResolverCache$1
instanceKlass kotlin/reflect/jvm/internal/impl/load/java/components/JavaResolverCache
instanceKlass kotlin/reflect/jvm/internal/impl/load/java/components/SignaturePropagator$1
instanceKlass kotlin/reflect/jvm/internal/impl/load/java/components/SignaturePropagator
instanceKlass kotlin/reflect/jvm/internal/impl/load/java/lazy/JavaResolverComponents
instanceKlass kotlin/reflect/jvm/internal/impl/utils/WrappedValues$1
instanceKlass kotlin/reflect/jvm/internal/impl/utils/WrappedValues
instanceKlass kotlin/collections/EmptyIterator
instanceKlass kotlin/collections/EmptySet
instanceKlass kotlin/reflect/jvm/internal/impl/load/java/NullabilityAnnotationStates$Companion
instanceKlass kotlin/reflect/jvm/internal/impl/load/java/JavaTypeEnhancementState$Companion$$Lambda$0
instanceKlass kotlin/reflect/jvm/internal/impl/load/java/Jsr305Settings$$Lambda$0
instanceKlass kotlin/reflect/jvm/internal/impl/load/java/Jsr305Settings
instanceKlass kotlin/reflect/jvm/internal/impl/load/java/NullabilityAnnotationStatesImpl$$Lambda$0
instanceKlass kotlin/reflect/jvm/internal/impl/load/java/ReportLevel$Companion
instanceKlass kotlin/reflect/jvm/internal/impl/load/java/JavaNullabilityAnnotationsStatus$Companion
instanceKlass kotlin/reflect/jvm/internal/impl/load/java/JavaNullabilityAnnotationsStatus
instanceKlass kotlin/reflect/jvm/internal/impl/load/java/NullabilityAnnotationStatesImpl
instanceKlass kotlin/reflect/jvm/internal/impl/load/java/NullabilityAnnotationStates
instanceKlass kotlin/reflect/jvm/internal/impl/load/java/JavaNullabilityAnnotationSettingsKt
instanceKlass kotlin/KotlinVersionCurrentValue
instanceKlass kotlin/KotlinVersion$Companion
instanceKlass kotlin/KotlinVersion
instanceKlass kotlin/reflect/jvm/internal/impl/load/java/JavaTypeEnhancementState$Companion
instanceKlass kotlin/reflect/jvm/internal/impl/load/java/JavaTypeEnhancementState
instanceKlass kotlin/reflect/jvm/internal/impl/load/kotlin/PackagePartProvider$Empty
instanceKlass kotlin/reflect/jvm/internal/impl/load/kotlin/PackagePartProvider
instanceKlass kotlin/reflect/jvm/internal/impl/load/kotlin/DeserializationComponentsForJavaKt
instanceKlass kotlin/reflect/jvm/internal/impl/descriptors/NotFoundClasses$$Lambda$1
instanceKlass kotlin/reflect/jvm/internal/impl/descriptors/NotFoundClasses$$Lambda$0
instanceKlass kotlin/reflect/jvm/internal/impl/descriptors/NotFoundClasses
instanceKlass kotlin/reflect/jvm/internal/impl/load/java/lazy/SingleModuleClassResolver
instanceKlass kotlin/reflect/jvm/internal/impl/load/java/lazy/ModuleClassResolver
instanceKlass kotlin/reflect/jvm/internal/impl/metadata/deserialization/MetadataVersion$Companion
instanceKlass kotlin/reflect/jvm/internal/impl/metadata/deserialization/BinaryVersion$Companion
instanceKlass kotlin/reflect/jvm/internal/impl/metadata/deserialization/BinaryVersion
instanceKlass kotlin/reflect/jvm/internal/impl/load/kotlin/header/KotlinClassHeader$Kind$Companion
instanceKlass kotlin/reflect/jvm/internal/impl/load/kotlin/DeserializedDescriptorResolver$Companion
instanceKlass kotlin/reflect/jvm/internal/impl/load/kotlin/DeserializedDescriptorResolver
instanceKlass kotlin/reflect/jvm/internal/impl/builtins/jvm/JvmBuiltIns$$Lambda$1
instanceKlass kotlin/reflect/jvm/internal/impl/builtins/KotlinBuiltIns$4
instanceKlass kotlin/reflect/jvm/internal/impl/descriptors/impl/ModuleDescriptorImpl$$Lambda$1
instanceKlass kotlin/reflect/jvm/internal/impl/descriptors/impl/ModuleDescriptorImpl$$Lambda$0
instanceKlass kotlin/reflect/jvm/internal/impl/descriptors/impl/PackageViewDescriptorFactory$Default
instanceKlass kotlin/reflect/jvm/internal/impl/descriptors/ModuleCapability
instanceKlass kotlin/reflect/jvm/internal/impl/descriptors/impl/PackageViewDescriptorFactory$Companion
instanceKlass kotlin/reflect/jvm/internal/impl/descriptors/impl/PackageViewDescriptorFactory
instanceKlass kotlin/reflect/jvm/internal/impl/descriptors/annotations/Annotations$Companion$EMPTY$1
instanceKlass kotlin/reflect/jvm/internal/impl/descriptors/annotations/Annotations$Companion
instanceKlass kotlin/reflect/jvm/internal/impl/descriptors/annotations/Annotations
instanceKlass kotlin/collections/EmptyMap
instanceKlass kotlin/reflect/jvm/internal/impl/descriptors/annotations/AnnotatedImpl
instanceKlass kotlin/reflect/jvm/internal/impl/builtins/jvm/JvmBuiltIns$WhenMappings
instanceKlass kotlin/reflect/jvm/internal/impl/builtins/jvm/JvmBuiltIns$$Lambda$0
instanceKlass kotlin/reflect/jvm/internal/impl/storage/LockBasedStorageManager$MapBasedMemoizedFunction
instanceKlass kotlin/reflect/jvm/internal/impl/builtins/KotlinBuiltIns$3
instanceKlass kotlin/reflect/jvm/internal/impl/builtins/KotlinBuiltIns$2
instanceKlass kotlin/reflect/jvm/internal/impl/storage/LockBasedStorageManager$LockBasedLazyValue
instanceKlass kotlin/reflect/jvm/internal/impl/builtins/KotlinBuiltIns$1
instanceKlass kotlin/reflect/jvm/internal/impl/incremental/components/LookupLocation
instanceKlass kotlin/reflect/jvm/internal/impl/descriptors/deserialization/PlatformDependentDeclarationFilter
instanceKlass kotlin/reflect/jvm/internal/impl/types/model/TypeArgumentListMarker
instanceKlass kotlin/reflect/jvm/internal/impl/types/model/SimpleTypeMarker
instanceKlass kotlin/reflect/jvm/internal/impl/types/model/RigidTypeMarker
instanceKlass kotlin/reflect/jvm/internal/impl/types/KotlinType
instanceKlass kotlin/reflect/jvm/internal/impl/types/model/KotlinTypeMarker
instanceKlass kotlin/reflect/jvm/internal/impl/descriptors/ModuleDescriptor
instanceKlass kotlin/reflect/jvm/internal/impl/descriptors/deserialization/AdditionalClassPartsProvider
instanceKlass kotlin/reflect/jvm/internal/impl/descriptors/ClassifierDescriptor
instanceKlass kotlin/reflect/jvm/internal/impl/descriptors/DeclarationDescriptorNonRoot
instanceKlass kotlin/reflect/jvm/internal/impl/descriptors/DeclarationDescriptorWithSource
instanceKlass kotlin/reflect/jvm/internal/impl/descriptors/DeclarationDescriptor
instanceKlass kotlin/reflect/jvm/internal/impl/descriptors/annotations/Annotated
instanceKlass kotlin/reflect/jvm/internal/impl/descriptors/Named
instanceKlass kotlin/reflect/jvm/internal/impl/builtins/KotlinBuiltIns
instanceKlass kotlin/reflect/jvm/internal/impl/storage/DefaultSimpleLock
instanceKlass kotlin/reflect/jvm/internal/impl/storage/SimpleLock$Companion
instanceKlass kotlin/reflect/jvm/internal/impl/storage/EmptySimpleLock
instanceKlass kotlin/reflect/jvm/internal/impl/storage/LockBasedStorageManager$ExceptionHandlingStrategy$1
instanceKlass kotlin/reflect/jvm/internal/impl/storage/LockBasedStorageManager$ExceptionHandlingStrategy
instanceKlass kotlin/reflect/jvm/internal/impl/storage/NullableLazyValue
instanceKlass kotlin/reflect/jvm/internal/impl/storage/MemoizedFunctionToNotNull
instanceKlass kotlin/reflect/jvm/internal/impl/storage/MemoizedFunctionToNullable
instanceKlass kotlin/reflect/jvm/internal/impl/storage/CacheWithNotNullValues
instanceKlass kotlin/reflect/jvm/internal/impl/storage/NotNullLazyValue
instanceKlass kotlin/reflect/jvm/internal/impl/storage/CacheWithNullableValues
instanceKlass kotlin/reflect/jvm/internal/impl/storage/SimpleLock
instanceKlass kotlin/reflect/jvm/internal/impl/storage/LockBasedStorageManager
instanceKlass kotlin/reflect/jvm/internal/impl/storage/StorageManager
instanceKlass kotlin/reflect/jvm/internal/impl/descriptors/runtime/components/RuntimeSourceElementFactory
instanceKlass kotlin/reflect/jvm/internal/impl/load/java/sources/JavaSourceElementFactory
instanceKlass kotlin/reflect/jvm/internal/impl/descriptors/runtime/components/RuntimeErrorReporter
instanceKlass kotlin/reflect/jvm/internal/impl/serialization/deserialization/ErrorReporter
instanceKlass kotlin/reflect/jvm/internal/impl/descriptors/runtime/components/ReflectJavaClassFinder
instanceKlass kotlin/reflect/jvm/internal/impl/load/java/JavaClassFinder
instanceKlass kotlin/reflect/jvm/internal/impl/load/kotlin/DeserializationComponentsForJava$Companion
instanceKlass kotlin/reflect/jvm/internal/impl/load/kotlin/DeserializationComponentsForJava
instanceKlass kotlin/reflect/jvm/internal/impl/serialization/deserialization/builtins/BuiltInsResourceLoader
instanceKlass kotlin/reflect/jvm/internal/impl/descriptors/runtime/components/ReflectKotlinClassFinder
instanceKlass kotlin/reflect/jvm/internal/impl/load/kotlin/KotlinClassFinder
instanceKlass kotlin/reflect/jvm/internal/impl/serialization/deserialization/KotlinMetadataFinder
instanceKlass kotlin/reflect/jvm/internal/impl/descriptors/runtime/components/RuntimeModuleData$Companion
instanceKlass kotlin/reflect/jvm/internal/impl/descriptors/runtime/components/RuntimeModuleData
instanceKlass kotlin/reflect/jvm/internal/WeakClassLoaderBox
instanceKlass kotlin/reflect/jvm/internal/ModuleByClassLoaderKt
instanceKlass java/util/concurrent/atomic/AtomicLongArray
instanceKlass java/util/concurrent/atomic/AtomicIntegerArray
instanceKlass kotlin/reflect/jvm/internal/impl/name/SpecialNames
instanceKlass kotlin/reflect/jvm/internal/impl/builtins/CompanionObjectMapping
instanceKlass kotlin/reflect/jvm/internal/impl/name/FqNamesUtilKt
instanceKlass kotlin/reflect/jvm/internal/impl/utils/CollectionsKt
instanceKlass kotlin/reflect/jvm/internal/impl/builtins/PrimitiveType$Companion
instanceKlass kotlin/reflect/jvm/internal/impl/builtins/PrimitiveType$$Lambda$1
instanceKlass kotlin/reflect/jvm/internal/impl/builtins/PrimitiveType$$Lambda$0
instanceKlass kotlin/reflect/jvm/internal/impl/builtins/StandardNames$FqNames
instanceKlass kotlin/reflect/jvm/internal/impl/builtins/jvm/JavaToKotlinClassMap$PlatformMutabilityMapping
instanceKlass kotlin/ranges/RangesKt__RangesKt
instanceKlass kotlin/reflect/jvm/internal/impl/name/StandardClassIdsKt
instanceKlass kotlin/reflect/jvm/internal/impl/name/StandardClassIds
instanceKlass kotlin/reflect/jvm/internal/impl/builtins/StandardNames
instanceKlass kotlin/reflect/jvm/internal/impl/builtins/functions/FunctionTypeKind
instanceKlass kotlin/reflect/jvm/internal/impl/builtins/jvm/JavaToKotlinClassMap
instanceKlass kotlin/jvm/functions/Function22
instanceKlass kotlin/jvm/functions/Function21
instanceKlass kotlin/jvm/functions/Function20
instanceKlass kotlin/jvm/functions/Function19
instanceKlass kotlin/jvm/functions/Function18
instanceKlass kotlin/jvm/functions/Function17
instanceKlass kotlin/jvm/functions/Function16
instanceKlass kotlin/jvm/functions/Function15
instanceKlass kotlin/jvm/functions/Function14
instanceKlass kotlin/jvm/functions/Function13
instanceKlass kotlin/jvm/functions/Function12
instanceKlass kotlin/jvm/functions/Function11
instanceKlass kotlin/jvm/functions/Function10
instanceKlass kotlin/jvm/functions/Function9
instanceKlass kotlin/jvm/functions/Function8
instanceKlass kotlin/jvm/functions/Function7
instanceKlass kotlin/jvm/functions/Function6
instanceKlass kotlin/jvm/functions/Function5
instanceKlass kotlin/jvm/functions/Function4
instanceKlass kotlin/jvm/functions/Function3
instanceKlass kotlin/reflect/jvm/internal/impl/descriptors/runtime/structure/ReflectClassUtilKt
instanceKlass kotlin/reflect/jvm/internal/RuntimeTypeMapper
instanceKlass kotlin/reflect/jvm/internal/KClassImpl$Data$$Lambda$18
instanceKlass kotlin/reflect/jvm/internal/KClassImpl$Data$$Lambda$17
instanceKlass kotlin/reflect/jvm/internal/KClassImpl$Data$$Lambda$16
instanceKlass kotlin/reflect/jvm/internal/KClassImpl$Data$$Lambda$15
instanceKlass kotlin/reflect/jvm/internal/KClassImpl$Data$$Lambda$14
instanceKlass kotlin/reflect/jvm/internal/KClassImpl$Data$$Lambda$13
instanceKlass kotlin/reflect/jvm/internal/KClassImpl$Data$$Lambda$12
instanceKlass kotlin/reflect/jvm/internal/KClassImpl$Data$$Lambda$11
instanceKlass kotlin/reflect/jvm/internal/KClassImpl$Data$$Lambda$10
instanceKlass kotlin/reflect/jvm/internal/KClassImpl$Data$$Lambda$9
instanceKlass kotlin/reflect/jvm/internal/KClassImpl$Data$$Lambda$8
instanceKlass kotlin/reflect/jvm/internal/KClassImpl$Data$$Lambda$7
instanceKlass kotlin/reflect/jvm/internal/KClassImpl$Data$$Lambda$6
instanceKlass kotlin/reflect/jvm/internal/KClassImpl$Data$$Lambda$5
instanceKlass kotlin/reflect/jvm/internal/KClassImpl$Data$$Lambda$4
instanceKlass kotlin/reflect/jvm/internal/KClassImpl$Data$$Lambda$3
instanceKlass kotlin/reflect/jvm/internal/KClassImpl$Data$$Lambda$2
instanceKlass kotlin/reflect/jvm/internal/KClassImpl$Data$$Lambda$1
instanceKlass kotlin/reflect/jvm/internal/KClassImpl$Data$$Lambda$0
instanceKlass kotlin/reflect/jvm/internal/KDeclarationContainerImpl$Data$$Lambda$0
instanceKlass kotlin/reflect/jvm/internal/KDeclarationContainerImpl$Data
instanceKlass kotlin/reflect/full/KClassifiers
instanceKlass kotlin/collections/EmptyList
instanceKlass org/jetbrains/kotlin/gradle/utils/StoredPropertyStorage
instanceKlass org/jetbrains/kotlin/tooling/core/Extras$Type$Companion
instanceKlass org/jetbrains/kotlin/tooling/core/Extras$Type
instanceKlass org/jetbrains/kotlin/tooling/core/Extras$Key$Companion
instanceKlass org/jetbrains/kotlin/tooling/core/Extras$Key
instanceKlass org/jetbrains/kotlin/gradle/utils/StoredPropertyKt
instanceKlass kotlin/jvm/internal/Lambda
instanceKlass kotlin/reflect/jvm/internal/KPackageImpl$$Lambda$0
instanceKlass org/jetbrains/kotlin/gradle/plugin/KotlinPluginWrapperKt
instanceKlass org/jetbrains/kotlin/gradle/dsl/KotlinProjectExtension
instanceKlass org/jetbrains/kotlin/gradle/plugin/HasProject
instanceKlass org/jetbrains/kotlin/tooling/core/HasMutableExtras
instanceKlass org/jetbrains/kotlin/tooling/core/HasExtras
instanceKlass org/jetbrains/kotlin/gradle/dsl/KotlinJvmExtension
instanceKlass org/jetbrains/kotlin/gradle/dsl/HasConfigurableKotlinCompilerOptions
instanceKlass org/jetbrains/kotlin/gradle/dsl/KotlinPublishingDsl
instanceKlass org/jetbrains/kotlin/gradle/dsl/KotlinBaseExtension
instanceKlass org/jetbrains/kotlin/gradle/dsl/KotlinTopLevelExtension
instanceKlass org/jetbrains/kotlin/gradle/plugin/KotlinSourceSetContainer
instanceKlass org/jetbrains/kotlin/gradle/dsl/KotlinTopLevelExtensionConfig
instanceKlass org/jetbrains/kotlin/gradle/testing/internal/KotlinTestsRegistry
instanceKlass org/jetbrains/kotlin/gradle/plugin/DefaultKotlinBasePlugin
instanceKlass org/jetbrains/kotlin/gradle/plugin/KotlinBasePlugin
instanceKlass  @bci org/gradle/kotlin/dsl/plugins/embedded/EmbeddedKotlinPlugin_Decorated $gradleInit ()V 1 <appendix> member <vmtarget> ; # org/gradle/kotlin/dsl/plugins/embedded/EmbeddedKotlinPlugin_Decorated$$Lambda+0x000001ae81855c90
instanceKlass org/gradle/kotlin/dsl/plugins/embedded/EmbeddedKotlinPlugin
instanceKlass org/gradle/kotlin/dsl/plugins/base/KotlinDslBasePlugin$apply$lambda$0$$inlined$apply$1
instanceKlass  @bci org/gradle/kotlin/dsl/plugins/base/KotlinDslBasePlugin_Decorated $gradleInit ()V 1 <appendix> member <vmtarget> ; # org/gradle/kotlin/dsl/plugins/base/KotlinDslBasePlugin_Decorated$$Lambda+0x000001ae81855610
instanceKlass org/gradle/kotlin/dsl/plugins/base/KotlinDslBasePlugin
instanceKlass org/gradle/kotlin/dsl/plugins/dsl/KotlinDslPlugin$apply$lambda$0$$inlined$apply$2
instanceKlass org/gradle/api/internal/plugins/DefaultObjectConfigurationAction$2
instanceKlass org/gradle/kotlin/dsl/plugins/dsl/KotlinDslPlugin$apply$lambda$0$$inlined$apply$1
instanceKlass org/gradle/kotlin/dsl/plugins/VersionKt
instanceKlass org/gradle/kotlin/dsl/support/KotlinDslPluginsKt
instanceKlass  @bci org/gradle/kotlin/dsl/plugins/dsl/KotlinDslPlugin_Decorated $gradleInit ()V 1 <appendix> member <vmtarget> ; # org/gradle/kotlin/dsl/plugins/dsl/KotlinDslPlugin_Decorated$$Lambda+0x000001ae81854610
instanceKlass org/gradle/kotlin/dsl/plugins/dsl/KotlinDslPlugin
instanceKlass org/gradle/internal/classloader/JarCompat
instanceKlass org/gradle/internal/classloader/TransformErrorHandler
instanceKlass org/gradle/internal/classloader/TransformReplacer$Loader
instanceKlass org/gradle/internal/classloader/TransformReplacer
instanceKlass org/gradle/internal/fingerprint/impl/IgnoredPathFileSystemLocationFingerprint$1
instanceKlass org/gradle/internal/fingerprint/impl/IgnoredPathFileSystemLocationFingerprint
instanceKlass  @bci org/gradle/api/internal/changedetection/state/DefaultResourceSnapshotterCacheService hashFile (Lorg/gradle/internal/fingerprint/hashing/RegularFileSnapshotContext;Lorg/gradle/internal/fingerprint/hashing/RegularFileSnapshotContextHasher;Lorg/gradle/internal/hash/HashCode;)Lorg/gradle/internal/hash/HashCode; 9 <appendix> member <vmtarget> ; # org/gradle/api/internal/changedetection/state/DefaultResourceSnapshotterCacheService$$Lambda+0x000001ae81845840
instanceKlass  @bci org/gradle/api/plugins/GroovyPlugin configureGroovydoc (Lorg/gradle/api/Project;)V 11 <appendix> member <vmtarget> ; # org/gradle/api/plugins/GroovyPlugin$$Lambda+0x000001ae81850450
instanceKlass  @bci org/gradle/api/plugins/GroovyBasePlugin configureGroovydoc (Lorg/gradle/api/Project;Lorg/gradle/api/tasks/GroovyRuntime;)V 16 <appendix> member <vmtarget> ; # org/gradle/api/plugins/GroovyBasePlugin$$Lambda+0x000001ae81850228
instanceKlass  @bci org/gradle/api/plugins/GroovyBasePlugin configureLibraryElements (Lorg/gradle/api/tasks/SourceSet;Lorg/gradle/api/artifacts/ConfigurationContainer;Lorg/gradle/api/model/ObjectFactory;)V 13 <appendix> member <vmtarget> ; # org/gradle/api/plugins/GroovyBasePlugin$$Lambda+0x000001ae81850000
instanceKlass  @bci org/gradle/api/plugins/GroovyBasePlugin createGroovyCompileTask (Lorg/gradle/api/Project;Lorg/gradle/api/tasks/SourceSet;Lorg/gradle/api/tasks/GroovySourceDirectorySet;)Lorg/gradle/api/tasks/TaskProvider; 66 <appendix> member <vmtarget> ; # org/gradle/api/plugins/GroovyBasePlugin$$Lambda+0x000001ae81848c20
instanceKlass  @bci org/gradle/api/plugins/GroovyBasePlugin createGroovyCompileTask (Lorg/gradle/api/Project;Lorg/gradle/api/tasks/SourceSet;Lorg/gradle/api/tasks/GroovySourceDirectorySet;)Lorg/gradle/api/tasks/TaskProvider; 39 <appendix> argL0 ; # org/gradle/api/plugins/GroovyBasePlugin$$Lambda+0x000001ae81848a00
instanceKlass org/gradle/api/internal/tasks/compile/GroovyJavaJointCompileSpec
instanceKlass org/gradle/api/internal/tasks/compile/GroovyCompileSpec
instanceKlass  @bci org/gradle/api/plugins/GroovyBasePlugin createGroovyCompileTask (Lorg/gradle/api/Project;Lorg/gradle/api/tasks/SourceSet;Lorg/gradle/api/tasks/GroovySourceDirectorySet;)Lorg/gradle/api/tasks/TaskProvider; 20 <appendix> member <vmtarget> ; # org/gradle/api/plugins/GroovyBasePlugin$$Lambda+0x000001ae81849ca8
instanceKlass  @bci org/gradle/api/plugins/GroovyBasePlugin lambda$configureSourceSetDefaults$3 (Lorg/gradle/api/Project;Lorg/gradle/api/tasks/SourceSet;)V 76 <appendix> member <vmtarget> ; # org/gradle/api/plugins/GroovyBasePlugin$$Lambda+0x000001ae8184bbb8
instanceKlass  @bci org/gradle/api/internal/tasks/DefaultGroovySourceDirectorySet_Decorated $gradleInit ()V 1 <appendix> member <vmtarget> ; # org/gradle/api/internal/tasks/DefaultGroovySourceDirectorySet_Decorated$$Lambda+0x000001ae8184b990
instanceKlass  @bci org/gradle/api/plugins/GroovyBasePlugin configureSourceSetDefaults (Lorg/gradle/api/Project;)V 11 <appendix> member <vmtarget> ; # org/gradle/api/plugins/GroovyBasePlugin$$Lambda+0x000001ae8184ac28
instanceKlass  @bci org/gradle/api/plugins/GroovyBasePlugin configureCompileDefaults (Lorg/gradle/api/Project;Lorg/gradle/api/tasks/GroovyRuntime;)V 15 <appendix> member <vmtarget> ; # org/gradle/api/plugins/GroovyBasePlugin$$Lambda+0x000001ae8184aa00
instanceKlass  @bci org/gradle/api/tasks/GroovyRuntime_Decorated $gradleInit ()V 1 <appendix> member <vmtarget> ; # org/gradle/api/tasks/GroovyRuntime_Decorated$$Lambda+0x000001ae8184a7d8
instanceKlass org/gradle/util/internal/VersionNumber$AbstractScheme$Scanner
instanceKlass org/gradle/util/internal/VersionNumber$AbstractScheme
instanceKlass org/gradle/util/internal/VersionNumber$Scheme
instanceKlass org/gradle/api/internal/plugins/GroovyJarFile
instanceKlass  @bci org/gradle/api/plugins/GroovyBasePlugin_Decorated $gradleInit ()V 1 <appendix> member <vmtarget> ; # org/gradle/api/plugins/GroovyBasePlugin_Decorated$$Lambda+0x000001ae8184a000
instanceKlass org/gradle/api/tasks/GroovyRuntime
instanceKlass org/gradle/api/tasks/GroovySourceDirectorySet
instanceKlass org/gradle/api/plugins/GroovyBasePlugin
instanceKlass  @bci org/gradle/api/plugins/GroovyPlugin_Decorated $gradleInit ()V 1 <appendix> member <vmtarget> ; # org/gradle/api/plugins/GroovyPlugin_Decorated$$Lambda+0x000001ae8184e7d0
instanceKlass  @bci org/gradle/initialization/buildsrc/GradlePluginApiVersionAttributeConfigurationAction setAttributeForConfiguration (Lorg/gradle/api/NamedDomainObjectProvider;Lorg/gradle/api/internal/model/NamedObjectInstantiator;)V 2 <appendix> member <vmtarget> ; # org/gradle/initialization/buildsrc/GradlePluginApiVersionAttributeConfigurationAction$$Lambda+0x000001ae8184d5b0
instanceKlass  @bci org/gradle/initialization/buildsrc/GradlePluginApiVersionAttributeConfigurationAction addGradlePluginApiVersionAttributeToClasspath (Lorg/gradle/api/internal/project/ProjectInternal;)V 48 <appendix> member <vmtarget> ; # org/gradle/initialization/buildsrc/GradlePluginApiVersionAttributeConfigurationAction$$Lambda+0x000001ae8184d388
instanceKlass  @bci org/gradle/initialization/buildsrc/GradlePluginApiVersionAttributeConfigurationAction execute (Lorg/gradle/api/internal/project/ProjectInternal;)V 10 <appendix> member <vmtarget> ; # org/gradle/initialization/buildsrc/GradlePluginApiVersionAttributeConfigurationAction$$Lambda+0x000001ae8184d160
instanceKlass  @bci org/gradle/plugin/devel/plugins/JavaGradlePluginPlugin configurePluginValidations (Lorg/gradle/api/Project;Lorg/gradle/plugin/devel/GradlePluginDevelopmentExtension;)V 35 <appendix> member <vmtarget> ; # org/gradle/plugin/devel/plugins/JavaGradlePluginPlugin$$Lambda+0x000001ae8184cf38
instanceKlass  @bci org/gradle/plugin/devel/plugins/JavaGradlePluginPlugin configurePluginValidations (Lorg/gradle/api/Project;Lorg/gradle/plugin/devel/GradlePluginDevelopmentExtension;)V 14 <appendix> member <vmtarget> ; # org/gradle/plugin/devel/plugins/JavaGradlePluginPlugin$$Lambda+0x000001ae8184cd10
instanceKlass  @bci org/gradle/plugin/devel/plugins/JavaGradlePluginPlugin validatePluginDeclarations (Lorg/gradle/api/Project;Lorg/gradle/plugin/devel/GradlePluginDevelopmentExtension;)V 2 <appendix> member <vmtarget> ; # org/gradle/plugin/devel/plugins/JavaGradlePluginPlugin$$Lambda+0x000001ae8184cae8
instanceKlass  @bci org/gradle/plugin/devel/plugins/JavaGradlePluginPlugin configureDescriptorGeneration (Lorg/gradle/api/Project;Lorg/gradle/plugin/devel/GradlePluginDevelopmentExtension;)V 34 <appendix> member <vmtarget> ; # org/gradle/plugin/devel/plugins/JavaGradlePluginPlugin$$Lambda+0x000001ae8184c8c0
instanceKlass  @bci org/gradle/plugin/devel/plugins/JavaGradlePluginPlugin configureDescriptorGeneration (Lorg/gradle/api/Project;Lorg/gradle/plugin/devel/GradlePluginDevelopmentExtension;)V 12 <appendix> member <vmtarget> ; # org/gradle/plugin/devel/plugins/JavaGradlePluginPlugin$$Lambda+0x000001ae8184c698
instanceKlass  @bci org/gradle/plugin/devel/plugins/JavaGradlePluginPlugin registerPlugins (Lorg/gradle/api/Project;Lorg/gradle/plugin/devel/GradlePluginDevelopmentExtension;)V 39 <appendix> member <vmtarget> ; # org/gradle/plugin/devel/plugins/JavaGradlePluginPlugin$$Lambda+0x000001ae8184c470
instanceKlass org/gradle/api/publish/ivy/plugins/IvyPublishPlugin$IvyPublicationFactory
instanceKlass org/gradle/api/publish/ivy/plugins/IvyPublishPlugin$CheckStandardLayoutSpec
instanceKlass org/gradle/api/publish/ivy/plugins/IvyPublishPlugin
instanceKlass  @bci org/gradle/plugin/devel/plugins/JavaGradlePluginPlugin configurePublishing (Lorg/gradle/api/Project;)V 28 <appendix> member <vmtarget> ; # org/gradle/plugin/devel/plugins/JavaGradlePluginPlugin$$Lambda+0x000001ae81843ad0
instanceKlass org/gradle/api/publish/maven/plugins/MavenPublishPlugin$MavenPublicationFactory
instanceKlass org/gradle/api/publish/maven/plugins/MavenPublishPlugin
instanceKlass org/gradle/api/internal/plugins/DefaultPluginManager$2
instanceKlass  @bci org/gradle/plugin/devel/plugins/JavaGradlePluginPlugin configurePublishing (Lorg/gradle/api/Project;)V 9 <appendix> member <vmtarget> ; # org/gradle/plugin/devel/plugins/JavaGradlePluginPlugin$$Lambda+0x000001ae81843438
instanceKlass  @bci org/gradle/plugin/devel/plugins/JavaGradlePluginPlugin createAndConfigurePluginUnderTestMetadataTask (Lorg/gradle/api/Project;Lorg/gradle/plugin/devel/GradlePluginDevelopmentExtension;)Lorg/gradle/api/tasks/TaskProvider; 12 <appendix> member <vmtarget> ; # org/gradle/plugin/devel/plugins/JavaGradlePluginPlugin$$Lambda+0x000001ae81843210
instanceKlass  @bci org/gradle/plugin/devel/plugins/JavaGradlePluginPlugin configureJarTask (Lorg/gradle/api/Project;Lorg/gradle/plugin/devel/GradlePluginDevelopmentExtension;)V 12 <appendix> member <vmtarget> ; # org/gradle/plugin/devel/plugins/JavaGradlePluginPlugin$$Lambda+0x000001ae81842fe8
instanceKlass  @bci org/gradle/plugin/devel/GradlePluginDevelopmentExtension_Decorated $gradleInit ()V 1 <appendix> member <vmtarget> ; # org/gradle/plugin/devel/GradlePluginDevelopmentExtension_Decorated$$Lambda+0x000001ae81842dc0
# instanceKlass java/lang/invoke/LambdaForm$MH+0x000001ae81848400
# instanceKlass java/lang/invoke/LambdaForm$MH+0x000001ae81848000
instanceKlass  @bci org/gradle/api/plugins/jvm/internal/DefaultJvmFeature withApi ()V 37 <appendix> member <vmtarget> ; # org/gradle/api/plugins/jvm/internal/DefaultJvmFeature$$Lambda+0x000001ae818427c0
instanceKlass  @bci org/gradle/api/internal/artifacts/configurations/DefaultConfigurationContainer dependencyScopeLocked (Ljava/lang/String;)Lorg/gradle/api/internal/artifacts/configurations/DefaultDependencyScopeConfiguration; 10 <appendix> member <vmtarget> ; # org/gradle/api/internal/artifacts/configurations/DefaultConfigurationContainer$$Lambda+0x000001ae81842578
instanceKlass org/gradle/api/plugins/internal/JavaPluginHelper
instanceKlass  @bci org/gradle/api/plugins/JavaPlugin configureBuild (Lorg/gradle/api/Project;)V 29 <appendix> argL0 ; # org/gradle/api/plugins/JavaPlugin$$Lambda+0x000001ae81842150
instanceKlass  @bci org/gradle/api/plugins/JavaPlugin configureBuild (Lorg/gradle/api/Project;)V 9 <appendix> argL0 ; # org/gradle/api/plugins/JavaPlugin$$Lambda+0x000001ae81841f30
instanceKlass  @bci org/gradle/api/plugins/JavaPlugin configureDiagnostics (Lorg/gradle/api/Project;Lorg/gradle/api/plugins/jvm/internal/JvmFeatureInternal;)V 14 <appendix> member <vmtarget> ; # org/gradle/api/plugins/JavaPlugin$$Lambda+0x000001ae81841d08
instanceKlass  @bci org/gradle/api/plugins/JavaPlugin configureTestTaskOrdering (Lorg/gradle/api/tasks/TaskContainer;)V 18 <appendix> member <vmtarget> ; # org/gradle/api/plugins/JavaPlugin$$Lambda+0x000001ae81841ae0
instanceKlass org/gradle/internal/deprecation/DeprecationMessageBuilder$WithDocumentation
instanceKlass org/gradle/internal/deprecation/Documentation
instanceKlass org/gradle/api/problems/internal/InternalDocLink
instanceKlass org/gradle/internal/deprecation/Documentation$AbstractBuilder
instanceKlass org/gradle/internal/deprecation/DeprecationTimeline
instanceKlass org/gradle/internal/deprecation/DeprecationMessageBuilder$ConfigurationDeprecationTypeSelector
instanceKlass  @bci org/gradle/api/plugins/JavaPlugin lambda$apply$2 (Lorg/gradle/api/Project;Lorg/gradle/jvm/component/internal/JvmSoftwareComponentInternal;)V 30 <appendix> argL0 ; # org/gradle/api/plugins/JavaPlugin$$Lambda+0x000001ae818418c0
instanceKlass  @bci org/gradle/api/plugins/JavaPlugin apply (Lorg/gradle/api/Project;)V 178 <appendix> member <vmtarget> ; # org/gradle/api/plugins/JavaPlugin$$Lambda+0x000001ae81841698
instanceKlass  @bci org/gradle/api/plugins/JavaPlugin apply (Lorg/gradle/api/Project;)V 143 <appendix> member <vmtarget> ; # org/gradle/api/plugins/JavaPlugin$$Lambda+0x000001ae81841470
instanceKlass  @bci org/gradle/api/plugins/JavaPlugin configurePublishing (Lorg/gradle/api/plugins/PluginContainer;Lorg/gradle/api/plugins/ExtensionContainer;Lorg/gradle/api/tasks/SourceSet;)V 5 <appendix> member <vmtarget> ; # org/gradle/api/plugins/JavaPlugin$$Lambda+0x000001ae81841248
instanceKlass  @bci org/gradle/api/plugins/JavaPlugin createDefaultTestSuite (Lorg/gradle/api/plugins/jvm/internal/JvmFeatureInternal;Lorg/gradle/api/artifacts/ConfigurationContainer;Lorg/gradle/api/tasks/TaskContainer;Lorg/gradle/api/plugins/ExtensionContainer;Lorg/gradle/api/model/ObjectFactory;)Lorg/gradle/api/plugins/jvm/JvmTestSuite; 57 <appendix> member <vmtarget> ; # org/gradle/api/plugins/JavaPlugin$$Lambda+0x000001ae81841020
instanceKlass  @bci org/gradle/api/plugins/JvmTestSuitePlugin lambda$apply$4 (Lorg/gradle/api/plugins/jvm/JvmTestSuite;Lorg/gradle/api/plugins/jvm/JvmTestSuiteTarget;)V 29 <appendix> argL0 ; # org/gradle/api/plugins/JvmTestSuitePlugin$$Lambda+0x000001ae81840e00
instanceKlass org/gradle/internal/exceptions/NonGradleCause
instanceKlass org/gradle/api/internal/tasks/testing/TestResultProcessor
instanceKlass org/gradle/api/tasks/testing/TestOutputListener
instanceKlass org/gradle/api/tasks/testing/TestListener
instanceKlass org/gradle/api/reporting/DirectoryReport
instanceKlass org/gradle/api/reporting/ConfigurableReport
instanceKlass org/gradle/api/reporting/Report
instanceKlass org/gradle/api/internal/tasks/testing/logging/TestExceptionFormatter
instanceKlass org/gradle/api/reporting/ReportContainer
instanceKlass org/gradle/api/tasks/testing/TestFilter
instanceKlass  @bci org/gradle/api/plugins/JvmTestSuitePlugin lambda$apply$4 (Lorg/gradle/api/plugins/jvm/JvmTestSuite;Lorg/gradle/api/plugins/jvm/JvmTestSuiteTarget;)V 7 <appendix> member <vmtarget> ; # org/gradle/api/plugins/JvmTestSuitePlugin$$Lambda+0x000001ae8183b938
instanceKlass  @bci org/gradle/testing/base/plugins/TestSuiteBasePlugin lambda$apply$2 (Lorg/gradle/api/NamedDomainObjectProvider;Lorg/gradle/testing/base/TestSuiteTarget;)V 2 <appendix> member <vmtarget> ; # org/gradle/testing/base/plugins/TestSuiteBasePlugin$$Lambda+0x000001ae8183b710
instanceKlass  @bci org/gradle/api/plugins/jvm/internal/DefaultJvmTestSuite lambda$new$4 (Lorg/gradle/api/plugins/jvm/JvmTestSuiteTarget;)V 7 <appendix> member <vmtarget> ; # org/gradle/api/plugins/jvm/internal/DefaultJvmTestSuite$$Lambda+0x000001ae8183b4e8
instanceKlass  @bci org/gradle/api/plugins/jvm/internal/DefaultJvmTestSuiteTarget_Decorated $gradleInit ()V 1 <appendix> member <vmtarget> ; # org/gradle/api/plugins/jvm/internal/DefaultJvmTestSuiteTarget_Decorated$$Lambda+0x000001ae8183b2c0
instanceKlass  @bci org/gradle/api/plugins/jvm/internal/DefaultJvmTestSuiteTarget <init> (Ljava/lang/String;Lorg/gradle/api/tasks/TaskContainer;Lorg/gradle/api/internal/tasks/TaskDependencyFactory;)V 15 <appendix> member <vmtarget> ; # org/gradle/api/plugins/jvm/internal/DefaultJvmTestSuiteTarget$$Lambda+0x000001ae8183b098
instanceKlass  @bci org/gradle/api/plugins/JvmTestSuitePlugin lambda$apply$5 (Lorg/gradle/api/plugins/jvm/JvmTestSuite;)V 7 <appendix> member <vmtarget> ; # org/gradle/api/plugins/JvmTestSuitePlugin$$Lambda+0x000001ae8183aa58
instanceKlass  @bci org/gradle/testing/base/plugins/TestSuiteBasePlugin lambda$apply$3 (Lorg/gradle/api/Project;Lorg/gradle/testing/base/TestSuite;)V 13 <appendix> member <vmtarget> ; # org/gradle/testing/base/plugins/TestSuiteBasePlugin$$Lambda+0x000001ae8183a830
instanceKlass  @bci org/gradle/testing/base/plugins/TestSuiteBasePlugin addTestResultsVariant (Lorg/gradle/api/Project;Lorg/gradle/testing/base/TestSuite;)Lorg/gradle/api/NamedDomainObjectProvider; 31 <appendix> member <vmtarget> ; # org/gradle/testing/base/plugins/TestSuiteBasePlugin$$Lambda+0x000001ae8183a608
instanceKlass  @bci org/gradle/api/plugins/jvm/internal/DefaultJvmTestSuite_Decorated $gradleInit ()V 1 <appendix> member <vmtarget> ; # org/gradle/api/plugins/jvm/internal/DefaultJvmTestSuite_Decorated$$Lambda+0x000001ae8183a3e0
instanceKlass  @bci org/gradle/api/plugins/jvm/internal/DefaultJvmTestSuite <init> (Ljava/lang/String;Lorg/gradle/api/tasks/SourceSetContainer;Lorg/gradle/api/artifacts/ConfigurationContainer;Lorg/gradle/api/internal/tasks/TaskDependencyFactory;)V 253 <appendix> member <vmtarget> ; # org/gradle/api/plugins/jvm/internal/DefaultJvmTestSuite$$Lambda+0x000001ae8183a1b8
instanceKlass  @bci org/gradle/api/internal/AbstractNamedDomainObjectContainer$NamedDomainObjectCreatingProvider_Decorated $gradleInit ()V 1 <appendix> member <vmtarget> ; # org/gradle/api/internal/AbstractNamedDomainObjectContainer$NamedDomainObjectCreatingProvider_Decorated$$Lambda+0x000001ae8183d370
instanceKlass  @bci org/gradle/api/plugins/jvm/internal/DefaultJvmTestSuite <init> (Ljava/lang/String;Lorg/gradle/api/tasks/SourceSetContainer;Lorg/gradle/api/artifacts/ConfigurationContainer;Lorg/gradle/api/internal/tasks/TaskDependencyFactory;)V 226 <appendix> member <vmtarget> ; # org/gradle/api/plugins/jvm/internal/DefaultJvmTestSuite$$Lambda+0x000001ae81839f90
instanceKlass  @bci org/gradle/api/plugins/jvm/internal/DefaultJvmTestSuite <init> (Ljava/lang/String;Lorg/gradle/api/tasks/SourceSetContainer;Lorg/gradle/api/artifacts/ConfigurationContainer;Lorg/gradle/api/internal/tasks/TaskDependencyFactory;)V 204 <appendix> member <vmtarget> ; # org/gradle/api/plugins/jvm/internal/DefaultJvmTestSuite$$Lambda+0x000001ae81839d68
instanceKlass  @bci org/gradle/api/plugins/jvm/internal/DefaultJvmTestSuite <init> (Ljava/lang/String;Lorg/gradle/api/tasks/SourceSetContainer;Lorg/gradle/api/artifacts/ConfigurationContainer;Lorg/gradle/api/internal/tasks/TaskDependencyFactory;)V 182 <appendix> member <vmtarget> ; # org/gradle/api/plugins/jvm/internal/DefaultJvmTestSuite$$Lambda+0x000001ae81839b40
instanceKlass  @bci org/gradle/api/internal/collections/AbstractIterationOrderRetainingElementSource cachingElement (Lorg/gradle/api/internal/provider/CollectionProviderInternal;)Lorg/gradle/api/internal/collections/AbstractIterationOrderRetainingElementSource$Element; 19 <appendix> member <vmtarget> ; # org/gradle/api/internal/collections/AbstractIterationOrderRetainingElementSource$$Lambda+0x000001ae8183c600
instanceKlass  @bci org/gradle/api/internal/DefaultNamedDomainObjectCollection$ExistingNamedDomainObjectProvider_Decorated $gradleInit ()V 1 <appendix> member <vmtarget> ; # org/gradle/api/internal/DefaultNamedDomainObjectCollection$ExistingNamedDomainObjectProvider_Decorated$$Lambda+0x000001ae81833c70
instanceKlass  @bci org/gradle/api/plugins/jvm/internal/DefaultJvmTestSuite <init> (Ljava/lang/String;Lorg/gradle/api/tasks/SourceSetContainer;Lorg/gradle/api/artifacts/ConfigurationContainer;Lorg/gradle/api/internal/tasks/TaskDependencyFactory;)V 160 <appendix> member <vmtarget> ; # org/gradle/api/plugins/jvm/internal/DefaultJvmTestSuite$$Lambda+0x000001ae81839918
instanceKlass  @bci org/gradle/api/plugins/jvm/internal/DefaultJvmTestSuite addTestFrameworkDependenciesToDependencies ()V 65 <appendix> argL0 ; # org/gradle/api/plugins/jvm/internal/DefaultJvmTestSuite$$Lambda+0x000001ae818396f8
instanceKlass  @bci org/gradle/api/plugins/jvm/internal/DefaultJvmTestSuite addTestFrameworkDependenciesToDependencies ()V 40 <appendix> argL0 ; # org/gradle/api/plugins/jvm/internal/DefaultJvmTestSuite$$Lambda+0x000001ae818394d8
instanceKlass org/gradle/api/internal/provider/Collectors$ElementsFromCollectionProvider
instanceKlass  @bci org/gradle/api/internal/artifacts/dsl/dependencies/DefaultDependencyCollector doAddBundleLazy (Lorg/gradle/api/provider/Provider;Lorg/gradle/api/Action;)V 3 <appendix> member <vmtarget> ; # org/gradle/api/internal/artifacts/dsl/dependencies/DefaultDependencyCollector$$Lambda+0x000001ae81832dd8
instanceKlass  @bci org/gradle/api/plugins/jvm/internal/DefaultJvmTestSuite addTestFrameworkDependenciesToDependencies ()V 15 <appendix> argL0 ; # org/gradle/api/plugins/jvm/internal/DefaultJvmTestSuite$$Lambda+0x000001ae818392b8
instanceKlass  @bci org/gradle/api/internal/artifacts/dsl/dependencies/DefaultDependencyCollector_Decorated $gradleInit ()V 1 <appendix> member <vmtarget> ; # org/gradle/api/internal/artifacts/dsl/dependencies/DefaultDependencyCollector_Decorated$$Lambda+0x000001ae81832bb0
instanceKlass  @bci org/gradle/api/internal/provider/DefaultSetProperty <clinit> ()V 0 <appendix> argL0 ; # org/gradle/api/internal/provider/DefaultSetProperty$$Lambda+0x000001ae81832980
instanceKlass org/gradle/api/internal/artifacts/dsl/dependencies/DefaultDependencyCollector
instanceKlass  @bci org/gradle/api/plugins/jvm/JvmComponentDependencies_Decorated $gradleInit ()V 1 <appendix> member <vmtarget> ; # org/gradle/api/plugins/jvm/JvmComponentDependencies_Decorated$$Lambda+0x000001ae81839090
instanceKlass org/gradle/api/plugins/jvm/JvmComponentDependencies_Decorated
instanceKlass  @bci org/gradle/internal/instantiation/generator/AsmBackedClassGenerator$ClassBuilderImpl getInjectedServiceGetterEpilogue (Lorg/objectweb/asm/Type;Ljava/lang/String;)Lorg/gradle/model/internal/asm/BytecodeFragment; 15 <appendix> member <vmtarget> ; # org/gradle/internal/instantiation/generator/AsmBackedClassGenerator$ClassBuilderImpl$$Lambda+0x000001ae818319d0
instanceKlass  @bci org/gradle/api/testing/toolchains/internal/LegacyJUnit4TestToolchain_Decorated $gradleInit ()V 1 <appendix> member <vmtarget> ; # org/gradle/api/testing/toolchains/internal/LegacyJUnit4TestToolchain_Decorated$$Lambda+0x000001ae81838690
instanceKlass org/gradle/api/testing/toolchains/internal/FrameworkCachingJvmTestToolchain
instanceKlass org/gradle/api/testing/toolchains/internal/JvmTestToolchainParameters$None
instanceKlass  @bci org/gradle/api/plugins/jvm/internal/DefaultJvmTestSuite$ToolchainFactory getOrCreate (Ljava/lang/Class;)Lorg/gradle/api/testing/toolchains/internal/JvmTestToolchain; 7 <appendix> member <vmtarget> ; # org/gradle/api/plugins/jvm/internal/DefaultJvmTestSuite$ToolchainFactory$$Lambda+0x000001ae81835d20
instanceKlass org/gradle/api/testing/toolchains/internal/LegacyJUnit4TestToolchain
instanceKlass org/gradle/api/plugins/jvm/internal/DefaultJvmTestSuiteTarget
instanceKlass org/gradle/api/plugins/jvm/JvmComponentDependencies
instanceKlass org/gradle/api/artifacts/dsl/GradleDependencies
instanceKlass org/gradle/api/plugins/jvm/TestFixturesDependencyModifiers
instanceKlass org/gradle/api/plugins/jvm/PlatformDependencyModifiers
instanceKlass org/gradle/api/plugins/jvm/internal/DefaultJvmTestSuite$ToolchainFactory
instanceKlass org/gradle/api/testing/toolchains/internal/JUnit4ToolchainParameters
instanceKlass org/gradle/api/testing/toolchains/internal/SpockToolchainParameters
instanceKlass org/gradle/api/testing/toolchains/internal/JUnitJupiterToolchainParameters
instanceKlass org/gradle/api/testing/toolchains/internal/KotlinTestToolchainParameters
instanceKlass org/gradle/api/testing/toolchains/internal/JUnitPlatformToolchainParameters
instanceKlass org/gradle/api/testing/toolchains/internal/TestNGToolchainParameters
instanceKlass org/gradle/api/testing/toolchains/internal/JvmTestToolchainParameters
instanceKlass org/gradle/api/internal/tasks/testing/TestFramework
instanceKlass org/gradle/api/testing/toolchains/internal/JvmTestToolchain
instanceKlass  @bci org/gradle/api/plugins/JavaPlugin createDefaultTestSuite (Lorg/gradle/api/plugins/jvm/internal/JvmFeatureInternal;Lorg/gradle/api/artifacts/ConfigurationContainer;Lorg/gradle/api/tasks/TaskContainer;Lorg/gradle/api/plugins/ExtensionContainer;Lorg/gradle/api/model/ObjectFactory;)Lorg/gradle/api/plugins/jvm/JvmTestSuite; 28 <appendix> member <vmtarget> ; # org/gradle/api/plugins/JavaPlugin$$Lambda+0x000001ae81836000
instanceKlass  @bci org/gradle/api/publish/internal/component/DefaultAdhocSoftwareComponent addVariantsFromConfiguration (Lorg/gradle/api/provider/Provider;Lorg/gradle/api/Action;)V 18 <appendix> member <vmtarget> ; # org/gradle/api/publish/internal/component/DefaultAdhocSoftwareComponent$$Lambda+0x000001ae8182bc60
instanceKlass org/gradle/api/publish/internal/component/DefaultAdhocSoftwareComponent$ConfigurationVariantAction
instanceKlass  @bci org/gradle/api/internal/FactoryNamedDomainObjectContainer_Decorated $gradleInit ()V 1 <appendix> member <vmtarget> ; # org/gradle/api/internal/FactoryNamedDomainObjectContainer_Decorated$$Lambda+0x000001ae8182fdb8
# instanceKlass java/lang/invoke/LambdaForm$MH+0x000001ae81835000
# instanceKlass java/lang/invoke/LambdaForm$MH+0x000001ae81834c00
# instanceKlass java/lang/invoke/LambdaForm$MH+0x000001ae81834800
# instanceKlass java/lang/invoke/LambdaForm$MH+0x000001ae81834400
# instanceKlass java/lang/invoke/LambdaForm$MH+0x000001ae81834000
instanceKlass org/gradle/api/internal/ReflectiveNamedDomainObjectFactory
instanceKlass  @bci org/gradle/api/plugins/jvm/internal/DefaultJvmFeature withSourceElements ()V 40 <appendix> member <vmtarget> ; # org/gradle/api/plugins/jvm/internal/DefaultJvmFeature$$Lambda+0x000001ae8182b828
instanceKlass  @bci org/gradle/api/plugins/internal/JvmPluginsHelper configureJavaDocTask (Ljava/lang/String;Lorg/gradle/api/tasks/SourceSet;Lorg/gradle/api/tasks/TaskContainer;Lorg/gradle/api/plugins/JavaPluginExtension;)V 34 <appendix> member <vmtarget> ; # org/gradle/api/plugins/internal/JvmPluginsHelper$$Lambda+0x000001ae8182b600
instanceKlass  @bci org/gradle/api/plugins/jvm/internal/DefaultJvmFeature createRuntimeElements (Lorg/gradle/api/internal/artifacts/configurations/RoleBasedConfigurationContainerInternal;Lorg/gradle/api/artifacts/PublishArtifact;Lorg/gradle/api/tasks/TaskProvider;)Lorg/gradle/api/NamedDomainObjectProvider; 15 <appendix> member <vmtarget> ; # org/gradle/api/plugins/jvm/internal/DefaultJvmFeature$$Lambda+0x000001ae8182b3d8
instanceKlass  @bci org/gradle/api/plugins/jvm/internal/DefaultJvmFeature createApiElements (Lorg/gradle/api/internal/artifacts/configurations/RoleBasedConfigurationContainerInternal;Lorg/gradle/api/artifacts/PublishArtifact;Lorg/gradle/api/tasks/TaskProvider;)Lorg/gradle/api/NamedDomainObjectProvider; 15 <appendix> member <vmtarget> ; # org/gradle/api/plugins/jvm/internal/DefaultJvmFeature$$Lambda+0x000001ae8182b1b0
instanceKlass org/gradle/api/internal/artifacts/dsl/LazyPublishArtifact
instanceKlass org/gradle/api/internal/artifacts/PublishArtifactInternal
instanceKlass  @bci org/gradle/api/plugins/jvm/internal/DefaultJvmFeature registerOrGetJarTask (Lorg/gradle/api/tasks/SourceSet;Lorg/gradle/api/tasks/TaskContainer;)Lorg/gradle/api/tasks/TaskProvider; 29 <appendix> member <vmtarget> ; # org/gradle/api/plugins/jvm/internal/DefaultJvmFeature$$Lambda+0x000001ae8182acc8
instanceKlass org/gradle/api/plugins/jvm/internal/DefaultJvmFeature
instanceKlass  @bci org/gradle/api/plugins/jvm/internal/DefaultJvmLanguageUtilities useDefaultTargetPlatformInference (Lorg/gradle/api/artifacts/Configuration;Lorg/gradle/api/tasks/TaskProvider;)V 78 <appendix> member <vmtarget> ; # org/gradle/api/plugins/jvm/internal/DefaultJvmLanguageUtilities$$Lambda+0x000001ae8182a748
instanceKlass  @bci org/gradle/api/plugins/jvm/internal/DefaultJvmLanguageUtilities useDefaultTargetPlatformInference (Lorg/gradle/api/artifacts/Configuration;Lorg/gradle/api/tasks/TaskProvider;)V 10 <appendix> argL0 ; # org/gradle/api/plugins/jvm/internal/DefaultJvmLanguageUtilities$$Lambda+0x000001ae8182a508
instanceKlass org/gradle/api/internal/provider/MapCollectors$EntryWithValueFromProvider
instanceKlass  @bci org/gradle/api/internal/attributes/DefaultMutableAttributeContainer attributeProvider (Lorg/gradle/api/attributes/Attribute;Lorg/gradle/api/provider/Provider;)Lorg/gradle/api/attributes/AttributeContainer; 85 <appendix> member <vmtarget> ; # org/gradle/api/internal/attributes/DefaultMutableAttributeContainer$$Lambda+0x000001ae8182e4f0
instanceKlass  @bci org/gradle/api/plugins/JavaBasePlugin configureLibraryElements (Lorg/gradle/api/tasks/TaskProvider;Lorg/gradle/api/tasks/SourceSet;Lorg/gradle/api/artifacts/ConfigurationContainer;Lorg/gradle/api/model/ObjectFactory;)V 25 <appendix> member <vmtarget> ; # org/gradle/api/plugins/JavaBasePlugin$$Lambda+0x000001ae8182a2e0
instanceKlass  @bci org/gradle/api/plugins/JavaBasePlugin configureLibraryElements (Lorg/gradle/api/tasks/TaskProvider;Lorg/gradle/api/tasks/SourceSet;Lorg/gradle/api/artifacts/ConfigurationContainer;Lorg/gradle/api/model/ObjectFactory;)V 13 <appendix> member <vmtarget> ; # org/gradle/api/plugins/JavaBasePlugin$$Lambda+0x000001ae8182a0b8
instanceKlass  @bci org/gradle/api/plugins/JavaBasePlugin configureLibraryElements (Lorg/gradle/api/tasks/TaskProvider;Lorg/gradle/api/tasks/SourceSet;Lorg/gradle/api/artifacts/ConfigurationContainer;Lorg/gradle/api/model/ObjectFactory;)V 1 <appendix> argL0 ; # org/gradle/api/plugins/JavaBasePlugin$$Lambda+0x000001ae81829e98
instanceKlass  @bci org/gradle/api/plugins/JavaBasePlugin createClassesTask (Lorg/gradle/api/tasks/SourceSet;Lorg/gradle/api/Project;)V 20 <appendix> member <vmtarget> ; # org/gradle/api/plugins/JavaBasePlugin$$Lambda+0x000001ae81829c70
instanceKlass org/gradle/api/internal/provider/TypeSanitizingTransformer
instanceKlass  @bci org/gradle/api/internal/file/DefaultSourceDirectorySet compiledBy (Lorg/gradle/api/tasks/TaskProvider;Ljava/util/function/Function;)V 30 <appendix> member <vmtarget> ; # org/gradle/api/internal/file/DefaultSourceDirectorySet$$Lambda+0x000001ae8182dbf8
instanceKlass  @bci org/gradle/api/internal/file/DefaultSourceDirectorySet compiledBy (Lorg/gradle/api/tasks/TaskProvider;Ljava/util/function/Function;)V 9 <appendix> member <vmtarget> ; # org/gradle/api/internal/file/DefaultSourceDirectorySet$$Lambda+0x000001ae8182d9d0
instanceKlass  @bci org/gradle/api/plugins/internal/JvmPluginsHelper configureOutputDirectoryForSourceSet (Lorg/gradle/api/tasks/SourceSet;Lorg/gradle/api/file/SourceDirectorySet;Lorg/gradle/api/Project;Lorg/gradle/api/tasks/TaskProvider;Lorg/gradle/api/provider/Provider;)V 161 <appendix> argL0 ; # org/gradle/api/plugins/internal/JvmPluginsHelper$$Lambda+0x000001ae81829a30
instanceKlass  @bci org/gradle/api/plugins/internal/JvmPluginsHelper configureOutputDirectoryForSourceSet (Lorg/gradle/api/tasks/SourceSet;Lorg/gradle/api/file/SourceDirectorySet;Lorg/gradle/api/Project;Lorg/gradle/api/tasks/TaskProvider;Lorg/gradle/api/provider/Provider;)V 142 <appendix> argL0 ; # org/gradle/api/plugins/internal/JvmPluginsHelper$$Lambda+0x000001ae81829810
instanceKlass org/gradle/api/plugins/internal/JvmPluginsHelper
instanceKlass  @bci org/gradle/api/plugins/JavaBasePlugin createCompileJavaTask (Lorg/gradle/api/tasks/SourceSet;Lorg/gradle/api/file/SourceDirectorySet;Lorg/gradle/api/Project;)Lorg/gradle/api/tasks/TaskProvider; 37 <appendix> argL0 ; # org/gradle/api/plugins/JavaBasePlugin$$Lambda+0x000001ae818293e8
instanceKlass org/gradle/api/tasks/compile/CompileOptions
instanceKlass org/gradle/api/internal/tasks/compile/JavaCompileSpec
instanceKlass org/gradle/api/internal/tasks/compile/JvmLanguageCompileSpec
instanceKlass org/gradle/language/base/internal/compile/CompileSpec
instanceKlass org/gradle/api/internal/tasks/compile/incremental/recomp/RecompilationSpecProvider
instanceKlass  @bci org/gradle/api/plugins/JavaBasePlugin createCompileJavaTask (Lorg/gradle/api/tasks/SourceSet;Lorg/gradle/api/file/SourceDirectorySet;Lorg/gradle/api/Project;)Lorg/gradle/api/tasks/TaskProvider; 18 <appendix> member <vmtarget> ; # org/gradle/api/plugins/JavaBasePlugin$$Lambda+0x000001ae81828670
instanceKlass  @bci org/gradle/api/plugins/JavaBasePlugin createProcessResourcesTask (Lorg/gradle/api/tasks/SourceSet;Lorg/gradle/api/file/SourceDirectorySet;Lorg/gradle/api/Project;)V 46 <appendix> argL0 ; # org/gradle/api/plugins/JavaBasePlugin$$Lambda+0x000001ae81828450
instanceKlass java/beans/PropertyChangeListener
instanceKlass groovy/util/ObservableList
instanceKlass org/gradle/api/internal/tasks/InputChangesAwareTaskAction
instanceKlass org/gradle/api/internal/tasks/ImplementationAwareTaskAction
instanceKlass org/gradle/api/internal/tasks/TaskRequiredServices
instanceKlass org/gradle/api/internal/tasks/TaskLocalStateInternal
instanceKlass org/gradle/api/tasks/TaskLocalState
instanceKlass org/gradle/api/tasks/TaskDestroyables
instanceKlass org/gradle/api/internal/TaskOutputsInternal
instanceKlass org/gradle/api/internal/TaskInputsInternal
instanceKlass org/gradle/internal/logging/slf4j/ContextAwareTaskLogger
instanceKlass org/gradle/api/tasks/TaskInputs
instanceKlass org/gradle/api/tasks/TaskState
instanceKlass  @bci org/gradle/api/plugins/JavaBasePlugin createProcessResourcesTask (Lorg/gradle/api/tasks/SourceSet;Lorg/gradle/api/file/SourceDirectorySet;Lorg/gradle/api/Project;)V 16 <appendix> member <vmtarget> ; # org/gradle/api/plugins/JavaBasePlugin$$Lambda+0x000001ae81828228
instanceKlass  @bci java/util/regex/CharPredicates range (II)Ljava/util/regex/Pattern$CharPredicate; 2 <appendix> member <vmtarget> ; # java/util/regex/CharPredicates$$Lambda+0x000001ae815f1ee0
instanceKlass org/gradle/util/internal/TextUtil
instanceKlass  @bci org/gradle/api/plugins/JavaBasePlugin definePathsForSourceSet (Lorg/gradle/api/tasks/SourceSet;Lorg/gradle/api/Project;)V 21 <appendix> member <vmtarget> ; # org/gradle/api/plugins/JavaBasePlugin$$Lambda+0x000001ae81828000
instanceKlass org/gradle/internal/extensibility/ConventionAwareHelper$MappedPropertyImpl
instanceKlass org/gradle/api/internal/ConventionMapping$MappedProperty
instanceKlass  @bci org/gradle/api/plugins/JavaBasePlugin defineConfigurationsForSourceSet (Lorg/gradle/api/tasks/SourceSet;Lorg/gradle/api/internal/artifacts/configurations/RoleBasedConfigurationContainerInternal;)V 153 <appendix> member <vmtarget> ; # org/gradle/api/plugins/JavaBasePlugin$$Lambda+0x000001ae81822c00
instanceKlass  @bci org/gradle/api/plugins/JavaBasePlugin defineConfigurationsForSourceSet (Lorg/gradle/api/tasks/SourceSet;Lorg/gradle/api/internal/artifacts/configurations/RoleBasedConfigurationContainerInternal;)V 131 <appendix> member <vmtarget> ; # org/gradle/api/plugins/JavaBasePlugin$$Lambda+0x000001ae81823da8
instanceKlass  @bci org/gradle/api/plugins/jvm/internal/DefaultJvmPluginServices configureAsRuntimeClasspath (Lorg/gradle/api/attributes/HasConfigurableAttributes;)V 2 <appendix> argL0 ; # org/gradle/api/plugins/jvm/internal/DefaultJvmPluginServices$$Lambda+0x000001ae81823b88
instanceKlass  @bci org/gradle/api/plugins/JavaBasePlugin defineConfigurationsForSourceSet (Lorg/gradle/api/tasks/SourceSet;Lorg/gradle/api/internal/artifacts/configurations/RoleBasedConfigurationContainerInternal;)V 114 <appendix> member <vmtarget> ; # org/gradle/api/plugins/JavaBasePlugin$$Lambda+0x000001ae81823960
instanceKlass  @bci org/gradle/api/plugins/jvm/internal/DefaultJvmEcosystemAttributesDetails_Decorated $gradleInit ()V 1 <appendix> member <vmtarget> ; # org/gradle/api/plugins/jvm/internal/DefaultJvmEcosystemAttributesDetails_Decorated$$Lambda+0x000001ae81823738
instanceKlass org/gradle/api/plugins/jvm/internal/DefaultJvmEcosystemAttributesDetails
instanceKlass  @bci org/gradle/api/plugins/jvm/internal/DefaultJvmPluginServices configureAsCompileClasspath (Lorg/gradle/api/attributes/HasConfigurableAttributes;)V 2 <appendix> argL0 ; # org/gradle/api/plugins/jvm/internal/DefaultJvmPluginServices$$Lambda+0x000001ae81827cf0
instanceKlass org/gradle/api/plugins/jvm/internal/JvmEcosystemAttributesDetails
instanceKlass  @bci org/gradle/api/internal/artifacts/configurations/DefaultResolvableConfiguration_Decorated $gradleInit ()V 1 <appendix> member <vmtarget> ; # org/gradle/api/internal/artifacts/configurations/DefaultResolvableConfiguration_Decorated$$Lambda+0x000001ae818278c8
instanceKlass  @bci org/gradle/api/internal/artifacts/configurations/DefaultConfigurationContainer resolvableLocked (Ljava/lang/String;Lorg/gradle/api/Action;)Lorg/gradle/api/artifacts/ResolvableConfiguration; 10 <appendix> member <vmtarget> ; # org/gradle/api/internal/artifacts/configurations/DefaultConfigurationContainer$$Lambda+0x000001ae818261c8
instanceKlass  @bci org/gradle/api/plugins/JavaBasePlugin defineConfigurationsForSourceSet (Lorg/gradle/api/tasks/SourceSet;Lorg/gradle/api/internal/artifacts/configurations/RoleBasedConfigurationContainerInternal;)V 96 <appendix> member <vmtarget> ; # org/gradle/api/plugins/JavaBasePlugin$$Lambda+0x000001ae81825fa0
instanceKlass  @bci org/gradle/api/plugins/JavaBasePlugin defineConfigurationsForSourceSet (Lorg/gradle/api/tasks/SourceSet;Lorg/gradle/api/internal/artifacts/configurations/RoleBasedConfigurationContainerInternal;)V 74 <appendix> member <vmtarget> ; # org/gradle/api/plugins/JavaBasePlugin$$Lambda+0x000001ae81825d78
instanceKlass  @bci org/gradle/api/internal/artifacts/configurations/DefaultDependencyScopeConfiguration_Decorated $gradleInit ()V 1 <appendix> member <vmtarget> ; # org/gradle/api/internal/artifacts/configurations/DefaultDependencyScopeConfiguration_Decorated$$Lambda+0x000001ae81825b50
# instanceKlass java/lang/invoke/LambdaForm$MH+0x000001ae81822800
# instanceKlass java/lang/invoke/LambdaForm$MH+0x000001ae81822400
# instanceKlass java/lang/invoke/LambdaForm$MH+0x000001ae81822000
# instanceKlass java/lang/invoke/LambdaForm$MH+0x000001ae81821c00
# instanceKlass java/lang/invoke/LambdaForm$MH+0x000001ae81821800
# instanceKlass java/lang/invoke/LambdaForm$MH+0x000001ae81821400
# instanceKlass java/lang/invoke/LambdaForm$MH+0x000001ae81821000
# instanceKlass java/lang/invoke/LambdaForm$MH+0x000001ae81820c00
# instanceKlass java/lang/invoke/LambdaForm$MH+0x000001ae81820800
# instanceKlass java/lang/invoke/LambdaForm$MH+0x000001ae81820400
instanceKlass  @bci org/gradle/api/internal/artifacts/configurations/DefaultConfigurationContainer dependencyScopeLocked (Ljava/lang/String;Lorg/gradle/api/Action;)Lorg/gradle/api/internal/artifacts/configurations/DefaultDependencyScopeConfiguration; 10 <appendix> member <vmtarget> ; # org/gradle/api/internal/artifacts/configurations/DefaultConfigurationContainer$$Lambda+0x000001ae81824450
instanceKlass  @bci org/gradle/api/plugins/JavaBasePlugin defineConfigurationsForSourceSet (Lorg/gradle/api/tasks/SourceSet;Lorg/gradle/api/internal/artifacts/configurations/RoleBasedConfigurationContainerInternal;)V 57 <appendix> member <vmtarget> ; # org/gradle/api/plugins/JavaBasePlugin$$Lambda+0x000001ae81824228
instanceKlass  @bci org/gradle/api/internal/tasks/DefaultSourceSetOutput_Decorated $gradleInit ()V 1 <appendix> member <vmtarget> ; # org/gradle/api/internal/tasks/DefaultSourceSetOutput_Decorated$$Lambda+0x000001ae81824000
instanceKlass  @bci org/gradle/api/internal/tasks/DefaultSourceSetOutput <init> (Ljava/lang/String;Lorg/gradle/api/internal/tasks/TaskDependencyFactory;Lorg/gradle/api/internal/file/FileResolver;Lorg/gradle/api/internal/file/FileCollectionFactory;)V 88 <appendix> member <vmtarget> ; # org/gradle/api/internal/tasks/DefaultSourceSetOutput$$Lambda+0x000001ae81817cc0
instanceKlass org/gradle/api/internal/tasks/DefaultSourceSetOutput$DirectoryContribution
instanceKlass  @bci org/gradle/api/internal/tasks/DefaultSourceSet_Decorated $gradleInit ()V 1 <appendix> member <vmtarget> ; # org/gradle/api/internal/tasks/DefaultSourceSet_Decorated$$Lambda+0x000001ae81817100
instanceKlass  @bci org/gradle/api/internal/tasks/DefaultSourceSet <init> (Ljava/lang/String;Lorg/gradle/api/model/ObjectFactory;)V 220 <appendix> member <vmtarget> ; # org/gradle/api/internal/tasks/DefaultSourceSet$$Lambda+0x000001ae81816ec8
instanceKlass org/gradle/api/internal/lambdas/SerializableLambdas$SerializableSpec
instanceKlass  @bci org/gradle/api/internal/file/DefaultSourceDirectorySet_Decorated $gradleInit ()V 1 <appendix> member <vmtarget> ; # org/gradle/api/internal/file/DefaultSourceDirectorySet_Decorated$$Lambda+0x000001ae8181d7d0
instanceKlass org/gradle/api/internal/file/DefaultSourceDirectorySet$SourceDirectories
instanceKlass org/gradle/internal/typeconversion/CharSequenceNotationParser
# instanceKlass java/lang/invoke/LambdaForm$MH+0x000001ae81820000
# instanceKlass java/lang/invoke/LambdaForm$MH+0x000001ae81811c00
# instanceKlass java/lang/invoke/LambdaForm$MH+0x000001ae81811800
# instanceKlass java/lang/invoke/LambdaForm$MH+0x000001ae81811400
# instanceKlass java/lang/invoke/LambdaForm$MH+0x000001ae81811000
# instanceKlass java/lang/invoke/LambdaForm$MH+0x000001ae81810c00
instanceKlass org/gradle/model/internal/core/UnmanagedStruct
instanceKlass org/gradle/api/internal/file/collections/DirectoryFileTree
instanceKlass org/gradle/api/internal/file/collections/LocalFileTree
instanceKlass org/gradle/api/internal/file/collections/RandomAccessFileCollection
instanceKlass org/gradle/api/internal/file/collections/PatternFilterableFileTree
instanceKlass org/gradle/api/internal/jvm/ClassDirectoryBinaryNamingScheme
instanceKlass org/gradle/api/file/FileTreeElement
instanceKlass org/gradle/api/tasks/SourceSetOutput
instanceKlass org/gradle/api/internal/tasks/DefaultSourceSet
instanceKlass  @bci org/gradle/jvm/component/internal/DefaultJvmSoftwareComponent_Decorated $gradleInit ()V 1 <appendix> member <vmtarget> ; # org/gradle/jvm/component/internal/DefaultJvmSoftwareComponent_Decorated$$Lambda+0x000001ae818159b8
instanceKlass org/gradle/api/internal/component/UsageContext
instanceKlass org/gradle/api/component/SoftwareComponentVariant
instanceKlass  @bci org/gradle/api/internal/AbstractPolymorphicDomainObjectContainer$NamedDomainObjectCreatingProvider_Decorated $gradleInit ()V 1 <appendix> member <vmtarget> ; # org/gradle/api/internal/AbstractPolymorphicDomainObjectContainer$NamedDomainObjectCreatingProvider_Decorated$$Lambda+0x000001ae81807a58
instanceKlass  @bci org/gradle/api/plugins/JavaPlugin createJavaComponent (Lorg/gradle/api/internal/project/ProjectInternal;Lorg/gradle/api/tasks/SourceSetContainer;)Lorg/gradle/jvm/component/internal/JvmSoftwareComponentInternal; 12 <appendix> member <vmtarget> ; # org/gradle/api/plugins/JavaPlugin$$Lambda+0x000001ae81815060
instanceKlass org/gradle/api/publish/internal/component/DefaultAdhocSoftwareComponent
instanceKlass org/gradle/api/internal/component/SoftwareComponentInternal
instanceKlass org/gradle/api/component/AdhocComponentWithVariants
instanceKlass  @bci org/gradle/api/internal/component/DefaultSoftwareComponentContainer_Decorated $gradleInit ()V 1 <appendix> member <vmtarget> ; # org/gradle/api/internal/component/DefaultSoftwareComponentContainer_Decorated$$Lambda+0x000001ae81813a58
# instanceKlass java/lang/invoke/LambdaForm$MH+0x000001ae81810800
instanceKlass org/gradle/api/internal/component/SoftwareComponentContainerInternal
instanceKlass  @bci org/gradle/api/plugins/JvmTestSuitePlugin apply (Lorg/gradle/api/Project;)V 112 <appendix> argL0 ; # org/gradle/api/plugins/JvmTestSuitePlugin$$Lambda+0x000001ae81814850
instanceKlass org/gradle/api/plugins/jvm/internal/DefaultJvmTestSuite
instanceKlass  @bci org/gradle/api/plugins/JvmTestSuitePlugin apply (Lorg/gradle/api/Project;)V 57 <appendix> member <vmtarget> ; # org/gradle/api/plugins/JvmTestSuitePlugin$$Lambda+0x000001ae81814228
instanceKlass  @bci org/gradle/testing/base/plugins/TestSuiteBasePlugin apply (Lorg/gradle/api/Project;)V 30 <appendix> member <vmtarget> ; # org/gradle/testing/base/plugins/TestSuiteBasePlugin$$Lambda+0x000001ae81814000
instanceKlass  @bci org/gradle/api/internal/DefaultPolymorphicDomainObjectContainer_Decorated $gradleInit ()V 1 <appendix> member <vmtarget> ; # org/gradle/api/internal/DefaultPolymorphicDomainObjectContainer_Decorated$$Lambda+0x000001ae81806f18
# instanceKlass java/lang/invoke/LambdaForm$MH+0x000001ae81810400
# instanceKlass java/lang/invoke/LambdaForm$MH+0x000001ae81810000
instanceKlass  @bci org/gradle/testing/base/TestingExtension_Decorated $gradleInit ()V 1 <appendix> member <vmtarget> ; # org/gradle/testing/base/TestingExtension_Decorated$$Lambda+0x000001ae8180dbd8
instanceKlass org/gradle/testing/base/TestingExtension_Decorated
instanceKlass org/gradle/testing/base/TestingExtension
instanceKlass  @bci org/gradle/testing/base/plugins/TestSuiteBasePlugin_Decorated $gradleInit ()V 1 <appendix> member <vmtarget> ; # org/gradle/testing/base/plugins/TestSuiteBasePlugin_Decorated$$Lambda+0x000001ae8180fad8
instanceKlass org/gradle/testing/base/plugins/TestSuiteBasePlugin
instanceKlass  @bci org/gradle/api/plugins/JvmTestSuitePlugin_Decorated $gradleInit ()V 1 <appendix> member <vmtarget> ; # org/gradle/api/plugins/JvmTestSuitePlugin_Decorated$$Lambda+0x000001ae8180f2a0
instanceKlass org/gradle/api/plugins/jvm/JvmTestSuiteTarget
instanceKlass org/gradle/testing/base/TestSuiteTarget
instanceKlass org/gradle/api/plugins/JvmTestSuitePlugin
instanceKlass  @bci org/gradle/api/plugins/JavaBasePlugin configureJavaExecTasks (Lorg/gradle/api/Project;)V 16 <appendix> member <vmtarget> ; # org/gradle/api/plugins/JavaBasePlugin$$Lambda+0x000001ae8180e668
instanceKlass  @bci org/gradle/api/plugins/JavaBasePlugin configureArchiveDefaults (Lorg/gradle/api/Project;)V 33 <appendix> member <vmtarget> ; # org/gradle/api/plugins/JavaBasePlugin$$Lambda+0x000001ae8180e440
instanceKlass  @bci org/gradle/api/plugins/JavaBasePlugin configureBuildDependents (Lorg/gradle/api/Project;)V 9 <appendix> argL0 ; # org/gradle/api/plugins/JavaBasePlugin$$Lambda+0x000001ae8180e220
instanceKlass  @bci org/gradle/api/plugins/JavaBasePlugin configureBuildNeeded (Lorg/gradle/api/Project;)V 9 <appendix> argL0 ; # org/gradle/api/plugins/JavaBasePlugin$$Lambda+0x000001ae8180e000
instanceKlass  @bci org/gradle/api/plugins/JavaBasePlugin configureTest (Lorg/gradle/api/Project;Lorg/gradle/api/plugins/JavaPluginExtension;)V 17 <appendix> member <vmtarget> ; # org/gradle/api/plugins/JavaBasePlugin$$Lambda+0x000001ae817ffbe0
instanceKlass  @bci org/gradle/api/plugins/JavaBasePlugin configureJavaDoc (Lorg/gradle/api/Project;Lorg/gradle/api/plugins/JavaPluginExtension;)V 17 <appendix> member <vmtarget> ; # org/gradle/api/plugins/JavaBasePlugin$$Lambda+0x000001ae817ff9b8
instanceKlass  @bci org/gradle/api/plugins/JavaBasePlugin configureSourceSetDefaults (Lorg/gradle/api/Project;Lorg/gradle/api/plugins/JavaPluginExtension;)V 8 <appendix> member <vmtarget> ; # org/gradle/api/plugins/JavaBasePlugin$$Lambda+0x000001ae817ff790
instanceKlass  @bci org/gradle/api/plugins/JavaBasePlugin configureCompileDefaults (Lorg/gradle/api/Project;Lorg/gradle/api/plugins/internal/DefaultJavaPluginExtension;)V 15 <appendix> member <vmtarget> ; # org/gradle/api/plugins/JavaBasePlugin$$Lambda+0x000001ae817ff568
instanceKlass  @bci org/gradle/api/plugins/internal/DefaultJavaPluginExtension_Decorated $gradleInit ()V 1 <appendix> member <vmtarget> ; # org/gradle/api/plugins/internal/DefaultJavaPluginExtension_Decorated$$Lambda+0x000001ae817ff340
instanceKlass  @bci org/gradle/internal/jvm/DefaultModularitySpec_Decorated $gradleInit ()V 1 <appendix> member <vmtarget> ; # org/gradle/internal/jvm/DefaultModularitySpec_Decorated$$Lambda+0x000001ae818054e8
instanceKlass org/gradle/internal/jvm/DefaultModularitySpec
instanceKlass org/gradle/api/jvm/ModularitySpec
instanceKlass org/gradle/api/java/archives/Manifest
instanceKlass  @bci org/gradle/jvm/toolchain/internal/DefaultToolchainSpec_Decorated $gradleInit ()V 1 <appendix> member <vmtarget> ; # org/gradle/jvm/toolchain/internal/DefaultToolchainSpec_Decorated$$Lambda+0x000001ae818048a8
instanceKlass  @bci org/gradle/jvm/toolchain/internal/DefaultJavaToolchainService_Decorated $gradleInit ()V 1 <appendix> member <vmtarget> ; # org/gradle/jvm/toolchain/internal/DefaultJavaToolchainService_Decorated$$Lambda+0x000001ae817fe990
# instanceKlass java/lang/invoke/LambdaForm$MH+0x000001ae8180d400
# instanceKlass java/lang/invoke/LambdaForm$MH+0x000001ae8180d000
# instanceKlass java/lang/invoke/LambdaForm$MH+0x000001ae8180cc00
# instanceKlass java/lang/invoke/LambdaForm$MH+0x000001ae8180c800
# instanceKlass java/lang/invoke/LambdaForm$MH+0x000001ae8180c400
instanceKlass org/gradle/language/java/internal/JavadocServices$JavadocProjectScopeServices$1
instanceKlass org/gradle/api/internal/tasks/compile/daemon/CompilerWorkerExecutor
instanceKlass org/gradle/language/base/internal/compile/Compiler
instanceKlass org/gradle/api/internal/tasks/compile/DefaultJavaCompilerFactory
# instanceKlass java/lang/invoke/LambdaForm$MH+0x000001ae8180c000
# instanceKlass java/lang/invoke/LambdaForm$MH+0x000001ae8180bc00
# instanceKlass java/lang/invoke/LambdaForm$MH+0x000001ae8180b800
# instanceKlass java/lang/invoke/LambdaForm$MH+0x000001ae8180b400
# instanceKlass java/lang/invoke/LambdaForm$MH+0x000001ae8180b000
# instanceKlass java/lang/invoke/LambdaForm$MH+0x000001ae8180ac00
# instanceKlass java/lang/invoke/LambdaForm$MH+0x000001ae8180a800
# instanceKlass java/lang/invoke/LambdaForm$MH+0x000001ae8180a400
# instanceKlass java/lang/invoke/LambdaForm$MH+0x000001ae8180a000
instanceKlass org/gradle/api/internal/tasks/compile/processing/AnnotationProcessorDeclarationSerializer
instanceKlass org/gradle/api/internal/tasks/compile/processing/AnnotationProcessorDetector$ProcessorServiceLocator
instanceKlass org/gradle/process/internal/worker/child/DefaultWorkerDirectoryProvider
# instanceKlass java/lang/invoke/LambdaForm$MH+0x000001ae81809c00
# instanceKlass java/lang/invoke/LambdaForm$MH+0x000001ae81809800
# instanceKlass java/lang/invoke/LambdaForm$MH+0x000001ae81809400
# instanceKlass java/lang/invoke/LambdaForm$MH+0x000001ae81809000
# instanceKlass java/lang/invoke/LambdaForm$MH+0x000001ae81808c00
# instanceKlass java/lang/invoke/LambdaForm$MH+0x000001ae81808800
# instanceKlass java/lang/invoke/LambdaForm$MH+0x000001ae81808400
# instanceKlass java/lang/invoke/LambdaForm$MH+0x000001ae81808000
instanceKlass org/gradle/workers/internal/WorkerDaemonClientCancellationHandler$KillWorkers
instanceKlass org/gradle/workers/internal/WorkerDaemonExpiration
instanceKlass org/gradle/workers/internal/WorkerDaemonClientsManager$LogLevelChangeEventListener
instanceKlass org/gradle/workers/internal/WorkerDaemonClientsManager$StopSessionScopedWorkers
instanceKlass org/gradle/workers/internal/WorkerDaemonStarter
instanceKlass  @bci org/gradle/workers/internal/WorkerDaemonClientsManager <clinit> ()V 16 <appendix> argL0 ; # org/gradle/workers/internal/WorkerDaemonClientsManager$$Lambda+0x000001ae817fcf98
instanceKlass  @bci org/gradle/workers/internal/WorkerDaemonClientsManager <clinit> ()V 8 <appendix> argL0 ; # org/gradle/workers/internal/WorkerDaemonClientsManager$$Lambda+0x000001ae817fcd68
instanceKlass  @cpi java/security/spec/EncodedKeySpec 79 form vmentry <vmtarget> ; # java/lang/invoke/LambdaForm$DMH+0x000001ae81803c00
instanceKlass org/gradle/workers/internal/WorkerDaemonClient
instanceKlass org/gradle/process/internal/health/memory/MemoryHolder
# instanceKlass java/lang/invoke/LambdaForm$MH+0x000001ae81803800
# instanceKlass java/lang/invoke/LambdaForm$MH+0x000001ae81803400
# instanceKlass java/lang/invoke/LambdaForm$MH+0x000001ae81803000
# instanceKlass java/lang/invoke/LambdaForm$MH+0x000001ae81802c00
# instanceKlass java/lang/invoke/LambdaForm$MH+0x000001ae81802800
# instanceKlass java/lang/invoke/LambdaForm$MH+0x000001ae81802400
# instanceKlass java/lang/invoke/LambdaForm$MH+0x000001ae81802000
instanceKlass org/gradle/workers/internal/DefaultActionExecutionSpecFactory
instanceKlass org/gradle/process/internal/worker/child/ApplicationClassesInSystemClassLoaderWorkerImplementationFactory
instanceKlass org/gradle/process/internal/worker/MultiRequestWorkerProcessBuilder
instanceKlass org/gradle/process/internal/worker/WorkerProcessBuilder
instanceKlass org/gradle/process/internal/worker/WorkerProcessSettings
instanceKlass org/gradle/process/internal/worker/DefaultWorkerProcessFactory
# instanceKlass java/lang/invoke/LambdaForm$MH+0x000001ae81801c00
# instanceKlass java/lang/invoke/LambdaForm$MH+0x000001ae81801800
# instanceKlass java/lang/invoke/LambdaForm$MH+0x000001ae81801400
# instanceKlass java/lang/invoke/LambdaForm$MH+0x000001ae81801000
# instanceKlass java/lang/invoke/LambdaForm$MH+0x000001ae81800c00
# instanceKlass java/lang/invoke/LambdaForm$MH+0x000001ae81800800
# instanceKlass java/lang/invoke/LambdaForm$MH+0x000001ae81800400
# instanceKlass java/lang/invoke/LambdaForm$MH+0x000001ae81800000
# instanceKlass java/lang/invoke/LambdaForm$MH+0x000001ae817f8c00
# instanceKlass java/lang/invoke/LambdaForm$MH+0x000001ae817f8800
instanceKlass org/gradle/process/internal/health/memory/DefaultMemoryManager$MemoryCheck
instanceKlass org/gradle/process/internal/health/memory/DefaultMemoryManager$OsMemoryListener
instanceKlass org/gradle/process/internal/health/memory/DefaultAvailableOsMemoryStatusAspect
instanceKlass org/gradle/process/internal/health/memory/OsMemoryStatusAspect$Available
instanceKlass org/gradle/process/internal/health/memory/OsMemoryStatusSnapshot
instanceKlass net/rubygrapefruit/platform/internal/jni/WindowsMemoryFunctions
instanceKlass net/rubygrapefruit/platform/internal/DefaultWindowsMemoryInfo
instanceKlass net/rubygrapefruit/platform/memory/WindowsMemoryInfo
instanceKlass net/rubygrapefruit/platform/memory/MemoryInfo
instanceKlass net/rubygrapefruit/platform/internal/DefaultWindowsMemory
instanceKlass net/rubygrapefruit/platform/memory/WindowsMemory
instanceKlass org/gradle/process/internal/health/memory/JvmMemoryStatusListener
instanceKlass org/gradle/process/internal/health/memory/OsMemoryStatusAspect
instanceKlass org/gradle/process/internal/health/memory/DefaultMemoryManager
instanceKlass org/gradle/process/internal/health/memory/JvmMemoryStatus
instanceKlass org/gradle/process/internal/health/memory/DefaultJvmMemoryInfo
instanceKlass org/gradle/process/internal/health/memory/OsMemoryStatus
instanceKlass org/gradle/process/internal/health/memory/WindowsOsMemoryInfo
instanceKlass org/gradle/process/internal/health/memory/MBeanAttributeProvider
instanceKlass org/gradle/process/internal/health/memory/DefaultOsMemoryInfo
instanceKlass org/gradle/internal/jvm/inspection/DefaultJvmVersionDetector
instanceKlass org/gradle/internal/remote/internal/hub/MessageHubBackedServer
instanceKlass org/gradle/jvm/toolchain/JavadocTool
instanceKlass org/gradle/jvm/toolchain/internal/JavaToolchain
instanceKlass org/gradle/jvm/toolchain/JavaInstallationMetadata
instanceKlass  @bci org/gradle/api/plugins/JvmToolchainsPlugin_Decorated $gradleInit ()V 1 <appendix> member <vmtarget> ; # org/gradle/api/plugins/JvmToolchainsPlugin_Decorated$$Lambda+0x000001ae817fc000
# instanceKlass java/lang/invoke/LambdaForm$MH+0x000001ae817f8400
# instanceKlass java/lang/invoke/LambdaForm$MH+0x000001ae817f8000
# instanceKlass java/lang/invoke/LambdaForm$MH+0x000001ae817f3c00
instanceKlass org/gradle/jvm/toolchain/internal/JavaToolchainQueryService$1
instanceKlass  @bci org/gradle/jvm/toolchain/internal/CurrentJvmToolchainSpec_Decorated $gradleInit ()V 1 <appendix> member <vmtarget> ; # org/gradle/jvm/toolchain/internal/CurrentJvmToolchainSpec_Decorated$$Lambda+0x000001ae817f63d8
instanceKlass  @bci org/gradle/jvm/toolchain/internal/DefaultJvmVendorSpec <init> ()V 15 <appendix> argL0 ; # org/gradle/jvm/toolchain/internal/DefaultJvmVendorSpec$$Lambda+0x000001ae817f6188
instanceKlass  @bci org/gradle/jvm/toolchain/internal/DefaultJvmVendorSpec <init> (Lorg/gradle/internal/jvm/inspection/JvmVendor$KnownJvmVendor;Ljava/lang/String;)V 16 <appendix> member <vmtarget> ; # org/gradle/jvm/toolchain/internal/DefaultJvmVendorSpec$$Lambda+0x000001ae817f5f30
instanceKlass org/gradle/internal/jvm/inspection/JvmVendor$1
instanceKlass org/gradle/internal/jvm/inspection/JvmVendor
instanceKlass org/gradle/jvm/toolchain/JvmImplementation
instanceKlass org/gradle/jvm/toolchain/JvmVendorSpec
instanceKlass  @bci org/gradle/internal/jvm/inspection/DefaultJavaInstallationRegistry <init> (Lorg/gradle/jvm/toolchain/internal/ToolchainConfiguration;Ljava/util/List;Ljava/util/List;Lorg/gradle/internal/jvm/inspection/JvmMetadataDetector;Lorg/gradle/api/logging/Logger;Lorg/gradle/internal/operations/BuildOperationRunner;Lorg/gradle/internal/os/OperatingSystem;Lorg/gradle/internal/logging/progress/ProgressLoggerFactory;Lorg/gradle/internal/jvm/inspection/JvmInstallationProblemReporter;)V 58 <appendix> member <vmtarget> ; # org/gradle/internal/jvm/inspection/DefaultJavaInstallationRegistry$$Lambda+0x000001ae817f4960
instanceKlass org/gradle/internal/jvm/inspection/DefaultJavaInstallationRegistry$Installations
instanceKlass  @bci org/gradle/jvm/internal/services/ProviderBackedToolchainConfiguration isAutoDetectEnabled ()Z 6 <appendix> argL0 ; # org/gradle/jvm/internal/services/ProviderBackedToolchainConfiguration$$Lambda+0x000001ae817e7c98
instanceKlass org/gradle/jvm/toolchain/internal/AutoInstalledInstallationSupplier
instanceKlass org/gradle/jvm/toolchain/internal/CurrentInstallationSupplier
instanceKlass org/gradle/jvm/toolchain/internal/LocationListInstallationSupplier
instanceKlass org/gradle/jvm/toolchain/internal/EnvironmentVariableJavaHomeInstallationSupplier
instanceKlass org/gradle/jvm/toolchain/internal/EnvironmentVariableListInstallationSupplier
# instanceKlass java/lang/invoke/LambdaForm$MH+0x000001ae817f3800
# instanceKlass java/lang/invoke/LambdaForm$MH+0x000001ae817f3400
# instanceKlass java/lang/invoke/LambdaForm$MH+0x000001ae817f3000
# instanceKlass java/lang/invoke/LambdaForm$MH+0x000001ae817f2c00
# instanceKlass java/lang/invoke/LambdaForm$MH+0x000001ae817f2800
# instanceKlass java/lang/invoke/LambdaForm$MH+0x000001ae817f2400
# instanceKlass java/lang/invoke/LambdaForm$MH+0x000001ae817f2000
# instanceKlass java/lang/invoke/LambdaForm$MH+0x000001ae817f1c00
# instanceKlass java/lang/invoke/LambdaForm$MH+0x000001ae817f1800
instanceKlass  @bci org/gradle/jvm/toolchain/internal/install/DefaultJavaToolchainProvisioningService <init> (Lorg/gradle/jvm/toolchain/JavaToolchainResolverRegistry;Lorg/gradle/jvm/toolchain/internal/install/SecureFileDownloader;Lorg/gradle/jvm/toolchain/internal/JdkCacheDirectory;Lorg/gradle/api/provider/ProviderFactory;Lorg/gradle/jvm/toolchain/internal/ToolchainConfiguration;Lorg/gradle/internal/operations/BuildOperationRunner;Lorg/gradle/platform/internal/CurrentBuildPlatform;)V 35 <appendix> member <vmtarget> ; # org/gradle/jvm/toolchain/internal/install/DefaultJavaToolchainProvisioningService$$Lambda+0x000001ae817e7a70
# instanceKlass java/lang/invoke/LambdaForm$MH+0x000001ae817f1400
# instanceKlass java/lang/invoke/LambdaForm$MH+0x000001ae817f1000
# instanceKlass java/lang/invoke/LambdaForm$MH+0x000001ae817f0c00
# instanceKlass java/lang/invoke/LambdaForm$MH+0x000001ae817f0800
# instanceKlass java/lang/invoke/LambdaForm$MH+0x000001ae817f0400
# instanceKlass java/lang/invoke/LambdaForm$MH+0x000001ae817f0000
# instanceKlass java/lang/invoke/LambdaForm$MH+0x000001ae817efc00
instanceKlass org/gradle/platform/internal/CurrentBuildPlatform$1
instanceKlass net/rubygrapefruit/platform/internal/MutableSystemInfo
instanceKlass net/rubygrapefruit/platform/internal/DefaultSystemInfo
instanceKlass org/gradle/internal/jvm/inspection/JavaInstallationCapability$1
instanceKlass  @bci java/util/function/Function andThen (Ljava/util/function/Function;)Ljava/util/function/Function; 7 <appendix> member <vmtarget> ; # java/util/function/Function$$Lambda+0x000001ae815f1a68
instanceKlass  @bci org/gradle/internal/RenderingUtils oxfordJoin (Ljava/lang/String;)Ljava/util/stream/Collector; 4 <appendix> member <vmtarget> ; # org/gradle/internal/RenderingUtils$$Lambda+0x000001ae817e2bb8
instanceKlass org/gradle/internal/RenderingUtils
instanceKlass  @bci org/gradle/jvm/toolchain/internal/install/DefaultJdkCacheDirectory <clinit> ()V 16 <appendix> argL0 ; # org/gradle/jvm/toolchain/internal/install/DefaultJdkCacheDirectory$$Lambda+0x000001ae817e2770
instanceKlass org/gradle/jvm/toolchain/internal/install/DefaultJdkCacheDirectory
# instanceKlass java/lang/invoke/LambdaForm$MH+0x000001ae817ef800
# instanceKlass java/lang/invoke/LambdaForm$MH+0x000001ae817ef400
# instanceKlass java/lang/invoke/LambdaForm$MH+0x000001ae817ef000
# instanceKlass java/lang/invoke/LambdaForm$MH+0x000001ae817eec00
# instanceKlass java/lang/invoke/LambdaForm$MH+0x000001ae817ee800
# instanceKlass java/lang/invoke/LambdaForm$MH+0x000001ae817ee400
# instanceKlass java/lang/invoke/LambdaForm$MH+0x000001ae817ee000
# instanceKlass java/lang/invoke/LambdaForm$MH+0x000001ae817edc00
# instanceKlass java/lang/invoke/LambdaForm$MH+0x000001ae817ed800
# instanceKlass java/lang/invoke/LambdaForm$MH+0x000001ae817ed400
# instanceKlass java/lang/invoke/LambdaForm$MH+0x000001ae817ed000
# instanceKlass java/lang/invoke/LambdaForm$MH+0x000001ae817ecc00
# instanceKlass java/lang/invoke/LambdaForm$MH+0x000001ae817ec800
# instanceKlass java/lang/invoke/LambdaForm$MH+0x000001ae817ec400
# instanceKlass java/lang/invoke/LambdaForm$MH+0x000001ae817ec000
# instanceKlass java/lang/invoke/LambdaForm$MH+0x000001ae817ebc00
# instanceKlass java/lang/invoke/LambdaForm$MH+0x000001ae817eb800
# instanceKlass java/lang/invoke/LambdaForm$MH+0x000001ae817eb400
# instanceKlass java/lang/invoke/LambdaForm$MH+0x000001ae817eb000
# instanceKlass java/lang/invoke/LambdaForm$MH+0x000001ae817eac00
# instanceKlass java/lang/invoke/LambdaForm$MH+0x000001ae817ea800
# instanceKlass java/lang/invoke/LambdaForm$MH+0x000001ae817ea400
# instanceKlass java/lang/invoke/LambdaForm$MH+0x000001ae817ea000
# instanceKlass java/lang/invoke/LambdaForm$BMH+0x000001ae817e9c00
# instanceKlass java/lang/invoke/LambdaForm$DMH+0x000001ae817e9800
# instanceKlass java/lang/invoke/LambdaForm$DMH+0x000001ae817e9400
# instanceKlass java/lang/invoke/LambdaForm$MH+0x000001ae817e9000
# instanceKlass java/lang/invoke/LambdaForm$MH+0x000001ae817e8c00
# instanceKlass java/lang/invoke/LambdaForm$MH+0x000001ae817e8800
# instanceKlass java/lang/invoke/LambdaForm$MH+0x000001ae817e8400
# instanceKlass java/lang/invoke/LambdaForm$MH+0x000001ae817e8000
instanceKlass  @bci org/gradle/jvm/toolchain/internal/DefaultJavaToolchainResolverRegistry_Decorated $gradleInit ()V 1 <appendix> member <vmtarget> ; # org/gradle/jvm/toolchain/internal/DefaultJavaToolchainResolverRegistry_Decorated$$Lambda+0x000001ae817e7848
instanceKlass  @bci org/gradle/jvm/toolchain/internal/DefaultJavaToolchainRepositoryHandler_Decorated $gradleInit ()V 1 <appendix> member <vmtarget> ; # org/gradle/jvm/toolchain/internal/DefaultJavaToolchainRepositoryHandler_Decorated$$Lambda+0x000001ae817e7620
instanceKlass org/gradle/jvm/toolchain/internal/DefaultJavaToolchainRepositoryHandler$RepositoryNamer
# instanceKlass java/lang/invoke/LambdaForm$MH+0x000001ae817e6c00
instanceKlass org/gradle/jvm/toolchain/internal/JavaToolchainRepositoryInternal
# instanceKlass java/lang/invoke/LambdaForm$MH+0x000001ae817e6800
# instanceKlass java/lang/invoke/LambdaForm$MH+0x000001ae817e6400
# instanceKlass java/lang/invoke/LambdaForm$MH+0x000001ae817e6000
# instanceKlass java/lang/invoke/LambdaForm$MH+0x000001ae817e5c00
# instanceKlass java/lang/invoke/LambdaForm$MH+0x000001ae817e5800
instanceKlass  @bci org/gradle/jvm/toolchain/internal/DefaultJavaToolchainResolverRegistry <clinit> ()V 0 <appendix> argL0 ; # org/gradle/jvm/toolchain/internal/DefaultJavaToolchainResolverRegistry$$Lambda+0x000001ae817dae98
instanceKlass org/gradle/jvm/toolchain/internal/DefaultJavaToolchainRepositoryHandler
instanceKlass org/gradle/jvm/toolchain/internal/RealizedJavaToolchainRepository
instanceKlass org/gradle/jvm/toolchain/JavaToolchainRepository
instanceKlass org/gradle/jvm/toolchain/internal/JavaToolchainRepositoryHandlerInternal
instanceKlass org/gradle/jvm/toolchain/JavaToolchainRepositoryHandler
instanceKlass org/gradle/jvm/toolchain/internal/DefaultJavaToolchainResolverRegistry
# instanceKlass java/lang/invoke/LambdaForm$MH+0x000001ae817e5400
# instanceKlass java/lang/invoke/LambdaForm$MH+0x000001ae817e5000
# instanceKlass java/lang/invoke/LambdaForm$MH+0x000001ae817e4c00
# instanceKlass java/lang/invoke/LambdaForm$MH+0x000001ae817e4800
# instanceKlass java/lang/invoke/LambdaForm$MH+0x000001ae817e4400
# instanceKlass java/lang/invoke/LambdaForm$MH+0x000001ae817e4000
instanceKlass net/rubygrapefruit/platform/internal/DefaultWindowsRegistry
instanceKlass  @bci javax/xml/parsers/FactoryFinder newInstance (Ljava/lang/Class;Ljava/lang/String;Ljava/lang/ClassLoader;ZZ)Ljava/lang/Object; 104 <appendix> member <vmtarget> ; # javax/xml/parsers/FactoryFinder$$Lambda+0x000001ae815f1840
instanceKlass  @bci javax/xml/parsers/FactoryFinder find (Ljava/lang/Class;Ljava/lang/String;)Ljava/lang/Object; 104 <appendix> member <vmtarget> ; # javax/xml/parsers/FactoryFinder$$Lambda+0x000001ae815f1360
instanceKlass javax/xml/parsers/FactoryFinder$1
instanceKlass  @bci javax/xml/parsers/FactoryFinder find (Ljava/lang/Class;Ljava/lang/String;)Ljava/lang/Object; 6 <appendix> member <vmtarget> ; # javax/xml/parsers/FactoryFinder$$Lambda+0x000001ae815f0f08
instanceKlass javax/xml/parsers/FactoryFinder
instanceKlass javax/xml/parsers/DocumentBuilderFactory
instanceKlass  @bci javax/xml/xpath/XPathFactoryFinder newFactory (Ljava/lang/String;)Ljavax/xml/xpath/XPathFactory; 24 <appendix> member <vmtarget> ; # javax/xml/xpath/XPathFactoryFinder$$Lambda+0x000001ae815f0828
instanceKlass com/sun/org/apache/xerces/internal/utils/XMLSecurityPropertyManager
instanceKlass jdk/xml/internal/XMLSecurityManager
instanceKlass jdk/xml/internal/JdkXmlFeatures
instanceKlass  @bci javax/xml/xpath/XPathFactoryFinder _newFactory (Ljava/lang/String;)Ljavax/xml/xpath/XPathFactory; 154 <appendix> argL0 ; # javax/xml/xpath/XPathFactoryFinder$$Lambda+0x000001ae815edb28
instanceKlass javax/xml/xpath/XPathFactoryFinder$2
instanceKlass  @bci jdk/xml/internal/SecuritySupport getFileInputStream (Ljava/io/File;)Ljava/io/FileInputStream; 1 <appendix> member <vmtarget> ; # jdk/xml/internal/SecuritySupport$$Lambda+0x000001ae815ed6c8
instanceKlass  @bci jdk/xml/internal/SecuritySupport doesFileExist (Ljava/io/File;)Z 1 <appendix> member <vmtarget> ; # jdk/xml/internal/SecuritySupport$$Lambda+0x000001ae815ed4a0
instanceKlass  @bci javax/xml/xpath/XPathFactoryFinder _newFactory (Ljava/lang/String;)Ljavax/xml/xpath/XPathFactory; 58 <appendix> argL0 ; # javax/xml/xpath/XPathFactoryFinder$$Lambda+0x000001ae815ed280
instanceKlass  @bci javax/xml/xpath/XPathFactoryFinder _newFactory (Ljava/lang/String;)Ljavax/xml/xpath/XPathFactory; 16 <appendix> member <vmtarget> ; # javax/xml/xpath/XPathFactoryFinder$$Lambda+0x000001ae815ed058
instanceKlass  @bci jdk/xml/internal/SecuritySupport getSystemProperty (Ljava/lang/String;)Ljava/lang/String; 1 <appendix> member <vmtarget> ; # jdk/xml/internal/SecuritySupport$$Lambda+0x000001ae815ece30
instanceKlass javax/xml/xpath/XPathFactoryFinder
instanceKlass  @bci jdk/xml/internal/SecuritySupport getContextClassLoader ()Ljava/lang/ClassLoader; 0 <appendix> argL0 ; # jdk/xml/internal/SecuritySupport$$Lambda+0x000001ae815ec9f0
instanceKlass jdk/xml/internal/SecuritySupport
instanceKlass javax/xml/xpath/XPathFactory
instanceKlass org/gradle/internal/xml/XmlFactories
instanceKlass  @bci org/gradle/api/internal/provider/DefaultProviderFactory gradleProperty (Ljava/lang/String;)Lorg/gradle/api/provider/Provider; 16 <appendix> member <vmtarget> ; # org/gradle/api/internal/provider/DefaultProviderFactory$$Lambda+0x000001ae817e0940
instanceKlass  @bci org/gradle/api/internal/provider/DefaultProviderFactory gradleProperty (Ljava/lang/String;)Lorg/gradle/api/provider/Provider; 7 <appendix> member <vmtarget> ; # org/gradle/api/internal/provider/DefaultProviderFactory$$Lambda+0x000001ae817c7ca8
instanceKlass org/gradle/api/internal/provider/Providers$SerializableCallable
instanceKlass org/gradle/api/plugins/JvmToolchainsPlugin
instanceKlass org/gradle/api/internal/plugins/DslObject
instanceKlass  @bci org/gradle/api/reporting/ReportingExtension_Decorated $gradleInit ()V 1 <appendix> member <vmtarget> ; # org/gradle/api/reporting/ReportingExtension_Decorated$$Lambda+0x000001ae817dfd78
instanceKlass org/gradle/api/reporting/ReportSpec
instanceKlass org/gradle/api/reporting/ReportingExtension
instanceKlass  @bci org/gradle/api/plugins/ReportingBasePlugin_Decorated $gradleInit ()V 1 <appendix> member <vmtarget> ; # org/gradle/api/plugins/ReportingBasePlugin_Decorated$$Lambda+0x000001ae817df370
instanceKlass org/gradle/api/plugins/ReportingBasePlugin
instanceKlass  @bci org/gradle/api/internal/artifacts/type/DefaultArtifactTypeContainer$DefaultArtifactTypeDefinition_Decorated $gradleInit ()V 1 <appendix> member <vmtarget> ; # org/gradle/api/internal/artifacts/type/DefaultArtifactTypeContainer$DefaultArtifactTypeDefinition_Decorated$$Lambda+0x000001ae817deb38
instanceKlass org/gradle/api/internal/artifacts/type/DefaultArtifactTypeContainer$DefaultArtifactTypeDefinition
instanceKlass  @bci org/gradle/api/internal/artifacts/type/DefaultArtifactTypeContainer_Decorated $gradleInit ()V 1 <appendix> member <vmtarget> ; # org/gradle/api/internal/artifacts/type/DefaultArtifactTypeContainer_Decorated$$Lambda+0x000001ae817d7c30
instanceKlass org/gradle/internal/service/scopes/DefaultProjectFinder
instanceKlass  @bci org/gradle/api/plugins/JvmEcosystemPlugin_Decorated $gradleInit ()V 1 <appendix> member <vmtarget> ; # org/gradle/api/plugins/JvmEcosystemPlugin_Decorated$$Lambda+0x000001ae817d7a08
instanceKlass  @bci org/gradle/api/internal/tasks/DefaultSourceSetContainer_Decorated $gradleInit ()V 1 <appendix> member <vmtarget> ; # org/gradle/api/internal/tasks/DefaultSourceSetContainer_Decorated$$Lambda+0x000001ae817d77e0
instanceKlass org/gradle/api/internal/tasks/DefaultSourceSetContainer$1
# instanceKlass java/lang/invoke/LambdaForm$MH+0x000001ae817d9c00
# instanceKlass java/lang/invoke/LambdaForm$MH+0x000001ae817d9800
# instanceKlass java/lang/invoke/LambdaForm$MH+0x000001ae817d9400
# instanceKlass java/lang/invoke/LambdaForm$MH+0x000001ae817d9000
# instanceKlass java/lang/invoke/LambdaForm$MH+0x000001ae817d8c00
# instanceKlass java/lang/invoke/LambdaForm$MH+0x000001ae817d8800
instanceKlass org/gradle/api/plugins/JvmEcosystemPlugin
instanceKlass  @bci org/gradle/api/plugins/BasePlugin configureConfigurations (Lorg/gradle/api/Project;)V 67 <appendix> member <vmtarget> ; # org/gradle/api/plugins/BasePlugin$$Lambda+0x000001ae817d48d8
instanceKlass  @bci org/gradle/api/internal/artifacts/configurations/DefaultConfigurationContainer$NamedDomainObjectCreatingProvider_Decorated $gradleInit ()V 1 <appendix> member <vmtarget> ; # org/gradle/api/internal/artifacts/configurations/DefaultConfigurationContainer$NamedDomainObjectCreatingProvider_Decorated$$Lambda+0x000001ae817d46b0
# instanceKlass java/lang/invoke/LambdaForm$MH+0x000001ae817d8400
# instanceKlass java/lang/invoke/LambdaForm$MH+0x000001ae817d8000
instanceKlass  @bci org/gradle/api/internal/artifacts/configurations/DefaultConfigurationContainer consumable (Ljava/lang/String;Lorg/gradle/api/Action;)Lorg/gradle/api/NamedDomainObjectProvider; 12 <appendix> member <vmtarget> ; # org/gradle/api/internal/artifacts/configurations/DefaultConfigurationContainer$$Lambda+0x000001ae817d3910
instanceKlass  @bci org/gradle/api/plugins/BasePlugin configureConfigurations (Lorg/gradle/api/Project;)V 47 <appendix> argL0 ; # org/gradle/api/plugins/BasePlugin$$Lambda+0x000001ae817d36f0
instanceKlass  @bci org/gradle/api/plugins/BasePlugin lambda$configureConfigurations$3 (Lorg/gradle/api/artifacts/Configuration;)V 23 <appendix> argL0 ; # org/gradle/api/plugins/BasePlugin$$Lambda+0x000001ae817d34d0
instanceKlass org/gradle/api/internal/project/DefaultProjectStateRegistry$CalculatedModelValueImpl
instanceKlass  @bci org/gradle/api/plugins/BasePlugin configureConfigurations (Lorg/gradle/api/Project;)V 33 <appendix> argL0 ; # org/gradle/api/plugins/BasePlugin$$Lambda+0x000001ae817d32b0
instanceKlass org/gradle/api/internal/artifacts/configurations/ConfigurationRolesForMigration
instanceKlass  @bci org/gradle/api/plugins/BasePlugin configureArchiveDefaults (Lorg/gradle/api/Project;Lorg/gradle/api/plugins/BasePluginExtension;)V 15 <appendix> member <vmtarget> ; # org/gradle/api/plugins/BasePlugin$$Lambda+0x000001ae817d3088
instanceKlass org/gradle/api/internal/artifacts/ivyservice/moduleconverter/ProjectRootComponentProvider
instanceKlass  @bci org/gradle/api/internal/artifacts/dsl/DefaultComponentMetadataHandler createFactory (Lorg/gradle/internal/management/DependencyResolutionManagementInternal;)Lorg/gradle/api/internal/artifacts/ComponentMetadataProcessorFactory; 9 <appendix> member <vmtarget> ; # org/gradle/api/internal/artifacts/dsl/DefaultComponentMetadataHandler$$Lambda+0x000001ae817d2c30
instanceKlass  @bci org/gradle/api/internal/artifacts/dsl/DefaultComponentMetadataHandler createFactory (Lorg/gradle/internal/management/DependencyResolutionManagementInternal;)Lorg/gradle/api/internal/artifacts/ComponentMetadataProcessorFactory; 2 <appendix> member <vmtarget> ; # org/gradle/api/internal/artifacts/dsl/DefaultComponentMetadataHandler$$Lambda+0x000001ae817d2a08
instanceKlass org/gradle/api/internal/artifacts/DependencyManagementProjectScopeServices$ProjectBackedModuleMetaDataProvider
instanceKlass org/gradle/api/internal/plugins/BuildConfigurationRule
instanceKlass org/gradle/api/internal/file/DefaultFilePropertyFactory$PathToDirectoryTransformer
instanceKlass  @bci org/gradle/api/plugins/internal/DefaultBasePluginExtension_Decorated $gradleInit ()V 1 <appendix> member <vmtarget> ; # org/gradle/api/plugins/internal/DefaultBasePluginExtension_Decorated$$Lambda+0x000001ae817d2370
instanceKlass org/gradle/api/plugins/internal/DefaultBasePluginExtension
instanceKlass  @bci org/gradle/language/base/plugins/LifecycleBasePlugin addBuild (Lorg/gradle/api/Project;)V 8 <appendix> argL0 ; # org/gradle/language/base/plugins/LifecycleBasePlugin$$Lambda+0x000001ae817d1b38
instanceKlass  @bci org/gradle/language/base/plugins/LifecycleBasePlugin addCheck (Lorg/gradle/api/Project;)V 8 <appendix> argL0 ; # org/gradle/language/base/plugins/LifecycleBasePlugin$$Lambda+0x000001ae817d1918
instanceKlass  @bci org/gradle/language/base/plugins/LifecycleBasePlugin addAssemble (Lorg/gradle/api/Project;)V 8 <appendix> argL0 ; # org/gradle/language/base/plugins/LifecycleBasePlugin$$Lambda+0x000001ae817d16f8
instanceKlass org/gradle/language/base/internal/plugins/CleanRule
instanceKlass  @bci org/gradle/language/base/plugins/LifecycleBasePlugin addClean (Lorg/gradle/api/internal/project/ProjectInternal;)V 62 <appendix> argL0 ; # org/gradle/language/base/plugins/LifecycleBasePlugin$$Lambda+0x000001ae817d1298
instanceKlass  @bci org/gradle/language/base/plugins/LifecycleBasePlugin addClean (Lorg/gradle/api/internal/project/ProjectInternal;)V 47 <appendix> member <vmtarget> ; # org/gradle/language/base/plugins/LifecycleBasePlugin$$Lambda+0x000001ae817d1070
instanceKlass  @bci org/gradle/language/base/plugins/LifecycleBasePlugin_Decorated $gradleInit ()V 1 <appendix> member <vmtarget> ; # org/gradle/language/base/plugins/LifecycleBasePlugin_Decorated$$Lambda+0x000001ae817d0e48
instanceKlass org/gradle/language/base/plugins/LifecycleBasePlugin
instanceKlass  @bci org/gradle/api/plugins/BasePlugin_Decorated $gradleInit ()V 1 <appendix> member <vmtarget> ; # org/gradle/api/plugins/BasePlugin_Decorated$$Lambda+0x000001ae817d0610
instanceKlass org/gradle/api/plugins/BasePlugin
instanceKlass  @bci org/gradle/api/plugins/JavaBasePlugin_Decorated $gradleInit ()V 1 <appendix> member <vmtarget> ; # org/gradle/api/plugins/JavaBasePlugin_Decorated$$Lambda+0x000001ae817b8c00
instanceKlass org/gradle/api/plugins/internal/JavaConfigurationVariantMapping
instanceKlass org/gradle/api/plugins/BasePluginExtension
instanceKlass org/gradle/api/plugins/internal/DefaultJavaPluginExtension
instanceKlass org/gradle/api/plugins/internal/JavaPluginExtensionInternal
instanceKlass org/gradle/api/internal/tasks/compile/HasCompileOptions
instanceKlass org/gradle/api/file/SourceDirectorySet
instanceKlass org/gradle/api/plugins/JavaPluginExtension
instanceKlass org/gradle/api/plugins/JavaBasePlugin
instanceKlass org/gradle/api/plugins/JavaPlatformPlugin
instanceKlass org/gradle/api/internal/plugins/PluginManagerInternal$PluginWithId
instanceKlass  @bci org/gradle/api/plugins/JavaPlugin_Decorated $gradleInit ()V 1 <appendix> member <vmtarget> ; # org/gradle/api/plugins/JavaPlugin_Decorated$$Lambda+0x000001ae817ca290
instanceKlass org/gradle/api/publish/plugins/PublishingPlugin
instanceKlass org/gradle/api/publish/maven/MavenPublication
instanceKlass org/gradle/api/publish/ivy/IvyPublication
instanceKlass org/gradle/api/publish/Publication
instanceKlass org/gradle/api/tasks/VerificationTask
instanceKlass org/gradle/api/plugins/jvm/JvmTestSuite
instanceKlass org/gradle/testing/base/TestSuite
instanceKlass org/gradle/jvm/component/internal/JvmSoftwareComponentInternal
instanceKlass org/gradle/api/tasks/SourceSet
instanceKlass org/gradle/api/plugins/jvm/internal/JvmFeatureInternal
instanceKlass org/gradle/api/plugins/JavaPlugin
instanceKlass  @bci org/gradle/api/plugins/JavaLibraryPlugin_Decorated $gradleInit ()V 1 <appendix> member <vmtarget> ; # org/gradle/api/plugins/JavaLibraryPlugin_Decorated$$Lambda+0x000001ae817c39b0
instanceKlass org/gradle/api/plugins/JavaLibraryPlugin
instanceKlass  @bci org/gradle/plugin/devel/plugins/JavaGradlePluginPlugin_Decorated $gradleInit ()V 1 <appendix> member <vmtarget> ; # org/gradle/plugin/devel/plugins/JavaGradlePluginPlugin_Decorated$$Lambda+0x000001ae817bbda8
instanceKlass org/gradle/plugin/devel/GradlePluginDevelopmentExtension
instanceKlass org/gradle/plugin/devel/PluginDeclaration
instanceKlass  @bci org/gradle/plugin/use/internal/DefaultPluginRequestApplicator applyPlugins (Lorg/gradle/plugin/management/internal/PluginRequests;Lorg/gradle/api/internal/initialization/ScriptHandlerInternal;Lorg/gradle/api/internal/plugins/PluginManagerInternal;Lorg/gradle/api/internal/initialization/ClassLoaderScope;)V 370 <appendix> member <vmtarget> ; # org/gradle/plugin/use/internal/DefaultPluginRequestApplicator$$Lambda+0x000001ae817ba480
instanceKlass  @bci org/gradle/plugin/use/internal/DefaultPluginRequestApplicator applyPlugins (Lorg/gradle/plugin/management/internal/PluginRequests;Lorg/gradle/api/internal/initialization/ScriptHandlerInternal;Lorg/gradle/api/internal/plugins/PluginManagerInternal;Lorg/gradle/api/internal/initialization/ClassLoaderScope;)V 349 <appendix> member <vmtarget> ; # org/gradle/plugin/use/internal/DefaultPluginRequestApplicator$$Lambda+0x000001ae817ba248
instanceKlass org/gradle/internal/classpath/DefaultClassPath$Builder
instanceKlass org/gradle/internal/classpath/TransformedClassPath$Builder
instanceKlass org/gradle/internal/classpath/TransformedClassPath$1
instanceKlass  @bci org/gradle/api/internal/initialization/DefaultScriptClassPathResolver resolveClassPath (Lorg/gradle/api/artifacts/Configuration;Lorg/gradle/api/internal/initialization/ScriptClassPathResolutionContext;)Lorg/gradle/internal/classpath/ClassPath; 119 <appendix> member <vmtarget> ; # org/gradle/api/internal/initialization/DefaultScriptClassPathResolver$$Lambda+0x000001ae817bdd20
instanceKlass  @bci org/gradle/api/internal/initialization/transform/utils/InstrumentationClasspathMerger mergeToClasspath (Lorg/gradle/api/artifacts/ArtifactCollection;Lorg/gradle/api/artifacts/ArtifactCollection;Lorg/gradle/api/artifacts/ArtifactCollection;)Ljava/util/Map; 101 <appendix> argL0 ; # org/gradle/api/internal/initialization/transform/utils/InstrumentationClasspathMerger$$Lambda+0x000001ae817bd8e8
instanceKlass  @bci org/gradle/api/internal/initialization/transform/utils/InstrumentationClasspathMerger mergeToClasspath (Lorg/gradle/api/artifacts/ArtifactCollection;Lorg/gradle/api/artifacts/ArtifactCollection;Lorg/gradle/api/artifacts/ArtifactCollection;)Ljava/util/Map; 91 <appendix> argL0 ; # org/gradle/api/internal/initialization/transform/utils/InstrumentationClasspathMerger$$Lambda+0x000001ae817bd460
instanceKlass java/util/stream/SortedOps
instanceKlass  @bci org/gradle/api/internal/initialization/transform/utils/InstrumentationClasspathMerger mergeToClasspath (Lorg/gradle/api/artifacts/ArtifactCollection;Lorg/gradle/api/artifacts/ArtifactCollection;Lorg/gradle/api/artifacts/ArtifactCollection;)Ljava/util/Map; 81 <appendix> member <vmtarget> ; # org/gradle/api/internal/initialization/transform/utils/InstrumentationClasspathMerger$$Lambda+0x000001ae817bd1c0
instanceKlass  @bci org/gradle/api/internal/initialization/transform/utils/InstrumentationClasspathMerger mergeToClasspath (Lorg/gradle/api/artifacts/ArtifactCollection;Lorg/gradle/api/artifacts/ArtifactCollection;Lorg/gradle/api/artifacts/ArtifactCollection;)Ljava/util/Map; 69 <appendix> argL0 ; # org/gradle/api/internal/initialization/transform/utils/InstrumentationClasspathMerger$$Lambda+0x000001ae817bcf80
instanceKlass org/gradle/api/internal/initialization/transform/utils/InstrumentationClasspathMerger$ClassPathTransformedArtifact
instanceKlass  @bci org/gradle/api/internal/artifacts/transform/TransformExecutionResult$Builder$ProducedOutputOnlyResult resolveForWorkspace (Ljava/io/File;)Lorg/gradle/api/internal/artifacts/transform/TransformExecutionResult$TransformWorkspaceResult; 48 <appendix> member <vmtarget> ; # org/gradle/api/internal/artifacts/transform/TransformExecutionResult$Builder$ProducedOutputOnlyResult$$Lambda+0x000001ae817b7dc8
instanceKlass  @bci org/gradle/api/internal/artifacts/transform/TransformExecutionResult$Builder$ProducedOutputOnlyResult resolveForWorkspace (Ljava/io/File;)Lorg/gradle/api/internal/artifacts/transform/TransformExecutionResult$TransformWorkspaceResult; 25 <appendix> member <vmtarget> ; # org/gradle/api/internal/artifacts/transform/TransformExecutionResult$Builder$ProducedOutputOnlyResult$$Lambda+0x000001ae817ba000
instanceKlass  @bci org/gradle/api/internal/artifacts/transform/TransformExecutionResult$Builder$ProducedOutputOnlyResult resolveForWorkspace (Ljava/io/File;)Lorg/gradle/api/internal/artifacts/transform/TransformExecutionResult$TransformWorkspaceResult; 14 <appendix> member <vmtarget> ; # org/gradle/api/internal/artifacts/transform/TransformExecutionResult$Builder$ProducedOutputOnlyResult$$Lambda+0x000001ae817b7b80
instanceKlass  @bci org/gradle/internal/Deferrable lambda$flatMap$1 (Ljava/util/function/Function;)Lorg/gradle/internal/Deferrable; 2 <appendix> member <vmtarget> ; # org/gradle/internal/Deferrable$$Lambda+0x000001ae817bcb48
instanceKlass  @bci org/gradle/internal/Deferrable flatMap (Ljava/util/function/Function;)Lorg/gradle/internal/Deferrable; 12 <appendix> member <vmtarget> ; # org/gradle/internal/Deferrable$$Lambda+0x000001ae817bc920
instanceKlass  @cpi org/gradle/internal/Deferrable 98 form vmentry <vmtarget> ; # java/lang/invoke/LambdaForm$DMH+0x000001ae817b8800
instanceKlass  @bci org/gradle/api/internal/artifacts/transform/TransformingAsyncArtifactListener$TransformedArtifact lambda$createInvocation$2 (Lorg/gradle/api/internal/artifacts/transform/BoundTransformStep;Lorg/gradle/internal/Try;)Lorg/gradle/internal/Deferrable; 10 <appendix> argL0 ; # org/gradle/api/internal/artifacts/transform/TransformingAsyncArtifactListener$TransformedArtifact$$Lambda+0x000001ae817b7940
instanceKlass  @bci org/gradle/api/internal/artifacts/transform/TransformStep lambda$createInvocation$2 (Lorg/gradle/api/internal/artifacts/transform/TransformStepSubject;Lorg/gradle/internal/execution/InputFingerprinter;Lorg/gradle/api/internal/artifacts/transform/TransformDependencies;)Lorg/gradle/internal/Deferrable; 43 <appendix> member <vmtarget> ; # org/gradle/api/internal/artifacts/transform/TransformStep$$Lambda+0x000001ae817b7718
instanceKlass  @bci org/gradle/api/internal/artifacts/transform/TransformingAsyncArtifactListener$TransformedArtifact lambda$createInvocation$2 (Lorg/gradle/api/internal/artifacts/transform/BoundTransformStep;Lorg/gradle/internal/Try;)Lorg/gradle/internal/Deferrable; 2 <appendix> member <vmtarget> ; # org/gradle/api/internal/artifacts/transform/TransformingAsyncArtifactListener$TransformedArtifact$$Lambda+0x000001ae817b74d0
instanceKlass  @bci org/gradle/api/internal/artifacts/transform/TransformingAsyncArtifactListener$TransformedArtifact createInvocation ()Lorg/gradle/internal/Deferrable; 72 <appendix> member <vmtarget> ; # org/gradle/api/internal/artifacts/transform/TransformingAsyncArtifactListener$TransformedArtifact$$Lambda+0x000001ae817b7288
instanceKlass org/gradle/internal/Deferrable$2
instanceKlass  @bci org/gradle/api/internal/artifacts/transform/DefaultTransform$1 visitInputProperty (Ljava/lang/String;Lorg/gradle/internal/properties/PropertyValue;Z)V 31 <appendix> member <vmtarget> ; # org/gradle/api/internal/artifacts/transform/DefaultTransform$1$$Lambda+0x000001ae817b7060
instanceKlass org/gradle/api/internal/tasks/properties/InputParameterUtils
instanceKlass  @bci org/gradle/internal/execution/model/annotations/InputPropertyAnnotationHandler validateNotUrlType (Lorg/gradle/internal/properties/annotations/PropertyMetadata;Lorg/gradle/internal/reflect/validation/TypeValidationContext;)V 18 <appendix> member <vmtarget> ; # org/gradle/internal/execution/model/annotations/InputPropertyAnnotationHandler$$Lambda+0x000001ae817bc000
instanceKlass  @bci org/gradle/api/internal/initialization/transform/BaseInstrumentingArtifactTransform$Parameters$Inject_ $gradleInit ()V 1 <appendix> member <vmtarget> ; # org/gradle/api/internal/initialization/transform/BaseInstrumentingArtifactTransform$Parameters$Inject_$$Lambda+0x000001ae817b3d60
instanceKlass org/gradle/api/internal/initialization/transform/BaseInstrumentingArtifactTransform$Parameters$Inject_
instanceKlass org/gradle/internal/snapshot/RootTrackingFileSystemSnapshotHierarchyVisitor
instanceKlass  @bci org/gradle/internal/properties/bean/DefaultPropertyWalker$CachedPropertyValue lambda$new$0 (Ljava/util/function/Supplier;Z)Ljava/lang/Object; 6 <appendix> member <vmtarget> ; # org/gradle/internal/properties/bean/DefaultPropertyWalker$CachedPropertyValue$$Lambda+0x000001ae817b2c28
instanceKlass org/gradle/api/tasks/TaskOutputs
instanceKlass  @bci org/gradle/api/internal/artifacts/transform/DefaultTransform$1 visitInputFileProperty (Ljava/lang/String;ZLorg/gradle/internal/properties/InputBehavior;Lorg/gradle/internal/fingerprint/DirectorySensitivity;Lorg/gradle/internal/fingerprint/LineEndingSensitivity;Lorg/gradle/internal/fingerprint/FileNormalizer;Lorg/gradle/internal/properties/PropertyValue;Lorg/gradle/internal/properties/InputFilePropertyType;)V 51 <appendix> member <vmtarget> ; # org/gradle/api/internal/artifacts/transform/DefaultTransform$1$$Lambda+0x000001ae817b6e38
instanceKlass  @bci org/gradle/internal/properties/bean/DefaultPropertyWalker$CachedPropertyValue <init> (Ljava/util/function/Supplier;Ljava/lang/Class;Z)V 13 <appendix> member <vmtarget> ; # org/gradle/internal/properties/bean/DefaultPropertyWalker$CachedPropertyValue$$Lambda+0x000001ae817b2320
instanceKlass  @bci org/gradle/internal/properties/bean/DefaultPropertyWalker$1 visitLeaf (Ljava/lang/Object;Ljava/lang/String;Lorg/gradle/internal/properties/annotations/PropertyMetadata;)V 6 <appendix> member <vmtarget> ; # org/gradle/internal/properties/bean/DefaultPropertyWalker$1$$Lambda+0x000001ae817b20f8
instanceKlass org/gradle/internal/properties/bean/DefaultPropertyWalker$CachedPropertyValue
instanceKlass  @bci org/gradle/api/internal/initialization/transform/MergeInstrumentationAnalysisTransform$Parameters$Inject_ $gradleInit ()V 1 <appendix> member <vmtarget> ; # org/gradle/api/internal/initialization/transform/MergeInstrumentationAnalysisTransform$Parameters$Inject_$$Lambda+0x000001ae817b1c68
instanceKlass org/gradle/api/internal/initialization/transform/MergeInstrumentationAnalysisTransform$Parameters$Inject_
instanceKlass  @bci org/gradle/api/internal/file/collections/DefaultConfigurableFileCollection from ([Ljava/lang/Object;)Lorg/gradle/api/file/ConfigurableFileCollection; 2 <appendix> member <vmtarget> ; # org/gradle/api/internal/file/collections/DefaultConfigurableFileCollection$$Lambda+0x000001ae817b1700
instanceKlass org/gradle/api/internal/file/collections/DefaultConfigurableFileCollection$Configurer
instanceKlass org/gradle/api/internal/file/collections/DefaultConfigurableFileCollection$ResolvedItemsCollector
instanceKlass org/gradle/api/internal/file/collections/ListBackedFileSet
instanceKlass  @bci org/gradle/api/internal/file/FilteredFileCollection iterator ()Ljava/util/Iterator; 18 <appendix> member <vmtarget> ; # org/gradle/api/internal/file/FilteredFileCollection$$Lambda+0x000001ae817b0d50
instanceKlass org/gradle/api/internal/artifacts/PreResolvedResolvableArtifact
instanceKlass  @bci org/gradle/api/internal/artifacts/transform/TransformingAsyncArtifactListener$TransformedArtifact visit (Lorg/gradle/api/internal/artifacts/ivyservice/resolveengine/artifact/ArtifactVisitor;)V 15 <appendix> member <vmtarget> ; # org/gradle/api/internal/artifacts/transform/TransformingAsyncArtifactListener$TransformedArtifact$$Lambda+0x000001ae817b6950
instanceKlass  @bci org/gradle/api/internal/artifacts/transform/TransformingAsyncArtifactListener$TransformedArtifact visit (Lorg/gradle/api/internal/artifacts/ivyservice/resolveengine/artifact/ArtifactVisitor;)V 8 <appendix> member <vmtarget> ; # org/gradle/api/internal/artifacts/transform/TransformingAsyncArtifactListener$TransformedArtifact$$Lambda+0x000001ae817b6718
instanceKlass  @bci org/gradle/api/internal/artifacts/transform/TransformStep lambda$createInvocation$1 (Lorg/gradle/api/internal/artifacts/transform/TransformStepSubject;Lorg/gradle/internal/Try;)Lorg/gradle/internal/Try; 7 <appendix> member <vmtarget> ; # org/gradle/api/internal/artifacts/transform/TransformStep$$Lambda+0x000001ae817b64d0
instanceKlass  @bci org/gradle/api/internal/artifacts/transform/DefaultTransformInvocationFactory lambda$createInvocation$2 (Ljava/io/File;Lorg/gradle/internal/execution/UnitOfWork;Lorg/gradle/internal/Try;)Lorg/gradle/internal/Try; 11 <appendix> member <vmtarget> ; # org/gradle/api/internal/artifacts/transform/DefaultTransformInvocationFactory$$Lambda+0x000001ae817b6288
instanceKlass  @bci org/gradle/api/internal/artifacts/transform/TransformExecutionResult$Builder$MixedInputAndProducedOutputResult lambda$resolveForWorkspace$2 (Lcom/google/common/collect/ImmutableList;Ljava/io/File;)Lcom/google/common/collect/ImmutableList; 5 <appendix> member <vmtarget> ; # org/gradle/api/internal/artifacts/transform/TransformExecutionResult$Builder$MixedInputAndProducedOutputResult$$Lambda+0x000001ae817b6040
instanceKlass  @bci org/gradle/api/internal/artifacts/transform/DefaultTransformInvocationFactory lambda$createInvocation$2 (Ljava/io/File;Lorg/gradle/internal/execution/UnitOfWork;Lorg/gradle/internal/Try;)Lorg/gradle/internal/Try; 2 <appendix> member <vmtarget> ; # org/gradle/api/internal/artifacts/transform/DefaultTransformInvocationFactory$$Lambda+0x000001ae817b5df8
instanceKlass org/gradle/internal/execution/steps/IdentityCacheStep$DefaultExecuteDeferredWorkProgressDetails
instanceKlass org/gradle/operations/execution/ExecuteDeferredWorkProgressDetails
instanceKlass  @bci org/gradle/internal/execution/steps/IdentityCacheStep emitExecuteDeferredProgressDetails (Lorg/gradle/internal/execution/UnitOfWork;Lorg/gradle/internal/execution/Identity;Lorg/gradle/internal/execution/DeferredResult;)V 9 <appendix> member <vmtarget> ; # org/gradle/internal/execution/steps/IdentityCacheStep$$Lambda+0x000001ae817b06a8
instanceKlass  @bci org/gradle/internal/execution/steps/IdentityCacheStep executeInCache (Lorg/gradle/internal/execution/UnitOfWork;Lorg/gradle/internal/execution/steps/IdentityContext;)Lorg/gradle/internal/execution/DeferredResult; 30 <appendix> member <vmtarget> ; # org/gradle/internal/execution/steps/IdentityCacheStep$$Lambda+0x000001ae817b0480
instanceKlass  @bci org/gradle/internal/execution/steps/IdentityCacheStep executeInCache (Lorg/gradle/internal/execution/UnitOfWork;Lorg/gradle/internal/execution/steps/IdentityContext;)Lorg/gradle/internal/execution/DeferredResult; 17 <appendix> argL0 ; # org/gradle/internal/execution/steps/IdentityCacheStep$$Lambda+0x000001ae817b0240
instanceKlass  @bci org/gradle/api/internal/artifacts/transform/TransformExecutionResult$Builder$MixedInputAndProducedOutputResult resolveForWorkspace (Ljava/io/File;)Lorg/gradle/api/internal/artifacts/transform/TransformExecutionResult$TransformWorkspaceResult; 31 <appendix> member <vmtarget> ; # org/gradle/api/internal/artifacts/transform/TransformExecutionResult$Builder$MixedInputAndProducedOutputResult$$Lambda+0x000001ae817b5bd0
instanceKlass org/gradle/api/internal/artifacts/transform/TransformExecutionResult$TransformWorkspaceResult
instanceKlass  @bci org/gradle/api/internal/artifacts/transform/TransformExecutionResult$Builder$ProducedExecutionOutput resolveForWorkspace (Ljava/io/File;)Lorg/gradle/api/internal/artifacts/transform/TransformExecutionResult$Builder$TransformWorkspaceOutput; 7 <appendix> member <vmtarget> ; # org/gradle/api/internal/artifacts/transform/TransformExecutionResult$Builder$ProducedExecutionOutput$$Lambda+0x000001ae817b57a8
instanceKlass  @bci org/gradle/api/internal/artifacts/transform/TransformExecutionResult$Builder$MixedInputAndProducedOutputResult resolveForWorkspace (Ljava/io/File;)Lorg/gradle/api/internal/artifacts/transform/TransformExecutionResult$TransformWorkspaceResult; 8 <appendix> member <vmtarget> ; # org/gradle/api/internal/artifacts/transform/TransformExecutionResult$Builder$MixedInputAndProducedOutputResult$$Lambda+0x000001ae817b5560
instanceKlass org/gradle/api/internal/artifacts/transform/TransformExecutionResult$Builder$EntireInputArtifact
instanceKlass org/gradle/api/internal/artifacts/transform/TransformExecutionResult$Builder$TransformWorkspaceOutput
instanceKlass org/gradle/api/internal/artifacts/transform/TransformExecutionResult$Builder$ProducedExecutionOutput
instanceKlass org/gradle/api/internal/artifacts/transform/TransformExecutionResult$Builder$TransformExecutionOutput
instanceKlass sun/nio/ch/Streams
instanceKlass java/nio/channels/Channels
instanceKlass sun/nio/ch/FileChannelImpl$Closer
instanceKlass org/gradle/api/internal/artifacts/transform/TransformExecutionResult$Builder
instanceKlass org/gradle/api/internal/artifacts/transform/TransformExecutionResult
instanceKlass org/gradle/api/internal/artifacts/transform/TransformExecutionResult$OutputVisitor
instanceKlass org/gradle/api/internal/artifacts/transform/TransformExecutionResultSerializer
instanceKlass org/gradle/internal/execution/steps/IdentityCacheStep$DefaultIdentityCacheResult
instanceKlass  @bci org/gradle/internal/execution/steps/ExecuteWorkBuildOperationFiringStep lambda$execute$0 (Lorg/gradle/internal/execution/UnitOfWork;Lorg/gradle/internal/execution/steps/IdentityContext;Lorg/gradle/internal/operations/BuildOperationContext;)Lorg/gradle/internal/execution/steps/CachingResult; 67 <appendix> member <vmtarget> ; # org/gradle/internal/execution/steps/ExecuteWorkBuildOperationFiringStep$$Lambda+0x000001ae817afcf8
instanceKlass org/gradle/internal/execution/steps/ExecuteWorkBuildOperationFiringStep$ExecuteWorkResult
instanceKlass org/gradle/operations/execution/ExecuteWorkBuildOperationType$Result
instanceKlass org/gradle/internal/execution/steps/BuildOperationStep$1
instanceKlass org/gradle/internal/execution/steps/ExecuteWorkBuildOperationFiringStep$ExecuteWorkDetails
instanceKlass org/gradle/operations/execution/ExecuteWorkBuildOperationType$Details
instanceKlass  @bci org/gradle/internal/execution/steps/ExecuteWorkBuildOperationFiringStep lambda$execute$1 (Lorg/gradle/internal/execution/UnitOfWork;Lorg/gradle/internal/execution/steps/IdentityContext;Ljava/lang/String;)Lorg/gradle/internal/execution/steps/CachingResult; 4 <appendix> member <vmtarget> ; # org/gradle/internal/execution/steps/ExecuteWorkBuildOperationFiringStep$$Lambda+0x000001ae817aef90
instanceKlass  @bci org/gradle/internal/execution/steps/IdentityCacheStep lambda$executeDeferred$1 (Lorg/gradle/cache/Cache;Lorg/gradle/internal/execution/Identity;Lorg/gradle/internal/execution/UnitOfWork;Lorg/gradle/internal/execution/steps/IdentityContext;)Lorg/gradle/internal/Try; 6 <appendix> member <vmtarget> ; # org/gradle/internal/execution/steps/IdentityCacheStep$$Lambda+0x000001ae817aed68
instanceKlass  @bci org/gradle/internal/Deferrable$1 getCompleted ()Ljava/util/Optional; 14 <appendix> member <vmtarget> ; # org/gradle/internal/Deferrable$1$$Lambda+0x000001ae817aeb20
instanceKlass  @bci org/gradle/api/internal/artifacts/transform/TransformStep createInvocation (Lorg/gradle/api/internal/artifacts/transform/TransformStepSubject;Lorg/gradle/api/internal/artifacts/transform/TransformUpstreamDependencies;Lorg/gradle/api/internal/tasks/NodeExecutionContext;)Lorg/gradle/internal/Deferrable; 46 <appendix> argL0 ; # org/gradle/api/internal/artifacts/transform/TransformStep$$Lambda+0x000001ae817ad400
instanceKlass  @bci org/gradle/api/internal/artifacts/transform/TransformStep lambda$createInvocation$2 (Lorg/gradle/api/internal/artifacts/transform/TransformStepSubject;Lorg/gradle/internal/execution/InputFingerprinter;Lorg/gradle/api/internal/artifacts/transform/TransformDependencies;)Lorg/gradle/internal/Deferrable; 82 <appendix> member <vmtarget> ; # org/gradle/api/internal/artifacts/transform/TransformStep$$Lambda+0x000001ae817adcd8
instanceKlass org/gradle/internal/Deferrable$1
instanceKlass  @bci org/gradle/api/internal/artifacts/transform/DefaultTransformInvocationFactory createInvocation (Lorg/gradle/api/internal/artifacts/transform/Transform;Ljava/io/File;Lorg/gradle/api/internal/artifacts/transform/TransformDependencies;Lorg/gradle/api/internal/artifacts/transform/TransformStepSubject;Lorg/gradle/internal/execution/InputFingerprinter;)Lorg/gradle/internal/Deferrable; 262 <appendix> member <vmtarget> ; # org/gradle/api/internal/artifacts/transform/DefaultTransformInvocationFactory$$Lambda+0x000001ae817ada90
instanceKlass org/gradle/internal/Deferrable$3
instanceKlass  @bci org/gradle/internal/execution/steps/IdentityCacheStep executeDeferred (Lorg/gradle/internal/execution/UnitOfWork;Lorg/gradle/internal/execution/steps/IdentityContext;Lorg/gradle/cache/Cache;)Lorg/gradle/internal/Deferrable; 52 <appendix> member <vmtarget> ; # org/gradle/internal/execution/steps/IdentityCacheStep$$Lambda+0x000001ae817ae438
instanceKlass org/gradle/api/internal/artifacts/transform/AbstractTransformExecution$DefaultIdentifyTransformExecutionProgressDetails
instanceKlass org/gradle/operations/dependencies/transforms/IdentifyTransformExecutionProgressDetails
instanceKlass org/gradle/api/internal/artifacts/transform/TransformWorkspaceIdentity
instanceKlass org/gradle/internal/snapshot/MetadataSnapshot$1
instanceKlass org/gradle/internal/MutableBoolean
instanceKlass  @bci org/gradle/api/internal/artifacts/transform/AbstractTransformExecution visitImmutableInputs (Lorg/gradle/internal/execution/InputVisitor;)V 78 <appendix> member <vmtarget> ; # org/gradle/api/internal/artifacts/transform/AbstractTransformExecution$$Lambda+0x000001ae817a7b88
instanceKlass org/gradle/internal/execution/InputVisitor$InputFileValueSupplier
instanceKlass  @bci org/gradle/api/internal/artifacts/transform/AbstractTransformExecution visitImmutableInputs (Lorg/gradle/internal/execution/InputVisitor;)V 26 <appendix> member <vmtarget> ; # org/gradle/api/internal/artifacts/transform/AbstractTransformExecution$$Lambda+0x000001ae817a7960
instanceKlass  @bci org/gradle/api/internal/artifacts/transform/AbstractTransformExecution visitImmutableInputs (Lorg/gradle/internal/execution/InputVisitor;)V 12 <appendix> member <vmtarget> ; # org/gradle/api/internal/artifacts/transform/AbstractTransformExecution$$Lambda+0x000001ae817a7738
instanceKlass org/gradle/api/internal/artifacts/transform/AbstractTransformExecution$1
instanceKlass org/gradle/operations/dependencies/transforms/SnapshotTransformInputsBuildOperationType$Details
instanceKlass org/gradle/api/internal/artifacts/transform/AbstractTransformExecution
instanceKlass  @bci org/gradle/api/internal/artifacts/transform/TransformStep createInvocation (Lorg/gradle/api/internal/artifacts/transform/TransformStepSubject;Lorg/gradle/api/internal/artifacts/transform/TransformUpstreamDependencies;Lorg/gradle/api/internal/tasks/NodeExecutionContext;)Lorg/gradle/internal/Deferrable; 38 <appendix> member <vmtarget> ; # org/gradle/api/internal/artifacts/transform/TransformStep$$Lambda+0x000001ae817a6b98
instanceKlass org/gradle/internal/Deferrable
instanceKlass org/gradle/api/internal/artifacts/transform/TransformStepSubject
instanceKlass org/gradle/api/internal/artifacts/transform/TransformingAsyncArtifactListener$TransformedArtifact
instanceKlass org/gradle/api/internal/artifacts/transform/TransformingAsyncArtifactListener$1
instanceKlass org/gradle/api/internal/artifacts/ivyservice/resolveengine/artifact/EndCollection
instanceKlass org/gradle/api/internal/artifacts/transform/TransformingAsyncArtifactListener
instanceKlass org/gradle/api/internal/artifacts/ivyservice/resolveengine/artifact/ArtifactVisitorToResolvedFileVisitorAdapter
instanceKlass org/gradle/api/internal/artifacts/ivyservice/ResolvedFileCollectionVisitor
instanceKlass org/gradle/api/internal/file/collections/DefaultConfigurableFileCollection$2
instanceKlass  @bci org/gradle/api/internal/file/collections/DefaultConfigurableFileCollection calculateFinalizedValue ()V 10 <appendix> member <vmtarget> ; # org/gradle/api/internal/file/collections/DefaultConfigurableFileCollection$$Lambda+0x000001ae817aaf40
instanceKlass  @bci org/gradle/api/internal/provider/TransformBackedProvider beforeRead (Lorg/gradle/internal/evaluation/EvaluationScopeContext;)V 10 <appendix> member <vmtarget> ; # org/gradle/api/internal/provider/TransformBackedProvider$$Lambda+0x000001ae817aad18
instanceKlass org/gradle/api/internal/provider/ValueSupplier$UnknownProducer
instanceKlass org/gradle/api/internal/provider/ValueSupplier$NoProducer
instanceKlass org/gradle/api/internal/file/collections/UnpackingVisitor
instanceKlass  @bci org/gradle/api/internal/file/collections/DefaultConfigurableFileCollection visitChildren (Ljava/util/function/Consumer;)V 15 <appendix> member <vmtarget> ; # org/gradle/api/internal/file/collections/DefaultConfigurableFileCollection$$Lambda+0x000001ae817a9f00
instanceKlass  @bci org/gradle/api/internal/file/collections/DefaultConfigurableFileCollection visitChildren (Ljava/util/function/Consumer;)V 5 <appendix> member <vmtarget> ; # org/gradle/api/internal/file/collections/DefaultConfigurableFileCollection$$Lambda+0x000001ae817a9cd8
instanceKlass  @bci org/gradle/api/internal/file/CompositeFileCollection visitContents (Lorg/gradle/api/internal/file/FileCollectionStructureVisitor;)V 2 <appendix> member <vmtarget> ; # org/gradle/api/internal/file/CompositeFileCollection$$Lambda+0x000001ae817a9aa0
instanceKlass org/gradle/api/internal/file/AbstractFileCollection$1
instanceKlass org/gradle/api/internal/artifacts/transform/DefaultTransform$IsolatedParameters
instanceKlass org/gradle/api/internal/artifacts/transform/DefaultTransform$FingerprintTransformInputsOperation$Result$1
instanceKlass org/gradle/api/internal/artifacts/transform/DefaultTransform$FingerprintTransformInputsOperation$Result
instanceKlass  @bci org/gradle/internal/properties/annotations/AbstractTypeMetadataWalker walkChildren (Ljava/lang/Object;Lorg/gradle/internal/properties/annotations/TypeMetadata;Ljava/lang/String;Lorg/gradle/internal/properties/annotations/TypeMetadataWalker$TypeMetadataVisitor;Ljava/util/Map;)V 13 <appendix> member <vmtarget> ; # org/gradle/internal/properties/annotations/AbstractTypeMetadataWalker$$Lambda+0x000001ae817a95f8
instanceKlass org/gradle/internal/properties/bean/DefaultPropertyWalker$1
instanceKlass org/gradle/internal/properties/annotations/TypeMetadataWalker$InstanceMetadataVisitor
instanceKlass org/gradle/api/internal/artifacts/transform/DefaultTransform$1
instanceKlass  @bci org/gradle/api/internal/tasks/properties/OutputUnpacker visitOutputFileProperty (Ljava/lang/String;ZLorg/gradle/internal/properties/PropertyValue;Lorg/gradle/internal/properties/OutputFilePropertyType;)V 49 <adapter> ; # java/lang/invoke/LambdaForm$MH+0x000001ae817ad000
# instanceKlass java/lang/invoke/LambdaForm$DMH+0x000001ae817acc00
instanceKlass  @bci org/gradle/api/internal/tasks/properties/OutputUnpacker visitOutputFileProperty (Ljava/lang/String;ZLorg/gradle/internal/properties/PropertyValue;Lorg/gradle/internal/properties/OutputFilePropertyType;)V 49 <appendix> form vmentry <vmtarget> ; # java/lang/invoke/LambdaForm$DMH+0x000001ae817ac800
instanceKlass  @bci org/gradle/api/internal/artifacts/transform/DefaultTransform fingerprintParameters (Lorg/gradle/internal/execution/InputFingerprinter;Lorg/gradle/api/internal/file/FileCollectionFactory;Lorg/gradle/internal/properties/bean/PropertyWalker;Lorg/gradle/internal/hash/Hasher;Ljava/lang/Object;ZLorg/gradle/api/problems/internal/InternalProblems;)V 30 <appendix> member <vmtarget> ; # org/gradle/api/internal/artifacts/transform/DefaultTransform$$Lambda+0x000001ae817a4b38
instanceKlass  @cpi org/gradle/api/internal/artifacts/transform/DefaultTransform 624 form vmentry <vmtarget> ; # java/lang/invoke/LambdaForm$DMH+0x000001ae817ac400
instanceKlass org/gradle/api/internal/artifacts/transform/DefaultTransform$FingerprintTransformInputsOperation$Details$1
instanceKlass org/gradle/api/internal/artifacts/transform/DefaultTransform$FingerprintTransformInputsOperation$Details
instanceKlass org/gradle/api/internal/artifacts/transform/DefaultTransform$IsolateTransformParameters$2
instanceKlass  @bci org/gradle/api/internal/initialization/transform/InstrumentationAnalysisTransform$Parameters$Inject_ $gradleInit ()V 1 <appendix> member <vmtarget> ; # org/gradle/api/internal/initialization/transform/InstrumentationAnalysisTransform$Parameters$Inject_$$Lambda+0x000001ae817a8bd8
instanceKlass org/gradle/internal/instantiation/generator/AsmBackedClassGenerator$InvokeSerializationConstructorAndInitializeFieldsStrategy
instanceKlass  @bci org/gradle/internal/instantiation/generator/AsmBackedClassGenerator createForSerialization (Ljava/lang/Class;Ljava/lang/Class;)Lorg/gradle/internal/instantiation/generator/AbstractClassGenerator$InstantiationStrategy; 31 <appendix> argL0 ; # org/gradle/internal/instantiation/generator/AsmBackedClassGenerator$$Lambda+0x000001ae817a8788
instanceKlass jdk/internal/reflect/ClassDefiner$1
instanceKlass jdk/internal/reflect/ClassDefiner
instanceKlass jdk/internal/reflect/MethodAccessorGenerator$1
instanceKlass jdk/internal/reflect/Label$PatchInfo
instanceKlass jdk/internal/reflect/Label
instanceKlass jdk/internal/reflect/UTF8
instanceKlass jdk/internal/reflect/ClassFileAssembler
instanceKlass jdk/internal/reflect/ByteVectorImpl
instanceKlass jdk/internal/reflect/ByteVector
instanceKlass jdk/internal/reflect/ByteVectorFactory
instanceKlass jdk/internal/reflect/AccessorGenerator
instanceKlass jdk/internal/reflect/ClassFileConstants
instanceKlass sun/reflect/ReflectionFactory$1
instanceKlass sun/reflect/ReflectionFactory
instanceKlass org/gradle/internal/instantiation/generator/AbstractClassGenerator$GeneratedClassImpl$SerializationConstructorImpl
instanceKlass org/gradle/api/internal/initialization/transform/InstrumentationAnalysisTransform$Parameters$Inject_
instanceKlass  @bci org/gradle/internal/instantiation/generator/DefaultInstantiationScheme$DefaultDeserializationInstantiator serializationConstructorFor (Ljava/lang/Class;Ljava/lang/Class;)Lorg/gradle/internal/instantiation/generator/ClassGenerator$SerializationConstructor; 8 <appendix> member <vmtarget> ; # org/gradle/internal/instantiation/generator/DefaultInstantiationScheme$DefaultDeserializationInstantiator$$Lambda+0x000001ae817a8000
instanceKlass org/gradle/api/internal/artifacts/transform/AbstractTransformedArtifactSet$CalculateArtifacts
instanceKlass org/gradle/api/internal/artifacts/transform/BoundTransformStep
instanceKlass  @bci org/gradle/api/internal/artifacts/transform/AbstractTransformedArtifactSet <init> (Lorg/gradle/api/artifacts/component/ComponentIdentifier;Lorg/gradle/internal/component/model/VariantIdentifier;Lorg/gradle/api/internal/artifacts/ivyservice/resolveengine/artifact/ResolvedArtifactSet;Lorg/gradle/api/internal/attributes/ImmutableAttributes;Lorg/gradle/internal/component/external/model/ImmutableCapabilities;Lorg/gradle/api/internal/artifacts/transform/TransformChain;Lorg/gradle/api/internal/artifacts/transform/TransformUpstreamDependenciesResolver;Lorg/gradle/internal/model/CalculatedValueContainerFactory;)V 16 <appendix> member <vmtarget> ; # org/gradle/api/internal/artifacts/transform/AbstractTransformedArtifactSet$$Lambda+0x000001ae8179fd08
instanceKlass  @bci org/gradle/api/internal/artifacts/transform/DefaultTransformedVariantFactory transformedExternalArtifacts (Lorg/gradle/api/artifacts/component/ComponentIdentifier;Lorg/gradle/api/internal/artifacts/ivyservice/resolveengine/artifact/ResolvedVariant;Lorg/gradle/api/internal/artifacts/transform/VariantDefinition;Lorg/gradle/api/internal/artifacts/transform/TransformUpstreamDependenciesResolver;)Lorg/gradle/api/internal/artifacts/ivyservice/resolveengine/artifact/ResolvedArtifactSet; 2 <appendix> member <vmtarget> ; # org/gradle/api/internal/artifacts/transform/DefaultTransformedVariantFactory$$Lambda+0x000001ae8179fae0
instanceKlass org/gradle/api/internal/artifacts/transform/AbstractTransformedArtifactSet
instanceKlass org/gradle/api/internal/artifacts/transform/TransformedArtifactSet
instanceKlass org/gradle/api/internal/artifacts/transform/DefaultTransformedVariantFactory$Factory
instanceKlass org/gradle/api/internal/artifacts/transform/TransformedVariant
instanceKlass org/gradle/api/internal/artifacts/transform/ConsumerProvidedVariantFinder$CachedVariant
instanceKlass org/gradle/api/internal/artifacts/transform/TransformChain
instanceKlass org/gradle/api/internal/artifacts/transform/DefaultVariantDefinition
instanceKlass org/gradle/api/internal/artifacts/transform/ConsumerProvidedVariantFinder$ChainNode
instanceKlass  @bci org/gradle/api/internal/artifacts/transform/ConsumerProvidedVariantFinder doFindTransformedVariants (Ljava/util/List;Lorg/gradle/api/internal/attributes/ImmutableAttributes;)Ljava/util/List; 136 <appendix> member <vmtarget> ; # org/gradle/api/internal/artifacts/transform/ConsumerProvidedVariantFinder$$Lambda+0x000001ae8179e4a0
instanceKlass org/gradle/api/internal/artifacts/transform/ConsumerProvidedVariantFinder$ChainState
instanceKlass  @bci org/gradle/api/internal/artifacts/transform/ConsumerProvidedVariantFinder$TransformCache query (Ljava/util/List;Lorg/gradle/api/internal/attributes/ImmutableAttributes;)Ljava/util/List; 75 <appendix> member <vmtarget> ; # org/gradle/api/internal/artifacts/transform/ConsumerProvidedVariantFinder$TransformCache$$Lambda+0x000001ae8179e048
instanceKlass org/gradle/api/internal/artifacts/transform/ConsumerProvidedVariantFinder$TransformCache$CacheKey
instanceKlass java/util/stream/DistinctOps
instanceKlass  @bci org/gradle/api/internal/initialization/transform/utils/InstrumentationClasspathMerger mergeToClasspath (Lorg/gradle/api/artifacts/ArtifactCollection;Lorg/gradle/api/artifacts/ArtifactCollection;Lorg/gradle/api/artifacts/ArtifactCollection;)Ljava/util/Map; 11 <appendix> argL0 ; # org/gradle/api/internal/initialization/transform/utils/InstrumentationClasspathMerger$$Lambda+0x000001ae817a2fb0
instanceKlass org/gradle/api/internal/initialization/transform/utils/InstrumentationClasspathMerger$OriginalArtifactIdentifier
instanceKlass  @bci org/gradle/api/internal/artifacts/configurations/ResolutionHost rethrowFailuresAndReportProblems (Ljava/lang/String;Ljava/util/Collection;)V 15 <appendix> argL0 ; # org/gradle/api/internal/artifacts/configurations/ResolutionHost$$Lambda+0x000001ae8179dc08
instanceKlass org/gradle/api/internal/artifacts/result/DefaultResolvedArtifactResult
instanceKlass  @bci org/gradle/internal/work/DefaultWorkerLeaseService withoutLocks (Ljava/util/Collection;Lorg/gradle/internal/Factory;)Ljava/lang/Object; 37 <appendix> member <vmtarget> ; # org/gradle/internal/work/DefaultWorkerLeaseService$$Lambda+0x000001ae817a2b78
instanceKlass org/gradle/internal/resources/DefaultResourceLockCoordinationService$ReleaseLocks
instanceKlass org/gradle/internal/work/DefaultWorkerLeaseService$3$1
instanceKlass  @bci org/gradle/internal/resources/DefaultResourceLockCoordinationService withStateLock (Lcom/google/common/base/Supplier;)Ljava/lang/Object; 7 <appendix> member <vmtarget> ; # org/gradle/internal/resources/DefaultResourceLockCoordinationService$$Lambda+0x000001ae817a24a0
instanceKlass org/gradle/internal/MutableReference
instanceKlass org/gradle/internal/work/DefaultWorkerLeaseService$3
instanceKlass  @bci org/gradle/internal/operations/DefaultBuildOperationQueue waitForWorkToComplete ()V 51 <appendix> member <vmtarget> ; # org/gradle/internal/operations/DefaultBuildOperationQueue$$Lambda+0x000001ae817a1e18
instanceKlass org/gradle/api/internal/artifacts/DownloadArtifactBuildOperationType$1
instanceKlass org/gradle/api/internal/artifacts/DownloadArtifactBuildOperationType$Result
instanceKlass org/gradle/api/internal/artifacts/DownloadArtifactBuildOperationType
instanceKlass org/gradle/api/internal/artifacts/DownloadArtifactBuildOperationType$DetailsImpl
instanceKlass org/gradle/api/internal/artifacts/DownloadArtifactBuildOperationType$Details
instanceKlass org/gradle/internal/Factories$1
instanceKlass  @bci org/gradle/internal/work/DefaultWorkerLeaseService releaseWorkerLeaseAndWaitFor (Ljava/util/Collection;)V 49 <appendix> member <vmtarget> ; # org/gradle/internal/work/DefaultWorkerLeaseService$$Lambda+0x000001ae817a19c0
instanceKlass  @bci org/gradle/internal/operations/DefaultBuildOperationQueue$WorkerRunnable lambda$runBatch$1 (Lorg/gradle/internal/operations/BuildOperation;)Ljava/lang/Integer; 28 <appendix> member <vmtarget> ; # org/gradle/internal/operations/DefaultBuildOperationQueue$WorkerRunnable$$Lambda+0x000001ae817a1798
# instanceKlass org/gradle/internal/operations/DefaultBuildOperationQueue$WorkerRunnable$$Lambda+0x000001ae817a1348
instanceKlass  @bci org/gradle/internal/operations/DefaultBuildOperationQueue$WorkerRunnable runBatch (Lorg/gradle/internal/operations/BuildOperation;)V 13 <appendix> member <vmtarget> ; # org/gradle/internal/operations/DefaultBuildOperationQueue$WorkerRunnable$$Lambda+0x000001ae817a1570
instanceKlass  @bci org/gradle/internal/operations/DefaultBuildOperationQueue$WorkerRunnable run ()V 8 <appendix> member <vmtarget> ; # org/gradle/internal/operations/DefaultBuildOperationQueue$WorkerRunnable$$Lambda+0x000001ae817a1120
instanceKlass org/gradle/internal/operations/DefaultBuildOperationQueue$WorkerRunnable
instanceKlass org/gradle/api/internal/artifacts/ivyservice/resolveengine/artifact/ArtifactBackedResolvedVariant$DownloadArtifactFile
instanceKlass org/gradle/internal/operations/DefaultBuildOperationQueue
instanceKlass  @bci org/gradle/internal/operations/DefaultBuildOperationExecutor executeInParallel (ZLorg/gradle/internal/operations/BuildOperationWorker;Lorg/gradle/api/Action;Lorg/gradle/internal/operations/BuildOperationConstraint;)V 25 <appendix> member <vmtarget> ; # org/gradle/internal/operations/DefaultBuildOperationExecutor$$Lambda+0x000001ae817a0628
instanceKlass org/gradle/internal/operations/BuildOperationQueue$QueueWorker
instanceKlass  @bci org/gradle/internal/operations/DefaultBuildOperationExecutor runAll (Lorg/gradle/api/Action;Lorg/gradle/internal/operations/BuildOperationConstraint;)V 2 <appendix> argL0 ; # org/gradle/internal/operations/DefaultBuildOperationExecutor$$Lambda+0x000001ae817a0208
instanceKlass org/gradle/api/internal/artifacts/ivyservice/resolveengine/artifact/ParallelResolveArtifactSet$VisitingSet$StartVisitAction
instanceKlass org/gradle/api/internal/artifacts/ivyservice/resolveengine/artifact/ResolvedArtifactSet$Visitor
instanceKlass org/gradle/api/internal/artifacts/ivyservice/resolveengine/artifact/ArtifactBackedResolvedVariant$SingleArtifactSet
instanceKlass org/gradle/api/internal/artifacts/ivyservice/resolveengine/artifact/ResolvedArtifactSet$Artifacts
instanceKlass org/apache/commons/lang3/CharSequenceUtils
instanceKlass org/apache/commons/lang3/Strings
instanceKlass org/gradle/api/internal/artifacts/dsl/ArtifactFile
instanceKlass org/gradle/internal/component/external/model/UrlBackedArtifactMetadata
instanceKlass org/gradle/api/attributes/java/TargetJvmEnvironment$Impl
instanceKlass  @bci org/gradle/api/internal/attributes/matching/DefaultAttributeMatcher areMutuallyCompatible (Lorg/gradle/api/internal/attributes/ImmutableAttributes;Lorg/gradle/api/internal/attributes/ImmutableAttributes;)Z 12 <appendix> member <vmtarget> ; # org/gradle/api/internal/attributes/matching/DefaultAttributeMatcher$$Lambda+0x000001ae8179bcb0
instanceKlass  @bci org/gradle/api/internal/artifacts/ivyservice/resolveengine/graph/builder/DependencyGraphBuilder validateMultipleNodeSelection (Lorg/gradle/api/internal/attributes/immutable/ImmutableAttributesSchema;Lorg/gradle/api/internal/artifacts/ivyservice/resolveengine/graph/builder/ModuleResolveState;Lorg/gradle/api/internal/artifacts/ivyservice/resolveengine/graph/builder/ComponentState;Lorg/gradle/internal/component/resolution/failure/ResolutionFailureHandler;Lorg/gradle/api/internal/attributes/AttributeSchemaServices;)V 9 <appendix> argL0 ; # org/gradle/api/internal/artifacts/ivyservice/resolveengine/graph/builder/DependencyGraphBuilder$$Lambda+0x000001ae8179ba60
instanceKlass java/util/LinkedList$LLSpliterator
instanceKlass  @bci org/gradle/api/internal/artifacts/ivyservice/resolveengine/excludes/factories/NormalizingExcludeFactory doUnion (Ljava/util/Set;)Lorg/gradle/api/internal/artifacts/ivyservice/resolveengine/excludes/specs/ExcludeSpec; 495 <appendix> argL0 ; # org/gradle/api/internal/artifacts/ivyservice/resolveengine/excludes/factories/NormalizingExcludeFactory$$Lambda+0x000001ae8179b820
instanceKlass  @bci org/gradle/api/internal/artifacts/ivyservice/resolveengine/excludes/factories/NormalizingExcludeFactory anyOf (Lorg/gradle/api/internal/artifacts/ivyservice/resolveengine/excludes/specs/ExcludeSpec;Lorg/gradle/api/internal/artifacts/ivyservice/resolveengine/excludes/specs/ExcludeSpec;)Lorg/gradle/api/internal/artifacts/ivyservice/resolveengine/excludes/specs/ExcludeSpec; 6 <appendix> member <vmtarget> ; # org/gradle/api/internal/artifacts/ivyservice/resolveengine/excludes/factories/NormalizingExcludeFactory$$Lambda+0x000001ae8179b5e8
instanceKlass  @bci org/gradle/api/internal/artifacts/ivyservice/resolveengine/excludes/factories/CachingExcludeFactory cachedAnyPair (Lorg/gradle/api/internal/artifacts/ivyservice/resolveengine/excludes/specs/ExcludeSpec;Lorg/gradle/api/internal/artifacts/ivyservice/resolveengine/excludes/specs/ExcludeSpec;)Lorg/gradle/api/internal/artifacts/ivyservice/resolveengine/excludes/specs/ExcludeSpec; 10 <appendix> member <vmtarget> ; # org/gradle/api/internal/artifacts/ivyservice/resolveengine/excludes/factories/CachingExcludeFactory$$Lambda+0x000001ae8179b3a0
instanceKlass org/gradle/api/internal/artifacts/ivyservice/resolveengine/excludes/simple/DefaultExcludeEverything
instanceKlass  @bci org/gradle/api/internal/artifacts/ivyservice/resolveengine/graph/conflicts/DefaultCapabilitiesConflictHandler registerCapability (Lorg/gradle/api/internal/artifacts/ivyservice/resolveengine/graph/builder/NodeState;Lorg/gradle/api/internal/capabilities/CapabilityInternal;)Z 26 <appendix> argL0 ; # org/gradle/api/internal/artifacts/ivyservice/resolveengine/graph/conflicts/DefaultCapabilitiesConflictHandler$$Lambda+0x000001ae8179af10
instanceKlass  @bci org/gradle/api/internal/artifacts/ivyservice/resolveengine/graph/conflicts/DefaultCapabilitiesConflictHandler registerCapability (Lorg/gradle/api/internal/artifacts/ivyservice/resolveengine/graph/builder/NodeState;Lorg/gradle/api/internal/capabilities/CapabilityInternal;)Z 11 <appendix> member <vmtarget> ; # org/gradle/api/internal/artifacts/ivyservice/resolveengine/graph/conflicts/DefaultCapabilitiesConflictHandler$$Lambda+0x000001ae8179acc8
instanceKlass org/gradle/api/internal/artifacts/ivyservice/resolveengine/graph/conflicts/DefaultCapabilitiesConflictHandler$ConflictedNodesTracker
instanceKlass  @bci org/gradle/api/internal/artifacts/ivyservice/resolveengine/excludes/factories/NormalizingExcludeFactory doIntersect (Ljava/util/Set;)Lorg/gradle/api/internal/artifacts/ivyservice/resolveengine/excludes/specs/ExcludeSpec; 256 <appendix> member <vmtarget> ; # org/gradle/api/internal/artifacts/ivyservice/resolveengine/excludes/factories/NormalizingExcludeFactory$$Lambda+0x000001ae8179a830
instanceKlass  @bci org/gradle/api/internal/artifacts/ivyservice/resolveengine/excludes/factories/NormalizingExcludeFactory doIntersect (Ljava/util/Set;)Lorg/gradle/api/internal/artifacts/ivyservice/resolveengine/excludes/specs/ExcludeSpec; 223 <appendix> argL0 ; # org/gradle/api/internal/artifacts/ivyservice/resolveengine/excludes/factories/NormalizingExcludeFactory$$Lambda+0x000001ae8179a5e0
instanceKlass  @bci org/gradle/api/internal/artifacts/ivyservice/resolveengine/excludes/factories/Intersections tryIntersect (Lorg/gradle/api/internal/artifacts/ivyservice/resolveengine/excludes/specs/ExcludeSpec;Lorg/gradle/api/internal/artifacts/ivyservice/resolveengine/excludes/specs/ExcludeSpec;)Lorg/gradle/api/internal/artifacts/ivyservice/resolveengine/excludes/specs/ExcludeSpec; 39 <appendix> member <vmtarget> ; # org/gradle/api/internal/artifacts/ivyservice/resolveengine/excludes/factories/Intersections$$Lambda+0x000001ae8179a398
instanceKlass  @bci org/gradle/api/internal/artifacts/ivyservice/resolveengine/excludes/factories/Intersections tryIntersect (Lorg/gradle/api/internal/artifacts/ivyservice/resolveengine/excludes/specs/ExcludeSpec;Lorg/gradle/api/internal/artifacts/ivyservice/resolveengine/excludes/specs/ExcludeSpec;)Lorg/gradle/api/internal/artifacts/ivyservice/resolveengine/excludes/specs/ExcludeSpec; 21 <appendix> member <vmtarget> ; # org/gradle/api/internal/artifacts/ivyservice/resolveengine/excludes/factories/Intersections$$Lambda+0x000001ae8179a140
instanceKlass  @bci org/gradle/api/internal/artifacts/ivyservice/resolveengine/excludes/factories/NormalizingExcludeFactory doIntersect (Ljava/util/Set;)Lorg/gradle/api/internal/artifacts/ivyservice/resolveengine/excludes/specs/ExcludeSpec; 31 <appendix> member <vmtarget> ; # org/gradle/api/internal/artifacts/ivyservice/resolveengine/excludes/factories/NormalizingExcludeFactory$$Lambda+0x000001ae81799cf0
instanceKlass  @bci org/gradle/api/internal/artifacts/ivyservice/resolveengine/excludes/factories/NormalizingExcludeFactory doIntersect (Ljava/util/Set;)Lorg/gradle/api/internal/artifacts/ivyservice/resolveengine/excludes/specs/ExcludeSpec; 19 <appendix> member <vmtarget> ; # org/gradle/api/internal/artifacts/ivyservice/resolveengine/excludes/factories/NormalizingExcludeFactory$$Lambda+0x000001ae81799a98
instanceKlass  @bci org/gradle/api/internal/artifacts/ivyservice/resolveengine/excludes/factories/NormalizingExcludeFactory allOf (Lorg/gradle/api/internal/artifacts/ivyservice/resolveengine/excludes/specs/ExcludeSpec;Lorg/gradle/api/internal/artifacts/ivyservice/resolveengine/excludes/specs/ExcludeSpec;)Lorg/gradle/api/internal/artifacts/ivyservice/resolveengine/excludes/specs/ExcludeSpec; 6 <appendix> member <vmtarget> ; # org/gradle/api/internal/artifacts/ivyservice/resolveengine/excludes/factories/NormalizingExcludeFactory$$Lambda+0x000001ae81799860
instanceKlass  @bci org/gradle/api/internal/artifacts/ivyservice/resolveengine/excludes/factories/CachingExcludeFactory allOf (Lorg/gradle/api/internal/artifacts/ivyservice/resolveengine/excludes/specs/ExcludeSpec;Lorg/gradle/api/internal/artifacts/ivyservice/resolveengine/excludes/specs/ExcludeSpec;)Lorg/gradle/api/internal/artifacts/ivyservice/resolveengine/excludes/specs/ExcludeSpec; 10 <appendix> member <vmtarget> ; # org/gradle/api/internal/artifacts/ivyservice/resolveengine/excludes/factories/CachingExcludeFactory$$Lambda+0x000001ae81799618
instanceKlass org/gradle/api/internal/artifacts/ivyservice/resolveengine/excludes/factories/CachingExcludeFactory$ExcludePair
instanceKlass  @bci org/gradle/api/internal/artifacts/ivyservice/resolveengine/excludes/factories/OptimizingExcludeFactory allOf (Ljava/util/Set;)Lorg/gradle/api/internal/artifacts/ivyservice/resolveengine/excludes/specs/ExcludeSpec; 3 <appendix> member <vmtarget> ; # org/gradle/api/internal/artifacts/ivyservice/resolveengine/excludes/factories/OptimizingExcludeFactory$$Lambda+0x000001ae817991c0
instanceKlass  @bci org/gradle/api/internal/artifacts/ivyservice/resolveengine/excludes/factories/NormalizingExcludeFactory doUnion (Ljava/util/Set;)Lorg/gradle/api/internal/artifacts/ivyservice/resolveengine/excludes/specs/ExcludeSpec; 1086 <appendix> member <vmtarget> ; # org/gradle/api/internal/artifacts/ivyservice/resolveengine/excludes/factories/NormalizingExcludeFactory$$Lambda+0x000001ae81798f78
instanceKlass org/gradle/api/internal/artifacts/ivyservice/resolveengine/excludes/simple/DefaultModuleIdSetExclude
instanceKlass  @bci org/gradle/api/internal/artifacts/ivyservice/resolveengine/excludes/factories/NormalizingExcludeFactory doUnion (Ljava/util/Set;)Lorg/gradle/api/internal/artifacts/ivyservice/resolveengine/excludes/specs/ExcludeSpec; 200 <appendix> argL0 ; # org/gradle/api/internal/artifacts/ivyservice/resolveengine/excludes/factories/NormalizingExcludeFactory$$Lambda+0x000001ae81798ae8
instanceKlass  @bci org/gradle/api/internal/artifacts/ivyservice/resolveengine/excludes/factories/NormalizingExcludeFactory doUnion (Ljava/util/Set;)Lorg/gradle/api/internal/artifacts/ivyservice/resolveengine/excludes/specs/ExcludeSpec; 78 <appendix> argL0 ; # org/gradle/api/internal/artifacts/ivyservice/resolveengine/excludes/factories/NormalizingExcludeFactory$$Lambda+0x000001ae817986b0
instanceKlass org/gradle/api/internal/artifacts/ivyservice/resolveengine/excludes/factories/NormalizingExcludeFactory$FlattenOperationResult
instanceKlass  @bci org/gradle/api/internal/artifacts/ivyservice/resolveengine/excludes/factories/NormalizingExcludeFactory doUnion (Ljava/util/Set;)Lorg/gradle/api/internal/artifacts/ivyservice/resolveengine/excludes/specs/ExcludeSpec; 31 <appendix> member <vmtarget> ; # org/gradle/api/internal/artifacts/ivyservice/resolveengine/excludes/factories/NormalizingExcludeFactory$$Lambda+0x000001ae81798000
instanceKlass  @bci org/gradle/api/internal/artifacts/ivyservice/resolveengine/excludes/factories/NormalizingExcludeFactory doUnion (Ljava/util/Set;)Lorg/gradle/api/internal/artifacts/ivyservice/resolveengine/excludes/specs/ExcludeSpec; 19 <appendix> member <vmtarget> ; # org/gradle/api/internal/artifacts/ivyservice/resolveengine/excludes/factories/NormalizingExcludeFactory$$Lambda+0x000001ae81790400
instanceKlass org/gradle/api/internal/artifacts/ivyservice/resolveengine/excludes/specs/ExcludeEverything
instanceKlass  @bci org/gradle/api/internal/artifacts/ivyservice/resolveengine/excludes/factories/NormalizingExcludeFactory simplifySet (Ljava/lang/Class;Ljava/util/Set;)Ljava/util/Set; 12 <appendix> member <vmtarget> ; # org/gradle/api/internal/artifacts/ivyservice/resolveengine/excludes/factories/NormalizingExcludeFactory$$Lambda+0x000001ae81790a48
instanceKlass org/gradle/api/internal/artifacts/ivyservice/resolveengine/excludes/specs/ExcludeAllOf
instanceKlass  @bci org/gradle/api/internal/artifacts/ivyservice/resolveengine/excludes/factories/CachingExcludeFactory anyOf (Ljava/util/Set;)Lorg/gradle/api/internal/artifacts/ivyservice/resolveengine/excludes/specs/ExcludeSpec; 14 <appendix> member <vmtarget> ; # org/gradle/api/internal/artifacts/ivyservice/resolveengine/excludes/factories/CachingExcludeFactory$$Lambda+0x000001ae81790800
instanceKlass org/gradle/api/internal/artifacts/ivyservice/resolveengine/excludes/factories/CachingExcludeFactory$ExcludesKey
instanceKlass  @bci org/gradle/api/internal/artifacts/ivyservice/resolveengine/excludes/factories/OptimizingExcludeFactory anyOf (Ljava/util/Set;)Lorg/gradle/api/internal/artifacts/ivyservice/resolveengine/excludes/specs/ExcludeSpec; 3 <appendix> member <vmtarget> ; # org/gradle/api/internal/artifacts/ivyservice/resolveengine/excludes/factories/OptimizingExcludeFactory$$Lambda+0x000001ae817939a8
instanceKlass org/gradle/api/internal/artifacts/ivyservice/resolveengine/excludes/simple/DefaultModuleIdExclude
instanceKlass org/apache/ivy/plugins/matcher/PatternMatcher
instanceKlass org/gradle/api/internal/artifacts/ivyservice/resolveengine/excludes/PatternMatchers
instanceKlass  @bci org/gradle/api/internal/artifacts/ivyservice/resolveengine/excludes/ModuleExclusions forExclude (Lorg/gradle/internal/component/model/ExcludeMetadata;)Lorg/gradle/api/internal/artifacts/ivyservice/resolveengine/excludes/specs/ExcludeSpec; 6 <appendix> member <vmtarget> ; # org/gradle/api/internal/artifacts/ivyservice/resolveengine/excludes/ModuleExclusions$$Lambda+0x000001ae817930f8
instanceKlass org/gradle/internal/component/external/model/AbstractMutableModuleComponentResolveMetadata$DependencyConstraintImpl
instanceKlass org/gradle/internal/component/external/model/ComponentVariant$DependencyConstraint
instanceKlass org/gradle/api/internal/artifacts/ivyservice/ivyresolve/strategy/InverseVersionSelector
instanceKlass org/gradle/api/internal/artifacts/capability/DefaultSpecificCapabilitySelector
instanceKlass org/gradle/api/internal/artifacts/capability/SpecificCapabilitySelector
instanceKlass org/gradle/api/internal/artifacts/capability/CapabilitySelectorInternal
instanceKlass org/gradle/api/internal/artifacts/ivyservice/resolveengine/graph/conflicts/DefaultConflictResolverDetails
instanceKlass org/gradle/api/internal/artifacts/ivyservice/resolveengine/graph/selectors/SelectorStateResolverResults$Registration
instanceKlass com/google/common/primitives/Longs$AsciiDigits
instanceKlass  @bci org/gradle/api/internal/attributes/matching/MultipleCandidateMatcher disambiguateRequestedAttribute (I)V 6 <appendix> member <vmtarget> ; # org/gradle/api/internal/attributes/matching/MultipleCandidateMatcher$$Lambda+0x000001ae81792270
instanceKlass org/gradle/internal/component/external/descriptor/DefaultExclude
instanceKlass org/gradle/internal/component/model/Exclude
instanceKlass org/gradle/internal/component/external/model/GradleDependencyMetadata
instanceKlass org/gradle/internal/component/external/model/LazyVariantBackedConfigurationMetadata$RuleAwareVariant
instanceKlass org/gradle/internal/component/external/model/AbstractVariantBackedConfigurationMetadata
instanceKlass org/gradle/internal/component/external/model/AbstractMutableModuleComponentResolveMetadata$ImmutableVariantImpl
instanceKlass org/gradle/internal/component/external/model/ComponentVariant
instanceKlass org/gradle/internal/component/external/model/AbstractMutableModuleComponentResolveMetadata$FileImpl
instanceKlass org/gradle/internal/component/external/model/ComponentVariant$File
instanceKlass org/gradle/internal/component/external/model/AbstractMutableModuleComponentResolveMetadata$DependencyImpl
instanceKlass org/gradle/internal/component/external/model/ComponentVariant$Dependency
instanceKlass org/gradle/internal/component/external/model/AbstractMutableModuleComponentResolveMetadata$MutableVariantImpl
instanceKlass org/gradle/internal/component/model/DefaultCompatibilityCheckResult
instanceKlass org/gradle/api/internal/initialization/transform/utils/InstrumentationClasspathMerger
instanceKlass  @bci org/gradle/api/internal/initialization/DefaultScriptClassPathResolver lambda$getInstrumentedProjectDependencies$10 (Lorg/gradle/api/artifacts/ArtifactView$ViewConfiguration;)V 13 <appendix> argL0 ; # org/gradle/api/internal/initialization/DefaultScriptClassPathResolver$$Lambda+0x000001ae817973f8
instanceKlass  @bci org/gradle/api/internal/initialization/DefaultScriptClassPathResolver lambda$getInstrumentedProjectDependencies$10 (Lorg/gradle/api/artifacts/ArtifactView$ViewConfiguration;)V 1 <appendix> argL0 ; # org/gradle/api/internal/initialization/DefaultScriptClassPathResolver$$Lambda+0x000001ae817971d8
instanceKlass  @bci org/gradle/api/internal/initialization/DefaultScriptClassPathResolver getInstrumentedProjectDependencies (Lorg/gradle/api/artifacts/Configuration;)Lorg/gradle/api/artifacts/ArtifactCollection; 6 <appendix> argL0 ; # org/gradle/api/internal/initialization/DefaultScriptClassPathResolver$$Lambda+0x000001ae81796fb8
instanceKlass  @bci org/gradle/api/internal/initialization/DefaultScriptClassPathResolver lambda$getInstrumentedExternalDependencies$8 (Lorg/gradle/api/artifacts/ArtifactView$ViewConfiguration;)V 13 <appendix> argL0 ; # org/gradle/api/internal/initialization/DefaultScriptClassPathResolver$$Lambda+0x000001ae81796d98
instanceKlass  @bci org/gradle/api/internal/initialization/DefaultScriptClassPathResolver lambda$getInstrumentedExternalDependencies$8 (Lorg/gradle/api/artifacts/ArtifactView$ViewConfiguration;)V 1 <appendix> argL0 ; # org/gradle/api/internal/initialization/DefaultScriptClassPathResolver$$Lambda+0x000001ae81796b78
instanceKlass  @bci org/gradle/api/internal/initialization/DefaultScriptClassPathResolver getInstrumentedExternalDependencies (Lorg/gradle/api/artifacts/Configuration;)Lorg/gradle/api/artifacts/ArtifactCollection; 6 <appendix> argL0 ; # org/gradle/api/internal/initialization/DefaultScriptClassPathResolver$$Lambda+0x000001ae81796958
instanceKlass  @bci org/gradle/api/internal/file/collections/DefaultConfigurableFileCollection$UnresolvedItemsCollector addItem (Lorg/gradle/api/internal/file/collections/DefaultConfigurableFileCollection;Lorg/gradle/internal/file/PathToFileResolver;Lorg/gradle/api/tasks/util/internal/PatternSetFactory;Lorg/gradle/api/internal/tasks/TaskDependencyFactory;Lorg/gradle/api/internal/provider/PropertyHost;Ljava/lang/Object;Lcom/google/common/collect/ImmutableList;)V 22 <appendix> member <vmtarget> ; # org/gradle/api/internal/file/collections/DefaultConfigurableFileCollection$UnresolvedItemsCollector$$Lambda+0x000001ae81796730
instanceKlass  @bci org/gradle/api/internal/initialization/transform/services/CacheInstrumentationDataBuildService$1 setTypeHierarchyAnalysisResult (Lorg/gradle/api/file/FileCollection;)V 1 <appendix> argL0 ; # org/gradle/api/internal/initialization/transform/services/CacheInstrumentationDataBuildService$1$$Lambda+0x000001ae81796048
instanceKlass org/gradle/api/internal/initialization/transform/utils/InstrumentationTransformUtils
instanceKlass  @bci org/gradle/api/internal/initialization/DefaultScriptClassPathResolver lambda$getAnalysisResult$4 (Lorg/gradle/api/artifacts/ArtifactView$ViewConfiguration;)V 14 <appendix> argL0 ; # org/gradle/api/internal/initialization/DefaultScriptClassPathResolver$$Lambda+0x000001ae81795c20
instanceKlass  @bci org/gradle/api/internal/initialization/DefaultScriptClassPathResolver lambda$getAnalysisResult$4 (Lorg/gradle/api/artifacts/ArtifactView$ViewConfiguration;)V 2 <appendix> member <vmtarget> ; # org/gradle/api/internal/initialization/DefaultScriptClassPathResolver$$Lambda+0x000001ae817959f8
instanceKlass  @bci org/gradle/api/internal/initialization/DefaultScriptClassPathResolver getAnalysisResult (Lorg/gradle/api/artifacts/Configuration;)Lorg/gradle/api/file/FileCollection; 7 <appendix> member <vmtarget> ; # org/gradle/api/internal/initialization/DefaultScriptClassPathResolver$$Lambda+0x000001ae817957d0
instanceKlass  @bci org/gradle/api/internal/initialization/DefaultScriptClassPathResolver lambda$getOriginalDependencies$6 (Lorg/gradle/api/artifacts/ArtifactView$ViewConfiguration;)V 1 <appendix> argL0 ; # org/gradle/api/internal/initialization/DefaultScriptClassPathResolver$$Lambda+0x000001ae817955b0
instanceKlass  @bci org/gradle/api/internal/initialization/DefaultScriptClassPathResolver getOriginalDependencies (Lorg/gradle/api/artifacts/Configuration;)Lorg/gradle/api/artifacts/ArtifactView; 6 <appendix> argL0 ; # org/gradle/api/internal/initialization/DefaultScriptClassPathResolver$$Lambda+0x000001ae81795390
instanceKlass org/gradle/api/internal/initialization/transform/services/CacheInstrumentationDataBuildService$1
instanceKlass  @bci org/gradle/api/internal/initialization/transform/services/CacheInstrumentationDataBuildService$ResolutionData_Decorated $gradleInit ()V 1 <appendix> member <vmtarget> ; # org/gradle/api/internal/initialization/transform/services/CacheInstrumentationDataBuildService$ResolutionData_Decorated$$Lambda+0x000001ae81794ef8
instanceKlass  @bci org/gradle/api/internal/initialization/transform/services/CacheInstrumentationDataBuildService$ResolutionData <init> (Lorg/gradle/api/internal/initialization/transform/services/InjectedInstrumentationServices;Lorg/gradle/api/internal/initialization/transform/utils/InstrumentationAnalysisSerializer;Lcom/google/common/cache/Cache;)V 48 <appendix> member <vmtarget> ; # org/gradle/api/internal/initialization/transform/services/CacheInstrumentationDataBuildService$ResolutionData$$Lambda+0x000001ae81794cd0
instanceKlass  @bci org/gradle/api/internal/initialization/transform/services/CacheInstrumentationDataBuildService$ResolutionData <init> (Lorg/gradle/api/internal/initialization/transform/services/InjectedInstrumentationServices;Lorg/gradle/api/internal/initialization/transform/utils/InstrumentationAnalysisSerializer;Lcom/google/common/cache/Cache;)V 30 <appendix> member <vmtarget> ; # org/gradle/api/internal/initialization/transform/services/CacheInstrumentationDataBuildService$ResolutionData$$Lambda+0x000001ae81794aa8
instanceKlass org/gradle/internal/classpath/types/ExternalPluginsInstrumentationTypeRegistry
instanceKlass org/gradle/api/internal/initialization/transform/utils/DefaultInstrumentationAnalysisSerializer
instanceKlass org/gradle/api/internal/initialization/transform/utils/CachedInstrumentationAnalysisSerializer
instanceKlass  @bci org/gradle/api/internal/initialization/transform/services/InjectedInstrumentationServices_Decorated $gradleInit ()V 1 <appendix> member <vmtarget> ; # org/gradle/api/internal/initialization/transform/services/InjectedInstrumentationServices_Decorated$$Lambda+0x000001ae8178fd68
instanceKlass  @bci org/gradle/api/internal/initialization/transform/services/InjectedInstrumentationServices <init> ()V 27 <appendix> member <vmtarget> ; # org/gradle/api/internal/initialization/transform/services/InjectedInstrumentationServices$$Lambda+0x000001ae8178fb40
instanceKlass  @bci org/gradle/api/internal/initialization/transform/services/InjectedInstrumentationServices <init> ()V 9 <appendix> member <vmtarget> ; # org/gradle/api/internal/initialization/transform/services/InjectedInstrumentationServices$$Lambda+0x000001ae8178f918
instanceKlass  @bci org/gradle/api/internal/initialization/transform/services/CacheInstrumentationDataBuildService newResolutionScope (J)Lorg/gradle/api/internal/initialization/transform/services/CacheInstrumentationDataBuildService$ResolutionScope; 10 <appendix> member <vmtarget> ; # org/gradle/api/internal/initialization/transform/services/CacheInstrumentationDataBuildService$$Lambda+0x000001ae8178f348
instanceKlass  @cpi org/gradle/api/internal/initialization/transform/services/CacheInstrumentationDataBuildService 266 form vmentry <vmtarget> ; # java/lang/invoke/LambdaForm$DMH+0x000001ae81790000
instanceKlass  @bci org/gradle/api/internal/initialization/transform/services/CacheInstrumentationDataBuildService$Inject_ $gradleInit ()V 1 <appendix> member <vmtarget> ; # org/gradle/api/internal/initialization/transform/services/CacheInstrumentationDataBuildService$Inject_$$Lambda+0x000001ae8178f120
instanceKlass  @bci org/gradle/api/internal/initialization/transform/services/CacheInstrumentationDataBuildService <init> ()V 55 <appendix> argL0 ; # org/gradle/api/internal/initialization/transform/services/CacheInstrumentationDataBuildService$$Lambda+0x000001ae8178ef00
instanceKlass  @bci org/gradle/api/internal/initialization/transform/services/CacheInstrumentationDataBuildService <init> ()V 38 <appendix> member <vmtarget> ; # org/gradle/api/internal/initialization/transform/services/CacheInstrumentationDataBuildService$$Lambda+0x000001ae8178ecd8
instanceKlass  @bci org/gradle/api/internal/initialization/transform/services/CacheInstrumentationDataBuildService <init> ()V 20 <appendix> member <vmtarget> ; # org/gradle/api/internal/initialization/transform/services/CacheInstrumentationDataBuildService$$Lambda+0x000001ae8178eab0
instanceKlass org/gradle/api/internal/initialization/transform/services/CacheInstrumentationDataBuildService$ResolutionData
instanceKlass org/gradle/api/internal/initialization/transform/utils/InstrumentationAnalysisSerializer
instanceKlass org/gradle/api/internal/initialization/transform/services/CacheInstrumentationDataBuildService$ResolutionScope
instanceKlass org/gradle/internal/isolated/IsolationScheme$ServicesForIsolatedObject
instanceKlass  @bci org/gradle/api/internal/initialization/DefaultBuildLogicBuilder resolveClassPath (Lorg/gradle/api/artifacts/Configuration;Lorg/gradle/api/internal/initialization/ScriptClassPathResolutionContext;)Lorg/gradle/internal/classpath/ClassPath; 16 <appendix> member <vmtarget> ; # org/gradle/api/internal/initialization/DefaultBuildLogicBuilder$$Lambda+0x000001ae8178dd10
instanceKlass  @bci org/gradle/api/internal/artifacts/configurations/ResolutionBackedFileCollection visitDependencies (Lorg/gradle/api/internal/tasks/TaskDependencyResolveContext;)V 43 <appendix> member <vmtarget> ; # org/gradle/api/internal/artifacts/configurations/ResolutionBackedFileCollection$$Lambda+0x000001ae81789090
instanceKlass  @bci org/gradle/api/internal/artifacts/ivyservice/resolveengine/artifact/DefaultSelectedArtifactSet visitDependencies (Lorg/gradle/api/internal/tasks/TaskDependencyResolveContext;)V 10 <appendix> member <vmtarget> ; # org/gradle/api/internal/artifacts/ivyservice/resolveengine/artifact/DefaultSelectedArtifactSet$$Lambda+0x000001ae81788e58
instanceKlass  @bci org/gradle/api/internal/artifacts/transform/DefaultTransformUpstreamDependenciesResolver <init> (Lorg/gradle/api/internal/artifacts/configurations/ResolutionHost;Lorg/gradle/operations/dependencies/configurations/ConfigurationIdentity;Lorg/gradle/api/internal/attributes/ImmutableAttributes;Lorg/gradle/api/artifacts/ResolutionStrategy$SortOrder;Lorg/gradle/api/internal/artifacts/ivyservice/resolveengine/graph/results/VisitedGraphResults;Lorg/gradle/api/internal/artifacts/ivyservice/resolveengine/artifact/VisitedArtifactSet;Lorg/gradle/internal/model/CalculatedValue;Lorg/gradle/api/internal/DomainObjectContext;Lorg/gradle/internal/model/CalculatedValueContainerFactory;Lorg/gradle/api/internal/attributes/AttributesFactory;Lorg/gradle/api/internal/tasks/TaskDependencyFactory;)V 80 <appendix> member <vmtarget> ; # org/gradle/api/internal/artifacts/transform/DefaultTransformUpstreamDependenciesResolver$$Lambda+0x000001ae81788bd8
instanceKlass  @bci org/gradle/api/internal/artifacts/transform/DefaultTransformUpstreamDependenciesResolver <init> (Lorg/gradle/api/internal/artifacts/configurations/ResolutionHost;Lorg/gradle/operations/dependencies/configurations/ConfigurationIdentity;Lorg/gradle/api/internal/attributes/ImmutableAttributes;Lorg/gradle/api/artifacts/ResolutionStrategy$SortOrder;Lorg/gradle/api/internal/artifacts/ivyservice/resolveengine/graph/results/VisitedGraphResults;Lorg/gradle/api/internal/artifacts/ivyservice/resolveengine/artifact/VisitedArtifactSet;Lorg/gradle/internal/model/CalculatedValue;Lorg/gradle/api/internal/DomainObjectContext;Lorg/gradle/internal/model/CalculatedValueContainerFactory;Lorg/gradle/api/internal/attributes/AttributesFactory;Lorg/gradle/api/internal/tasks/TaskDependencyFactory;)V 53 <appendix> member <vmtarget> ; # org/gradle/api/internal/artifacts/transform/DefaultTransformUpstreamDependenciesResolver$$Lambda+0x000001ae81788958
instanceKlass  @bci org/gradle/api/internal/artifacts/ivyservice/ResolutionExecutor resolveBuildDependencies (Lorg/gradle/api/internal/artifacts/LegacyResolutionParameters;Lorg/gradle/api/internal/artifacts/ivyservice/ResolutionParameters;Lorg/gradle/internal/model/CalculatedValue;)Lorg/gradle/api/internal/artifacts/ResolverResults; 131 <appendix> member <vmtarget> ; # org/gradle/api/internal/artifacts/ivyservice/ResolutionExecutor$$Lambda+0x000001ae81788730
instanceKlass  @bci org/gradle/api/internal/artifacts/ivyservice/InMemoryResolutionResultBuilder getResolutionResult ()Lorg/gradle/api/internal/artifacts/result/MinimalResolutionResult; 38 <appendix> member <vmtarget> ; # org/gradle/api/internal/artifacts/ivyservice/InMemoryResolutionResultBuilder$$Lambda+0x000001ae81788508
instanceKlass it/unimi/dsi/fastutil/longs/Long2ObjectOpenHashMap$MapEntry
instanceKlass it/unimi/dsi/fastutil/longs/LongObjectPair
instanceKlass it/unimi/dsi/fastutil/Pair
instanceKlass it/unimi/dsi/fastutil/longs/Long2ObjectMap$Entry
instanceKlass it/unimi/dsi/fastutil/longs/Long2ObjectOpenHashMap$MapIterator
instanceKlass org/gradle/api/internal/artifacts/result/DefaultResolvedComponentResult
instanceKlass org/gradle/api/internal/artifacts/result/ResolvedComponentResultInternal
instanceKlass  @bci org/gradle/api/internal/attributes/AttributeDesugaring desugar (Lorg/gradle/api/internal/attributes/ImmutableAttributes;)Lorg/gradle/api/internal/attributes/ImmutableAttributes; 17 <appendix> member <vmtarget> ; # org/gradle/api/internal/attributes/AttributeDesugaring$$Lambda+0x000001ae81780400
instanceKlass org/gradle/api/internal/artifacts/ivyservice/ivyresolve/NoRepositoriesResolver
instanceKlass org/gradle/api/internal/artifacts/ivyservice/resolveengine/result/CachingDependencyResultFactory
instanceKlass org/gradle/api/artifacts/result/DependencyResult
instanceKlass org/gradle/api/internal/artifacts/ivyservice/resolveengine/result/ResolutionResultGraphBuilder
instanceKlass org/gradle/api/internal/artifacts/ivyservice/InMemoryResolutionResultBuilder
instanceKlass  @bci org/gradle/api/internal/artifacts/configurations/DefaultConfiguration lambda$resolveGraphForBuildDependenciesIfRequired$6 (Ljava/util/Optional;)Ljava/util/Optional; 27 <appendix> member <vmtarget> ; # org/gradle/api/internal/artifacts/configurations/DefaultConfiguration$$Lambda+0x000001ae81781718
instanceKlass  @bci org/gradle/api/internal/artifacts/configurations/DefaultConfiguration resolveGraphForBuildDependenciesIfRequired ()Lorg/gradle/api/internal/artifacts/ResolverResults; 9 <appendix> member <vmtarget> ; # org/gradle/api/internal/artifacts/configurations/DefaultConfiguration$$Lambda+0x000001ae817814d0
instanceKlass org/gradle/api/internal/artifacts/ivyservice/resolveengine/artifact/ResolvedFileVisitor
instanceKlass  @bci org/gradle/api/internal/tasks/TaskDependencyContainer <clinit> ()V 0 <appendix> argL0 ; # org/gradle/api/internal/tasks/TaskDependencyContainer$$Lambda+0x000001ae81782ca8
instanceKlass org/gradle/api/internal/tasks/DefaultTaskDependency$TaskDependencySet
instanceKlass org/gradle/internal/graph/CachingDirectedGraphWalker$NodeDetails
instanceKlass org/gradle/api/internal/tasks/WorkDependencyResolver$1
instanceKlass  @bci org/gradle/api/internal/file/AbstractFileCollection getBuildDependencies ()Lorg/gradle/api/tasks/TaskDependency; 22 <appendix> member <vmtarget> ; # org/gradle/api/internal/file/AbstractFileCollection$$Lambda+0x000001ae81782238
instanceKlass  @bci org/gradle/api/internal/file/AbstractFileCollection getBuildDependencies ()Lorg/gradle/api/tasks/TaskDependency; 9 <appendix> member <vmtarget> ; # org/gradle/api/internal/file/AbstractFileCollection$$Lambda+0x000001ae81782000
instanceKlass org/gradle/api/internal/tasks/TaskDependencyUtil
instanceKlass  @bci org/gradle/api/internal/artifacts/configurations/DefaultConfiguration isExclusivelyDeprecatedUsage ([Lorg/gradle/api/internal/artifacts/configurations/DefaultConfiguration$ProperMethodUsage;)Z 18 <appendix> member <vmtarget> ; # org/gradle/api/internal/artifacts/configurations/DefaultConfiguration$$Lambda+0x000001ae81787d28
instanceKlass  @bci org/gradle/api/internal/artifacts/configurations/DefaultConfiguration isExclusivelyDeprecatedUsage ([Lorg/gradle/api/internal/artifacts/configurations/DefaultConfiguration$ProperMethodUsage;)Z 7 <appendix> member <vmtarget> ; # org/gradle/api/internal/artifacts/configurations/DefaultConfiguration$$Lambda+0x000001ae81787ad0
instanceKlass  @bci org/gradle/api/internal/artifacts/configurations/DefaultConfiguration isProperUsage ([Lorg/gradle/api/internal/artifacts/configurations/DefaultConfiguration$ProperMethodUsage;)Z 7 <appendix> member <vmtarget> ; # org/gradle/api/internal/artifacts/configurations/DefaultConfiguration$$Lambda+0x000001ae81787878
instanceKlass  @bci org/gradle/api/internal/initialization/DefaultScriptHandler getInstrumentedScriptClassPath ()Lorg/gradle/internal/classpath/ClassPath; 15 <appendix> member <vmtarget> ; # org/gradle/api/internal/initialization/DefaultScriptHandler$$Lambda+0x000001ae817779c8
instanceKlass  @bci org/gradle/plugin/use/internal/DefaultPluginRequestApplicator applyPlugins (Lorg/gradle/plugin/management/internal/PluginRequests;Lorg/gradle/api/internal/initialization/ScriptHandlerInternal;Lorg/gradle/api/internal/plugins/PluginManagerInternal;Lorg/gradle/api/internal/initialization/ClassLoaderScope;)V 231 <appendix> member <vmtarget> ; # org/gradle/plugin/use/internal/DefaultPluginRequestApplicator$$Lambda+0x000001ae81786f38
instanceKlass  @bci org/gradle/plugin/use/tracker/internal/PluginVersionTracker setPluginVersionAt (Lorg/gradle/api/internal/initialization/ClassLoaderScope;Ljava/lang/String;Ljava/lang/String;)V 5 <appendix> argL0 ; # org/gradle/plugin/use/tracker/internal/PluginVersionTracker$$Lambda+0x000001ae81786cf8
instanceKlass  @bci org/gradle/plugin/use/resolve/internal/ArtifactRepositoriesPluginResolver$ExternalPluginResolution accept (Lorg/gradle/plugin/use/resolve/internal/PluginResolutionVisitor;)V 89 <appendix> member <vmtarget> ; # org/gradle/plugin/use/resolve/internal/ArtifactRepositoriesPluginResolver$ExternalPluginResolution$$Lambda+0x000001ae81786ac0
instanceKlass org/gradle/plugin/management/internal/PluginCoordinates
instanceKlass  @bci org/gradle/plugin/use/resolve/internal/ArtifactRepositoriesPluginResolver$ExternalPluginResolution visitDependency (Lorg/gradle/plugin/use/resolve/internal/PluginResolutionVisitor;Lorg/gradle/api/artifacts/ModuleIdentifier;)V 25 <appendix> member <vmtarget> ; # org/gradle/plugin/use/resolve/internal/ArtifactRepositoriesPluginResolver$ExternalPluginResolution$$Lambda+0x000001ae81786898
instanceKlass org/gradle/plugin/use/resolve/internal/ArtifactRepositoriesPluginResolver$ExternalPluginResolution
instanceKlass org/gradle/api/internal/artifacts/ivyservice/resolveengine/artifact/ResolvedArtifactSetResolver$1$1
instanceKlass org/gradle/api/internal/artifacts/ResolveArtifactsBuildOperationType$Result
instanceKlass org/gradle/api/internal/artifacts/ivyservice/resolveengine/artifact/ParallelResolveArtifactSet
instanceKlass org/gradle/api/internal/artifacts/ivyservice/resolveengine/artifact/ResolvedArtifactSetResolver$1$2
instanceKlass org/gradle/api/internal/artifacts/ResolveArtifactsBuildOperationType$Details
instanceKlass org/gradle/api/internal/artifacts/ivyservice/resolveengine/artifact/ResolvedArtifactSetResolver$1
instanceKlass  @bci org/gradle/api/internal/artifacts/ivyservice/resolveengine/artifact/ResolvedArtifactSetResolver visitInUnmanagedWorkerThread (Lorg/gradle/api/internal/artifacts/ivyservice/resolveengine/artifact/ResolvedArtifactSet;Lorg/gradle/api/internal/artifacts/ivyservice/resolveengine/artifact/ArtifactVisitor;Lorg/gradle/api/internal/artifacts/configurations/ResolutionHost;)V 8 <appendix> member <vmtarget> ; # org/gradle/api/internal/artifacts/ivyservice/resolveengine/artifact/ResolvedArtifactSetResolver$$Lambda+0x000001ae81785768
instanceKlass org/gradle/api/internal/artifacts/ivyservice/resolveengine/artifact/DefaultSelectedArtifactSet
instanceKlass org/gradle/api/internal/artifacts/ivyservice/resolveengine/artifact/CompositeResolvedArtifactSet
instanceKlass org/gradle/api/internal/artifacts/ivyservice/resolveengine/artifact/DefaultVisitedArtifactResults$DefaultSelectedArtifactResults
instanceKlass org/gradle/api/internal/artifacts/ivyservice/resolveengine/artifact/ResolvedArtifactSet$1
instanceKlass  @bci org/gradle/api/internal/artifacts/ivyservice/ivyresolve/CachingModuleComponentRepository findCachingModuleSource (Lorg/gradle/internal/component/model/ModuleSources;)Lorg/gradle/api/internal/artifacts/ivyservice/ivyresolve/ModuleDescriptorHashModuleSource; 9 <appendix> member <vmtarget> ; # org/gradle/api/internal/artifacts/ivyservice/ivyresolve/CachingModuleComponentRepository$$Lambda+0x000001ae817848f8
instanceKlass org/gradle/api/internal/artifacts/ivyservice/modulecache/artifacts/DefaultCachedArtifact
instanceKlass  @bci org/gradle/internal/resource/cached/AbstractCachedIndex lookup (Ljava/lang/Object;)Lorg/gradle/internal/resource/cached/CachedItem; 11 <appendix> member <vmtarget> ; # org/gradle/internal/resource/cached/AbstractCachedIndex$$Lambda+0x000001ae81784448
instanceKlass org/gradle/api/internal/artifacts/ivyservice/modulecache/artifacts/ArtifactAtRepositoryKey
instanceKlass  @bci org/gradle/api/internal/artifacts/ivyservice/ivyresolve/ErrorHandlingModuleComponentRepository$ErrorHandlingModuleComponentRepositoryAccess resolveArtifact (Lorg/gradle/internal/component/model/ComponentArtifactMetadata;Lorg/gradle/internal/component/model/ModuleSources;Lorg/gradle/internal/resolve/result/BuildableArtifactFileResolveResult;)V 19 <appendix> member <vmtarget> ; # org/gradle/api/internal/artifacts/ivyservice/ivyresolve/ErrorHandlingModuleComponentRepository$ErrorHandlingModuleComponentRepositoryAccess$$Lambda+0x000001ae81784000
instanceKlass  @bci org/gradle/api/internal/artifacts/ivyservice/ivyresolve/ErrorHandlingModuleComponentRepository$ErrorHandlingModuleComponentRepositoryAccess resolveArtifact (Lorg/gradle/internal/component/model/ComponentArtifactMetadata;Lorg/gradle/internal/component/model/ModuleSources;Lorg/gradle/internal/resolve/result/BuildableArtifactFileResolveResult;)V 13 <appendix> member <vmtarget> ; # org/gradle/api/internal/artifacts/ivyservice/ivyresolve/ErrorHandlingModuleComponentRepository$ErrorHandlingModuleComponentRepositoryAccess$$Lambda+0x000001ae8177fbd8
instanceKlass  @bci org/gradle/api/internal/artifacts/ivyservice/ivyresolve/ErrorHandlingModuleComponentRepository$ErrorHandlingModuleComponentRepositoryAccess resolveArtifact (Lorg/gradle/internal/component/model/ComponentArtifactMetadata;Lorg/gradle/internal/component/model/ModuleSources;Lorg/gradle/internal/resolve/result/BuildableArtifactFileResolveResult;)V 6 <appendix> member <vmtarget> ; # org/gradle/api/internal/artifacts/ivyservice/ivyresolve/ErrorHandlingModuleComponentRepository$ErrorHandlingModuleComponentRepositoryAccess$$Lambda+0x000001ae8177f9b0
instanceKlass org/gradle/api/internal/artifacts/DefaultResolvedArtifact
instanceKlass  @bci org/gradle/api/internal/artifacts/ivyservice/ivyresolve/RepositoryChainArtifactResolver lambda$resolveArtifact$2 (Lorg/gradle/internal/component/model/ComponentArtifactMetadata;Lorg/gradle/internal/component/model/ComponentArtifactResolveMetadata;Lorg/gradle/api/internal/artifacts/ivyservice/ivyresolve/ModuleComponentRepository;Lorg/gradle/api/artifacts/component/ComponentArtifactIdentifier;)Lorg/gradle/api/internal/artifacts/ivyservice/resolveengine/artifact/ResolvableArtifact; 52 <appendix> member <vmtarget> ; # org/gradle/api/internal/artifacts/ivyservice/ivyresolve/RepositoryChainArtifactResolver$$Lambda+0x000001ae8177f170
instanceKlass org/gradle/api/artifacts/ResolvedArtifact
instanceKlass org/gradle/api/internal/artifacts/DefaultResolvableArtifact
instanceKlass  @bci org/gradle/api/internal/artifacts/ivyservice/ivyresolve/RepositoryChainArtifactResolver lambda$resolveArtifact$2 (Lorg/gradle/internal/component/model/ComponentArtifactMetadata;Lorg/gradle/internal/component/model/ComponentArtifactResolveMetadata;Lorg/gradle/api/internal/artifacts/ivyservice/ivyresolve/ModuleComponentRepository;Lorg/gradle/api/artifacts/component/ComponentArtifactIdentifier;)Lorg/gradle/api/internal/artifacts/ivyservice/resolveengine/artifact/ResolvableArtifact; 17 <appendix> member <vmtarget> ; # org/gradle/api/internal/artifacts/ivyservice/ivyresolve/RepositoryChainArtifactResolver$$Lambda+0x000001ae8177ec98
instanceKlass  @bci org/gradle/api/internal/artifacts/ivyservice/ivyresolve/RepositoryChainArtifactResolver resolveArtifact (Lorg/gradle/internal/component/model/ComponentArtifactResolveMetadata;Lorg/gradle/internal/component/model/ComponentArtifactMetadata;Lorg/gradle/internal/resolve/result/BuildableArtifactResolveResult;)V 30 <appendix> member <vmtarget> ; # org/gradle/api/internal/artifacts/ivyservice/ivyresolve/RepositoryChainArtifactResolver$$Lambda+0x000001ae8177ea50
instanceKlass  @bci org/gradle/api/internal/artifacts/ivyservice/ivyresolve/RepositoryChainArtifactResolver findSourceRepository (Lorg/gradle/internal/component/model/ModuleSources;)Lorg/gradle/api/internal/artifacts/ivyservice/ivyresolve/ModuleComponentRepository; 8 <appendix> argL0 ; # org/gradle/api/internal/artifacts/ivyservice/ivyresolve/RepositoryChainArtifactResolver$$Lambda+0x000001ae8177e830
instanceKlass  @bci org/gradle/api/internal/attributes/matching/DefaultAttributeMatcher doIsMatchingCandidate (Lorg/gradle/api/internal/attributes/matching/DefaultAttributeMatcher$MatchingCandidateCacheKey;)Z 18 <appendix> member <vmtarget> ; # org/gradle/api/internal/attributes/matching/DefaultAttributeMatcher$$Lambda+0x000001ae8177dd18
instanceKlass  @cpi org/gradle/api/internal/attributes/matching/DefaultAttributeMatcher 337 form vmentry <vmtarget> ; # java/lang/invoke/LambdaForm$DMH+0x000001ae81780000
instanceKlass org/gradle/api/internal/attributes/matching/DefaultAttributeMatcher$CoercingAttributeValuePredicate
instanceKlass org/gradle/api/internal/artifacts/ivyservice/resolveengine/artifact/DefaultResolvedVariantSet
instanceKlass org/gradle/internal/resolve/result/BuildableArtifactResolveResult
instanceKlass org/gradle/internal/resolve/resolver/DefaultComponentArtifactResolver
instanceKlass org/gradle/api/internal/artifacts/ivyservice/resolveengine/artifact/ArtifactBackedResolvedVariant
instanceKlass org/gradle/internal/component/model/ComponentConfigurationIdentifier
instanceKlass org/gradle/internal/component/model/DefaultVariantMetadata
instanceKlass org/gradle/internal/component/model/DefaultExternalModuleComponentGraphResolveState$ExternalArtifactResolveMetadata
instanceKlass  @bci org/gradle/api/internal/artifacts/configurations/ResolveConfigurationResolutionBuildOperationResult <init> (Ljava/util/function/Supplier;Lorg/gradle/api/internal/attributes/ImmutableAttributes;Lorg/gradle/api/internal/attributes/AttributesFactory;)V 15 <appendix> member <vmtarget> ; # org/gradle/api/internal/artifacts/configurations/ResolveConfigurationResolutionBuildOperationResult$$Lambda+0x000001ae8177c888
instanceKlass  @bci org/gradle/internal/lazy/Lazy unsafe ()Lorg/gradle/internal/lazy/Lazy$Factory; 0 <appendix> argL0 ; # org/gradle/internal/lazy/Lazy$$Lambda+0x000001ae81776d48
instanceKlass org/gradle/internal/lazy/UnsafeLazy
instanceKlass org/gradle/api/internal/artifacts/configurations/ResolveConfigurationResolutionBuildOperationResult
instanceKlass org/gradle/api/internal/artifacts/configurations/ResolveConfigurationDependenciesBuildOperationType$Result
instanceKlass org/gradle/api/internal/artifacts/DefaultResolverResults
instanceKlass org/gradle/api/internal/artifacts/DefaultResolverResults$DefaultLegacyResolverResults
instanceKlass org/gradle/api/internal/artifacts/ResolverResults$LegacyResolverResults
instanceKlass org/gradle/api/internal/artifacts/ivyservice/DefaultResolvedConfiguration
instanceKlass org/gradle/api/internal/artifacts/ivyservice/resolveengine/artifact/ArtifactSelectionSpec
instanceKlass  @bci org/gradle/api/internal/artifacts/ivyservice/ResolutionExecutor resolveGraph (Lorg/gradle/api/internal/artifacts/LegacyResolutionParameters;Lorg/gradle/api/internal/artifacts/ivyservice/ResolutionParameters;Ljava/util/List;)Lorg/gradle/api/internal/artifacts/ResolverResults; 396 <appendix> member <vmtarget> ; # org/gradle/api/internal/artifacts/ivyservice/ResolutionExecutor$$Lambda+0x000001ae8177b898
instanceKlass org/gradle/api/internal/artifacts/ivyservice/DefaultLenientConfiguration
instanceKlass org/gradle/api/internal/artifacts/transform/ResolvedVariantTransformer
instanceKlass org/gradle/api/internal/artifacts/ivyservice/resolveengine/artifact/ResolvedVariant
instanceKlass org/gradle/internal/resolve/resolver/ComponentArtifactResolver
instanceKlass org/gradle/internal/resolve/resolver/DefaultVariantArtifactResolver
instanceKlass  @bci org/gradle/api/internal/artifacts/transform/DefaultTransformUpstreamDependenciesResolver <init> (Lorg/gradle/api/internal/artifacts/configurations/ResolutionHost;Lorg/gradle/operations/dependencies/configurations/ConfigurationIdentity;Lorg/gradle/api/internal/attributes/ImmutableAttributes;Lorg/gradle/api/artifacts/ResolutionStrategy$SortOrder;Lorg/gradle/api/internal/artifacts/ivyservice/resolveengine/graph/results/VisitedGraphResults;Lorg/gradle/api/internal/artifacts/ivyservice/resolveengine/artifact/VisitedArtifactSet;Lorg/gradle/api/internal/DomainObjectContext;Lorg/gradle/internal/model/CalculatedValueContainerFactory;Lorg/gradle/api/internal/attributes/AttributesFactory;Lorg/gradle/api/internal/tasks/TaskDependencyFactory;)V 80 <appendix> member <vmtarget> ; # org/gradle/api/internal/artifacts/transform/DefaultTransformUpstreamDependenciesResolver$$Lambda+0x000001ae8177ab38
instanceKlass  @bci org/gradle/api/internal/artifacts/transform/DefaultTransformUpstreamDependenciesResolver <init> (Lorg/gradle/api/internal/artifacts/configurations/ResolutionHost;Lorg/gradle/operations/dependencies/configurations/ConfigurationIdentity;Lorg/gradle/api/internal/attributes/ImmutableAttributes;Lorg/gradle/api/artifacts/ResolutionStrategy$SortOrder;Lorg/gradle/api/internal/artifacts/ivyservice/resolveengine/graph/results/VisitedGraphResults;Lorg/gradle/api/internal/artifacts/ivyservice/resolveengine/artifact/VisitedArtifactSet;Lorg/gradle/api/internal/DomainObjectContext;Lorg/gradle/internal/model/CalculatedValueContainerFactory;Lorg/gradle/api/internal/attributes/AttributesFactory;Lorg/gradle/api/internal/tasks/TaskDependencyFactory;)V 53 <appendix> member <vmtarget> ; # org/gradle/api/internal/artifacts/transform/DefaultTransformUpstreamDependenciesResolver$$Lambda+0x000001ae8177a8b8
instanceKlass org/gradle/api/internal/artifacts/transform/DefaultTransformUpstreamDependenciesResolver$2
instanceKlass org/gradle/api/internal/artifacts/transform/DefaultTransformUpstreamDependenciesResolver$1
instanceKlass org/gradle/api/internal/artifacts/transform/TransformUpstreamDependencies
instanceKlass org/gradle/api/internal/artifacts/transform/TransformDependencies
instanceKlass org/gradle/api/internal/artifacts/transform/DefaultTransformUpstreamDependenciesResolver
instanceKlass org/gradle/api/internal/artifacts/ivyservice/resolveengine/artifact/ArtifactSelectionServices
instanceKlass org/gradle/api/internal/artifacts/transform/TransformationChainSelector
instanceKlass org/gradle/api/internal/artifacts/transform/AttributeMatchingArtifactVariantSelector
instanceKlass org/gradle/api/internal/artifacts/transform/ArtifactVariantSelector
instanceKlass org/gradle/internal/resolve/resolver/VariantArtifactResolver
instanceKlass org/gradle/api/internal/artifacts/ivyservice/resolveengine/artifact/DefaultVisitedArtifactSet
instanceKlass  @bci org/gradle/api/internal/artifacts/ivyservice/ResolutionExecutor resolveGraph (Lorg/gradle/api/internal/artifacts/LegacyResolutionParameters;Lorg/gradle/api/internal/artifacts/ivyservice/ResolutionParameters;Ljava/util/List;)Lorg/gradle/api/internal/artifacts/ResolverResults; 355 <appendix> member <vmtarget> ; # org/gradle/api/internal/artifacts/ivyservice/ResolutionExecutor$$Lambda+0x000001ae81778f00
instanceKlass org/gradle/api/internal/artifacts/transform/TransformUpstreamDependenciesResolver$Factory
instanceKlass org/gradle/api/internal/artifacts/ivyservice/resolveengine/graph/results/DefaultVisitedGraphResults
instanceKlass  @bci org/gradle/api/internal/artifacts/ivyservice/resolveengine/result/StreamingResolutionResultBuilder getResolutionResult (Ljava/util/Set;)Lorg/gradle/api/internal/artifacts/result/MinimalResolutionResult; 46 <appendix> member <vmtarget> ; # org/gradle/api/internal/artifacts/ivyservice/resolveengine/result/StreamingResolutionResultBuilder$$Lambda+0x000001ae81778878
instanceKlass org/gradle/api/internal/artifacts/ivyservice/resolveengine/result/ResolvedDependencyGraph
instanceKlass org/gradle/api/internal/artifacts/result/MinimalResolutionResult
instanceKlass org/gradle/api/internal/artifacts/ivyservice/resolveengine/result/ResolvedComponentVisitor
instanceKlass org/gradle/api/internal/artifacts/ivyservice/resolveengine/result/StreamingResolutionResultBuilder$GraphFactory
instanceKlass org/gradle/api/internal/artifacts/ivyservice/resolveengine/artifact/SelectedArtifactResults
instanceKlass org/gradle/api/internal/artifacts/ivyservice/resolveengine/artifact/DefaultVisitedArtifactResults
instanceKlass org/gradle/api/internal/artifacts/ivyservice/resolveengine/store/DefaultBinaryStore$SimpleBinaryData
instanceKlass  @bci org/gradle/api/internal/artifacts/ivyservice/resolveengine/oldresult/TransientConfigurationResultsBuilder finishArtifacts (Lorg/gradle/api/internal/artifacts/ivyservice/resolveengine/graph/RootGraphNode;)V 5 <appendix> member <vmtarget> ; # org/gradle/api/internal/artifacts/ivyservice/resolveengine/oldresult/TransientConfigurationResultsBuilder$$Lambda+0x000001ae81775650
instanceKlass  @bci org/gradle/api/internal/artifacts/ivyservice/resolveengine/result/StreamingResolutionResultBuilder finish (Lorg/gradle/api/internal/artifacts/ivyservice/resolveengine/graph/RootGraphNode;)V 5 <appendix> member <vmtarget> ; # org/gradle/api/internal/artifacts/ivyservice/resolveengine/result/StreamingResolutionResultBuilder$$Lambda+0x000001ae81775428
instanceKlass  @bci org/gradle/api/internal/artifacts/ivyservice/resolveengine/oldresult/TransientConfigurationResultsBuilder visitArtifacts (Lorg/gradle/api/internal/artifacts/ivyservice/resolveengine/graph/DependencyGraphNode;Lorg/gradle/api/internal/artifacts/ivyservice/resolveengine/graph/DependencyGraphNode;ILorg/gradle/api/internal/artifacts/ivyservice/resolveengine/artifact/ArtifactSet;)V 7 <appendix> member <vmtarget> ; # org/gradle/api/internal/artifacts/ivyservice/resolveengine/oldresult/TransientConfigurationResultsBuilder$$Lambda+0x000001ae81775200
instanceKlass  @cpi org/gradle/api/internal/artifacts/ivyservice/resolveengine/oldresult/TransientConfigurationResultsBuilder 479 form vmentry <vmtarget> ; # java/lang/invoke/LambdaForm$DMH+0x000001ae81774c00
instanceKlass org/gradle/api/internal/artifacts/ivyservice/resolveengine/artifact/ResolvedVariantSet
instanceKlass org/gradle/api/internal/artifacts/ivyservice/resolveengine/artifact/VariantResolvingArtifactSet
instanceKlass  @bci org/gradle/api/internal/artifacts/ivyservice/resolveengine/result/StreamingResolutionResultBuilder visitEdges (Lorg/gradle/api/internal/artifacts/ivyservice/resolveengine/graph/DependencyGraphNode;)V 65 <appendix> member <vmtarget> ; # org/gradle/api/internal/artifacts/ivyservice/resolveengine/result/StreamingResolutionResultBuilder$$Lambda+0x000001ae81773698
instanceKlass  @bci org/gradle/api/internal/artifacts/ivyservice/resolveengine/oldresult/TransientConfigurationResultsBuilder firstLevelDependency (Ljava/lang/Long;)V 5 <appendix> member <vmtarget> ; # org/gradle/api/internal/artifacts/ivyservice/resolveengine/oldresult/TransientConfigurationResultsBuilder$$Lambda+0x000001ae81773470
instanceKlass org/gradle/api/internal/artifacts/ivyservice/resolveengine/graph/conflicts/VersionConflictResolutionDetails
instanceKlass  @bci org/gradle/api/internal/artifacts/ivyservice/resolveengine/oldresult/TransientConfigurationResultsBuilder visitNode (Lorg/gradle/api/internal/artifacts/ivyservice/resolveengine/graph/DependencyGraphNode;)V 6 <appendix> member <vmtarget> ; # org/gradle/api/internal/artifacts/ivyservice/resolveengine/oldresult/TransientConfigurationResultsBuilder$$Lambda+0x000001ae81773010
instanceKlass org/gradle/api/internal/artifacts/result/DefaultResolvedVariantResult
instanceKlass  @bci org/gradle/internal/component/model/AbstractComponentGraphResolveState getPublicViewFor (Lorg/gradle/internal/component/model/VariantGraphResolveState;Lorg/gradle/api/artifacts/result/ResolvedVariantResult;)Lorg/gradle/api/artifacts/result/ResolvedVariantResult; 26 <appendix> member <vmtarget> ; # org/gradle/internal/component/model/AbstractComponentGraphResolveState$$Lambda+0x000001ae81772b58
instanceKlass  @bci org/gradle/api/internal/artifacts/ivyservice/resolveengine/graph/builder/ComponentState getSelectedVariants ()Ljava/util/List; 11 <appendix> member <vmtarget> ; # org/gradle/api/internal/artifacts/ivyservice/resolveengine/graph/builder/ComponentState$$Lambda+0x000001ae81772920
instanceKlass it/unimi/dsi/fastutil/objects/Object2IntMap$FastEntrySet
instanceKlass it/unimi/dsi/fastutil/objects/AbstractObject2IntFunction
instanceKlass org/gradle/api/internal/artifacts/ivyservice/resolveengine/result/ComponentSelectionReasons$DefaultComponentSelectionReason
instanceKlass it/unimi/dsi/fastutil/objects/Object2IntMap
instanceKlass it/unimi/dsi/fastutil/objects/Object2IntFunction
instanceKlass  @bci org/gradle/api/internal/artifacts/ivyservice/resolveengine/result/StreamingResolutionResultBuilder visitNode (Lorg/gradle/api/internal/artifacts/ivyservice/resolveengine/graph/DependencyGraphNode;)V 34 <appendix> member <vmtarget> ; # org/gradle/api/internal/artifacts/ivyservice/resolveengine/result/StreamingResolutionResultBuilder$$Lambda+0x000001ae81772410
instanceKlass org/gradle/cache/internal/BinaryStore$WriteAction
instanceKlass org/gradle/internal/component/external/model/ExternalModuleDependencyMetadata
instanceKlass org/gradle/api/internal/artifacts/ivyservice/resolveengine/excludes/factories/Optimizations
instanceKlass  @bci org/gradle/api/internal/artifacts/ivyservice/resolveengine/excludes/factories/OptimizingExcludeFactory anyOf (Lorg/gradle/api/internal/artifacts/ivyservice/resolveengine/excludes/specs/ExcludeSpec;Lorg/gradle/api/internal/artifacts/ivyservice/resolveengine/excludes/specs/ExcludeSpec;)Lorg/gradle/api/internal/artifacts/ivyservice/resolveengine/excludes/specs/ExcludeSpec; 3 <appendix> member <vmtarget> ; # org/gradle/api/internal/artifacts/ivyservice/resolveengine/excludes/factories/OptimizingExcludeFactory$$Lambda+0x000001ae81771468
instanceKlass  @bci org/gradle/api/internal/artifacts/ivyservice/resolveengine/graph/builder/ResolveState getNode (Lorg/gradle/api/internal/artifacts/ivyservice/resolveengine/graph/builder/ComponentState;Lorg/gradle/internal/component/model/VariantGraphResolveState;Z)Lorg/gradle/api/internal/artifacts/ivyservice/resolveengine/graph/builder/NodeState; 19 <appendix> member <vmtarget> ; # org/gradle/api/internal/artifacts/ivyservice/resolveengine/graph/builder/ResolveState$$Lambda+0x000001ae81771220
instanceKlass org/gradle/api/internal/artifacts/ivyservice/resolveengine/graph/builder/EdgeState$GraphVariantSelectionResult
# instanceKlass java/lang/invoke/LambdaForm$MH+0x000001ae81774800
# instanceKlass java/lang/invoke/LambdaForm$MH+0x000001ae81774400
# instanceKlass java/lang/invoke/LambdaForm$MH+0x000001ae81774000
instanceKlass org/gradle/internal/component/model/DefaultMultipleCandidateResult
instanceKlass org/gradle/api/internal/attributes/MultipleCandidatesResult
instanceKlass org/gradle/api/attributes/MultipleCandidatesDetails
instanceKlass  @bci org/gradle/api/internal/attributes/matching/MultipleCandidateMatcher disambiguateExtraAttribute (Lorg/gradle/api/attributes/Attribute;Ljava/util/BitSet;)V 3 <appendix> member <vmtarget> ; # org/gradle/api/internal/attributes/matching/MultipleCandidateMatcher$$Lambda+0x000001ae81770958
instanceKlass org/gradle/api/internal/attributes/matching/AttributeSelectionSchema$PrecedenceResult
instanceKlass org/gradle/api/internal/attributes/matching/MultipleCandidateMatcher
instanceKlass  @bci org/gradle/internal/component/external/model/VariantMetadataRules getAttributes (Ljava/lang/String;)Lorg/gradle/api/internal/attributes/AttributeContainerInternal; 15 <appendix> member <vmtarget> ; # org/gradle/internal/component/external/model/VariantMetadataRules$$Lambda+0x000001ae817704f0
instanceKlass org/gradle/internal/component/model/LoggingAttributeMatchingExplanationBuilder
instanceKlass org/gradle/internal/component/model/AttributeMatchingExplanationBuilder$1
instanceKlass org/gradle/internal/component/model/AttributeMatchingExplanationBuilder
instanceKlass  @bci org/gradle/api/internal/attributes/matching/DefaultAttributeMatcher <init> (Lorg/gradle/api/internal/attributes/matching/AttributeSelectionSchema;Lorg/gradle/internal/model/InMemoryCacheFactory;)V 26 <appendix> member <vmtarget> ; # org/gradle/api/internal/attributes/matching/DefaultAttributeMatcher$$Lambda+0x000001ae8176f978
instanceKlass org/gradle/api/internal/attributes/matching/DefaultAttributeMatcher$MatchingCandidateCacheKey
instanceKlass  @bci org/gradle/api/internal/attributes/matching/DefaultAttributeMatcher <init> (Lorg/gradle/api/internal/attributes/matching/AttributeSelectionSchema;Lorg/gradle/internal/model/InMemoryCacheFactory;)V 12 <appendix> member <vmtarget> ; # org/gradle/api/internal/attributes/matching/DefaultAttributeMatcher$$Lambda+0x000001ae8176f520
instanceKlass org/gradle/api/internal/attributes/matching/DefaultAttributeMatcher$CachedQuery
instanceKlass  @bci org/gradle/api/internal/attributes/matching/CachingAttributeSelectionSchema <init> (Lorg/gradle/api/internal/attributes/matching/AttributeSelectionSchema;Lorg/gradle/internal/model/InMemoryCacheFactory;)V 26 <appendix> member <vmtarget> ; # org/gradle/api/internal/attributes/matching/CachingAttributeSelectionSchema$$Lambda+0x000001ae8176f0c8
instanceKlass org/gradle/api/internal/attributes/matching/CachingAttributeSelectionSchema$MatchValueKey
instanceKlass  @bci org/gradle/api/internal/attributes/matching/CachingAttributeSelectionSchema <init> (Lorg/gradle/api/internal/attributes/matching/AttributeSelectionSchema;Lorg/gradle/internal/model/InMemoryCacheFactory;)V 12 <appendix> member <vmtarget> ; # org/gradle/api/internal/attributes/matching/CachingAttributeSelectionSchema$$Lambda+0x000001ae8176ec70
instanceKlass org/gradle/api/internal/attributes/matching/CachingAttributeSelectionSchema$ExtraAttributesKey
instanceKlass org/gradle/api/internal/attributes/CompatibilityCheckResult
instanceKlass org/gradle/api/attributes/CompatibilityCheckDetails
instanceKlass org/gradle/api/internal/attributes/matching/DefaultAttributeSelectionSchema
instanceKlass org/gradle/api/internal/attributes/matching/CachingAttributeSelectionSchema
instanceKlass com/google/common/collect/NullnessCasts
instanceKlass org/gradle/internal/component/model/DefaultExternalModuleComponentGraphResolveState$DefaultConfigurationArtifactResolveState
instanceKlass  @bci org/gradle/internal/component/model/DefaultExternalModuleComponentGraphResolveState resolveStateFor (Lorg/gradle/internal/component/model/ModuleConfigurationMetadata;)Lorg/gradle/internal/component/model/ConfigurationGraphResolveState; 7 <appendix> member <vmtarget> ; # org/gradle/internal/component/model/DefaultExternalModuleComponentGraphResolveState$$Lambda+0x000001ae8176de98
instanceKlass org/gradle/internal/component/model/DefaultExternalModuleComponentGraphResolveState$DefaultConfigurationGraphResolveState
instanceKlass org/gradle/internal/component/model/ConfigurationGraphResolveState
instanceKlass  @bci org/gradle/internal/component/model/DefaultExternalModuleComponentGraphResolveState lambda$new$1 (Lorg/gradle/internal/component/external/model/ExternalModuleComponentGraphResolveMetadata;)Ljava/util/List; 29 <appendix> member <vmtarget> ; # org/gradle/internal/component/model/DefaultExternalModuleComponentGraphResolveState$$Lambda+0x000001ae8176d758
instanceKlass  @bci org/gradle/internal/component/model/DefaultExternalModuleComponentGraphResolveState lambda$new$1 (Lorg/gradle/internal/component/external/model/ExternalModuleComponentGraphResolveMetadata;)Ljava/util/List; 18 <appendix> member <vmtarget> ; # org/gradle/internal/component/model/DefaultExternalModuleComponentGraphResolveState$$Lambda+0x000001ae8176d510
instanceKlass  @bci org/gradle/api/internal/artifacts/repositories/metadata/DefaultMavenVariantAttributesFactory platformWithUsage (Lorg/gradle/api/internal/attributes/ImmutableAttributes;Ljava/lang/String;Z)Lorg/gradle/api/internal/attributes/ImmutableAttributes; 33 <appendix> member <vmtarget> ; # org/gradle/api/internal/artifacts/repositories/metadata/DefaultMavenVariantAttributesFactory$$Lambda+0x000001ae8176d2c8
instanceKlass  @bci org/gradle/api/internal/artifacts/repositories/metadata/DefaultMavenVariantAttributesFactory javadocVariant (Lorg/gradle/api/internal/attributes/ImmutableAttributes;)Lorg/gradle/api/internal/attributes/ImmutableAttributes; 18 <appendix> member <vmtarget> ; # org/gradle/api/internal/artifacts/repositories/metadata/DefaultMavenVariantAttributesFactory$$Lambda+0x000001ae8176d080
instanceKlass org/gradle/api/attributes/DocsType$Impl
instanceKlass  @bci org/gradle/api/internal/artifacts/repositories/metadata/DefaultMavenVariantAttributesFactory sourcesVariant (Lorg/gradle/api/internal/attributes/ImmutableAttributes;)Lorg/gradle/api/internal/attributes/ImmutableAttributes; 18 <appendix> member <vmtarget> ; # org/gradle/api/internal/artifacts/repositories/metadata/DefaultMavenVariantAttributesFactory$$Lambda+0x000001ae8176ce38
instanceKlass  @bci org/gradle/api/internal/artifacts/repositories/metadata/DefaultMavenVariantAttributesFactory runtimeScope (Lorg/gradle/api/internal/attributes/ImmutableAttributes;)Lorg/gradle/api/internal/attributes/ImmutableAttributes; 14 <appendix> member <vmtarget> ; # org/gradle/api/internal/artifacts/repositories/metadata/DefaultMavenVariantAttributesFactory$$Lambda+0x000001ae8176cbf0
instanceKlass org/gradle/internal/component/external/model/DefaultConfigurationMetadata$1
instanceKlass org/gradle/internal/component/external/model/DefaultConfigurationMetadata$2
instanceKlass org/gradle/internal/component/external/model/DefaultConfigurationMetadata$Builder
instanceKlass  @bci org/gradle/api/internal/artifacts/repositories/metadata/DefaultMavenVariantAttributesFactory compileScope (Lorg/gradle/api/internal/attributes/ImmutableAttributes;)Lorg/gradle/api/internal/attributes/ImmutableAttributes; 14 <appendix> member <vmtarget> ; # org/gradle/api/internal/artifacts/repositories/metadata/DefaultMavenVariantAttributesFactory$$Lambda+0x000001ae8176c318
instanceKlass org/gradle/internal/component/external/model/ShadowedImmutableCapability
instanceKlass org/gradle/api/internal/capabilities/ShadowedCapability
instanceKlass  @bci org/gradle/internal/component/external/model/maven/DefaultMavenModuleResolveMetadata createConfiguration (Lorg/gradle/api/artifacts/component/ModuleComponentIdentifier;Ljava/lang/String;ZZLcom/google/common/collect/ImmutableSet;Lorg/gradle/internal/component/external/model/VariantMetadataRules;)Lorg/gradle/internal/component/external/model/DefaultConfigurationMetadata; 52 <appendix> member <vmtarget> ; # org/gradle/internal/component/external/model/maven/DefaultMavenModuleResolveMetadata$$Lambda+0x000001ae8176be70
instanceKlass org/gradle/internal/component/model/VariantResolveMetadata$Identifier
instanceKlass org/gradle/internal/component/external/model/DefaultModuleComponentArtifactMetadata
instanceKlass org/gradle/internal/component/model/DefaultIvyArtifactName
instanceKlass org/gradle/internal/component/model/DefaultExternalModuleComponentGraphResolveState$ExternalGraphSelectionCandidates
instanceKlass org/gradle/api/internal/artifacts/ivyservice/ivyresolve/ModuleComponentGraphSpecificResolveState
instanceKlass org/gradle/api/internal/artifacts/ivyservice/ivyresolve/RepositoryChainModuleResolution
instanceKlass org/gradle/api/internal/artifacts/ivyservice/ivyresolve/RepositoryChainComponentMetaDataResolver$2
instanceKlass org/gradle/api/internal/artifacts/DefaultComponentSelection
instanceKlass org/gradle/api/internal/artifacts/repositories/resolver/ComponentMetadataAdapter
instanceKlass org/gradle/api/internal/artifacts/ivyservice/ivyresolve/CachedMetadataProvider
instanceKlass  @bci org/gradle/api/internal/artifacts/ivyservice/ivyresolve/ErrorHandlingModuleComponentRepository$ErrorHandlingModuleComponentRepositoryAccess tryResolveAndMaybeDisable (Lorg/gradle/internal/resolve/result/ErroringResolveResult;Ljava/lang/Runnable;Lorg/gradle/api/Transformer;)V 3 <appendix> member <vmtarget> ; # org/gradle/api/internal/artifacts/ivyservice/ivyresolve/ErrorHandlingModuleComponentRepository$ErrorHandlingModuleComponentRepositoryAccess$$Lambda+0x000001ae817692f0
instanceKlass  @bci org/gradle/api/internal/artifacts/ivyservice/ivyresolve/ErrorHandlingModuleComponentRepository$ErrorHandlingModuleComponentRepositoryAccess resolveComponentMetaData (Lorg/gradle/api/artifacts/component/ModuleComponentIdentifier;Lorg/gradle/internal/component/model/ComponentOverrideMetadata;Lorg/gradle/internal/resolve/result/BuildableModuleComponentMetaDataResolveResult;)V 19 <appendix> member <vmtarget> ; # org/gradle/api/internal/artifacts/ivyservice/ivyresolve/ErrorHandlingModuleComponentRepository$ErrorHandlingModuleComponentRepositoryAccess$$Lambda+0x000001ae817690c8
instanceKlass  @bci org/gradle/api/internal/artifacts/ivyservice/ivyresolve/ErrorHandlingModuleComponentRepository$ErrorHandlingModuleComponentRepositoryAccess resolveComponentMetaData (Lorg/gradle/api/artifacts/component/ModuleComponentIdentifier;Lorg/gradle/internal/component/model/ComponentOverrideMetadata;Lorg/gradle/internal/resolve/result/BuildableModuleComponentMetaDataResolveResult;)V 13 <appendix> member <vmtarget> ; # org/gradle/api/internal/artifacts/ivyservice/ivyresolve/ErrorHandlingModuleComponentRepository$ErrorHandlingModuleComponentRepositoryAccess$$Lambda+0x000001ae81768ea0
instanceKlass  @bci org/gradle/api/internal/artifacts/ivyservice/ivyresolve/ErrorHandlingModuleComponentRepository$ErrorHandlingModuleComponentRepositoryAccess resolveComponentMetaData (Lorg/gradle/api/artifacts/component/ModuleComponentIdentifier;Lorg/gradle/internal/component/model/ComponentOverrideMetadata;Lorg/gradle/internal/resolve/result/BuildableModuleComponentMetaDataResolveResult;)V 6 <appendix> member <vmtarget> ; # org/gradle/api/internal/artifacts/ivyservice/ivyresolve/ErrorHandlingModuleComponentRepository$ErrorHandlingModuleComponentRepositoryAccess$$Lambda+0x000001ae81768c78
instanceKlass org/gradle/api/internal/artifacts/ivyservice/ivyresolve/ComponentMetaDataResolveState
instanceKlass org/gradle/api/internal/artifacts/ivyservice/ivyresolve/RepositoryFailureCollector
instanceKlass  @bci org/gradle/api/internal/artifacts/ivyservice/ivyresolve/RepositoryChainComponentMetaDataResolver createValueContainerFor (Lorg/gradle/api/artifacts/component/ComponentIdentifier;Lorg/gradle/internal/component/model/ComponentOverrideMetadata;)Lorg/gradle/internal/model/CalculatedValue; 11 <appendix> member <vmtarget> ; # org/gradle/api/internal/artifacts/ivyservice/ivyresolve/RepositoryChainComponentMetaDataResolver$$Lambda+0x000001ae81760400
instanceKlass  @bci org/gradle/api/internal/artifacts/ivyservice/ivyresolve/RepositoryChainComponentMetaDataResolver resolve (Lorg/gradle/api/artifacts/component/ComponentIdentifier;Lorg/gradle/internal/component/model/ComponentOverrideMetadata;Lorg/gradle/internal/resolve/result/BuildableComponentResolveResult;)V 28 <appendix> member <vmtarget> ; # org/gradle/api/internal/artifacts/ivyservice/ivyresolve/RepositoryChainComponentMetaDataResolver$$Lambda+0x000001ae81760db8
instanceKlass org/gradle/api/internal/artifacts/ivyservice/DefaultCacheExpirationControl$AbstractResolutionControl
instanceKlass org/gradle/api/internal/artifacts/ivyservice/modulecache/dynamicversions/DefaultResolvedModuleVersion
instanceKlass  @bci org/gradle/internal/component/model/DefaultExternalModuleComponentGraphResolveState <init> (JLorg/gradle/internal/component/external/model/ExternalModuleComponentGraphResolveMetadata;Lorg/gradle/internal/component/external/model/ExternalComponentResolveMetadata;Lorg/gradle/api/internal/attributes/AttributeDesugaring;Lorg/gradle/internal/component/model/ComponentIdGenerator;)V 31 <appendix> member <vmtarget> ; # org/gradle/internal/component/model/DefaultExternalModuleComponentGraphResolveState$$Lambda+0x000001ae81761370
instanceKlass org/gradle/internal/component/external/model/ivy/IvyModuleResolveMetadata
instanceKlass org/gradle/api/internal/artifacts/ivyservice/ivyresolve/RepositoryChainModuleSource
instanceKlass org/gradle/internal/component/model/ImmutableModuleSources
instanceKlass org/gradle/internal/component/external/model/AbstractModuleComponentResolveMetadata
instanceKlass org/gradle/api/internal/artifacts/repositories/metadata/DefaultMetadataFileSource
instanceKlass org/gradle/api/internal/artifacts/ivyservice/ivyresolve/ModuleDescriptorHashModuleSource
instanceKlass org/gradle/api/internal/artifacts/ivyservice/ivyresolve/parser/data/PomDependencyMgt
instanceKlass org/gradle/api/internal/artifacts/ivyservice/ivyresolve/parser/GradlePomModuleDescriptorBuilder
instanceKlass org/gradle/internal/component/model/MutableModuleSources
instanceKlass org/gradle/internal/component/external/model/VariantMetadataRules
instanceKlass org/gradle/internal/component/external/model/maven/MavenModuleResolveMetadata
instanceKlass org/gradle/internal/component/external/model/MutableComponentVariant
instanceKlass org/gradle/internal/component/external/model/AbstractMutableModuleComponentResolveMetadata
instanceKlass org/gradle/internal/component/external/model/ExternalDependencyDescriptor
instanceKlass org/gradle/api/internal/artifacts/ivyservice/modulecache/ModuleMetadataSerializer$Reader
instanceKlass org/gradle/api/internal/artifacts/ivyservice/modulecache/StringDeduplicatingDecoder
instanceKlass  @bci org/gradle/internal/resource/local/DefaultLocallyAvailableResource <init> (Ljava/io/File;Lorg/gradle/internal/hash/ChecksumService;)V 3 <appendix> member <vmtarget> ; # org/gradle/internal/resource/local/DefaultLocallyAvailableResource$$Lambda+0x000001ae81764738
instanceKlass org/gradle/internal/resource/local/AbstractLocallyAvailableResource
instanceKlass java/nio/file/Path$1
instanceKlass org/gradle/internal/file/PathTraversalChecker
instanceKlass  @bci java/util/function/Predicate negate ()Ljava/util/function/Predicate; 1 <appendix> member <vmtarget> ; # java/util/function/Predicate$$Lambda+0x000001ae815e6b78
instanceKlass  @cpi java/util/function/Predicate 75 form vmentry <vmtarget> ; # java/lang/invoke/LambdaForm$DMH+0x000001ae81760000
instanceKlass  @bci org/gradle/internal/resource/local/DefaultPathKeyFileStore getFile ([Ljava/lang/String;)Ljava/io/File; 17 <appendix> argL0 ; # org/gradle/internal/resource/local/DefaultPathKeyFileStore$$Lambda+0x000001ae81754400
instanceKlass org/gradle/api/internal/artifacts/ivyservice/resolveengine/result/ComponentIdentifierSerializer$1
instanceKlass  @bci org/gradle/api/internal/artifacts/ivyservice/WritableArtifactCacheLockingAccessCoordinator$CacheLockingIndexedCache getIfPresent (Ljava/lang/Object;)Ljava/lang/Object; 9 <appendix> member <vmtarget> ; # org/gradle/api/internal/artifacts/ivyservice/WritableArtifactCacheLockingAccessCoordinator$CacheLockingIndexedCache$$Lambda+0x000001ae8175c6f8
instanceKlass  @bci org/gradle/api/internal/artifacts/ivyservice/modulecache/PersistentModuleMetadataCache get (Lorg/gradle/api/internal/artifacts/ivyservice/modulecache/ModuleComponentAtRepositoryKey;)Lorg/gradle/api/internal/artifacts/ivyservice/modulecache/ModuleMetadataCache$CachedMetadata; 12 <appendix> member <vmtarget> ; # org/gradle/api/internal/artifacts/ivyservice/modulecache/PersistentModuleMetadataCache$$Lambda+0x000001ae8175c4d0
instanceKlass org/gradle/api/internal/artifacts/ivyservice/modulecache/DefaultCachedMetadata
instanceKlass org/gradle/api/internal/artifacts/ivyservice/WritableArtifactCacheLockingAccessCoordinator$CacheLockingIndexedCache
instanceKlass  @bci org/gradle/api/internal/artifacts/ivyservice/WritableArtifactCacheLockingAccessCoordinator <init> (Lorg/gradle/cache/UnscopedCacheBuilderFactory;Lorg/gradle/api/internal/artifacts/ivyservice/ArtifactCacheMetadata;Lorg/gradle/internal/file/FileAccessTimeJournal;Lorg/gradle/internal/versionedcache/UsedGradleVersions;Lorg/gradle/api/internal/cache/CacheConfigurationsInternal;Lorg/gradle/cache/CacheCleanupStrategyFactory;)V 56 <appendix> member <vmtarget> ; # org/gradle/api/internal/artifacts/ivyservice/WritableArtifactCacheLockingAccessCoordinator$$Lambda+0x000001ae8175bd68
instanceKlass org/gradle/cache/internal/CompositeCleanupAction$ScopedCleanupAction
instanceKlass org/gradle/api/internal/artifacts/ivyservice/modulecache/ModuleMetadataCacheEntry
instanceKlass org/gradle/api/internal/artifacts/ivyservice/modulecache/ModuleComponentAtRepositoryKey
instanceKlass org/gradle/api/internal/artifacts/ivyservice/resolveengine/graph/selectors/SelectorStateResolverResults
instanceKlass org/gradle/internal/component/local/model/DefaultProjectComponentSelector
instanceKlass org/gradle/internal/component/local/model/ProjectComponentSelectorInternal
instanceKlass org/gradle/internal/component/model/DefaultComponentOverrideMetadata
instanceKlass org/gradle/internal/component/model/ComponentOverrideMetadata
instanceKlass org/gradle/internal/resolve/result/DefaultResourceAwareResolveResult
instanceKlass  @bci java/util/regex/CharPredicates ASCII_SPACE ()Ljava/util/regex/Pattern$BmpCharPredicate; 0 <appendix> argL0 ; # java/util/regex/CharPredicates$$Lambda+0x800000025
